time_s,heat_balance,moisture_balance,heat_quadrature_difference,moisture_quadrature_difference
0.000000000000000000e+00,0.000000000000000000e+00,0.000000000000000000e+00,0.000000000000000000e+00,0.000000000000000000e+00
1.000000000000000000e+00,6.697826717541003820e-17,2.450481159255102433e-14,5.257179184515848097e-20,6.144252100178708619e-21
2.000000000000000000e+00,2.658628348410815818e-16,4.578067179439992114e-14,1.218805034980199392e-19,1.347534301927613357e-20
3.000000000000000000e+00,6.098361873099396056e-16,6.720797789182496457e-14,1.917157037977348386e-19,1.658943473712282546e-20
4.000000000000000000e+00,1.050401295137186494e-15,8.689581215056643274e-14,2.391245199349830491e-19,1.970352645496951735e-20
5.000000000000000000e+00,1.620637321804167421e-15,1.065264515047061168e-13,3.272765575611105024e-19,2.385564874543177722e-20
6.000000000000000000e+00,2.276229162948212686e-15,1.249642252055044708e-13,3.669449744928678613e-19,3.215989332635629094e-20
7.000000000000000000e+00,3.061103994229199724e-15,1.436851648984676667e-13,4.008088446847627459e-19,4.254019905251193459e-20
8.000000000000000000e+00,3.973493903416615639e-15,1.626019087535742544e-13,4.690182901921924473e-19,4.461626019774306452e-20
9.000000000000000000e+00,5.055315123507442394e-15,1.822049253808236362e-13,5.374204177490783044e-19,4.461626019774306452e-20
1.000000000000000000e+01,6.176266543184287834e-15,2.002860487059595278e-13,6.042570036541338407e-19,5.292050477866757824e-20
1.100000000000000000e+01,7.256480849122835361e-15,2.160723710406832009e-13,6.990565719864939262e-19,5.707262706912983811e-20
1.200000000000000000e+01,8.124097959410888130e-15,2.276875294488152772e-13,7.678440636422917097e-19,6.537687165005435785e-20
1.300000000000000000e+01,8.762343407611492953e-15,2.354774027641925790e-13,8.813337907718852809e-19,7.160505508574773561e-20
1.400000000000000000e+01,9.240590498978167613e-15,2.408703106495108298e-13,9.294079621111613152e-19,8.821354424759676305e-20
1.500000000000000000e+01,9.609211698902758666e-15,2.447282407831359430e-13,1.043090371290210898e-18,9.651778882852128278e-20
1.600000000000000000e+01,9.897793854219584192e-15,2.475527637322863799e-13,1.082975555527606305e-18,9.651778882852128278e-20
1.700000000000000000e+01,1.013019534680789295e-14,2.496631929331677222e-13,1.154653277925244452e-18,1.006699111189835427e-19
1.800000000000000000e+01,1.031714938188328801e-14,2.512684830805815739e-13,1.224404179828322292e-18,1.141643085629858692e-19
1.900000000000000000e+01,1.046812571307598950e-14,2.525079373043957385e-13,1.319011066111226270e-18,1.266206754343726488e-19
2.000000000000000000e+01,1.059535406107165861e-14,2.534777725671755101e-13,1.407259444762081777e-18,1.349249200152971685e-19
2.100000000000000000e+01,1.070121413079809713e-14,2.542477726000121224e-13,1.462751875005414393e-18,1.463432563140683651e-19
2.200000000000000000e+01,1.079274690487674114e-14,2.548649885549291612e-13,1.541944197331837078e-18,1.546475008949929089e-19
2.300000000000000000e+01,1.086536470473543287e-14,2.553672199529344854e-13,1.574507463689903862e-18,1.629517454759174046e-19
2.400000000000000000e+01,1.092765409454665666e-14,2.557764063761514473e-13,1.635009627219092965e-18,1.671038677663796644e-19
2.500000000000000000e+01,1.098371209207270833e-14,2.561147517390182149e-13,1.702062980429786646e-18,1.691799289116108064e-19
2.600000000000000000e+01,1.103118352542628039e-14,2.563962656542159375e-13,1.785301625794785666e-18,1.754081123473041842e-19
2.700000000000000000e+01,1.107377288372178378e-14,2.566320500789636993e-13,1.843106240631590225e-18,1.774841734925353021e-19
2.800000000000000000e+01,1.111008178365112964e-14,2.568318853089068585e-13,1.961027654898672250e-18,1.837123569282286798e-19
2.900000000000000000e+01,1.114408457777415342e-14,2.570010579903402171e-13,1.999949428888787889e-18,1.920166015091531996e-19
3.000000000000000000e+01,1.117200317785496130e-14,2.571445904372438620e-13,2.109585515029260945e-18,1.972067543722310184e-19
3.100000000000000000e+01,1.120011804225971239e-14,2.572677692959125448e-13,2.150626791563392806e-18,2.013588766626932783e-19
3.200000000000000000e+01,1.122376789329477237e-14,2.573750882156968219e-13,2.284733497984779783e-18,2.065490295257711211e-19
3.300000000000000000e+01,1.124422844906576818e-14,2.574681331904851842e-13,2.327508912964015265e-18,2.107011518162333810e-19
3.400000000000000000e+01,1.126414927794592449e-14,2.575484902141660219e-13,2.400342727658389672e-18,2.179673658245422937e-19
3.500000000000000000e+01,1.128235279399158205e-14,2.576177452806278261e-13,2.488205742210332771e-18,2.241955492602356955e-19
3.600000000000000000e+01,1.129628756099149328e-14,2.576801277069063878e-13,2.596878418103526251e-18,2.262716104054668615e-19
3.700000000000000000e+01,1.130904474204775155e-14,2.577335228344837863e-13,2.657380581632715162e-18,2.356138855590069162e-19
3.800000000000000000e+01,1.132307764120963361e-14,2.577821599803958630e-13,2.706321822194543777e-18,2.439181301399314359e-19
3.900000000000000000e+01,1.133475536848420658e-14,2.578244531507542278e-13,2.812682313494264351e-18,2.532604052934714905e-19
4.000000000000000000e+01,1.134417605603344288e-14,2.578619883394472710e-13,2.863550374550652886e-18,2.553364664387026084e-19
4.100000000000000000e+01,1.135222289331508143e-14,2.578952942111044726e-13,2.999583901466600170e-18,2.626026804470115933e-19
4.200000000000000000e+01,1.136144731654037452e-14,2.579254280949847931e-13,3.061627521391437557e-18,2.709069250279361130e-19
4.300000000000000000e+01,1.136870909652624495e-14,2.579539759849766729e-13,3.166831920394422255e-18,2.729829861731672309e-19
4.400000000000000000e+01,1.137459702624451606e-14,2.579772372286737509e-13,3.227719448022523381e-18,2.802492001814762158e-19
4.500000000000000000e+01,1.137920923785716339e-14,2.579989124784823883e-13,3.322519016354883659e-18,2.854393530445539864e-19
4.600000000000000000e+01,1.138391958163178154e-14,2.580190017344025851e-13,3.388030913169928672e-18,2.875154141897851043e-19
4.700000000000000000e+01,1.138637288568106143e-14,2.580364476671754315e-13,3.468957373941455748e-18,2.999717810611719080e-19
4.800000000000000000e+01,1.139049443648385152e-14,2.580544222645777075e-13,3.524449804184788941e-18,3.061999644968652617e-19
4.900000000000000000e+01,1.139451785512467237e-14,2.580671102156852321e-13,3.609229905945436244e-18,3.103520867873275456e-19
5.000000000000000000e+01,1.139962072754717379e-14,2.580813841606811468e-13,3.659712602902912179e-18,3.124281479325586635e-19
5.100000000000000000e+01,1.140442920348376433e-14,2.580909001240117903e-13,3.714819669047333157e-18,3.207323925134832314e-19
5.200000000000000000e+01,1.140707877185698586e-14,2.581020020812308743e-13,3.768770642895017104e-18,3.248845148039454672e-19
5.300000000000000000e+01,1.141296670157525855e-14,2.581109893799319871e-13,3.867423852216497224e-18,3.311126982396388691e-19
5.400000000000000000e+01,1.141492934481468277e-14,2.581215626725215909e-13,3.954901502669528879e-18,3.352648205301011048e-19
5.500000000000000000e+01,1.141708825237804864e-14,2.581300213065932740e-13,4.042379153122560533e-18,3.352648205301011048e-19
5.600000000000000000e+01,1.142179859615266679e-14,2.581390086052943868e-13,4.179568772335243692e-18,3.383789122479477576e-19
5.700000000000000000e+01,1.142415376803997586e-14,2.581437665869597085e-13,4.226583192402511616e-18,3.425310345384100416e-19
5.800000000000000000e+01,1.142552761830757361e-14,2.581506392271429510e-13,4.305968196778390216e-18,3.466831568288722774e-19
5.900000000000000000e+01,1.143023796208219018e-14,2.581585691965851539e-13,4.341807057977209674e-18,3.487592179741033952e-19
6.000000000000000000e+01,1.143102301937795987e-14,2.581638558428799558e-13,4.433138349419361170e-18,3.549874014097967971e-19
6.100000000000000000e+01,7.965687282825492304e-12,8.489999744135622702e-13,4.494598090047848486e-18,3.566744545157298761e-19
6.200000000000000000e+01,7.873777877509203905e-12,8.489370633226542788e-13,4.552210022835197515e-18,3.618646073788076468e-19
6.300000000000000000e+01,7.757757203732265030e-12,8.487573173486313164e-13,4.627741386221956273e-18,3.649786990966543959e-19
6.400000000000000000e+01,7.619660718798285132e-12,8.482434553287773775e-13,4.673985078091399767e-18,3.701688519597322147e-19
6.500000000000000000e+01,7.525716444971361793e-12,8.475519619934184979e-13,4.709438575191307395e-18,3.805491576858878523e-19
6.600000000000000000e+01,7.339588584567602141e-12,8.457851648016987252e-13,4.732560421126028756e-18,3.847012799763501362e-19
6.700000000000000000e+01,7.261499916679015467e-12,8.444222673869011124e-13,4.785740666775889813e-18,3.847012799763501362e-19
6.800000000000000000e+01,7.064742969283507203e-12,8.406476019324190033e-13,4.850481835393111166e-18,3.847012799763501362e-19
6.900000000000000000e+01,6.917077813500037728e-12,8.367598022472283350e-13,4.938344849945053880e-18,3.888534022668123720e-19
7.000000000000000000e+01,6.780879204578581232e-12,8.317025964016294002e-13,4.986900726407970665e-18,3.930055245572746078e-19
7.100000000000000000e+01,6.587523714181318011e-12,8.242547691015251769e-13,5.043163884849127133e-18,4.137661360095859313e-19
7.200000000000000000e+01,6.414316523015660040e-12,8.157982496883745645e-13,5.154148745335792750e-18,4.220703805905104028e-19
7.300000000000000000e+01,6.340366873454694326e-12,8.107600757694369167e-13,5.221972826744310284e-18,4.303746251714349226e-19
7.400000000000000000e+01,6.333494089358878646e-12,8.085132510941499374e-13,5.274382344196346911e-18,4.345267474618972547e-19
7.500000000000000000e+01,6.393516822492890879e-12,8.097989634730435431e-13,5.379201379100419393e-18,4.428309920428217263e-19
7.600000000000000000e+01,6.442896926396802086e-12,8.111047651078573961e-13,5.391533030265604120e-18,4.428309920428217263e-19
7.700000000000000000e+01,6.463894068829457364e-12,8.114949196044130711e-13,5.584215079721620857e-18,4.428309920428217263e-19
7.800000000000000000e+01,6.489218447076394348e-12,8.121557503912622005e-13,5.629109997244873330e-18,4.513947442669001417e-19
7.900000000000000000e+01,6.573688256929322114e-12,8.149090357815903960e-13,5.703099904235982457e-18,4.513947442669001417e-19
8.000000000000000000e+01,6.722599102376853343e-12,8.202157713323034765e-13,5.808689667337880141e-18,4.513947442669001417e-19
8.100000000000000000e+01,6.856518493704367427e-12,8.255151055782038343e-13,5.891928312702878583e-18,4.513947442669001417e-19
8.200000000000000000e+01,6.951363228249538063e-12,8.298913913810333924e-13,5.938172004572322846e-18,4.596989888478246133e-19
8.300000000000000000e+01,7.013678721215845930e-12,8.334313297400267001e-13,6.095400556928431956e-18,4.596989888478246133e-19
8.400000000000000000e+01,7.060545071658702289e-12,8.365631390050620064e-13,6.174785561304310556e-18,4.607370194204401964e-19
8.500000000000000000e+01,7.113470886838957572e-12,8.400893320836888292e-13,6.335097026451716617e-18,4.690412640013647642e-19
8.600000000000000000e+01,7.216110847802472849e-12,8.468816152432387251e-13,6.446081886938381463e-18,4.773455085822892358e-19
8.700000000000000000e+01,7.319939778040431871e-12,8.540756835211929611e-13,6.486159753225233364e-18,4.773455085822892358e-19
8.800000000000000000e+01,7.434505151855337055e-12,8.625110563491644668e-13,6.560149660216343261e-18,4.856497531632137074e-19
8.900000000000000000e+01,7.552873735739597334e-12,8.727301436369991113e-13,6.572866675480440588e-18,4.939539977441382753e-19
9.000000000000000000e+01,7.623314179188474010e-12,8.798015617209140438e-13,6.653022408054142848e-18,5.022582423250627469e-19
9.100000000000000000e+01,7.676939872947906800e-12,8.858896635939975355e-13,6.802350996382555974e-18,5.105624869059873148e-19
9.200000000000000000e+01,7.736763594057442292e-12,8.932529045533851301e-13,6.876340903373665871e-18,5.105624869059873148e-19
9.300000000000000000e+01,7.782885710183908137e-12,8.988271444066146829e-13,7.005823240608110117e-18,5.105624869059873148e-19
9.400000000000000000e+01,7.829476505515950795e-12,9.043612057480039431e-13,7.072876593818802450e-18,5.199047620595273694e-19
9.500000000000000000e+01,7.926707814240261394e-12,9.163280583008970734e-13,7.085208244983987176e-18,5.365132512213764089e-19
9.600000000000000000e+01,8.003622232678700917e-12,9.262521507254822756e-13,7.149949413601208529e-18,5.365132512213764089e-19
9.700000000000000000e+01,8.113272362764791472e-12,9.413106340315704196e-13,7.186944367096764248e-18,5.365132512213764089e-19
9.800000000000000000e+01,8.193193943174677510e-12,9.533324677059293890e-13,7.257851361296577964e-18,5.406653735118386447e-19
9.900000000000000000e+01,8.267134564576742691e-12,9.651174596262816361e-13,7.282514663626948957e-18,5.489696180927631162e-19
1.000000000000000000e+02,8.333605758338205989e-12,9.768654450225703708e-13,7.314885247935559633e-18,5.489696180927631162e-19
1.010000000000000000e+02,8.377129727344324482e-12,9.848651981958509050e-13,7.405831175278799299e-18,5.489696180927631162e-19
1.020000000000000000e+02,8.434385133510749023e-12,9.957345429779450751e-13,7.430494477609168751e-18,5.489696180927631162e-19
1.030000000000000000e+02,8.473611698879823019e-12,1.003190828912120982e-12,7.436660303191762655e-18,5.572738626736876841e-19
1.040000000000000000e+02,8.524595674838991570e-12,1.012887595546030206e-12,7.473655256687316833e-18,5.655781072546121557e-19
1.050000000000000000e+02,8.580741402517844937e-12,1.023907081082896549e-12,7.544562250887130549e-18,5.655781072546121557e-19
1.060000000000000000e+02,8.650289628350078729e-12,1.037748578411923209e-12,7.655547111373796165e-18,5.655781072546121557e-19
1.070000000000000000e+02,8.719749927765185862e-12,1.052294257027416273e-12,7.726454105573609881e-18,5.655781072546121557e-19
1.080000000000000000e+02,8.794152947914458896e-12,1.068230323618439921e-12,7.751117407903979333e-18,5.655781072546121557e-19
1.090000000000000000e+02,8.858943726534328699e-12,1.082938830939812682e-12,7.791195274190831234e-18,5.738823518355366273e-19
1.100000000000000000e+02,8.919813143961829053e-12,1.097142992204662250e-12,7.828190227686385412e-18,5.821865964164612915e-19
1.110000000000000000e+02,8.970976898041728293e-12,1.109761159581073866e-12,7.942258000964348751e-18,5.821865964164612915e-19
1.120000000000000000e+02,9.016285694809777382e-12,1.121173971602272866e-12,7.966921303294718203e-18,5.904908409973856668e-19
1.130000000000000000e+02,9.059065036970857301e-12,1.132264298199489453e-12,7.982335867251200651e-18,5.925669021426168328e-19
1.140000000000000000e+02,9.097183493966953979e-12,1.142175702672967131e-12,7.982335867251200651e-18,5.925669021426168328e-19
1.150000000000000000e+02,9.138547377823759715e-12,1.153054563418391843e-12,8.028579559120643374e-18,5.925669021426168328e-19
1.160000000000000000e+02,9.174398589349673348e-12,1.162484883079043455e-12,8.028579559120643374e-18,5.925669021426168328e-19
1.170000000000000000e+02,9.227199187891252429e-12,1.176736624160546138e-12,8.093320727737864727e-18,5.925669021426168328e-19
1.180000000000000000e+02,9.280942640245051512e-12,1.191346799860835685e-12,8.154978983563789898e-18,6.008711467235414007e-19
1.190000000000000000e+02,9.309821757927233911e-12,1.199411050118912702e-12,8.290627146380824966e-18,6.091753913044658723e-19
1.200000000000000000e+02,9.325978237074173644e-12,1.204075986809438041e-12,8.327622099876380685e-18,6.091753913044658723e-19
1.210000000000000000e+02,1.428820371975329937e-11,1.662475800384634339e-12,8.379670714817814560e-18,6.147593672900643705e-19
1.220000000000000000e+02,1.438710759304624711e-11,1.662478972372411120e-12,8.441328970643739731e-18,6.209875507257577723e-19
1.230000000000000000e+02,1.449497760571418056e-11,1.662475800384634339e-12,8.509225307820803186e-18,6.209875507257577723e-19
1.240000000000000000e+02,1.465658322016295674e-11,1.662441965848347607e-12,8.587839583998859666e-18,6.303298258792979232e-19
1.250000000000000000e+02,1.479472033181199226e-11,1.662367952800220582e-12,8.637166188659598571e-18,6.365580093149912288e-19
1.260000000000000000e+02,1.492278358824171121e-11,1.662272793166914148e-12,8.725029203211542055e-18,6.365580093149912288e-19
1.270000000000000000e+02,1.508965929231698829e-11,1.662059212656604554e-12,8.826765325324319127e-18,6.427861927506846306e-19
1.280000000000000000e+02,1.525775105014341233e-11,1.661787479037052240e-12,8.999408441636908374e-18,6.427861927506846306e-19
1.290000000000000000e+02,1.537894741040703326e-11,1.661464993613069828e-12,9.085729999793204538e-18,6.490143761863779362e-19
1.300000000000000000e+02,1.558175361679509493e-11,1.660895093142491291e-12,9.185153937312509088e-18,6.542045290494557550e-19
1.310000000000000000e+02,1.574356256108347570e-11,1.660274440867482455e-12,9.209817239642880081e-18,6.542045290494557550e-19
1.320000000000000000e+02,1.580955997276694225e-11,1.659875827736855097e-12,9.243729280347138078e-18,6.635468042029959059e-19
1.330000000000000000e+02,1.578592582287779784e-11,1.659774324127995102e-12,9.305387536173063249e-18,6.718510487839204738e-19
1.340000000000000000e+02,1.572734013712369097e-11,1.659858910468711730e-12,9.324655741118665539e-18,6.718510487839204738e-19
1.350000000000000000e+02,1.568948938466545326e-11,1.659894859663516383e-12,9.361650694614221258e-18,6.760031710743827096e-19
1.360000000000000000e+02,1.566959289256146539e-11,1.659903318297588067e-12,9.373982345779404443e-18,6.843074156553071811e-19
1.370000000000000000e+02,1.559053683782016547e-11,1.660013280540519745e-12,9.454138078353108244e-18,6.926116602362317490e-19
1.380000000000000000e+02,1.545326093402458901e-11,1.660239549001936863e-12,9.528127985344218142e-18,7.009159048171562206e-19
1.390000000000000000e+02,1.531702209091672495e-11,1.660495422682604872e-12,9.571288764422366224e-18,7.050680271076184564e-19
1.400000000000000000e+02,1.522181034208578141e-11,1.660702659217360703e-12,9.589786241170143313e-18,7.133722716885430243e-19
1.410000000000000000e+02,1.516238150479601654e-11,1.660871831898794163e-12,9.657610322578660847e-18,7.175243939790052601e-19
1.420000000000000000e+02,1.511419547303897385e-11,1.661038889921709500e-12,9.682273624909031840e-18,7.299807608503919675e-19
1.430000000000000000e+02,1.504864711412868435e-11,1.661269387700162460e-12,9.713102752821993655e-18,7.341328831408542996e-19
1.440000000000000000e+02,1.494995049596182180e-11,1.661618306355618982e-12,9.737958737201819408e-18,7.424371277217787712e-19
1.450000000000000000e+02,1.479901459521985228e-11,1.662210410740635788e-12,9.774953690697375127e-18,7.424371277217787712e-19
1.460000000000000000e+02,1.468813467287993590e-11,1.662732731394561208e-12,9.774953690697375127e-18,7.548934945931655748e-19
1.470000000000000000e+02,1.460829434590016435e-11,1.663185268317395444e-12,9.916767679097002558e-18,7.548934945931655748e-19
1.480000000000000000e+02,1.454973221186493139e-11,1.663587053435799785e-12,1.002784888060839709e-17,7.632626160848785324e-19
1.490000000000000000e+02,1.449048707798237780e-11,1.664064966260849070e-12,1.013883374109506271e-17,7.632626160848785324e-19
1.500000000000000000e+02,1.444105987064072040e-11,1.664460407403699446e-12,1.020049199692098634e-17,7.757189829562653361e-19
1.510000000000000000e+02,1.438188853214397139e-11,1.664940434887266653e-12,1.026215025274691151e-17,7.840232275371898077e-19
1.520000000000000000e+02,1.427432626193597964e-11,1.665843394074417407e-12,1.028681355507728096e-17,7.923274721181143756e-19
1.530000000000000000e+02,1.416301141785420829e-11,1.666879576748196766e-12,1.030531103182505959e-17,7.923274721181143756e-19
1.540000000000000000e+02,1.406479132946587568e-11,1.667856548983474546e-12,1.036003273387056720e-17,8.011507319853466387e-19
1.550000000000000000e+02,1.394326131985155078e-11,1.669262796897889433e-12,1.036003273387056720e-17,8.011507319853466387e-19
1.560000000000000000e+02,1.387307562749515194e-11,1.670180558694665431e-12,1.040319351294871682e-17,8.011507319853466387e-19
1.570000000000000000e+02,1.380360276716331335e-11,1.671225200002516473e-12,1.045252011760945573e-17,8.094549765662711102e-19
1.580000000000000000e+02,1.374936001836940493e-11,1.672134503165220990e-12,1.048951507110501145e-17,8.115310377115022763e-19
1.590000000000000000e+02,1.370682404397001395e-11,1.672866175012420162e-12,1.056658789088741753e-17,8.125690682841178593e-19
1.600000000000000000e+02,1.364626001383056693e-11,1.673906587003235565e-12,1.061591449554815797e-17,8.208733128650423309e-19
1.610000000000000000e+02,1.358480258848853608e-11,1.675006209432552345e-12,1.068990440253926787e-17,8.250254351555046630e-19
1.620000000000000000e+02,1.347814784451445508e-11,1.676966497878661666e-12,1.068990440253926787e-17,8.333296797364291346e-19
1.630000000000000000e+02,1.338785212446962068e-11,1.678734352399640399e-12,1.076389430953037931e-17,8.333296797364291346e-19
1.640000000000000000e+02,1.325564219540364441e-11,1.681445344619610179e-12,1.078855761186074876e-17,8.416339243173536062e-19
1.650000000000000000e+02,1.316586461317401976e-11,1.683454270211631476e-12,1.091803994909519146e-17,8.540902911887404098e-19
1.660000000000000000e+02,1.305357158770171917e-11,1.686165262431601256e-12,1.095503490259074718e-17,8.540902911887404098e-19
1.670000000000000000e+02,1.298669255667510251e-11,1.687958492854795038e-12,1.107218558866000362e-17,8.540902911887404098e-19
1.680000000000000000e+02,1.290833912821351651e-11,1.690259241322288795e-12,1.112151219332074561e-17,8.540902911887404098e-19
1.690000000000000000e+02,1.286042080099432956e-11,1.691790254089260806e-12,1.122016540264222496e-17,8.582424134792026456e-19
1.700000000000000000e+02,1.279901989977759350e-11,1.693835128876086756e-12,1.125716035613778068e-17,8.665466580601272135e-19
1.710000000000000000e+02,1.275653573915972220e-11,1.695283669960860059e-12,1.127565783288555777e-17,8.748509026410516851e-19
1.720000000000000000e+02,1.269686981456663734e-11,1.697309512821024520e-12,1.132498443754629667e-17,8.748509026410516851e-19
1.730000000000000000e+02,1.264084184548214865e-11,1.699276145242687604e-12,1.139897434453740811e-17,8.748509026410516851e-19
1.740000000000000000e+02,1.253405050153860257e-11,1.703099447843081689e-12,1.144830094919814855e-17,8.831551472219761567e-19
1.750000000000000000e+02,1.246852647940448470e-11,1.705459406749077227e-12,1.154155906113486074e-17,8.917188994460547648e-19
1.760000000000000000e+02,1.233448893695395707e-11,1.710669925337225115e-12,1.164021227045634009e-17,9.000231440269792364e-19
1.770000000000000000e+02,1.222364669736423991e-11,1.715074759030046603e-12,1.166487557278671108e-17,9.000231440269792364e-19
1.780000000000000000e+02,1.213419412885506351e-11,1.718942469459317024e-12,1.168953887511708054e-17,9.083273886079037080e-19
1.790000000000000000e+02,1.202297820199255965e-11,1.723994388658621258e-12,1.168953887511708054e-17,9.083273886079037080e-19
1.800000000000000000e+02,1.198254618114583147e-11,1.725882778715121273e-12,1.180977247397763470e-17,9.166316331888281796e-19
1.810000000000000000e+02,1.486978437020430264e-11,2.124168137272227620e-12,1.187906274535623268e-17,9.196499300930888356e-19
1.820000000000000000e+02,1.496485480872200598e-11,2.124159678638155937e-12,1.194457464217127769e-17,9.248400829561665582e-19
1.830000000000000000e+02,1.508658893323323320e-11,2.124146990687048412e-12,1.199698415962331432e-17,9.321062969644756393e-19
1.840000000000000000e+02,1.520885218636180616e-11,2.124127958760387327e-12,1.208176426138396008e-17,9.341823581097068054e-19
1.850000000000000000e+02,1.530491179707218119e-11,2.124108926833725838e-12,1.216424422117922791e-17,9.510544097216337983e-19
1.860000000000000000e+02,1.549814579985292397e-11,2.124060289687813862e-12,1.224748286654422635e-17,9.552065320120961304e-19
1.870000000000000000e+02,1.559296502003598201e-11,2.124005308566347922e-12,1.229989238399626297e-17,9.655868377382517680e-19
1.880000000000000000e+02,1.579077119650728526e-11,2.123895346323416446e-12,1.238621394215255760e-17,9.707769906013296831e-19
1.890000000000000000e+02,1.593915330586611719e-11,2.123781154763448725e-12,1.241704307006552095e-17,9.707769906013296831e-19
1.900000000000000000e+02,1.604373863880855174e-11,2.123652160593855760e-12,1.249411588984792703e-17,9.707769906013296831e-19
1.910000000000000000e+02,1.626970639059370364e-11,2.123381484303562305e-12,1.253111084334348121e-17,9.790812351822541547e-19
1.920000000000000000e+02,1.642639283602718621e-11,2.123138298574002023e-12,1.263901279103885065e-17,9.894615409084097923e-19
1.930000000000000000e+02,1.651510745067833943e-11,2.122952208624425399e-12,1.270067104686477582e-17,9.936136631988721244e-19
1.940000000000000000e+02,1.655117612307517974e-11,2.122818985137796593e-12,1.283901675837419447e-17,1.004253476568181513e-18
1.950000000000000000e+02,1.649962926103494360e-11,2.122825329113350153e-12,1.294383579327826618e-17,1.014633782294337344e-18
1.960000000000000000e+02,1.644045949265278522e-11,2.122857048991119167e-12,1.296849909560863717e-17,1.014633782294337344e-18
1.970000000000000000e+02,1.641144848534491283e-11,2.122867622283708569e-12,1.298083074677382344e-17,1.027090149165723955e-18
1.980000000000000000e+02,1.639284733777894773e-11,2.122869736942226287e-12,1.303015735143456388e-17,1.031242271456186094e-18
1.990000000000000000e+02,1.631385644279319668e-11,2.122909915454066984e-12,1.304557191539104325e-17,1.041622577182341924e-18
2.000000000000000000e+02,1.618816562951129238e-11,2.122986043160711728e-12,1.313805929912993024e-17,1.058231066344190868e-18
2.010000000000000000e+02,1.605615510499844334e-11,2.123079088135500241e-12,1.316272260146030277e-17,1.070687433215577671e-18
2.020000000000000000e+02,1.594689868114617922e-11,2.123157330500663108e-12,1.324904415961659585e-17,1.078991677796502143e-18
2.030000000000000000e+02,1.587185505424355827e-11,2.123222884914718450e-12,1.334769736893807828e-17,1.087295922377426807e-18
2.040000000000000000e+02,1.581354727877215508e-11,2.123294783304327756e-12,1.347120656263938339e-17,1.087295922377426807e-18
2.050000000000000000e+02,1.576344492215613664e-11,2.123356108401347256e-12,1.352978190567401392e-17,1.087295922377426807e-18
2.060000000000000000e+02,1.568795224248033541e-11,2.123455497351689330e-12,1.356061103358697419e-17,1.091448044667889139e-18
2.070000000000000000e+02,1.559266355803440766e-11,2.123582376862764577e-12,1.359144016149993909e-17,1.100271304535121306e-18
2.080000000000000000e+02,1.543986000598580244e-11,2.123800186690110214e-12,1.359144016149993909e-17,1.100271304535121306e-18
2.090000000000000000e+02,1.533300271722941136e-11,2.123979932664132873e-12,1.366543006849104744e-17,1.100271304535121306e-18
2.100000000000000000e+02,1.524702795254049213e-11,2.124127958760387327e-12,1.369009337082141844e-17,1.108575549116045778e-18
2.110000000000000000e+02,1.516508681223724064e-11,2.124335195295143158e-12,1.378874658014289779e-17,1.125184038277894721e-18
2.120000000000000000e+02,1.511539896587338612e-11,2.124468418781771965e-12,1.381340988247327032e-17,1.129336160568357053e-18
2.130000000000000000e+02,1.507170895724921581e-11,2.124595298292846807e-12,1.391514600458604585e-17,1.137640405149281717e-18
2.140000000000000000e+02,1.501040854336633786e-11,2.124777158925387589e-12,1.401379921390752674e-17,1.137640405149281717e-18
2.150000000000000000e+02,1.494180395640362019e-11,2.124980166143107983e-12,1.421727145813308088e-17,1.145944649730206189e-18
2.160000000000000000e+02,1.483508640784587707e-11,2.125303708896349255e-12,1.429126136512418924e-17,1.162553138892055132e-18
2.170000000000000000e+02,1.472450009693458030e-11,2.125682232771056466e-12,1.433442214420233886e-17,1.162553138892055132e-18
2.180000000000000000e+02,1.460940127668719910e-11,2.126090361865014165e-12,1.443307535352381667e-17,1.162553138892055132e-18
2.190000000000000000e+02,1.449747722814391171e-11,2.126555586738955926e-12,1.456255769075826246e-17,1.162553138892055132e-18
2.200000000000000000e+02,1.442060441774214716e-11,2.126889702784787004e-12,1.461188429541900136e-17,1.162553138892055132e-18
2.210000000000000000e+02,1.433246132480231399e-11,2.127357042317246484e-12,1.466159626417865287e-17,1.170857383472979603e-18
2.220000000000000000e+02,1.428272637500071489e-11,2.127634062583093902e-12,1.473866908396105895e-17,1.180199658626519658e-18
2.230000000000000000e+02,1.421639217373736152e-11,2.128052764969641407e-12,1.483732229328253984e-17,1.180199658626519658e-18
2.240000000000000000e+02,1.417377612349380185e-11,2.128319211942899020e-12,1.491747802585624364e-17,1.180199658626519658e-18
2.250000000000000000e+02,1.411127614206298899e-11,2.128716767744267316e-12,1.499146793284735508e-17,1.188503903207444322e-18
2.260000000000000000e+02,1.405104654633154044e-11,2.129107979570082053e-12,1.509012114216883289e-17,1.188503903207444322e-18
2.270000000000000000e+02,1.393716613500719456e-11,2.129877715270604001e-12,1.518877435149031378e-17,1.188503903207444322e-18
2.280000000000000000e+02,1.385921308576645202e-11,2.130427526485262189e-12,1.525968134569012749e-17,1.188503903207444322e-18
2.290000000000000000e+02,1.371225350022755612e-11,2.131522919597543531e-12,1.528434464802049694e-17,1.188503903207444322e-18
2.300000000000000000e+02,1.361889134638544561e-11,2.132237674176599539e-12,1.538299785734197783e-17,1.188503903207444322e-18
2.310000000000000000e+02,1.349276718147627697e-11,2.133328837971844636e-12,1.540920261606799769e-17,1.188503903207444322e-18
2.320000000000000000e+02,1.339320621522676926e-11,2.134219109207887866e-12,1.545852922072873659e-17,1.188503903207444322e-18
2.330000000000000000e+02,1.331703995639119762e-11,2.134990959566927533e-12,1.547702669747651368e-17,1.196808147788368794e-18
2.340000000000000000e+02,1.323535003442259142e-11,2.135877001485934921e-12,1.552635330213725567e-17,1.205112392369293265e-18
2.350000000000000000e+02,1.318532304330696495e-11,2.136454303261326281e-12,1.558801155796317622e-17,1.209264514659755405e-18
2.360000000000000000e+02,1.311504157396048310e-11,2.137310739961082779e-12,1.568666476728466019e-17,1.209264514659755405e-18
2.370000000000000000e+02,1.307423743595556047e-11,2.137818258005382955e-12,1.569899641844984183e-17,1.217568759240679876e-18
2.380000000000000000e+02,1.300473160321729776e-11,2.138689497314764696e-12,1.572365972078021437e-17,1.217568759240679876e-18
2.390000000000000000e+02,1.296020943385961028e-11,2.139247767163494971e-12,1.577298632544095327e-17,1.217568759240679876e-18
2.400000000000000000e+02,1.295892822035291283e-11,2.139268913748674179e-12,1.579764962777132580e-17,1.218606789813295652e-18
2.410000000000000000e+02,1.898356153565226594e-11,2.320499378051210079e-12,1.586048505049314621e-17,1.220650412503132431e-18
2.420000000000000000e+02,1.886011598623625980e-11,2.320499378051210079e-12,1.593139204469295992e-17,1.223764504220979180e-18
2.430000000000000000e+02,1.870938184521930586e-11,2.320512066002317604e-12,1.601771360284925609e-17,1.228695149440903151e-18
2.440000000000000000e+02,1.852446002908617168e-11,2.320518409977871164e-12,1.608553768425777208e-17,1.234923332876596649e-18
2.450000000000000000e+02,1.830687668921983910e-11,2.320509951343799481e-12,1.611944972496203162e-17,1.241151516312289762e-18
2.460000000000000000e+02,1.822284415628065466e-11,2.320514180660835323e-12,1.614411302729240107e-17,1.245303638602752287e-18
2.470000000000000000e+02,1.827980477343251702e-11,2.320512066002317604e-12,1.621810293428350942e-17,1.251531822038445400e-18
2.480000000000000000e+02,1.830677934211516223e-11,2.320512066002317604e-12,1.626588808254860101e-17,1.255683944328907732e-18
2.490000000000000000e+02,1.844076978112794367e-11,2.320507836685281762e-12,1.632754633837452772e-17,1.263988188909832396e-18
2.500000000000000000e+02,1.857241446894096561e-11,2.320507836685281762e-12,1.637687294303526663e-17,1.272292433490756867e-18
2.510000000000000000e+02,1.863126236383186022e-11,2.320501492709727798e-12,1.642619954769600861e-17,1.272292433490756867e-18
2.520000000000000000e+02,1.872881044317501304e-11,2.320497263392691957e-12,1.662967179192156275e-17,1.280596678071681339e-18
2.530000000000000000e+02,1.887841410168606154e-11,2.320497263392691957e-12,1.667976912478012378e-17,1.290976983797836977e-18
2.540000000000000000e+02,1.897348454020376488e-11,2.320497263392691957e-12,1.681541728759716193e-17,1.295129106088299309e-18
2.550000000000000000e+02,1.902850763594966917e-11,2.320497263392691957e-12,1.686474389225790083e-17,1.295129106088299309e-18
2.560000000000000000e+02,1.911727877472611719e-11,2.320493034075656115e-12,1.697572875274456645e-17,1.295129106088299309e-18
2.570000000000000000e+02,1.925314707079038066e-11,2.320490919417138396e-12,1.701272370624012063e-17,1.295129106088299309e-18
2.580000000000000000e+02,1.937247577974736589e-11,2.320482460783066713e-12,1.709287943881382443e-17,1.303433350669223780e-18
2.590000000000000000e+02,1.944732000209686284e-11,2.320499378051210079e-12,1.728402003187419076e-17,1.303433350669223780e-18
2.600000000000000000e+02,1.950835349649917957e-11,2.320497263392691957e-12,1.731870280077627550e-17,1.313035133465917586e-18
2.610000000000000000e+02,1.958038721372981758e-11,2.320501492709727798e-12,1.742352183568034876e-17,1.315111194611148945e-18
2.620000000000000000e+02,1.969656627281617838e-11,2.320503607368245921e-12,1.744818513801072129e-17,1.315111194611148945e-18
2.630000000000000000e+02,1.983319450434274668e-11,2.320509951343799481e-12,1.747593135313238538e-17,1.317187255756379918e-18
2.640000000000000000e+02,1.995024654714199866e-11,2.320514180660835323e-12,1.750213611185840215e-17,1.317187255756379918e-18
2.650000000000000000e+02,2.003740360811834785e-11,2.320520524636389287e-12,1.767477922817099448e-17,1.325491500337304583e-18
2.660000000000000000e+02,2.010606785943554478e-11,2.320539556563050372e-12,1.777343243749247229e-17,1.325491500337304583e-18
2.670000000000000000e+02,2.017107060352527004e-11,2.320543785880086214e-12,1.780734447819673183e-17,1.325491500337304583e-18
2.680000000000000000e+02,2.028185788910428304e-11,2.320545900538603932e-12,1.791524642589210280e-17,1.325491500337304583e-18
2.690000000000000000e+02,2.040900262849795524e-11,2.320567047123783140e-12,1.797690468171802952e-17,1.342099989499153526e-18
2.700000000000000000e+02,2.053791845715087917e-11,2.320583964391926506e-12,1.803856293754395315e-17,1.346252111789615665e-18
2.710000000000000000e+02,2.066274570740743926e-11,2.320605110977105714e-12,1.803856293754395315e-17,1.346252111789615665e-18
2.720000000000000000e+02,2.076281225055542042e-11,2.320632601537838886e-12,1.804627021952219591e-17,1.354556356370540137e-18
2.730000000000000000e+02,2.083354277267508417e-11,2.320645289488946410e-12,1.808326517301775009e-17,1.362860600951464994e-18
2.740000000000000000e+02,2.089588888287592537e-11,2.320668550732643337e-12,1.812642595209589663e-17,1.362860600951464994e-18
2.750000000000000000e+02,2.095865892401648393e-11,2.320685468000786703e-12,1.817575255675663554e-17,1.371294599353966245e-18
2.760000000000000000e+02,2.109235418148605675e-11,2.320736219805216801e-12,1.820041585908700807e-17,1.371294599353966245e-18
2.770000000000000000e+02,2.121211938229949079e-11,2.320774283658539375e-12,1.826207411491293170e-17,1.375446721644428577e-18
2.780000000000000000e+02,2.135255357159594900e-11,2.320825035462969070e-12,1.831140071957367369e-17,1.375446721644428577e-18
2.790000000000000000e+02,2.149589561311593978e-11,2.320884245901470851e-12,1.833606402190404006e-17,1.375446721644428577e-18
2.800000000000000000e+02,2.159102571598812238e-11,2.320926539071829267e-12,1.838539062656478204e-17,1.387903088515815188e-18
2.810000000000000000e+02,2.168732398411641125e-11,2.320985749510331048e-12,1.845938053355589348e-17,1.404511577677664323e-18
2.820000000000000000e+02,2.176443859216527250e-11,2.321036501314760743e-12,1.848404383588626293e-17,1.412815822258588795e-18
2.830000000000000000e+02,2.182565736008938952e-11,2.321066106534011634e-12,1.853953626612959728e-17,1.412815822258588795e-18
2.840000000000000000e+02,2.190642719490735349e-11,2.321133775606585098e-12,1.863818947545107509e-17,1.412815822258588795e-18
2.850000000000000000e+02,2.200347283758121574e-11,2.321192986045086880e-12,1.868135025452922471e-17,1.429424311420437738e-18
2.860000000000000000e+02,2.212277642470473805e-11,2.321273343068767465e-12,1.873067685918996362e-17,1.437728556001362402e-18
2.870000000000000000e+02,2.227016308141253256e-11,2.321391763945771028e-12,1.879850094059848269e-17,1.439804617146593568e-18
2.880000000000000000e+02,2.238933791913954937e-11,2.321476350286487859e-12,1.889715414991996050e-17,1.439804617146593568e-18
2.890000000000000000e+02,2.254427682703264765e-11,2.321615917748670226e-12,1.894802221097634981e-17,1.448368369370671984e-18
2.900000000000000000e+02,2.263715852580974762e-11,2.321708962723458739e-12,1.904050959471523833e-17,1.449406399943287567e-18
2.910000000000000000e+02,2.275406297783739690e-11,2.321831612917497740e-12,1.908983619937597724e-17,1.449406399943287567e-18
2.920000000000000000e+02,2.282207092125533160e-11,2.321911969941178729e-12,1.920698688544523522e-17,1.451482461088518540e-18
2.930000000000000000e+02,2.291286122739649862e-11,2.322013473550038522e-12,1.923165018777560467e-17,1.451482461088518540e-18
2.940000000000000000e+02,2.297488703422066828e-11,2.322106518524827036e-12,1.923165018777560467e-17,1.451482461088518540e-18
2.950000000000000000e+02,2.305802146161349217e-11,2.322208022133686829e-12,1.933030339709708556e-17,1.451482461088518540e-18
2.960000000000000000e+02,2.314679260038994018e-11,2.322322213693654550e-12,1.934263504826227029e-17,1.455634583378980873e-18
2.970000000000000000e+02,2.328385732377295408e-11,2.322516762277302857e-12,1.936729835059264282e-17,1.455634583378980873e-18
2.980000000000000000e+02,2.339119349747976507e-11,2.322664788373557311e-12,1.937963000175782755e-17,1.459786705669443012e-18
2.990000000000000000e+02,2.356231714658245047e-11,2.322918547395706995e-12,1.945361990874893590e-17,1.459786705669443012e-18
3.000000000000000000e+02,2.362554566118373952e-11,2.323011592370495509e-12,1.949061486224449316e-17,1.468090950250367676e-18
3.010000000000000000e+02,2.597524098879740539e-11,2.531098219850579527e-12,1.957633955764602717e-17,1.471724057254522121e-18
3.020000000000000000e+02,2.612136527337360125e-11,2.531093990533543686e-12,1.965957820301102561e-17,1.475876179544984453e-18
3.030000000000000000e+02,2.627018387458888201e-11,2.531106678484650806e-12,1.973510956639778437e-17,1.480028301835446592e-18
3.040000000000000000e+02,2.642943117692116400e-11,2.531098219850579527e-12,1.982836767833449501e-17,1.484439931769062868e-18
3.050000000000000000e+02,2.657137267622550042e-11,2.531093990533543686e-12,1.986690408822569959e-17,1.486515992914293842e-18
3.060000000000000000e+02,2.678204123143069429e-11,2.531093990533543686e-12,1.993781108242551331e-17,1.486515992914293842e-18
3.070000000000000000e+02,2.686076049659210739e-11,2.531085531899472003e-12,1.996864021033847513e-17,1.494820237495218313e-18
3.080000000000000000e+02,2.680671715235132458e-11,2.531093990533543686e-12,2.007037633245125374e-17,1.496117775710988033e-18
3.090000000000000000e+02,2.677421578030646034e-11,2.531102449167614965e-12,2.011970293711199264e-17,1.502345959146681146e-18
3.100000000000000000e+02,2.670242386072291740e-11,2.531098219850579527e-12,2.015053206502495446e-17,1.502864974432989033e-18
3.110000000000000000e+02,2.653742365852723723e-11,2.531102449167614965e-12,2.019985866968569644e-17,1.502864974432989033e-18
3.120000000000000000e+02,2.644833535660329570e-11,2.531093990533543686e-12,2.028001440225939716e-17,1.502864974432989033e-18
3.130000000000000000e+02,2.639070587063543641e-11,2.531098219850579527e-12,2.030467770458976970e-17,1.507017096723451366e-18
3.140000000000000000e+02,2.629170072495133443e-11,2.531098219850579527e-12,2.031084353017236206e-17,1.515321341304375837e-18
3.150000000000000000e+02,2.614942950158277627e-11,2.531106678484650806e-12,2.036633596041569641e-17,1.517397402449607003e-18
3.160000000000000000e+02,2.604178244518684072e-11,2.531110907801686648e-12,2.040333091391125059e-17,1.529853769320993614e-18
3.170000000000000000e+02,2.597887737419141092e-11,2.531106678484650806e-12,2.046498916973717422e-17,1.529853769320993614e-18
3.180000000000000000e+02,2.592453256794905053e-11,2.531115137118722490e-12,2.052664742556310093e-17,1.529853769320993614e-18
3.190000000000000000e+02,2.581974312010971851e-11,2.531119366435758331e-12,2.063146646046717418e-17,1.531929830466224973e-18
3.200000000000000000e+02,2.568554228574167063e-11,2.531119366435758331e-12,2.063146646046717418e-17,1.531929830466224973e-18
3.210000000000000000e+02,2.557047800801530579e-11,2.531132054386865856e-12,2.069929054187568709e-17,1.540234075047149444e-18
3.220000000000000000e+02,2.549168965781186321e-11,2.531136283703901697e-12,2.081644122794494816e-17,1.540234075047149444e-18
3.230000000000000000e+02,2.543226396075128282e-11,2.531140513020937539e-12,2.088426530935346415e-17,1.542310136192380610e-18
3.240000000000000000e+02,2.537523111832820973e-11,2.531140513020937539e-12,2.088426530935346415e-17,1.544386197337611584e-18
3.250000000000000000e+02,2.527550371993200052e-11,2.531144742337973380e-12,2.096442104192716795e-17,1.554766503063767222e-18
3.260000000000000000e+02,2.515498800434380862e-11,2.531165888923152588e-12,2.112473250707457555e-17,1.563070747644691693e-18
3.270000000000000000e+02,2.503344229358356617e-11,2.531161659606116746e-12,2.114939580940494192e-17,1.565146808789923052e-18
3.280000000000000000e+02,2.492825717686716740e-11,2.531178576874260113e-12,2.115016653760276712e-17,1.581755297951771995e-18
3.290000000000000000e+02,2.483618565721930132e-11,2.531182806191295954e-12,2.124881974692424801e-17,1.581755297951771995e-18
3.300000000000000000e+02,2.477143413146422136e-11,2.531182806191295954e-12,2.135980460741091363e-17,1.590059542532696467e-18
3.310000000000000000e+02,2.471448293499990597e-11,2.531199723459439320e-12,2.153244772372350288e-17,1.594211664823158606e-18
3.320000000000000000e+02,2.464838739115446966e-11,2.531199723459439320e-12,2.156944267721905705e-17,1.608744092839776576e-18
3.330000000000000000e+02,2.452905240173911548e-11,2.531225099361654370e-12,2.176674909586202192e-17,1.608744092839776576e-18
3.340000000000000000e+02,2.439625210958672197e-11,2.531237787312761894e-12,2.184690482843572264e-17,1.610820153985007742e-18
3.350000000000000000e+02,2.428190380411409540e-11,2.531267392532012785e-12,2.185307065401831500e-17,1.619124398565932213e-18
3.360000000000000000e+02,2.415182923089261542e-11,2.531296997751263676e-12,2.185307065401831500e-17,1.627428643146856685e-18
3.370000000000000000e+02,2.406345690122241539e-11,2.531330832287550408e-12,2.192706056100942644e-17,1.629504704292088044e-18
3.380000000000000000e+02,2.399838507209066066e-11,2.531335061604586249e-12,2.203804542149609205e-17,1.629504704292088044e-18
3.390000000000000000e+02,2.392434474841203510e-11,2.531347749555693370e-12,2.206270872382646151e-17,1.629504704292088044e-18
3.400000000000000000e+02,2.386367552059495647e-11,2.531368896140872578e-12,2.224768349130423548e-17,1.633656826582550183e-18
3.410000000000000000e+02,2.380433146949313701e-11,2.531390042726051786e-12,2.234017087504312401e-17,1.633656826582550183e-18
3.420000000000000000e+02,2.367763578287264509e-11,2.531432335896410201e-12,2.236483417737349654e-17,1.633656826582550183e-18
3.430000000000000000e+02,2.357684698701255669e-11,2.531470399749732775e-12,2.238949747970386291e-17,1.637808948873012515e-18
3.440000000000000000e+02,2.342160661711788083e-11,2.531521151554162873e-12,2.241416078203423544e-17,1.637808948873012515e-18
3.450000000000000000e+02,2.331234548292184323e-11,2.531563444724521289e-12,2.254980894485126743e-17,1.641961071163474655e-18
3.460000000000000000e+02,2.318995819074053825e-11,2.531618425845986825e-12,2.259913554951200942e-17,1.641961071163474655e-18
3.470000000000000000e+02,2.310240860111630680e-11,2.531652260382273557e-12,2.263613050300756668e-17,1.641961071163474655e-18
3.480000000000000000e+02,2.302706822255588499e-11,2.531698782869667814e-12,2.273478371232904449e-17,1.658569560325323598e-18
3.490000000000000000e+02,2.295231192662351469e-11,2.531745305357062071e-12,2.288892935189385664e-17,1.667911835478863653e-18
3.500000000000000000e+02,2.290023436585134058e-11,2.531766451942241278e-12,2.303690916587607644e-17,1.676735095346096012e-18
3.510000000000000000e+02,2.282128900418874510e-11,2.531829891697778498e-12,2.306157246820644897e-17,1.685039339927020676e-18
3.520000000000000000e+02,2.276237202425582425e-11,2.531867955551101071e-12,2.308623577053682150e-17,1.685039339927020676e-18
3.530000000000000000e+02,2.263559469167657462e-11,2.531952541891817902e-12,2.320955228218866877e-17,1.685039339927020676e-18
3.540000000000000000e+02,2.255180709661366974e-11,2.532015981647355525e-12,2.331745422988403974e-17,1.693343584507945148e-18
3.550000000000000000e+02,2.239224577136307871e-11,2.532121714573251160e-12,2.349009734619662899e-17,1.693343584507945148e-18
3.560000000000000000e+02,2.228404603463092352e-11,2.532227447499147198e-12,2.353942395085737097e-17,1.693343584507945148e-18
3.570000000000000000e+02,2.215017178409791614e-11,2.532333180425042833e-12,2.358875055551810988e-17,1.694381615080560731e-18
3.580000000000000000e+02,2.204358612516586301e-11,2.532421996082795505e-12,2.373673036950032967e-17,1.702685859661485202e-18
3.590000000000000000e+02,2.199064814159752271e-11,2.532481206521297286e-12,2.383538357882181056e-17,1.704761920806716176e-18
3.600000000000000000e+02,2.196513691971419238e-11,2.532506582423512336e-12,2.388471018348255255e-17,1.713066165387641033e-18
3.610000000000000000e+02,2.767161163487156898e-11,2.820561136417151209e-12,2.393785956989792654e-17,1.719039149412537377e-18
3.620000000000000000e+02,2.760425999935289652e-11,2.820624576172688428e-12,2.402533722035095742e-17,1.729484332049481404e-18
3.630000000000000000e+02,2.751132805690887072e-11,2.820628805489724269e-12,2.407620528140734981e-17,1.729743839692635541e-18
3.640000000000000000e+02,2.737697649154003567e-11,2.820603429587509220e-12,2.410009785553989406e-17,1.732079408481020458e-18
3.650000000000000000e+02,2.730552999716663041e-11,2.820607658904545062e-12,2.413092698345285587e-17,1.737269561344098373e-18
3.660000000000000000e+02,2.714657159591919131e-11,2.820590741636402099e-12,2.419875106486137495e-17,1.745573805925022652e-18
3.670000000000000000e+02,2.708273073662720336e-11,2.820573824368258733e-12,2.424807766952211385e-17,1.745573805925022652e-18
3.680000000000000000e+02,2.692799280340182131e-11,2.820539989831972001e-12,2.430048718697415048e-17,1.745573805925022652e-18
3.690000000000000000e+02,2.679463983091320493e-11,2.820510384612721110e-12,2.436214544280007411e-17,1.745703559746599817e-18
3.700000000000000000e+02,2.670960870509380182e-11,2.820480779393470219e-12,2.436214544280007411e-17,1.749855682037061764e-18
3.710000000000000000e+02,2.658625422232411005e-11,2.820446944857183487e-12,2.447313030328673973e-17,1.749855682037061764e-18
3.720000000000000000e+02,2.639243299668613127e-11,2.820379275784610023e-12,2.454866166667349849e-17,1.750115189680216093e-18
3.730000000000000000e+02,2.626422371959939864e-11,2.820328523980180328e-12,2.458565662016905575e-17,1.758419434261140372e-18
3.740000000000000000e+02,2.619312265043613106e-11,2.820282001492786071e-12,2.464731487599497938e-17,1.758419434261140372e-18
3.750000000000000000e+02,2.603866733783722618e-11,2.820184727200961716e-12,2.475213391089905263e-17,1.758419434261140372e-18
3.760000000000000000e+02,2.584720128408655711e-11,2.820057847689886874e-12,2.477679721322942208e-17,1.758419434261140372e-18
3.770000000000000000e+02,2.569854911501798270e-11,2.819935197495847469e-12,2.480146051555979461e-17,1.758419434261140372e-18
3.780000000000000000e+02,2.560267163760022672e-11,2.819842152521059359e-12,2.485078712022053352e-17,1.766723678842065036e-18
3.790000000000000000e+02,2.554286283257931104e-11,2.819761795497378370e-12,2.486311877138571825e-17,1.767761709414680426e-18
3.800000000000000000e+02,2.551201950154311219e-11,2.819685667790733222e-12,2.489086498650738234e-17,1.767761709414680426e-18
3.810000000000000000e+02,2.554206521436680861e-11,2.819668750522589856e-12,2.495252324233330905e-17,1.776065953995605091e-18
3.820000000000000000e+02,2.559265430650620493e-11,2.819685667790733222e-12,2.498951819582886631e-17,1.780218076286067038e-18
3.830000000000000000e+02,2.564061816704854906e-11,2.819715273009984113e-12,2.504501062607219758e-17,1.780218076286067038e-18
3.840000000000000000e+02,2.567335819651132714e-11,2.819706814375912430e-12,2.507506902578733419e-17,1.780218076286067038e-18
3.850000000000000000e+02,2.569446681707998136e-11,2.819706814375912430e-12,2.527237544443029597e-17,1.780218076286067038e-18
3.860000000000000000e+02,2.571139265237677614e-11,2.819719502327019955e-12,2.540802360724733412e-17,1.796826565447915981e-18
3.870000000000000000e+02,2.575545634827373476e-11,2.819732190278127479e-12,2.548201351423844248e-17,1.796826565447915981e-18
3.880000000000000000e+02,2.583240452417589290e-11,2.819749107546270845e-12,2.567931993288140118e-17,1.805130810028840645e-18
3.890000000000000000e+02,2.594797123857155155e-11,2.819774483448485895e-12,2.575947566545510498e-17,1.805130810028840645e-18
3.900000000000000000e+02,2.604676284867120261e-11,2.819825235252915993e-12,2.580880227011585005e-17,1.805147029256537839e-18
3.910000000000000000e+02,2.618397202259664118e-11,2.819871757740310250e-12,2.585812887477658587e-17,1.805147029256537839e-18
3.920000000000000000e+02,2.626102696629102317e-11,2.819901362959560737e-12,2.585812887477658587e-17,1.807223090401769005e-18
3.930000000000000000e+02,2.634200091600588786e-11,2.819914050910668261e-12,2.600610868875880874e-17,1.815527334982693669e-18
3.940000000000000000e+02,2.638391041468325623e-11,2.819952114763990835e-12,2.609243024691510183e-17,1.823831579563617948e-18
3.950000000000000000e+02,2.642882825291801207e-11,2.819981719983241726e-12,2.633906327021880559e-17,1.823831579563617948e-18
3.960000000000000000e+02,2.646435052543699847e-11,2.819998637251385092e-12,2.636372657254916888e-17,1.827983701854080280e-18
3.970000000000000000e+02,2.650420631422863149e-11,2.820011325202492617e-12,2.638838987487954142e-17,1.827983701854080280e-18
3.980000000000000000e+02,2.657967230195637433e-11,2.820049389055815191e-12,2.648704308420102231e-17,1.838364007580236110e-18
3.990000000000000000e+02,2.667124138493494660e-11,2.820100140860245289e-12,2.653636968886176429e-17,1.838364007580236110e-18
4.000000000000000000e+02,2.675960743414678090e-11,2.820176268566890033e-12,2.658569629352250011e-17,1.838364007580236110e-18
4.010000000000000000e+02,2.687956418894038420e-11,2.820265084224642705e-12,2.678300271216546498e-17,1.846668252161160389e-18
4.020000000000000000e+02,2.695400018149607973e-11,2.820320065346108645e-12,2.678300271216546498e-17,1.850820374451622721e-18
4.030000000000000000e+02,2.705377154310085227e-11,2.820417339637932596e-12,2.695564582847805422e-17,1.850820374451622721e-18
4.040000000000000000e+02,2.710484423053444199e-11,2.820459632808291012e-12,2.701730408430398402e-17,1.850820374451622721e-18
4.050000000000000000e+02,2.716914356328716042e-11,2.820531531197900318e-12,2.706663068896471984e-17,1.859124619032547000e-18
4.060000000000000000e+02,2.720403150951116301e-11,2.820586512319366258e-12,2.706663068896471984e-17,1.859124619032547000e-18
4.070000000000000000e+02,2.724756764690536490e-11,2.820654181391939319e-12,2.711749875002110606e-17,1.859124619032547000e-18
4.080000000000000000e+02,2.728249327587956509e-11,2.820696474562297734e-12,2.716682535468185113e-17,1.867428863613471664e-18
4.090000000000000000e+02,2.731790878060632441e-11,2.820755685000799515e-12,2.725314691283814421e-17,1.867428863613471664e-18
4.100000000000000000e+02,2.735954821957394708e-11,2.820819124756337139e-12,2.732713681982925257e-17,1.867428863613471664e-18
4.110000000000000000e+02,2.739736913985494839e-11,2.820891023145946041e-12,2.740112672682036709e-17,1.871580985903933996e-18
4.120000000000000000e+02,2.746099018310411969e-11,2.820992526754806238e-12,2.745045333148110291e-17,1.871580985903933996e-18
4.130000000000000000e+02,2.749717190375155280e-11,2.821055966510343861e-12,2.752492494359585279e-17,1.879917668940252663e-18
4.140000000000000000e+02,2.756458634385388255e-11,2.821182846021418703e-12,2.762357815291733676e-17,1.879917668940252663e-18
4.150000000000000000e+02,2.762049498422941270e-11,2.821301266898422266e-12,2.777155796689955656e-17,1.879917668940252663e-18
4.160000000000000000e+02,2.765795163792517592e-11,2.821373165288031168e-12,2.780855292039511074e-17,1.879917668940252663e-18
4.170000000000000000e+02,2.770784359918592792e-11,2.821504274116142256e-12,2.795653273437733361e-17,1.879917668940252663e-18
4.180000000000000000e+02,2.773258232469022196e-11,2.821584631139822841e-12,2.798138871875716090e-17,1.888254351976571329e-18
4.190000000000000000e+02,2.775210198929224027e-11,2.821626924310181256e-12,2.808004192807863871e-17,1.896558596557495994e-18
4.200000000000000000e+02,2.775921146816272949e-11,2.821656529529432147e-12,2.808004192807863871e-17,1.904862841138420658e-18
4.210000000000000000e+02,2.824895533109730314e-11,3.041234211395877830e-12,2.813775471787624500e-17,1.909051963542066852e-18
4.220000000000000000e+02,2.837834533435687349e-11,3.041246899346985354e-12,2.820403734288911984e-17,1.912166055259913408e-18
4.230000000000000000e+02,2.850297475017489860e-11,3.041229982078841988e-12,2.830731492139754269e-17,1.916318177550375740e-18
4.240000000000000000e+02,2.862831385778829626e-11,3.041217294127734463e-12,2.837590973100388697e-17,1.920470299840838072e-18
4.250000000000000000e+02,2.882032003095845351e-11,3.041229982078841988e-12,2.843766432785453644e-17,1.928774544421762737e-18
4.260000000000000000e+02,2.896167430740555393e-11,3.041217294127734463e-12,2.849932258368046007e-17,1.932926666712225069e-18
4.270000000000000000e+02,2.915439645282945592e-11,3.041217294127734463e-12,2.857485394706721883e-17,1.937078789002687016e-18
4.280000000000000000e+02,2.928948283182713290e-11,3.041217294127734463e-12,2.861184890056277917e-17,1.943306972438380514e-18
4.290000000000000000e+02,2.951910895061057200e-11,3.041200376859591097e-12,2.864267802847573790e-17,1.944345003010995904e-18
4.300000000000000000e+02,2.965592873611730633e-11,3.041191918225519414e-12,2.870125337151037305e-17,1.944345003010995904e-18
4.310000000000000000e+02,2.972018410566145820e-11,3.041191918225519414e-12,2.876291162733629668e-17,1.948497125301458236e-18
4.320000000000000000e+02,2.966542478916693389e-11,3.041191918225519414e-12,2.889239396457073323e-17,1.957839400454998291e-18
4.330000000000000000e+02,2.961033888883737231e-11,3.041183459591447731e-12,2.902804212738777138e-17,1.957839400454998291e-18
4.340000000000000000e+02,2.958676204813081881e-11,3.041183459591447731e-12,2.914056844427009048e-17,1.957839400454998291e-18
4.350000000000000000e+02,2.951771468885328336e-11,3.041183459591447731e-12,2.918989504893082322e-17,1.957839400454998291e-18
4.360000000000000000e+02,2.937613431590500379e-11,3.041191918225519414e-12,2.926388495592193774e-17,1.957839400454998291e-18
4.370000000000000000e+02,2.923054701051911163e-11,3.041196147542555256e-12,2.931321156058267664e-17,1.957839400454998291e-18
4.380000000000000000e+02,2.913529757893797372e-11,3.041204606176626939e-12,2.936253816524341555e-17,1.974447889616847619e-18
4.390000000000000000e+02,2.907747967921912966e-11,3.041191918225519414e-12,2.941186476990415445e-17,1.974447889616847619e-18
4.400000000000000000e+02,2.902389480843907410e-11,3.041183459591447731e-12,2.948585467689526281e-17,1.976523950762078400e-18
4.410000000000000000e+02,2.891226594143899533e-11,3.041191918225519414e-12,2.952901545597341859e-17,1.976523950762078400e-18
4.420000000000000000e+02,2.877566597197507765e-11,3.041196147542555256e-12,2.962766866529489640e-17,1.976523950762078400e-18
4.430000000000000000e+02,2.865264435349878887e-11,3.041200376859591097e-12,2.968932692112082003e-17,1.976523950762078400e-18
4.440000000000000000e+02,2.856070472347661278e-11,3.041217294127734463e-12,2.971399022345118948e-17,1.988980317633465396e-18
4.450000000000000000e+02,2.849644935393246090e-11,3.041204606176626939e-12,2.983730673510304291e-17,1.990018348206080787e-18
4.460000000000000000e+02,2.844101174793438945e-11,3.041221523444770305e-12,2.986197003743341236e-17,1.998322592787005066e-18
4.470000000000000000e+02,2.837965166969703547e-11,3.041217294127734463e-12,2.986351149382905660e-17,2.007145852654237618e-18
4.480000000000000000e+02,2.828202194439511848e-11,3.041221523444770305e-12,2.998682800548091002e-17,2.009221913799468784e-18
4.490000000000000000e+02,2.817666725530283212e-11,3.041221523444770305e-12,3.006081791247201838e-17,2.013374036089931116e-18
4.500000000000000000e+02,2.804418726652711338e-11,3.041217294127734463e-12,3.015947112179349619e-17,2.013374036089931116e-18
4.510000000000000000e+02,2.792235893514039377e-11,3.041242670029949513e-12,3.020263190087165197e-17,2.014412066662546506e-18
4.520000000000000000e+02,2.784147291184265574e-11,3.041251128664021196e-12,3.032594841252349307e-17,2.018564188953008838e-18
4.530000000000000000e+02,2.777508846691237330e-11,3.041238440712913671e-12,3.037527501718423814e-17,2.026868433533933503e-18
4.540000000000000000e+02,2.770635513055315012e-11,3.041242670029949513e-12,3.065042498380742812e-17,2.035432185758011726e-18
4.550000000000000000e+02,2.765418964336384935e-11,3.041255357981057037e-12,3.081073644895483572e-17,2.035432185758011726e-18
4.560000000000000000e+02,2.760178549875663151e-11,3.041268045932164562e-12,3.083539975128520517e-17,2.035432185758011726e-18
4.570000000000000000e+02,2.748244422888291160e-11,3.041255357981057037e-12,3.090938965827631969e-17,2.035432185758011726e-18
4.580000000000000000e+02,2.738610199754605940e-11,3.041276504566236245e-12,3.095871626293705243e-17,2.035432185758011726e-18
4.590000000000000000e+02,2.723557197142600619e-11,3.041289192517343770e-12,3.113135937924964476e-17,2.052040674919860669e-18
4.600000000000000000e+02,2.712901771478578169e-11,3.041301880468451294e-12,3.130400249556223709e-17,2.056192797210323001e-18
4.610000000000000000e+02,2.701497715177309843e-11,3.041310339102522977e-12,3.135332910022297599e-17,2.056192797210323001e-18
4.620000000000000000e+02,2.692955035707662858e-11,3.041318797736594256e-12,3.141498735604889962e-17,2.056192797210323001e-18
4.630000000000000000e+02,2.686717284458395551e-11,3.041348402955845147e-12,3.146431396070964469e-17,2.056192797210323001e-18
4.640000000000000000e+02,2.679143051668809800e-11,3.041356861589916830e-12,3.151518202176603400e-17,2.056452304853476945e-18
4.650000000000000000e+02,2.674258111151612800e-11,3.041361090906952672e-12,3.151518202176603400e-17,2.058528365998708111e-18
4.660000000000000000e+02,2.667115973897618890e-11,3.041369549541024355e-12,3.161383523108751181e-17,2.066832610579632775e-18
4.670000000000000000e+02,2.660400907812523590e-11,3.041386466809167721e-12,3.167549348691343544e-17,2.066832610579632775e-18
4.680000000000000000e+02,2.647988209897650460e-11,3.041416072028418612e-12,3.172482009157417434e-17,2.066832610579632775e-18
4.690000000000000000e+02,2.638830045508120088e-11,3.041428759979526136e-12,3.178647834740009797e-17,2.066832610579632775e-18
4.700000000000000000e+02,2.622981936866958945e-11,3.041449906564705344e-12,3.183580495206084304e-17,2.066832610579632775e-18
4.710000000000000000e+02,2.613454481525498216e-11,3.041479511783956235e-12,3.205777467303417427e-17,2.075136855160557054e-18
4.720000000000000000e+02,2.599114938983888108e-11,3.041521804954314650e-12,3.220575448701639715e-17,2.083441099741481718e-18
4.730000000000000000e+02,2.591293256134675856e-11,3.041551410173565137e-12,3.230749060912916960e-17,2.091745344322405997e-18
4.740000000000000000e+02,2.580629037828941064e-11,3.041576786075780186e-12,3.235681721378990850e-17,2.091745344322405997e-18
4.750000000000000000e+02,2.574084800211405209e-11,3.041581015392816028e-12,3.243080712078102302e-17,2.091745344322405997e-18
4.760000000000000000e+02,2.566578396372174171e-11,3.041610620612066918e-12,3.249246537660694665e-17,2.092783374895021773e-18
4.770000000000000000e+02,2.560387120514816162e-11,3.041635996514281968e-12,3.259111858592842446e-17,2.101087619475946052e-18
4.780000000000000000e+02,2.554101637781966088e-11,3.041669831050568700e-12,3.284391743481471443e-17,2.101087619475946052e-18
4.790000000000000000e+02,2.547430534905434118e-11,3.041682519001676225e-12,3.296723394646656785e-17,2.109391864056870716e-18
4.800000000000000000e+02,2.546671855534802107e-11,3.041678289684640383e-12,3.300422889996212203e-17,2.121848230928257712e-18
4.810000000000000000e+02,3.095465844119659423e-11,3.215714685709222350e-12,3.313698532670880982e-17,2.123372838331786603e-18
4.820000000000000000e+02,3.081204179261789516e-11,3.215714685709222350e-12,3.325066773588785748e-17,2.125773284030960103e-18
4.830000000000000000e+02,3.066338334309095178e-11,3.215714685709222350e-12,3.339710609347442995e-17,2.132001467466653601e-18
4.840000000000000000e+02,3.050570615535020852e-11,3.215697768441078984e-12,3.350828363601055033e-17,2.138229650902346714e-18
4.850000000000000000e+02,3.035968549833705202e-11,3.215697768441078984e-12,3.356377606625388468e-17,2.144457834338040212e-18
4.860000000000000000e+02,3.015109891508023766e-11,3.215706227075150667e-12,3.366088781917971208e-17,2.149128971914810047e-18
4.870000000000000000e+02,2.998923894206763495e-11,3.215693539124043143e-12,3.379653598199675023e-17,2.151205033060041598e-18
4.880000000000000000e+02,2.977234959285076544e-11,3.215697768441078984e-12,3.380886763316193496e-17,2.159509277640965877e-18
4.890000000000000000e+02,2.965557074999043719e-11,3.215689309807007301e-12,3.393064268841813798e-17,2.163661399931428209e-18
4.900000000000000000e+02,2.967362078733476843e-11,3.215685080489971460e-12,3.401696424657443107e-17,2.171965644512352873e-18
4.910000000000000000e+02,2.974126132393828379e-11,3.215680851172935618e-12,3.410482726112637455e-17,2.171965644512352873e-18
4.920000000000000000e+02,2.976659669298736403e-11,3.215685080489971460e-12,3.417265134253489362e-17,2.174041705657584039e-18
4.930000000000000000e+02,2.984483864331294623e-11,3.215697768441078984e-12,3.427130455185637760e-17,2.184422011383739869e-18
4.940000000000000000e+02,2.999789341369620321e-11,3.215697768441078984e-12,3.429905076697804169e-17,2.195840347682510705e-18
4.950000000000000000e+02,3.013730702850816108e-11,3.215689309807007301e-12,3.455801544144692710e-17,2.206220653408666150e-18
4.960000000000000000e+02,3.021276045531917246e-11,3.215680851172935618e-12,3.470599525542914381e-17,2.210372775699128867e-18
4.970000000000000000e+02,3.026957348169942890e-11,3.215697768441078984e-12,3.475532186008988888e-17,2.222829142570515093e-18
4.980000000000000000e+02,3.038172990720226440e-11,3.215701997758114826e-12,3.492179915081988576e-17,2.222829142570515093e-18
4.990000000000000000e+02,3.052850421921936000e-11,3.215689309807007301e-12,3.505128148805432847e-17,2.231133387151439757e-18
5.000000000000000000e+02,3.065161376411277545e-11,3.215685080489971460e-12,3.529174868577543987e-17,2.233209448296670923e-18
5.010000000000000000e+02,3.073168960828127958e-11,3.215701997758114826e-12,3.538423606951432224e-17,2.233209448296670923e-18
5.020000000000000000e+02,3.079085152609048000e-11,3.215689309807007301e-12,3.541506519742728713e-17,2.235285509441902089e-18
5.030000000000000000e+02,3.084968686006463669e-11,3.215693539124043143e-12,3.554454753466172984e-17,2.247741876313289086e-18
5.040000000000000000e+02,3.095625367762159264e-11,3.215714685709222350e-12,3.561237161607024891e-17,2.247741876313289086e-18
5.050000000000000000e+02,3.108234015978057013e-11,3.215714685709222350e-12,3.573568812772210234e-17,2.247741876313289086e-18
5.060000000000000000e+02,3.120405544291669694e-11,3.215744290928472837e-12,3.577268308121765035e-17,2.251893998603751032e-18
5.070000000000000000e+02,3.130520850536202020e-11,3.215723144343293629e-12,3.583742424983487479e-17,2.252932029176366808e-18
5.080000000000000000e+02,3.138882652804904072e-11,3.215731602977365313e-12,3.583742424983487479e-17,2.252932029176366808e-18
5.090000000000000000e+02,3.145497231556140931e-11,3.215723144343293629e-12,3.614571552896449910e-17,2.261236273757291087e-18
5.100000000000000000e+02,3.151338057836667062e-11,3.215727373660329471e-12,3.621970543595560746e-17,2.261236273757291087e-18
5.110000000000000000e+02,3.158697498950129716e-11,3.215731602977365313e-12,3.631835864527709143e-17,2.261236273757291087e-18
5.120000000000000000e+02,3.169631776965609893e-11,3.215740061611436996e-12,3.636768524993783033e-17,2.269540518338215751e-18
5.130000000000000000e+02,3.184529024210134811e-11,3.215748520245508679e-12,3.655882584299820283e-17,2.269540518338215751e-18
5.140000000000000000e+02,3.195975787628292675e-11,3.215740061611436996e-12,3.666981070348486537e-17,2.273692640628678083e-18
5.150000000000000000e+02,3.207289405329088049e-11,3.215765437513652045e-12,3.681779051746708208e-17,2.281996885209602748e-18
5.160000000000000000e+02,3.216820628945568215e-11,3.215761208196616203e-12,3.687020003491912179e-17,2.290301129790527027e-18
5.170000000000000000e+02,3.223141282245268953e-11,3.215752749562544520e-12,3.704284315123171412e-17,2.294453252080989359e-18
5.180000000000000000e+02,3.229538557137036747e-11,3.215756978879580362e-12,3.714149636055319809e-17,2.302757496661914023e-18
5.190000000000000000e+02,3.236384256756148567e-11,3.215773896147723728e-12,3.718465713963134155e-17,2.304833557807144804e-18
5.200000000000000000e+02,3.243359333817602148e-11,3.215778125464759569e-12,3.735730025594393388e-17,2.304833557807144804e-18
5.210000000000000000e+02,3.255944116291708191e-11,3.215790813415867094e-12,3.745595346526541169e-17,2.313137802388069853e-18
5.220000000000000000e+02,3.267537842435634439e-11,3.215799272049938777e-12,3.764092823274318874e-17,2.313137802388069853e-18
5.230000000000000000e+02,3.281695251684626146e-11,3.215803501366974619e-12,3.769025483740392764e-17,2.313137802388069853e-18
5.240000000000000000e+02,3.294087852132727329e-11,3.215824647952153826e-12,3.778890804672540545e-17,2.321442046968994132e-18
5.250000000000000000e+02,3.304009720259582942e-11,3.215824647952153826e-12,3.788756125604688943e-17,2.329746291549918796e-18
5.260000000000000000e+02,3.314333537721871668e-11,3.215841565220297193e-12,3.809103350027244049e-17,2.338050536130843075e-18
5.270000000000000000e+02,3.320590130346237453e-11,3.215845794537333034e-12,3.823901331425466336e-17,2.339088566703458851e-18
5.280000000000000000e+02,3.328887871939604551e-11,3.215862711805476400e-12,3.828833991891540227e-17,2.347392811284383130e-18
5.290000000000000000e+02,3.334236310284223972e-11,3.215858482488440559e-12,3.836232982590651679e-17,2.347392811284383130e-18
5.300000000000000000e+02,3.341887164665877103e-11,3.215875399756583925e-12,3.846098303522799460e-17,2.347392811284383130e-18
5.310000000000000000e+02,3.349386031955068620e-11,3.215892317024727291e-12,3.855963624454947240e-17,2.347392811284383130e-18
5.320000000000000000e+02,3.362333824922738321e-11,3.215900775658798974e-12,3.855963624454947240e-17,2.355697055865307794e-18
5.330000000000000000e+02,3.371966791964750394e-11,3.215926151561014023e-12,3.864595780270577165e-17,2.355697055865307794e-18
5.340000000000000000e+02,3.388278398433333635e-11,3.215930380878049865e-12,3.864595780270577165e-17,2.355697055865307794e-18
5.350000000000000000e+02,3.398047023376054489e-11,3.215947298146193231e-12,3.873844518644466018e-17,2.357773117010538960e-18
5.360000000000000000e+02,3.412867649028512351e-11,3.215959986097300352e-12,3.893575160508761579e-17,2.366077361591463239e-18
5.370000000000000000e+02,3.420940550212370864e-11,3.215989591316551242e-12,3.893575160508761579e-17,2.374381606172387903e-18
5.380000000000000000e+02,3.432143631845922310e-11,3.216006508584694609e-12,3.913305802373057757e-17,2.374381606172387903e-18
5.390000000000000000e+02,3.439305866566688168e-11,3.216010737901730450e-12,3.923171123305205538e-17,2.382685850753312182e-18
5.400000000000000000e+02,3.439496792501019235e-11,3.216019196535802133e-12,3.928103783771280045e-17,2.390990095334236846e-18
5.410000000000000000e+02,3.732998941143297600e-11,3.405691377641863604e-12,3.939849711612688752e-17,2.393261294062698935e-18
5.420000000000000000e+02,3.743337831705666013e-11,3.405678689690756080e-12,3.946323828474410580e-17,2.398451446925777043e-18
5.430000000000000000e+02,3.755535737944416045e-11,3.405687148324827763e-12,3.953954037632869592e-17,2.400787015714161768e-18
5.440000000000000000e+02,3.768811370838799386e-11,3.405678689690756080e-12,3.965669106239794773e-17,2.404939138004624100e-18
5.450000000000000000e+02,3.779032188783883704e-11,3.405682919007791921e-12,3.975534427171943171e-17,2.409091260295086432e-18
5.460000000000000000e+02,3.796020828664338994e-11,3.405687148324827763e-12,3.982008544033665614e-17,2.413502890228702708e-18
5.470000000000000000e+02,3.808419709570806552e-11,3.405695606958899446e-12,3.989407534732776450e-17,2.417655012519164655e-18
5.480000000000000000e+02,3.824765230514567311e-11,3.405678689690756080e-12,4.002972351014479648e-17,2.418693043091780431e-18
5.490000000000000000e+02,3.842304038547897890e-11,3.405678689690756080e-12,4.009138176597072011e-17,2.418693043091780431e-18
5.500000000000000000e+02,3.852570075793218683e-11,3.405670231056684397e-12,4.023936157995294299e-17,2.422845165382242763e-18
5.510000000000000000e+02,3.873527965361085089e-11,3.405670231056684397e-12,4.035342935323090633e-17,2.424921226527473544e-18
5.520000000000000000e+02,3.893867857825721816e-11,3.405666001739648555e-12,4.052607246954349866e-17,2.433225471108397823e-18
5.530000000000000000e+02,3.903319947666788634e-11,3.405666001739648555e-12,4.058156489978683301e-17,2.435301532253629374e-18
5.540000000000000000e+02,3.910125452352356562e-11,3.405678689690756080e-12,4.070488141143868027e-17,2.443605776834553653e-18
5.550000000000000000e+02,3.907026674194494854e-11,3.405657543105576872e-12,4.084052957425571225e-17,2.456062143705940649e-18
5.560000000000000000e+02,3.900863032353947666e-11,3.405666001739648555e-12,4.091451948124682677e-17,2.458138204851171815e-18
5.570000000000000000e+02,3.896787014874312059e-11,3.405661772422612714e-12,4.093609987078589542e-17,2.458657220137479318e-18
5.580000000000000000e+02,3.894611464096275110e-11,3.405661772422612714e-12,4.107791385918552285e-17,2.466961464718403982e-18
5.590000000000000000e+02,3.890647238775556577e-11,3.405649084471505189e-12,4.121356202200256100e-17,2.466961464718403982e-18
5.600000000000000000e+02,3.881795560754294753e-11,3.405657543105576872e-12,4.137079057435866780e-17,2.466961464718403982e-18
5.610000000000000000e+02,3.866324279615102840e-11,3.405657543105576872e-12,4.156809699300163574e-17,2.475265709299328261e-18
5.620000000000000000e+02,3.852222138399733420e-11,3.405649084471505189e-12,4.169141350465348300e-17,2.475265709299328261e-18
5.630000000000000000e+02,3.842883096809257468e-11,3.405653313788541031e-12,4.177773506280977609e-17,2.475265709299328261e-18
5.640000000000000000e+02,3.836757137718907881e-11,3.405657543105576872e-12,4.190105157446162951e-17,2.479417831589790978e-18
5.650000000000000000e+02,3.832133464269743277e-11,3.405649084471505189e-12,4.195037817912236842e-17,2.488760106743331033e-18
5.660000000000000000e+02,3.826607916999198037e-11,3.405657543105576872e-12,4.199970478378310732e-17,2.497064351324255312e-18
5.670000000000000000e+02,3.816874462623327200e-11,3.405644855154469347e-12,4.209219216752199585e-17,2.497064351324255312e-18
5.680000000000000000e+02,3.806818192687436599e-11,3.405653313788541031e-12,4.219084537684347366e-17,2.497064351324255312e-18
5.690000000000000000e+02,3.792447247853995263e-11,3.405644855154469347e-12,4.224017198150421872e-17,2.497064351324255312e-18
5.700000000000000000e+02,3.781457701804893445e-11,3.405678689690756080e-12,4.227716693499977290e-17,2.497064351324255312e-18
5.710000000000000000e+02,3.773553116905248085e-11,3.405653313788541031e-12,4.227716693499977290e-17,2.497064351324255312e-18
5.720000000000000000e+02,3.765955018373870951e-11,3.405666001739648555e-12,4.237582014432125071e-17,2.505368595905179976e-18
5.730000000000000000e+02,3.761086407048426137e-11,3.405661772422612714e-12,4.240048344665162633e-17,2.505368595905179976e-18
5.740000000000000000e+02,3.756924975335010162e-11,3.405653313788541031e-12,4.270569181298995600e-17,2.513672840486104255e-18
5.750000000000000000e+02,3.750977381262259540e-11,3.405674460373720238e-12,4.280434502231143381e-17,2.521977085067028919e-18
5.760000000000000000e+02,3.744400485261219635e-11,3.405674460373720238e-12,4.290299823163291162e-17,2.521977085067028919e-18
5.770000000000000000e+02,3.733832986014323199e-11,3.405691377641863604e-12,4.310030465027587340e-17,2.530281329647953198e-18
5.780000000000000000e+02,3.723654875186129066e-11,3.405678689690756080e-12,4.321128951076254210e-17,2.530281329647953198e-18
5.790000000000000000e+02,3.711606443856493063e-11,3.405682919007791921e-12,4.330994272008401990e-17,2.546889818809802527e-18
5.800000000000000000e+02,3.701699648829716491e-11,3.405682919007791921e-12,4.333460602241438936e-17,2.546889818809802527e-18
5.810000000000000000e+02,3.692761300483001798e-11,3.405708294910006971e-12,4.343325923173586716e-17,2.546889818809802527e-18
5.820000000000000000e+02,3.685499834520050970e-11,3.405704065592971129e-12,4.351341496430957713e-17,2.546889818809802527e-18
5.830000000000000000e+02,3.680097384233482408e-11,3.405699836275935287e-12,4.361206817363105494e-17,2.555194063390727191e-18
5.840000000000000000e+02,3.674355789195141248e-11,3.405712524227042812e-12,4.372305303411771747e-17,2.563498307971651470e-18
5.850000000000000000e+02,3.670523453500112058e-11,3.405720982861114091e-12,4.377237963877845638e-17,2.563498307971651470e-18
5.860000000000000000e+02,3.664564554602302479e-11,3.405725212178149933e-12,4.392074481685958877e-17,2.563498307971651470e-18
5.870000000000000000e+02,3.660518683322823661e-11,3.405733670812221616e-12,4.398548598547681321e-17,2.563498307971651470e-18
5.880000000000000000e+02,3.650350621228015339e-11,3.405733670812221616e-12,4.398548598547681321e-17,2.563498307971651470e-18
5.890000000000000000e+02,3.641687356957738291e-11,3.405759046714436665e-12,4.413346579945902992e-17,2.563498307971651470e-18
5.900000000000000000e+02,3.631060821402200131e-11,3.405767505348508348e-12,4.423211900878051389e-17,2.563498307971651470e-18
5.910000000000000000e+02,3.618655660037366198e-11,3.405775963982580031e-12,4.428144561344125279e-17,2.571802552552576134e-18
5.920000000000000000e+02,3.610470966694589966e-11,3.405784422616651714e-12,4.433077221810199786e-17,2.575954674843038081e-18
5.930000000000000000e+02,3.598951349959384482e-11,3.405809798518866764e-12,4.447875203208421458e-17,2.575954674843038081e-18
5.940000000000000000e+02,3.592940951302972053e-11,3.405826715787010130e-12,4.453116154953624812e-17,2.576992705415653471e-18
5.950000000000000000e+02,3.584433442400175409e-11,3.405852091689225179e-12,4.458048815419699319e-17,2.576992705415653471e-18
5.960000000000000000e+02,3.578798615154059386e-11,3.405835174421081813e-12,4.472846796817920990e-17,2.576992705415653471e-18
5.970000000000000000e+02,3.573602163901900932e-11,3.405843633055153496e-12,4.485178447983106332e-17,2.579068766560885022e-18
5.980000000000000000e+02,3.568043958247851966e-11,3.405852091689225179e-12,4.490111108449180223e-17,2.587373011141809301e-18
5.990000000000000000e+02,3.565960102161960468e-11,3.405877467591440228e-12,4.504909089847401894e-17,2.591525133432271634e-18
6.000000000000000000e+02,3.565463945951034321e-11,3.405860550323296862e-12,4.509841750313476401e-17,2.591525133432271634e-18
6.010000000000000000e+02,4.184217216368189979e-11,3.568875346152494364e-12,4.520312062774345368e-17,2.592961041934332483e-18
6.020000000000000000e+02,4.172347150056152940e-11,3.568875346152494364e-12,4.532335422660401247e-17,2.598151194797409821e-18
6.030000000000000000e+02,4.159670672889900801e-11,3.568875346152494364e-12,4.540350995917771627e-17,2.601265286515256762e-18
6.040000000000000000e+02,4.145189191989215537e-11,3.568926097956924462e-12,4.545283656383845517e-17,2.603860362946795816e-18
6.050000000000000000e+02,4.127402933896258457e-11,3.568934556590996145e-12,4.553607520920345361e-17,2.610088546382488929e-18
6.060000000000000000e+02,4.116624411248259330e-11,3.568934556590996145e-12,4.561122120849130285e-17,2.610218300204066094e-18
6.070000000000000000e+02,4.094200662697731751e-11,3.568959932493211195e-12,4.573453772014315011e-17,2.611256330776681484e-18
6.080000000000000000e+02,4.080613519068386956e-11,3.568951473859139511e-12,4.585785423179500354e-17,2.613332391921913035e-18
6.090000000000000000e+02,4.060938099098889529e-11,3.568976849761354561e-12,4.597500491786425535e-17,2.615408453067143816e-18
6.100000000000000000e+02,4.041405873580141050e-11,3.568985308395426244e-12,4.598117074344685080e-17,2.615927468353451704e-18
6.110000000000000000e+02,4.030309559738814094e-11,3.569044518833927621e-12,4.610448725509870422e-17,2.620079590643913651e-18
6.120000000000000000e+02,4.028868822589617774e-11,3.569019142931712572e-12,4.616614551092462785e-17,2.620079590643913651e-18
6.130000000000000000e+02,4.035694424741957325e-11,3.569019142931712572e-12,4.636345192956758963e-17,2.620079590643913651e-18
6.140000000000000000e+02,4.039966392522617875e-11,3.569002225663569610e-12,4.648676844121943689e-17,2.620079590643913651e-18
6.150000000000000000e+02,4.042280113384709895e-11,3.568993767029497927e-12,4.663474825520165977e-17,2.624231712934375983e-18
6.160000000000000000e+02,4.050217356667859628e-11,3.568968391127282878e-12,4.675806476685351319e-17,2.624231712934375983e-18
6.170000000000000000e+02,4.064860873394391670e-11,3.568968391127282878e-12,4.690604458083572991e-17,2.624231712934375983e-18
6.180000000000000000e+02,4.079532024137734856e-11,3.568943015225067828e-12,4.699236613899202915e-17,2.624231712934375983e-18
6.190000000000000000e+02,4.089386063314235433e-11,3.568934556590996145e-12,4.702936109248757717e-17,2.626307774079607534e-18
6.200000000000000000e+02,4.095461778737655961e-11,3.568934556590996145e-12,4.712801430180906114e-17,2.626307774079607534e-18
6.210000000000000000e+02,4.100851668107492421e-11,3.568934556590996145e-12,4.730065741812165347e-17,2.634612018660531813e-18
6.220000000000000000e+02,4.110207038889719913e-11,3.568926097956924462e-12,4.752262713909498470e-17,2.634612018660531813e-18
6.230000000000000000e+02,4.122388615936718405e-11,3.568917639322852779e-12,4.752262713909498470e-17,2.642916263241456477e-18
6.240000000000000000e+02,4.135360274646179812e-11,3.568900722054709413e-12,4.765210947632942741e-17,2.642916263241456477e-18
6.250000000000000000e+02,4.147500400667961266e-11,3.568866887518422681e-12,4.775076268565090521e-17,2.651220507822380756e-18
6.260000000000000000e+02,4.155610984602016734e-11,3.568875346152494364e-12,4.785558172055497847e-17,2.651220507822380756e-18
6.270000000000000000e+02,4.161242043573113319e-11,3.568866887518422681e-12,4.800356153453719518e-17,2.667828996984229699e-18
6.280000000000000000e+02,4.166345544041452531e-11,3.568866887518422681e-12,4.812687804618904861e-17,2.671981119274692032e-18
6.290000000000000000e+02,4.171942688537372244e-11,3.568858428884350998e-12,4.817620465084979367e-17,2.671981119274692032e-18
6.300000000000000000e+02,4.184002424692067204e-11,3.568824594348064265e-12,4.832418446483201039e-17,2.671981119274692032e-18
6.310000000000000000e+02,4.195396432259949719e-11,3.568824594348064265e-12,4.862014409279644997e-17,2.680285363855616696e-18
6.320000000000000000e+02,4.206570623785016230e-11,3.568824594348064265e-12,4.901514229418128305e-17,2.680285363855616696e-18
6.330000000000000000e+02,4.219922878271466627e-11,3.568807677079920899e-12,4.921244871282425100e-17,2.680285363855616696e-18
6.340000000000000000e+02,4.227778475595856074e-11,3.568799218445849216e-12,4.931110192214572881e-17,2.680285363855616696e-18
6.350000000000000000e+02,4.234591516831463522e-11,3.568790759811777533e-12,4.945908173612794552e-17,2.680285363855616696e-18
6.360000000000000000e+02,4.241245034424570483e-11,3.568773842543634571e-12,4.956698368382331341e-17,2.680285363855616696e-18
6.370000000000000000e+02,4.246177706425350250e-11,3.568790759811777533e-12,4.973962680013591190e-17,2.688589608436540975e-18
6.380000000000000000e+02,4.252039886264321796e-11,3.568773842543634571e-12,4.988760661411812862e-17,2.688589608436540975e-18
6.390000000000000000e+02,4.261861267057318000e-11,3.568782301177705850e-12,5.014657128858701403e-17,2.696893853017465639e-18
6.400000000000000000e+02,4.271045809371986693e-11,3.568756925275491205e-12,5.024522449790849184e-17,2.696893853017465639e-18
6.410000000000000000e+02,4.285807398715802185e-11,3.568748466641419522e-12,5.029763401536052538e-17,2.696893853017465639e-18
6.420000000000000000e+02,4.295822217626477040e-11,3.568723090739204472e-12,5.035004353281257125e-17,2.696893853017465639e-18
6.430000000000000000e+02,4.309768603474365410e-11,3.568740008007347838e-12,5.044869674213404290e-17,2.696893853017465639e-18
6.440000000000000000e+02,4.317649322632219709e-11,3.568723090739204472e-12,5.054734995145552687e-17,2.696893853017465639e-18
6.450000000000000000e+02,4.327345094257892944e-11,3.568706173471061106e-12,5.074465637009848865e-17,2.705198097598389918e-18
6.460000000000000000e+02,4.332849287969993415e-11,3.568723090739204472e-12,5.096662609107181988e-17,2.707274158743621469e-18
6.470000000000000000e+02,4.340140900133101678e-11,3.568689256202917740e-12,5.096662609107181988e-17,2.707274158743621469e-18
6.480000000000000000e+02,4.345019560191932950e-11,3.568697714836989423e-12,5.104061599806293440e-17,2.707274158743621469e-18
6.490000000000000000e+02,4.351841394069252418e-11,3.568689256202917740e-12,5.113926920738440605e-17,2.707274158743621469e-18
6.500000000000000000e+02,4.358864202614289411e-11,3.568680797568846057e-12,5.121325911437552057e-17,2.715578403324545748e-18
6.510000000000000000e+02,4.371178925378650392e-11,3.568672338934774374e-12,5.141056553301848235e-17,2.723882647905470027e-18
6.520000000000000000e+02,4.379740446223396178e-11,3.568680797568846057e-12,5.159554030049625940e-17,2.728034770195932744e-18
6.530000000000000000e+02,4.395543335564321169e-11,3.568680797568846057e-12,5.184217332379995392e-17,2.744643259357781688e-18
6.540000000000000000e+02,4.405168766056293722e-11,3.568689256202917740e-12,5.199015313778217680e-17,2.744643259357781688e-18
6.550000000000000000e+02,4.419083749612351511e-11,3.568663880300702691e-12,5.219208392561208362e-17,2.744643259357781688e-18
6.560000000000000000e+02,4.429745455734739689e-11,3.568655421666631008e-12,5.229073713493355527e-17,2.744643259357781688e-18
6.570000000000000000e+02,4.438041941236433642e-11,3.568655421666631008e-12,5.229073713493355527e-17,2.744643259357781688e-18
6.580000000000000000e+02,4.447004155324940041e-11,3.568655421666631008e-12,5.248804355357651705e-17,2.752947503938705967e-18
6.590000000000000000e+02,4.450193372083274699e-11,3.568655421666631008e-12,5.261136006522837664e-17,2.761251748519630631e-18
6.600000000000000000e+02,4.450782479078020089e-11,3.568655421666631008e-12,5.271001327454984828e-17,2.761251748519630631e-18
6.610000000000000000e+02,4.515518931733022302e-11,3.708222883849163016e-12,5.280103597364717300e-17,2.764499902291411142e-18
6.620000000000000000e+02,4.530750299362626588e-11,3.708205966581019650e-12,5.285961131668179582e-17,2.766575963436642308e-18
6.630000000000000000e+02,4.545872387016660092e-11,3.708222883849163016e-12,5.290893792134254089e-17,2.768133009295565972e-18
6.640000000000000000e+02,4.560723158869275389e-11,3.708214425215091333e-12,5.303225443299439431e-17,2.770209070440796752e-18
6.650000000000000000e+02,4.575096615886063016e-11,3.708205966581019650e-12,5.310624433998550267e-17,2.772285131586027918e-18
6.660000000000000000e+02,4.597629644412162024e-11,3.708205966581019650e-12,5.314632220627235149e-17,2.776437253876490251e-18
6.670000000000000000e+02,4.609338930990025429e-11,3.708222883849163016e-12,5.329584347665022477e-17,2.782665437312183749e-18
6.680000000000000000e+02,4.634259789786937223e-11,3.708222883849163016e-12,5.356405688949300026e-17,2.792007712465723803e-18
6.690000000000000000e+02,4.649492413508214655e-11,3.708205966581019650e-12,5.364421262206670406e-17,2.793045743038339194e-18
6.700000000000000000e+02,4.654652438101849299e-11,3.708197507946947967e-12,5.372745126743169634e-17,2.797197865328801526e-18
6.710000000000000000e+02,4.647630885648486098e-11,3.708205966581019650e-12,5.377677787209243525e-17,2.797197865328801526e-18
6.720000000000000000e+02,4.643351381317786028e-11,3.708197507946947967e-12,5.383843612791835888e-17,2.797197865328801526e-18
6.730000000000000000e+02,4.640271444535022798e-11,3.708214425215091333e-12,5.386309943024873449e-17,2.805502109909725805e-18
6.740000000000000000e+02,4.627844929611744097e-11,3.708231342483234699e-12,5.387543108141392538e-17,2.813806354490650854e-18
6.750000000000000000e+02,4.611126349441033868e-11,3.708205966581019650e-12,5.392475768607465196e-17,2.813806354490650854e-18
6.760000000000000000e+02,4.599752439339922977e-11,3.708222883849163016e-12,5.402341089539614210e-17,2.813806354490650854e-18
6.770000000000000000e+02,4.593542322107466814e-11,3.708239801117306382e-12,5.407273750005688100e-17,2.813806354490650854e-18
6.780000000000000000e+02,4.588153688829303500e-11,3.708222883849163016e-12,5.412283483291544510e-17,2.822240352893151912e-18
6.790000000000000000e+02,4.576047477282698918e-11,3.708222883849163016e-12,5.412283483291544510e-17,2.830544597474076191e-18
6.800000000000000000e+02,4.560562379135101756e-11,3.708222883849163016e-12,5.427698047248025726e-17,2.831063612760384464e-18
6.810000000000000000e+02,4.547916048169007698e-11,3.708214425215091333e-12,5.437563368180174123e-17,2.839367857341308743e-18
6.820000000000000000e+02,4.539723818276191945e-11,3.708239801117306382e-12,5.450511601903617778e-17,2.839367857341308743e-18
6.830000000000000000e+02,4.533659407677831020e-11,3.708231342483234699e-12,5.455444262369691668e-17,2.839367857341308743e-18
6.840000000000000000e+02,4.527715581880099835e-11,3.708222883849163016e-12,5.466542748418358538e-17,2.847672101922233408e-18
6.850000000000000000e+02,4.517935652112319377e-11,3.708231342483234699e-12,5.483807060049617154e-17,2.847672101922233408e-18
6.860000000000000000e+02,4.506088195450400899e-11,3.708222883849163016e-12,5.488739720515691661e-17,2.855976346503157687e-18
6.870000000000000000e+02,4.493502156884621711e-11,3.708231342483234699e-12,5.489356303073950589e-17,2.855976346503157687e-18
6.880000000000000000e+02,4.480677460900928687e-11,3.708231342483234699e-12,5.494288963540024480e-17,2.855976346503157687e-18
6.890000000000000000e+02,4.472015452722324785e-11,3.708231342483234699e-12,5.512786440287802801e-17,2.858052407648389238e-18
6.900000000000000000e+02,4.465737506539513585e-11,3.708248259751378065e-12,5.520185430986914253e-17,2.862204529938851185e-18
6.910000000000000000e+02,4.460165483877059370e-11,3.708231342483234699e-12,5.526351256569506616e-17,2.862204529938851185e-18
6.920000000000000000e+02,4.454010634678224848e-11,3.708239801117306382e-12,5.531283917035580507e-17,2.862204529938851185e-18
6.930000000000000000e+02,4.442454591284495555e-11,3.708239801117306382e-12,5.536833160059913942e-17,2.863242560511466575e-18
6.940000000000000000e+02,4.431674812544823283e-11,3.708256718385449748e-12,5.546698480992061106e-17,2.871546805092391239e-18
6.950000000000000000e+02,4.416817760233842258e-11,3.708256718385449748e-12,5.556563801924209503e-17,2.871546805092391239e-18
6.960000000000000000e+02,4.404337233368614414e-11,3.708248259751378065e-12,5.581227104254580188e-17,2.871546805092391239e-18
6.970000000000000000e+02,4.395167764154024761e-11,3.708265177019521431e-12,5.593558755419764914e-17,2.873622866237622405e-18
6.980000000000000000e+02,4.385385322202898012e-11,3.708248259751378065e-12,5.593558755419764914e-17,2.873622866237622405e-18
6.990000000000000000e+02,4.378976742486071261e-11,3.708256718385449748e-12,5.596025085652801860e-17,2.877774988528084738e-18
7.000000000000000000e+02,4.373502694974128871e-11,3.708282094287664797e-12,5.616064018796227502e-17,2.886338740752162960e-18
7.010000000000000000e+02,4.365893291617692779e-11,3.708282094287664797e-12,5.625929339728375283e-17,2.894642985333087625e-18
7.020000000000000000e+02,4.358623033013029285e-11,3.708265177019521431e-12,5.640727321126596954e-17,2.898795107623549957e-18
7.030000000000000000e+02,4.345866165979690652e-11,3.708265177019521431e-12,5.640727321126596954e-17,2.915403596785398900e-18
7.040000000000000000e+02,4.334538731270489382e-11,3.708290552921736480e-12,5.657991632757856803e-17,2.919555719075861617e-18
7.050000000000000000e+02,4.319395290058011109e-11,3.708282094287664797e-12,5.657991632757856803e-17,2.919555719075861617e-18
7.060000000000000000e+02,4.307753832430502094e-11,3.708290552921736480e-12,5.662924293223929461e-17,2.919555719075861617e-18
7.070000000000000000e+02,4.295617474683740078e-11,3.708299011555808164e-12,5.677722274622152365e-17,2.919555719075861617e-18
7.080000000000000000e+02,4.286548492803009187e-11,3.708282094287664797e-12,5.678955439738670221e-17,2.923707841366323564e-18
7.090000000000000000e+02,4.278554725394564022e-11,3.708299011555808164e-12,5.688820760670819234e-17,2.932012085947247843e-18
7.100000000000000000e+02,4.271241759673010344e-11,3.708307470189879847e-12,5.690053925787337091e-17,2.934088147092479009e-18
7.110000000000000000e+02,4.265325567892090303e-11,3.708282094287664797e-12,5.704851907185559995e-17,2.942392391673403673e-18
7.120000000000000000e+02,4.257907090469985925e-11,3.708299011555808164e-12,5.706085072302077851e-17,2.943430422246019064e-18
7.130000000000000000e+02,4.252784748626547589e-11,3.708299011555808164e-12,5.711017732768152974e-17,2.951734666826943728e-18
7.140000000000000000e+02,4.240171076043957903e-11,3.708332846092094896e-12,5.715974478490408016e-17,2.960038911407868007e-18
7.150000000000000000e+02,4.229067225652591428e-11,3.708307470189879847e-12,5.720907138956483139e-17,2.960038911407868007e-18
7.160000000000000000e+02,4.216260114952323736e-11,3.708341304726166579e-12,5.725839799422555797e-17,2.962114972553099558e-18
7.170000000000000000e+02,4.201078990989648508e-11,3.708332846092094896e-12,5.740637780820778701e-17,2.962114972553099558e-18
7.180000000000000000e+02,4.190673527568599497e-11,3.708332846092094896e-12,5.750503101752926482e-17,2.966267094843561505e-18
7.190000000000000000e+02,4.176381716510572155e-11,3.708332846092094896e-12,5.750503101752926482e-17,2.966267094843561505e-18
7.200000000000000000e+02,4.170942839565479783e-11,3.708358221994309945e-12,5.776399569199813790e-17,2.968343155988792671e-18
7.210000000000000000e+02,4.541246201384148551e-11,3.849490531480100495e-12,5.784997252992533818e-17,2.972495278279255003e-18
7.220000000000000000e+02,4.531112053764517747e-11,3.849465155577885445e-12,5.804265457938135491e-17,2.974571339424486169e-18
7.230000000000000000e+02,4.518061261279642992e-11,3.849465155577885445e-12,5.815363943986801128e-17,2.976647400569716950e-18
7.240000000000000000e+02,4.504322130557837230e-11,3.849473614211957128e-12,5.823379517244172125e-17,2.978723461714948501e-18
7.250000000000000000e+02,4.494120153987851390e-11,3.849456696943813762e-12,5.827079012593728159e-17,2.985989675723257005e-18
7.260000000000000000e+02,4.473339373345910157e-11,3.849439779675670396e-12,5.832011673059800817e-17,2.985989675723257005e-18
7.270000000000000000e+02,4.464315610765415742e-11,3.849465155577885445e-12,5.844343324224986776e-17,2.990141798013719722e-18
7.280000000000000000e+02,4.442369177050715833e-11,3.849473614211957128e-12,5.862224218414504320e-17,2.994293920304181669e-18
7.290000000000000000e+02,4.426879054536426088e-11,3.849414403773455347e-12,5.881954860278801115e-17,3.011940440038646773e-18
7.300000000000000000e+02,4.414835647573482668e-11,3.849414403773455347e-12,5.886887520744875005e-17,3.016092562329108720e-18
7.310000000000000000e+02,4.392494801073388520e-11,3.849422862407527030e-12,5.909084492842208745e-17,3.032701051490957663e-18
7.320000000000000000e+02,4.375004980615313854e-11,3.849389027871241105e-12,5.916483483541319580e-17,3.032701051490957663e-18
7.330000000000000000e+02,4.366385679553599489e-11,3.849397486505312789e-12,5.941146785871690265e-17,3.032701051490957663e-18
7.340000000000000000e+02,4.363843350006978799e-11,3.849397486505312789e-12,5.958102806223818801e-17,3.033739082063573053e-18
7.350000000000000000e+02,4.369757029604552549e-11,3.849397486505312789e-12,5.965501796922929637e-17,3.033739082063573053e-18
7.360000000000000000e+02,4.375743562519173919e-11,3.849405945139384472e-12,5.967968127155966582e-17,3.037891204354035771e-18
7.370000000000000000e+02,4.378534598217094255e-11,3.849405945139384472e-12,5.985232438787226431e-17,3.037891204354035771e-18
7.380000000000000000e+02,4.380418735726941373e-11,3.849389027871241105e-12,5.995097759719374212e-17,3.037891204354035771e-18
7.390000000000000000e+02,4.389527912541215510e-11,3.849405945139384472e-12,6.000338711464578183e-17,3.037891204354035771e-18
7.400000000000000000e+02,4.403681553515187780e-11,3.849414403773455347e-12,6.008970867280206875e-17,3.048271510080191216e-18
7.410000000000000000e+02,4.417644268554828336e-11,3.849414403773455347e-12,6.018836188212355888e-17,3.056575754661115880e-18
7.420000000000000000e+02,4.428602412312099573e-11,3.849431321041598713e-12,6.028701509144502436e-17,3.064879999242040159e-18
7.430000000000000000e+02,4.435930451133731646e-11,3.849439779675670396e-12,6.044116073100984269e-17,3.065918029814655934e-18
7.440000000000000000e+02,4.441577839296580418e-11,3.849422862407527030e-12,6.073712035897427611e-17,3.065918029814655934e-18
7.450000000000000000e+02,4.447079520825333951e-11,3.849439779675670396e-12,6.083577356829576625e-17,3.076298335540811765e-18
7.460000000000000000e+02,4.455927430571576339e-11,3.849431321041598713e-12,6.093442677761725638e-17,3.084602580121736044e-18
7.470000000000000000e+02,4.466224870108727713e-11,3.849448238309742079e-12,6.108857241718206238e-17,3.092906824702660708e-18
7.480000000000000000e+02,4.481606968739119820e-11,3.849456696943813762e-12,6.118722562650354018e-17,3.092906824702660708e-18
7.490000000000000000e+02,4.492934403448321090e-11,3.849465155577885445e-12,6.121188892883392196e-17,3.092906824702660708e-18
7.500000000000000000e+02,4.501299973992042579e-11,3.849473614211957128e-12,6.125504970791205926e-17,3.094982885847891874e-18
7.510000000000000000e+02,4.509107839832849259e-11,3.849490531480100495e-12,6.130437631257279816e-17,3.103287130428816153e-18
7.520000000000000000e+02,4.514292986259948109e-11,3.849482072846028811e-12,6.137836621956390652e-17,3.107439252719278100e-18
7.530000000000000000e+02,4.518706892399683814e-11,3.849465155577885445e-12,6.137836621956390652e-17,3.109515313864509651e-18
7.540000000000000000e+02,4.524688400947611955e-11,3.849482072846028811e-12,6.157567263820687446e-17,3.109515313864509651e-18
7.550000000000000000e+02,4.532737436389678761e-11,3.849482072846028811e-12,6.160033594053723159e-17,3.109515313864509651e-18
7.560000000000000000e+02,4.542642975324782188e-11,3.849490531480100495e-12,6.164966254519798282e-17,3.109515313864509651e-18
7.570000000000000000e+02,4.555266696640758331e-11,3.849498990114172178e-12,6.176064740568463919e-17,3.110553344437125041e-18
7.580000000000000000e+02,4.564961212174758421e-11,3.849515907382315544e-12,6.190862721966686823e-17,3.110553344437125041e-18
7.590000000000000000e+02,4.577622616240931520e-11,3.849524366016387227e-12,6.200920724948291212e-17,3.110618221347913431e-18
7.600000000000000000e+02,4.584797411878429480e-11,3.849507448748243861e-12,6.217568454021290901e-17,3.118922465928838095e-18
7.610000000000000000e+02,4.593253421022623274e-11,3.849541283284530593e-12,6.222501114487364791e-17,3.118922465928838095e-18
7.620000000000000000e+02,4.598036618114289012e-11,3.849532824650458910e-12,6.229900105186474394e-17,3.118922465928838095e-18
7.630000000000000000e+02,4.604236686613359364e-11,3.849532824650458910e-12,6.244698086584697298e-17,3.118922465928838095e-18
7.640000000000000000e+02,4.608587788169432615e-11,3.849515907382315544e-12,6.266895058682031038e-17,3.123074588219300427e-18
7.650000000000000000e+02,4.614318078382714818e-11,3.849532824650458910e-12,6.266895058682031038e-17,3.123074588219300427e-18
7.660000000000000000e+02,4.621281850619110087e-11,3.849558200552673959e-12,6.274294049381140641e-17,3.123074588219300427e-18
7.670000000000000000e+02,4.632227433459648575e-11,3.849592035088960691e-12,6.294024691245438668e-17,3.123074588219300427e-18
7.680000000000000000e+02,4.640520150686322445e-11,3.849558200552673959e-12,6.301423681944548271e-17,3.123074588219300427e-18
7.690000000000000000e+02,4.654678816026987297e-11,3.849575117820817325e-12,6.306356342410622161e-17,3.131378832800224706e-18
7.700000000000000000e+02,4.662901192119960485e-11,3.849592035088960691e-12,6.306972924968882322e-17,3.147987321962073650e-18
7.710000000000000000e+02,4.675630425136487975e-11,3.849608952357104058e-12,6.311905585434956212e-17,3.147987321962073650e-18
7.720000000000000000e+02,4.683782460095759835e-11,3.849617410991175741e-12,6.316838245901030103e-17,3.147987321962073650e-18
7.730000000000000000e+02,4.691778739687551291e-11,3.849617410991175741e-12,6.327936731949696972e-17,3.149025352534689425e-18
7.740000000000000000e+02,4.698739999740600269e-11,3.849642786893390790e-12,6.342734713347918644e-17,3.149025352534689425e-18
7.750000000000000000e+02,4.703696537483171097e-11,3.849642786893390790e-12,6.364931685445251151e-17,3.149025352534689425e-18
7.760000000000000000e+02,4.709889069432202574e-11,3.849651245527462473e-12,6.369864345911326274e-17,3.149025352534689425e-18
7.770000000000000000e+02,4.713810587636030923e-11,3.849642786893390790e-12,6.382195997076511000e-17,3.149025352534689425e-18
7.780000000000000000e+02,4.720133753119077952e-11,3.849659704161534156e-12,6.382195997076511000e-17,3.149025352534689425e-18
7.790000000000000000e+02,4.723437274219676622e-11,3.849659704161534156e-12,6.422273863363362284e-17,3.157329597115613704e-18
7.800000000000000000e+02,4.723633224520700919e-11,3.849668162795605839e-12,6.442004505227657846e-17,3.157329597115613704e-18
7.810000000000000000e+02,4.724165807390150876e-11,3.974889781592587992e-12,6.450875255612341278e-17,3.162075748620483156e-18
7.820000000000000000e+02,4.736204189986401067e-11,3.974881322958516309e-12,6.467561521095231302e-17,3.163178656103887321e-18
7.830000000000000000e+02,4.748727423968518448e-11,3.974855947056301260e-12,6.486367289122137855e-17,3.164216686676502712e-18
7.840000000000000000e+02,4.764006523081705502e-11,3.974855947056301260e-12,6.502013071537966631e-17,3.171612654506388765e-18
7.850000000000000000e+02,4.781036613987377830e-11,3.974847488422229577e-12,6.522052004681393506e-17,3.177970591763658657e-18
7.860000000000000000e+02,4.794147698872567455e-11,3.974830571154086211e-12,6.543015811662208157e-17,3.188350897489814488e-18
7.870000000000000000e+02,4.814325555511357404e-11,3.974805195251871162e-12,6.555395633339757651e-17,3.189388928062429878e-18
7.880000000000000000e+02,4.829805629292261983e-11,3.974805195251871162e-12,6.568035575784071225e-17,3.189388928062429878e-18
7.890000000000000000e+02,4.846782964347657670e-11,3.974779819349656112e-12,6.580675518228386032e-17,3.189388928062429878e-18
7.900000000000000000e+02,4.871409897693033341e-11,3.974754443447441063e-12,6.588074508927496867e-17,3.189388928062429878e-18
7.910000000000000000e+02,4.881961067748177590e-11,3.974729067545226014e-12,6.591157421718792741e-17,3.199769233788585708e-18
7.920000000000000000e+02,4.886505607421928847e-11,3.974712150277082648e-12,6.593007169393570758e-17,3.202883325506432650e-18
7.930000000000000000e+02,4.879973930721125418e-11,3.974737526179297697e-12,6.610271481024829374e-17,3.202883325506432650e-18
7.940000000000000000e+02,4.874550126876112087e-11,3.974720608911154331e-12,6.612737811257866319e-17,3.207035447796894597e-18
7.950000000000000000e+02,4.872178625797051487e-11,3.974762902081512746e-12,6.615512432770034578e-17,3.207035447796894597e-18
7.960000000000000000e+02,4.866274994932863549e-11,3.974729067545226014e-12,6.615512432770034578e-17,3.211187570087356929e-18
7.970000000000000000e+02,4.853229226814681377e-11,3.974754443447441063e-12,6.625377753702181126e-17,3.211187570087356929e-18
7.980000000000000000e+02,4.837739104300391632e-11,3.974813653885942845e-12,6.627844083935218071e-17,3.215339692377818876e-18
7.990000000000000000e+02,4.825806233404692786e-11,3.974788277983727796e-12,6.637709404867367085e-17,3.219491814668281593e-18
8.000000000000000000e+02,4.818495779866486045e-11,3.974796736617799479e-12,6.645108395566477920e-17,3.227796059249205872e-18
8.010000000000000000e+02,4.813066951654779485e-11,3.974796736617799479e-12,6.657440046731662646e-17,3.236100303830130536e-18
8.020000000000000000e+02,4.806241349502439934e-11,3.974813653885942845e-12,6.659906376964700824e-17,3.236100303830130536e-18
8.030000000000000000e+02,4.794994304660325804e-11,3.974813653885942845e-12,6.674704358362922495e-17,3.244404548411054815e-18
8.040000000000000000e+02,4.778612357058041235e-11,3.974839029788157894e-12,6.694666218686566234e-17,3.244534302232631980e-18
8.050000000000000000e+02,4.766237341893364738e-11,3.974864405690372943e-12,6.705764704735231871e-17,3.244534302232631980e-18
8.060000000000000000e+02,4.757502480397713216e-11,3.974872864324444626e-12,6.720562686133453542e-17,3.244534302232631980e-18
8.070000000000000000e+02,4.751189363648051999e-11,3.974872864324444626e-12,6.731661172182120412e-17,3.244534302232631980e-18
8.080000000000000000e+02,4.745147562699808988e-11,3.974855947056301260e-12,6.736593832648194302e-17,3.252838546813556644e-18
8.090000000000000000e+02,4.739125859218337601e-11,3.974881322958516309e-12,6.743376240789046210e-17,3.253876577386172034e-18
8.100000000000000000e+02,4.730936141508868139e-11,3.974881322958516309e-12,6.748308901255120100e-17,3.258028699676633981e-18
8.110000000000000000e+02,4.721279308725065005e-11,3.974898240226659675e-12,6.758174222187267881e-17,3.266332944257559031e-18
8.120000000000000000e+02,4.705505309492624304e-11,3.974923616128874725e-12,6.773010739995381121e-17,3.266332944257559031e-18
8.130000000000000000e+02,4.694640116519172309e-11,3.974923616128874725e-12,6.782876060927530134e-17,3.266332944257559031e-18
8.140000000000000000e+02,4.683697045861980113e-11,3.974948992031089774e-12,6.792741381859676683e-17,3.274637188838483695e-18
8.150000000000000000e+02,4.675117939733809641e-11,3.974974367933304823e-12,6.805689615583121569e-17,3.274637188838483695e-18
8.160000000000000000e+02,4.669387649520527439e-11,3.974974367933304823e-12,6.816788101631788439e-17,3.276713249983714476e-18
8.170000000000000000e+02,4.662800704786101723e-11,3.974965909299233140e-12,6.816788101631788439e-17,3.285017494564639140e-18
8.180000000000000000e+02,4.657216121206914758e-11,3.974991285201448189e-12,6.818021266748307528e-17,3.285017494564639140e-18
8.190000000000000000e+02,4.651917926529224396e-11,3.974982826567376506e-12,6.826036840005677292e-17,3.293321739145563804e-18
8.200000000000000000e+02,4.639753934765651236e-11,3.974982826567376506e-12,6.840834821403898963e-17,3.293321739145563804e-18
8.210000000000000000e+02,4.630647270134723390e-11,3.975008202469591555e-12,6.864264958617750559e-17,3.301625983726488083e-18
8.220000000000000000e+02,4.614855685618858003e-11,3.975025119737734922e-12,6.883995600482046121e-17,3.301625983726488083e-18
8.230000000000000000e+02,4.604799415682966755e-11,3.975042037005878288e-12,6.890161426064640333e-17,3.301625983726488083e-18
8.240000000000000000e+02,4.591183381945137671e-11,3.975050495639949971e-12,6.890161426064640333e-17,3.301625983726488083e-18
8.250000000000000000e+02,4.583410686671181655e-11,3.975050495639949971e-12,6.913591563278490696e-17,3.301625983726488083e-18
8.260000000000000000e+02,4.574045267155568352e-11,3.975092788810308386e-12,6.913591563278490696e-17,3.301625983726488083e-18
8.270000000000000000e+02,4.568440586109609764e-11,3.975092788810308386e-12,6.920990553977602764e-17,3.301625983726488083e-18
8.280000000000000000e+02,4.561303473222308113e-11,3.975067412908093337e-12,6.925923214443675422e-17,3.301625983726488083e-18
8.290000000000000000e+02,4.556193692295603173e-11,3.975092788810308386e-12,6.935788535375824436e-17,3.305778106016950030e-18
8.300000000000000000e+02,4.549450992193696407e-11,3.975118164712523435e-12,6.945653856307970984e-17,3.314082350597874694e-18
8.310000000000000000e+02,4.541929515254386328e-11,3.975118164712523435e-12,6.950586516774046107e-17,3.314082350597874694e-18
8.320000000000000000e+02,4.529431403105733800e-11,3.975118164712523435e-12,6.975249819104415559e-17,3.314082350597874694e-18
8.330000000000000000e+02,4.520756834010397148e-11,3.975143540614737677e-12,6.982648809803527627e-17,3.314082350597874694e-18
8.340000000000000000e+02,4.504691421509767262e-11,3.975151999248809360e-12,6.997446791201749299e-17,3.322386595178798973e-18
8.350000000000000000e+02,4.494537176423364189e-11,3.975202751053239458e-12,7.007312112133897079e-17,3.322386595178798973e-18
8.360000000000000000e+02,4.480863362468566526e-11,3.975185833785096092e-12,7.027351045277322722e-17,3.322905610465107246e-18
8.370000000000000000e+02,4.469503269375861530e-11,3.975228126955454508e-12,7.032283705743396612e-17,3.322905610465107246e-18
8.380000000000000000e+02,4.461471819217220056e-11,3.975228126955454508e-12,7.039682696442508680e-17,3.327057732755569193e-18
8.390000000000000000e+02,4.451988327084322658e-11,3.975245044223597874e-12,7.059413338306804242e-17,3.335361977336494242e-18
8.400000000000000000e+02,4.449056609119000312e-11,3.975245044223597874e-12,7.069278659238952023e-17,3.343666221917418521e-18
8.410000000000000000e+02,4.607597987930926612e-11,4.120589753477080131e-12,7.084312375082056376e-17,3.345260014464092977e-18
8.420000000000000000e+02,4.604216589146587740e-11,4.120623588013366864e-12,7.089861618106389194e-17,3.352007213186094363e-18
8.430000000000000000e+02,4.591751135381438292e-11,4.120674339817796962e-12,7.098493773922019119e-17,3.359273427194403252e-18
8.440000000000000000e+02,4.585058678946461230e-11,4.120708174354082887e-12,7.105276182062869794e-17,3.361349488339634418e-18
8.450000000000000000e+02,4.572769078015565101e-11,4.120750467524441302e-12,7.110825425087202613e-17,3.366539641202711755e-18
8.460000000000000000e+02,4.566785057284290669e-11,4.120775843426656351e-12,7.126875839806889773e-17,3.366539641202711755e-18
8.470000000000000000e+02,4.550759839717203384e-11,4.120835053865158133e-12,7.139207490972074499e-17,3.374843885783636805e-18
8.480000000000000000e+02,4.539580623825443644e-11,4.120885805669588231e-12,7.152772307253778314e-17,3.374843885783636805e-18
8.490000000000000000e+02,4.533568969077358068e-11,4.120902722937731597e-12,7.157704967719852205e-17,3.376919946928867585e-18
8.500000000000000000e+02,4.515483761166171638e-11,4.120970392010305062e-12,7.170036618885036931e-17,3.376919946928867585e-18
8.510000000000000000e+02,4.500694537805545003e-11,4.121029602448806843e-12,7.174969279351110821e-17,3.376919946928867585e-18
8.520000000000000000e+02,4.494293494638757126e-11,4.121054978351021893e-12,7.178052192142406695e-17,3.376919946928867585e-18
8.530000000000000000e+02,4.485073781757238414e-11,4.121088812887308625e-12,7.189150678191073564e-17,3.381072069219329917e-18
8.540000000000000000e+02,4.468043690851566732e-11,4.121164940593953773e-12,7.195316503773666544e-17,3.381072069219329917e-18
8.550000000000000000e+02,4.450812625278177524e-11,4.121224151032454746e-12,7.196549668890185633e-17,3.381072069219329917e-18
8.560000000000000000e+02,4.438992802633069544e-11,4.121300278739099894e-12,7.196549668890185633e-17,3.381072069219329917e-18
8.570000000000000000e+02,4.431423594210177345e-11,4.121308737373171577e-12,7.200249164239740434e-17,3.381072069219329917e-18
8.580000000000000000e+02,4.422269198095666733e-11,4.121359489177601675e-12,7.218746640987518140e-17,3.381072069219329917e-18
8.590000000000000000e+02,4.407758827086496533e-11,4.121410240982031774e-12,7.224295884011850958e-17,3.381072069219329917e-18
8.600000000000000000e+02,4.385932978172427010e-11,4.121477910054605238e-12,7.234161204943998739e-17,3.381072069219329917e-18
8.610000000000000000e+02,4.370025833222624465e-11,4.121537120493107020e-12,7.246492856109184698e-17,3.381072069219329917e-18
8.620000000000000000e+02,4.360630267506853081e-11,4.121570955029393752e-12,7.246492856109184698e-17,3.381072069219329917e-18
8.630000000000000000e+02,4.355530535313533306e-11,4.121562496395322069e-12,7.247726021225702554e-17,3.383148130364561469e-18
8.640000000000000000e+02,4.348775274294894437e-11,4.121570955029393752e-12,7.248342603783961482e-17,3.383667145650868971e-18
8.650000000000000000e+02,4.346685137750637857e-11,4.121596330931608801e-12,7.258207924716110496e-17,3.383667145650868971e-18
8.660000000000000000e+02,4.348720006261272796e-11,4.121537120493107020e-12,7.270539575881295222e-17,3.387819267941331303e-18
8.670000000000000000e+02,4.352601329531557898e-11,4.121554037761250386e-12,7.280404896813443003e-17,3.387819267941331303e-18
8.680000000000000000e+02,4.359012421431730941e-11,4.121528661859035337e-12,7.285337557279518126e-17,3.396123512522255968e-18
8.690000000000000000e+02,4.362986695485835286e-11,4.121503285956820288e-12,7.292736547978627729e-17,3.404427757103180247e-18
8.700000000000000000e+02,4.366197265802614713e-11,4.121494827322748605e-12,7.297669208444701619e-17,3.412732001684104911e-18
8.710000000000000000e+02,4.368347694747186809e-11,4.121494827322748605e-12,7.309384277051627417e-17,3.413770032256720301e-18
8.720000000000000000e+02,4.369706785937623491e-11,4.121469451420533555e-12,7.336513909615035047e-17,3.413770032256720301e-18
8.730000000000000000e+02,4.371389948779753730e-11,4.121444075518318506e-12,7.351311891013256718e-17,3.413770032256720301e-18
8.740000000000000000e+02,4.376806216074727541e-11,4.121452534152390189e-12,7.353778221246293664e-17,3.413770032256720301e-18
8.750000000000000000e+02,4.384578911348683557e-11,4.121393323713888408e-12,7.363643542178442677e-17,3.413770032256720301e-18
8.760000000000000000e+02,4.392989701192641521e-11,4.121351030543529992e-12,7.378441523576664348e-17,3.417922154547182248e-18
8.770000000000000000e+02,4.406442443012950035e-11,4.121325654641314943e-12,7.388306844508812129e-17,3.426226399128106912e-18
8.780000000000000000e+02,4.414928598357301910e-11,4.121291820105028211e-12,7.405571156140071978e-17,3.428302460273338078e-18
8.790000000000000000e+02,4.427823635474695615e-11,4.121224151032454746e-12,7.415436477072219759e-17,3.436606704854262357e-18
8.800000000000000000e+02,4.434656774177074687e-11,4.121190316496168014e-12,7.425301798004367540e-17,3.444910949435187022e-18
8.810000000000000000e+02,4.443060027470993131e-11,4.121164940593953773e-12,7.430292263085278166e-17,3.444910949435187022e-18
8.820000000000000000e+02,4.448478806949313880e-11,4.121139564691738723e-12,7.440157584017427180e-17,3.444910949435187022e-18
8.830000000000000000e+02,4.452400325153142228e-11,4.121131106057667040e-12,7.445090244483501070e-17,3.444910949435187022e-18
8.840000000000000000e+02,4.456429867240868860e-11,4.121114188789523674e-12,7.464820886347796632e-17,3.444910949435187022e-18
8.850000000000000000e+02,4.459200805472017573e-11,4.121088812887308625e-12,7.489484188678167317e-17,3.453215194016112071e-18
8.860000000000000000e+02,4.463556931394784054e-11,4.121071895619165259e-12,7.494416849144239975e-17,3.461519438597036350e-18
8.870000000000000000e+02,4.466418308226405072e-11,4.121054978351021893e-12,7.500582674726832954e-17,3.461519438597036350e-18
8.880000000000000000e+02,4.472618376725475424e-11,4.121029602448806843e-12,7.505515335192906844e-17,3.461519438597036350e-18
8.890000000000000000e+02,4.477723133285488427e-11,4.121012685180663477e-12,7.510447995658980735e-17,3.461519438597036350e-18
8.900000000000000000e+02,4.482614354261051155e-11,4.120987309278448428e-12,7.520313316591129748e-17,3.471899744323191795e-18
8.910000000000000000e+02,4.488749105993114054e-11,4.120961933376233379e-12,7.520313316591129748e-17,3.471899744323191795e-18
8.920000000000000000e+02,4.492012432160168831e-11,4.120953474742161696e-12,7.530178637523277529e-17,3.473975805468422576e-18
8.930000000000000000e+02,4.496803165801874089e-11,4.120936557474018330e-12,7.530178637523277529e-17,3.482280050049347240e-18
8.940000000000000000e+02,4.500036345768771431e-11,4.120928098839946646e-12,7.540043958455425310e-17,3.482280050049347240e-18
8.950000000000000000e+02,4.502412871214525259e-11,4.120894264303659914e-12,7.561007765436239961e-17,3.482280050049347240e-18
8.960000000000000000e+02,4.505098395211894250e-11,4.120885805669588231e-12,7.570873086368387742e-17,3.482280050049347240e-18
8.970000000000000000e+02,4.506517778802645802e-11,4.120894264303659914e-12,7.570873086368387742e-17,3.483318080621963016e-18
8.980000000000000000e+02,4.508952084465368209e-11,4.120894264303659914e-12,7.575805746834461632e-17,3.483318080621963016e-18
8.990000000000000000e+02,4.510816124508443704e-11,4.120877347035516548e-12,7.585671067766609413e-17,3.491622325202887680e-18
9.000000000000000000e+02,4.510966855509231525e-11,4.120868888401444865e-12,7.594303223582239337e-17,3.495774447493350012e-18
9.010000000000000000e+02,4.890216102224654505e-11,4.231786956983235175e-12,7.604659432141946540e-17,3.499219259400957938e-18
9.020000000000000000e+02,4.879368494534627842e-11,4.231795415617306858e-12,7.609283801328890350e-17,3.503371381691420270e-18
9.030000000000000000e+02,4.867078893603731713e-11,4.231837708787665273e-12,7.622232035052335237e-17,3.511675626272344934e-18
9.040000000000000000e+02,4.849428293411483414e-11,4.231863084689880323e-12,7.640267074881419054e-17,3.514789717990191490e-18
9.050000000000000000e+02,4.834922946769006443e-11,4.231896919226167055e-12,7.648282648138788818e-17,3.521017901425884603e-18
9.060000000000000000e+02,4.819485580104992048e-11,4.231939212396525470e-12,7.663080629537010490e-17,3.531398207152040819e-18
9.070000000000000000e+02,4.802797146134439255e-11,4.231939212396525470e-12,7.666240615148089499e-17,3.535550329442503151e-18
9.080000000000000000e+02,4.782893117480413805e-11,4.232015340103170618e-12,7.673639605847200335e-17,3.535550329442503151e-18
9.090000000000000000e+02,4.770568345982667012e-11,4.232006881469098935e-12,7.683504926779349348e-17,3.539702451732964713e-18
9.100000000000000000e+02,4.746805603708474375e-11,4.232023798737242301e-12,7.695836577944534075e-17,3.539702451732964713e-18
9.110000000000000000e+02,4.727552230541182976e-11,4.232091467809815766e-12,7.706010190155810703e-17,3.544114081666581374e-18
9.120000000000000000e+02,4.719457975798879695e-11,4.232099926443887449e-12,7.715875511087959717e-17,3.548266203957043706e-18
9.130000000000000000e+02,4.720503044071007985e-11,4.232116843712030815e-12,7.718341841320996662e-17,3.548266203957043706e-18
9.140000000000000000e+02,4.727363816790198200e-11,4.232108385077959132e-12,7.728207162253144443e-17,3.552418326247506038e-18
9.150000000000000000e+02,4.731752601096469053e-11,4.232091467809815766e-12,7.735606152952255278e-17,3.552418326247506038e-18
9.160000000000000000e+02,4.734119077808837069e-11,4.232091467809815766e-12,7.750404134350476950e-17,3.560722570828429932e-18
9.170000000000000000e+02,4.741316483096452944e-11,4.232083009175744083e-12,7.767668445981736799e-17,3.562798631973661483e-18
9.180000000000000000e+02,4.755007882334675939e-11,4.232049174639457350e-12,7.782466427379958470e-17,3.566950754264123815e-18
9.190000000000000000e+02,4.770329688564753177e-11,4.232040716005385667e-12,7.794798078545143196e-17,3.579407121135510041e-18
9.200000000000000000e+02,4.782260047277105085e-11,4.231998422835027252e-12,7.809596059943364868e-17,3.583559243425973143e-18
9.210000000000000000e+02,4.789801621683186787e-11,4.232023798737242301e-12,7.821927711108550826e-17,3.591863488006897037e-18
9.220000000000000000e+02,4.795225425528200118e-11,4.231964588298740520e-12,7.837342275065031426e-17,3.591863488006897037e-18
9.230000000000000000e+02,4.800973301024907006e-11,4.231981505566883886e-12,7.877728432631012790e-17,3.600686747874129589e-18
9.240000000000000000e+02,4.813936167092655748e-11,4.231973046932812203e-12,7.877728432631012790e-17,3.608990992455054253e-18
9.250000000000000000e+02,4.828034540033005085e-11,4.231913836494310421e-12,7.882661093097086681e-17,3.619371298181209698e-18
9.260000000000000000e+02,4.840502505981500825e-11,4.231905377860238738e-12,7.890060083796198749e-17,3.619371298181209698e-18
9.270000000000000000e+02,4.850953188702786311e-11,4.231888460592095372e-12,7.899925404728345297e-17,3.619371298181209698e-18
9.280000000000000000e+02,4.859984487833320246e-11,4.231888460592095372e-12,7.904858065194420420e-17,3.619436175091998473e-18
9.290000000000000000e+02,4.865734875513374072e-11,4.231880001958023689e-12,7.914723386126568201e-17,3.619436175091998473e-18
9.300000000000000000e+02,4.870824558973308035e-11,4.231854626055808640e-12,7.915956551243086057e-17,3.619436175091998473e-18
9.310000000000000000e+02,4.876554849186589591e-11,4.231854626055808640e-12,7.925821872175235071e-17,3.619436175091998473e-18
9.320000000000000000e+02,4.888105868213625655e-11,4.231837708787665273e-12,7.931371115199567889e-17,3.619955190378305591e-18
9.330000000000000000e+02,4.898292771683533101e-11,4.231812332885450224e-12,7.938770105898678725e-17,3.619955190378305591e-18
9.340000000000000000e+02,4.913662309397193105e-11,4.231803874251378541e-12,7.948635426830826506e-17,3.619955190378305591e-18
9.350000000000000000e+02,4.924841525288952845e-11,4.231778498349163492e-12,7.960967077996011232e-17,3.624107312668768693e-18
9.360000000000000000e+02,4.934631503790118469e-11,4.231753122446949251e-12,7.965899738462086355e-17,3.632411557249692587e-18
9.370000000000000000e+02,4.943891411605181073e-11,4.231753122446949251e-12,7.970832398928160246e-17,3.632930572536000475e-18
9.380000000000000000e+02,4.949578994701572445e-11,4.231744663812877567e-12,7.975765059394234136e-17,3.632930572536000475e-18
9.390000000000000000e+02,4.956459864887534283e-11,4.231719287910662518e-12,7.980697719860309259e-17,3.632930572536000475e-18
9.400000000000000000e+02,4.961851010349043888e-11,4.231710829276590835e-12,7.993029371025492753e-17,3.641234817116925139e-18
9.410000000000000000e+02,4.967159253760120062e-11,4.231685453374375786e-12,7.997962031491567876e-17,3.641234817116925139e-18
9.420000000000000000e+02,4.978449005719124377e-11,4.231676994740304103e-12,8.023550207659326336e-17,3.641234817116925139e-18
9.430000000000000000e+02,4.988088253219502179e-11,4.231643160204017371e-12,8.038348189057548008e-17,3.641234817116925139e-18
9.440000000000000000e+02,5.002807135446428132e-11,4.231634701569945687e-12,8.048213509989695788e-17,3.649539061697849033e-18
9.450000000000000000e+02,5.014682226125158399e-11,4.231617784301802321e-12,8.048213509989695788e-17,3.649539061697849033e-18
9.460000000000000000e+02,5.027803359743733836e-11,4.231600867033658955e-12,8.053762753014028607e-17,3.650577092270464808e-18
9.470000000000000000e+02,5.037950068280097389e-11,4.231567032497372223e-12,8.063628073946177620e-17,3.650577092270464808e-18
9.480000000000000000e+02,5.047199927361774181e-11,4.231524739327013808e-12,8.066094404179214566e-17,3.650577092270464808e-18
9.490000000000000000e+02,5.054543039283485295e-11,4.231533197961085491e-12,8.075959725111362347e-17,3.650577092270464808e-18
9.500000000000000000e+02,5.061323422135588370e-11,4.231533197961085491e-12,8.093224036742622196e-17,3.658881336851389473e-18
9.510000000000000000e+02,5.067450637317611103e-11,4.231524739327013808e-12,8.112954678606917757e-17,3.658881336851389473e-18
9.520000000000000000e+02,5.073620559616524020e-11,4.231499363424798758e-12,8.112954678606917757e-17,3.658881336851389473e-18
9.530000000000000000e+02,5.079790481915436936e-11,4.231473987522583709e-12,8.132685320471214552e-17,3.658881336851389473e-18
9.540000000000000000e+02,5.088839366329396203e-11,4.231448611620368660e-12,8.140084311170324155e-17,3.658881336851389473e-18
9.550000000000000000e+02,5.101510819128955114e-11,4.231457070254440343e-12,8.174612934432842620e-17,3.667185581432314137e-18
9.560000000000000000e+02,5.110351192325157981e-11,4.231431694352225294e-12,8.189410915831064292e-17,3.675489826013238801e-18
9.570000000000000000e+02,5.126836139444647604e-11,4.231423235718153611e-12,8.199276236763213305e-17,3.675489826013238801e-18
9.580000000000000000e+02,5.138118354853612398e-11,4.231364025279651829e-12,8.223939539093583990e-17,3.683794070594163465e-18
9.590000000000000000e+02,5.144177741085280740e-11,4.231364025279651829e-12,8.233804860025730538e-17,3.683794070594163465e-18
9.600000000000000000e+02,5.146576876181153130e-11,4.231355566645580146e-12,8.253535501890027333e-17,3.700402559756012023e-18
9.610000000000000000e+02,5.033777331741623102e-11,4.329289631927359557e-12,8.267490047723325049e-17,3.703648432698898375e-18
9.620000000000000000e+02,5.049669403591347252e-11,4.329238880122929458e-12,8.286604107029362915e-17,3.707281539703052819e-18
9.630000000000000000e+02,5.065654426224890645e-11,4.329230421488857775e-12,8.300477214590196810e-17,3.707281539703052819e-18
9.640000000000000000e+02,5.081830374792765105e-11,4.329213504220714409e-12,8.302943544823232523e-17,3.707281539703052819e-18
9.650000000000000000e+02,5.095476554730751624e-11,4.329230421488857775e-12,8.318358108779714355e-17,3.711433661993514381e-18
9.660000000000000000e+02,5.120399925711009709e-11,4.329205045586642726e-12,8.321441021571010228e-17,3.717661845429208264e-18
9.670000000000000000e+02,5.133001037376867292e-11,4.329171211050355994e-12,8.338705333202268845e-17,3.718699876001824040e-18
9.680000000000000000e+02,5.159549790982287037e-11,4.329154293782212627e-12,8.356586227391787622e-17,3.719737906574439045e-18
9.690000000000000000e+02,5.173811455840156944e-11,4.329154293782212627e-12,8.363985218090898458e-17,3.721813967719670596e-18
9.700000000000000000e+02,5.177843510111229867e-11,4.329188128318499360e-12,8.370151043673491437e-17,3.721813967719670596e-18
9.710000000000000000e+02,5.170769201807590669e-11,4.329145835148140944e-12,8.387762182993771702e-17,3.721813967719670596e-18
9.720000000000000000e+02,5.166325149467697529e-11,4.329154293782212627e-12,8.414891815557178100e-17,3.725966090010132928e-18
9.730000000000000000e+02,5.162200144412805363e-11,4.329154293782212627e-12,8.435239039979733822e-17,3.732194273445826041e-18
9.740000000000000000e+02,5.147971137938439829e-11,4.329145835148140944e-12,8.464835002776178397e-17,3.732194273445826041e-18
9.750000000000000000e+02,5.130908388649263774e-11,4.329162752416284311e-12,8.467301333009215343e-17,3.740498518026750705e-18
9.760000000000000000e+02,5.120191414493253309e-11,4.329205045586642726e-12,8.477166653941361891e-17,3.742574579171981486e-18
9.770000000000000000e+02,5.114353100396073469e-11,4.329171211050355994e-12,8.477898845729295524e-17,3.742639456082770261e-18
9.780000000000000000e+02,5.107246133708929899e-11,4.329179669684427677e-12,8.517360129457887880e-17,3.750943700663694155e-18
9.790000000000000000e+02,5.094363657508268297e-11,4.329196586952571043e-12,8.529075198064813678e-17,3.760285975817234595e-18
9.800000000000000000e+02,5.078916242110868091e-11,4.329238880122929458e-12,8.538940518996961458e-17,3.760804991103542483e-18
9.810000000000000000e+02,5.066385471578711189e-11,4.329213504220714409e-12,8.543950252282818485e-17,3.769109235684467147e-18
9.820000000000000000e+02,5.057947047717942081e-11,4.329221962854786092e-12,8.548882912748892376e-17,3.769109235684467147e-18
9.830000000000000000e+02,5.051528419267729518e-11,4.329255797391072824e-12,8.569075991531883058e-17,3.777413480265391811e-18
9.840000000000000000e+02,5.045112303000863246e-11,4.329247338757001141e-12,8.581407642697067784e-17,3.777413480265391811e-18
9.850000000000000000e+02,5.033237212322133625e-11,4.329247338757001141e-12,8.581407642697067784e-17,3.778451510838006816e-18
9.860000000000000000e+02,5.019884957835683228e-11,4.329272714659216191e-12,8.593739293862252510e-17,3.782603633128469148e-18
9.870000000000000000e+02,5.007045188751911164e-11,4.329289631927359557e-12,8.598671954328327633e-17,3.782603633128469148e-18
9.880000000000000000e+02,4.996056898794482492e-11,4.329315007829574606e-12,8.603681687614182195e-17,3.782603633128469148e-18
9.890000000000000000e+02,4.986274456843356389e-11,4.329298090561431240e-12,8.623412329478478989e-17,3.782603633128469148e-18
9.900000000000000000e+02,4.979549342024874954e-11,4.329298090561431240e-12,8.623412329478478989e-17,3.790907877709393813e-18
9.910000000000000000e+02,4.973648223344033953e-11,4.329315007829574606e-12,8.640676641109738838e-17,3.795059999999856145e-18
9.920000000000000000e+02,4.967222058343781870e-11,4.329306549195502923e-12,8.656707787624479598e-17,3.795059999999856145e-18
9.930000000000000000e+02,4.954007973941386544e-11,4.329340383731789655e-12,8.676438429488775160e-17,3.795059999999856145e-18
9.940000000000000000e+02,4.941296326208284387e-11,4.329331925097717972e-12,8.693702741120033777e-17,3.795059999999856145e-18
9.950000000000000000e+02,4.928928847593648056e-11,4.329348842365861338e-12,8.703799280511529734e-17,3.795124876910644149e-18
9.960000000000000000e+02,4.913604529180224527e-11,4.329374218268076387e-12,8.703799280511529734e-17,3.803429121491569584e-18
9.970000000000000000e+02,4.904465206165792309e-11,4.329399594170291437e-12,8.708731940977603625e-17,3.807581243782031145e-18
9.980000000000000000e+02,4.895979050821440434e-11,4.329416511438434803e-12,8.723529922375825296e-17,3.807581243782031145e-18
9.990000000000000000e+02,4.888359598731618530e-11,4.329391135536219754e-12,8.739561068890566056e-17,3.817961549508187361e-18
1.000000000000000000e+03,4.882639357251722786e-11,4.329433428706578169e-12,8.745726894473157803e-17,3.826265794089111255e-18
1.001000000000000000e+03,4.875308806246743775e-11,4.329424970072506486e-12,8.745726894473157803e-17,3.826265794089111255e-18
1.002000000000000000e+03,4.865267609410931568e-11,4.329408052804363120e-12,8.762991206104417652e-17,3.826265794089111255e-18
1.003000000000000000e+03,4.853656297983580634e-11,4.329433428706578169e-12,8.777789187502639323e-17,3.834570038670035919e-18
1.004000000000000000e+03,4.838663587771889536e-11,4.329433428706578169e-12,8.786421343318269248e-17,3.844950344396191364e-18
1.005000000000000000e+03,4.826316206624024828e-11,4.329467263242864901e-12,8.796286664250417029e-17,3.844950344396191364e-18
1.006000000000000000e+03,4.811233057811861425e-11,4.329467263242864901e-12,8.811701228206898861e-17,3.844950344396191364e-18
1.007000000000000000e+03,4.801983198730185279e-11,4.329484180511008267e-12,8.821874840418175489e-17,3.853514096620269587e-18
1.008000000000000000e+03,4.790444740619881318e-11,4.329509556413223317e-12,8.851470803214620065e-17,3.853514096620269587e-18
1.009000000000000000e+03,4.783978380686085988e-11,4.329492639145079950e-12,8.876750688103249678e-17,3.853514096620269587e-18
1.010000000000000000e+03,4.775148056223268933e-11,4.329492639145079950e-12,8.881683348569322335e-17,3.853514096620269587e-18
1.011000000000000000e+03,4.769598643210931986e-11,4.329534932315438366e-12,8.896481329967545239e-17,3.863894402346425802e-18
1.012000000000000000e+03,4.761280804150793264e-11,4.329509556413223317e-12,8.901413990433619130e-17,3.872198646927350466e-18
1.013000000000000000e+03,4.754261763880776354e-11,4.329509556413223317e-12,8.916211971831842034e-17,3.876350769217812798e-18
1.014000000000000000e+03,4.740344268141371627e-11,4.329543390949510049e-12,8.926077292763988582e-17,3.876350769217812798e-18
1.015000000000000000e+03,4.731250164427176531e-11,4.329534932315438366e-12,8.942108439278729342e-17,3.877388799790427804e-18
1.016000000000000000e+03,4.713720149035557972e-11,4.329551849583581732e-12,8.956906420676951013e-17,3.885693044371352468e-18
1.017000000000000000e+03,4.701460694304819278e-11,4.329577225485796781e-12,8.966771741609100027e-17,3.885693044371352468e-18
1.018000000000000000e+03,4.687349760447737192e-11,4.329594142753940147e-12,8.980953140449062770e-17,3.885693044371352468e-18
1.019000000000000000e+03,4.674648161448020846e-11,4.329594142753940147e-12,8.985885800915136660e-17,3.885693044371352468e-18
1.020000000000000000e+03,4.673226265673923003e-11,4.329594142753940147e-12,8.995751121847284441e-17,3.889845166661814800e-18
1.021000000000000000e+03,5.103096006820573528e-11,4.406136322468469416e-12,9.009022700134972782e-17,3.894407077877062224e-18
1.022000000000000000e+03,5.088289198176520915e-11,4.406094029298111001e-12,9.024976773829930406e-17,3.897650923416485560e-18
1.023000000000000000e+03,5.071256595087502941e-11,4.406110946566254367e-12,9.036383551157726124e-17,3.898169938702793448e-18
1.024000000000000000e+03,5.050237157027647873e-11,4.406119405200326050e-12,9.045632289531616209e-17,3.904398122138486561e-18
1.025000000000000000e+03,5.029536766252793779e-11,4.406094029298111001e-12,9.057963940696800935e-17,3.908550244428948893e-18
1.026000000000000000e+03,5.014307910806535784e-11,4.406094029298111001e-12,9.076153126165448560e-17,3.909069259715256781e-18
1.027000000000000000e+03,5.017000971353943649e-11,4.406102487932182684e-12,9.090103306546064359e-17,3.919579319262989776e-18
1.028000000000000000e+03,5.021517877010883762e-11,4.406102487932182684e-12,9.101201792594731229e-17,3.919579319262989776e-18
1.029000000000000000e+03,5.028446478680428367e-11,4.406077112029967634e-12,9.116004591044190117e-17,3.927883563843913669e-18
1.030000000000000000e+03,5.047272780678821154e-11,4.406094029298111001e-12,9.120937251510262775e-17,3.927883563843913669e-18
1.031000000000000000e+03,5.056904491629160082e-11,4.406102487932182684e-12,9.130802572442411788e-17,3.929959624989145221e-18
1.032000000000000000e+03,5.062903585460513555e-11,4.406102487932182684e-12,9.140976184653688417e-17,3.930219132632298779e-18
1.033000000000000000e+03,5.078107319073306698e-11,4.406102487932182684e-12,9.148375175352800485e-17,3.932295193777530331e-18
1.034000000000000000e+03,5.093542173553974801e-11,4.406136322468469416e-12,9.160706826517985211e-17,3.932295193777530331e-18
1.035000000000000000e+03,5.101551014062498361e-11,4.406144781102541099e-12,9.168722399775354975e-17,3.932814209063838218e-18
1.036000000000000000e+03,5.108288689797711898e-11,4.406144781102541099e-12,9.208183683503947331e-17,3.934890270209068999e-18
1.037000000000000000e+03,5.118895127886478435e-11,4.406161698370684465e-12,9.225447995135207180e-17,3.934890270209068999e-18
1.038000000000000000e+03,5.133907935564940510e-11,4.406144781102541099e-12,9.225447995135207180e-17,3.943194514789993663e-18
1.039000000000000000e+03,5.147011483900091261e-11,4.406170157004756148e-12,9.247644967232539687e-17,3.945270575935224444e-18
1.040000000000000000e+03,5.155638321511844499e-11,4.406178615638827831e-12,9.250111297465576632e-17,3.953574820516149109e-18
1.041000000000000000e+03,5.161953950444852008e-11,4.406187074272898707e-12,9.255660540489909451e-17,3.954612851088764884e-18
1.042000000000000000e+03,5.168922747047940507e-11,4.406178615638827831e-12,9.266787928845994689e-17,3.954612851088764884e-18
1.043000000000000000e+03,5.181448493213404179e-11,4.406187074272898707e-12,9.296383891642439264e-17,3.962917095669689548e-18
1.044000000000000000e+03,5.197908318499428949e-11,4.406212450175113756e-12,9.316422824785863673e-17,3.962917095669689548e-18
1.045000000000000000e+03,5.211906204105920169e-11,4.406195532906970390e-12,9.325054980601494831e-17,3.962917095669689548e-18
1.046000000000000000e+03,5.221904693824842839e-11,4.406187074272898707e-12,9.347251952698827338e-17,3.964993156814920329e-18
1.047000000000000000e+03,5.229411097664073876e-11,4.406212450175113756e-12,9.357117273630975118e-17,3.964993156814920329e-18
1.048000000000000000e+03,5.236143749032594185e-11,4.406212450175113756e-12,9.369448924796161077e-17,3.964993156814920329e-18
1.049000000000000000e+03,5.244182735741275179e-11,4.406220908809185439e-12,9.392879062010011440e-17,3.969145279105382661e-18
1.050000000000000000e+03,5.256919505307842189e-11,4.406229367443257122e-12,9.422475024806456016e-17,3.969145279105382661e-18
1.051000000000000000e+03,5.274188253631428352e-11,4.406237826077328805e-12,9.432956928296862725e-17,3.969145279105382661e-18
1.052000000000000000e+03,5.287904774703115554e-11,4.406220908809185439e-12,9.437889588762936615e-17,3.969145279105382661e-18
1.053000000000000000e+03,5.299194526662119868e-11,4.406237826077328805e-12,9.444055414345529594e-17,3.977449523686307325e-18
1.054000000000000000e+03,5.309750721083956700e-11,4.406263201979543854e-12,9.453920735277677375e-17,3.985753768267231990e-18
1.055000000000000000e+03,5.317819853992795776e-11,4.406246284711400488e-12,9.465019221326344245e-17,3.985753768267231990e-18
1.056000000000000000e+03,5.324562554094701896e-11,4.406254743345472171e-12,9.482283532957602862e-17,3.985753768267231990e-18
1.057000000000000000e+03,5.331395692797080967e-11,4.406254743345472171e-12,9.487524484702808065e-17,3.985753768267231990e-18
1.058000000000000000e+03,5.346081916640503194e-11,4.406280119247687220e-12,9.487524484702808065e-17,3.985753768267231990e-18
1.059000000000000000e+03,5.358667955206282383e-11,4.406280119247687220e-12,9.497389805634954613e-17,3.985753768267231990e-18
1.060000000000000000e+03,5.375459388694040230e-11,4.406271660613615537e-12,9.531918428897473079e-17,3.985753768267231990e-18
1.061000000000000000e+03,5.389859223635965209e-11,4.406288577881758903e-12,9.549182740528732928e-17,3.987829829412462771e-18
1.062000000000000000e+03,5.400546051591818239e-11,4.406305495149902270e-12,9.559664644019139637e-17,3.988867859985078546e-18
1.063000000000000000e+03,5.412649750955076529e-11,4.406305495149902270e-12,9.584327946349509089e-17,3.988867859985078546e-18
1.064000000000000000e+03,5.420166203527693379e-11,4.406305495149902270e-12,9.604058588213805883e-17,3.988867859985078546e-18
1.065000000000000000e+03,5.428255433903304078e-11,4.406322412418045636e-12,9.618856569612027555e-17,3.997172104566002440e-18
1.066000000000000000e+03,5.436319542445449924e-11,4.406313953783973953e-12,9.632421385893731370e-17,3.997172104566002440e-18
1.067000000000000000e+03,5.443368728915624916e-11,4.406339329686189002e-12,9.643519871942398240e-17,4.006514379719542880e-18
1.068000000000000000e+03,5.458376512227393762e-11,4.406347788320260685e-12,9.678048495204915473e-17,4.014818624300467544e-18
1.069000000000000000e+03,5.469369826551515663e-11,4.406347788320260685e-12,9.687913816137064486e-17,4.014818624300467544e-18
1.070000000000000000e+03,5.488181055449830056e-11,4.406356246954332368e-12,9.707644458001360048e-17,4.023122868881392208e-18
1.071000000000000000e+03,5.500113926345528255e-11,4.406364705588404051e-12,9.715043448700470883e-17,4.023122868881392208e-18
1.072000000000000000e+03,5.516684287698797600e-11,4.406381622856547417e-12,9.724908769632618664e-17,4.023122868881392208e-18
1.073000000000000000e+03,5.526260730615514241e-11,4.406390081490619100e-12,9.729841430098693787e-17,4.025198930026622989e-18
1.074000000000000000e+03,5.538374478712158343e-11,4.406381622856547417e-12,9.754504732429063240e-17,4.025198930026622989e-18
1.075000000000000000e+03,5.545609566749971173e-11,4.406415457392834150e-12,9.761903723128174075e-17,4.025198930026622989e-18
1.076000000000000000e+03,5.555301570100624971e-11,4.406415457392834150e-12,9.761903723128174075e-17,4.033503174607547653e-18
1.077000000000000000e+03,5.561858368634893253e-11,4.406406998758762467e-12,9.769302713827284911e-17,4.041807419188472317e-18
1.078000000000000000e+03,5.571073057149719381e-11,4.406440833295049199e-12,9.779168034759433924e-17,4.050111663769396981e-18
1.079000000000000000e+03,5.575394012505635197e-11,4.406432374660977516e-12,9.791499685924618650e-17,4.050111663769396981e-18
1.080000000000000000e+03,5.577529368350128900e-11,4.406432374660977516e-12,9.801365006856766431e-17,4.050111663769396981e-18
1.081000000000000000e+03,5.533621427820650686e-11,4.491061008548022070e-12,9.821467765929074405e-17,4.053939654931349279e-18
1.082000000000000000e+03,5.549116574701633660e-11,4.491052549913950387e-12,9.841814990351630128e-17,4.056015716076580830e-18
1.083000000000000000e+03,5.565717082255060440e-11,4.491061008548022070e-12,9.849830563608999892e-17,4.058091777221811611e-18
1.084000000000000000e+03,5.585513087025187607e-11,4.491103301718380485e-12,9.861545632215925690e-17,4.061205868939658168e-18
1.085000000000000000e+03,5.599907897600420003e-11,4.491128677620595535e-12,9.869002427529873261e-17,4.063281930084889719e-18
1.086000000000000000e+03,5.622261305017246900e-11,4.491162512156882267e-12,9.881334078695057987e-17,4.065357991230120500e-18
1.087000000000000000e+03,5.643619887828874566e-11,4.491162512156882267e-12,9.902606176955002718e-17,4.069510113520582832e-18
1.088000000000000000e+03,5.665425639276172465e-11,4.491170970790953950e-12,9.916170993236706533e-17,4.071586174665814383e-18
1.089000000000000000e+03,5.672298972912094783e-11,4.491204805327240682e-12,9.938984547892299201e-17,4.075738296956275945e-18
1.090000000000000000e+03,5.665390468709321802e-11,4.491170970790953950e-12,9.958098607198334602e-17,4.092865801404433161e-18
1.091000000000000000e+03,5.660582149784191858e-11,4.491170970790953950e-12,9.985228239761742232e-17,4.097017923694895493e-18
1.092000000000000000e+03,5.656497339662842939e-11,4.491179429425025633e-12,9.998793056043446047e-17,4.103246107130588606e-18
1.093000000000000000e+03,5.641203167449576844e-11,4.491128677620595535e-12,1.001605736767470466e-16,4.103246107130588606e-18
1.094000000000000000e+03,5.624351441561504127e-11,4.491128677620595535e-12,1.003085534907292757e-16,4.103246107130588606e-18
1.095000000000000000e+03,5.614699633144393575e-11,4.491103301718380485e-12,1.003640459209726039e-16,4.104284137703204382e-18
1.096000000000000000e+03,5.607911713742250980e-11,4.491111760352452169e-12,1.005613523396155595e-16,4.104284137703204382e-18
1.097000000000000000e+03,5.597516299054587780e-11,4.491086384450237119e-12,1.007339954559281456e-16,4.116740504574591378e-18
1.098000000000000000e+03,5.581785006939036617e-11,4.491077925816165436e-12,1.008079853629192663e-16,4.116740504574591378e-18
1.099000000000000000e+03,5.567229416629631234e-11,4.491069467182093753e-12,1.010546183862229855e-16,4.120892626865052940e-18
1.100000000000000000e+03,5.557547462012363248e-11,4.491027174011735338e-12,1.012272615025355717e-16,4.120892626865052940e-18
1.101000000000000000e+03,5.550804761910456481e-11,4.491018715377663655e-12,1.014245679211785150e-16,4.120892626865052940e-18
1.102000000000000000e+03,5.544333377609967922e-11,4.491027174011735338e-12,1.014985578281696480e-16,4.120892626865052940e-18
1.103000000000000000e+03,5.533214454118523699e-11,4.490984880841376922e-12,1.015725477351607440e-16,4.122968688010284491e-18
1.104000000000000000e+03,5.519322080212583824e-11,4.490976422207305239e-12,1.016958642468125913e-16,4.122968688010284491e-18
1.105000000000000000e+03,5.505721119574833780e-11,4.490976422207305239e-12,1.017945174561340814e-16,4.122968688010284491e-18
1.106000000000000000e+03,5.494617269183467951e-11,4.490951046305090190e-12,1.018191807584644632e-16,4.131272932591209155e-18
1.107000000000000000e+03,5.486276820473210668e-11,4.490976422207305239e-12,1.018685073631251774e-16,4.131272932591209155e-18
1.108000000000000000e+03,5.478720172967050572e-11,4.490951046305090190e-12,1.019702434852379560e-16,4.139966438636864157e-18
1.109000000000000000e+03,5.471962399765065411e-11,4.490942587671018507e-12,1.020565650433942676e-16,4.142042499782095709e-18
1.110000000000000000e+03,5.462300542614569048e-11,4.490942587671018507e-12,1.021305549503853636e-16,4.142042499782095709e-18
1.111000000000000000e+03,5.450844986554698518e-11,4.490925670402875141e-12,1.022908664155327712e-16,4.160727050089175818e-18
1.112000000000000000e+03,5.433937992633002867e-11,4.490891835866588409e-12,1.024388462295150003e-16,4.169031294670100482e-18
1.113000000000000000e+03,5.420517909196198079e-11,4.490883377232516726e-12,1.025374994388364904e-16,4.173183416960562044e-18
1.114000000000000000e+03,5.410403859043338899e-11,4.490866459964373359e-12,1.026238209969927650e-16,4.175259478105793595e-18
1.115000000000000000e+03,5.400847513593393882e-11,4.490858001330301676e-12,1.026731476016535162e-16,4.183563722686718259e-18
1.116000000000000000e+03,5.393210476220146646e-11,4.490866459964373359e-12,1.028334590668009238e-16,4.193944028412873704e-18
1.117000000000000000e+03,5.387060651388005353e-11,4.490841084062158310e-12,1.028827856714616627e-16,4.206400395284260700e-18
1.118000000000000000e+03,5.380373219319721520e-11,4.490832625428086627e-12,1.028827856714616627e-16,4.214704639865185365e-18
1.119000000000000000e+03,5.367596254819611263e-11,4.490824166794014944e-12,1.028951173226268413e-16,4.214704639865185365e-18
1.120000000000000000e+03,5.356803915163206888e-11,4.490824166794014944e-12,1.030677604389394275e-16,4.214704639865185365e-18
1.121000000000000000e+03,5.338992535236784956e-11,4.490798790891799895e-12,1.032650668575824077e-16,4.214704639865185365e-18
1.122000000000000000e+03,5.326853665306676002e-11,4.490781873623656529e-12,1.034377099738949939e-16,4.214704639865185365e-18
1.123000000000000000e+03,5.312890950267035446e-11,4.490764956355513970e-12,1.035363631832164717e-16,4.214704639865185365e-18
1.124000000000000000e+03,5.303118557049294508e-11,4.490748039087370604e-12,1.036350163925379372e-16,4.214704639865185365e-18
1.125000000000000000e+03,5.295275520641637811e-11,4.490748039087370604e-12,1.036843429971986761e-16,4.214704639865185365e-18
1.126000000000000000e+03,5.286548195696025809e-11,4.490722663185155555e-12,1.037398354274420289e-16,4.214704639865185365e-18
1.127000000000000000e+03,5.280679735398688535e-11,4.490705745917012189e-12,1.038138253344331250e-16,4.214704639865185365e-18
1.128000000000000000e+03,5.272178506954257619e-11,4.490731121819227238e-12,1.040111317530761052e-16,4.223008884446109258e-18
1.129000000000000000e+03,5.264214885745970535e-11,4.490722663185155555e-12,1.041097849623975584e-16,4.223008884446109258e-18
1.130000000000000000e+03,5.250101439705542158e-11,4.490705745917012189e-12,1.041591115670583096e-16,4.231313129027033923e-18
1.131000000000000000e+03,5.239223685815357414e-11,4.490663452746653773e-12,1.045043977996835066e-16,4.235465251317496255e-18
1.132000000000000000e+03,5.221633378023424631e-11,4.490646535478510407e-12,1.045537244043442209e-16,4.235465251317496255e-18
1.133000000000000000e+03,5.210614941865838524e-11,4.490638076844438724e-12,1.047756941253175583e-16,4.235465251317496255e-18
1.134000000000000000e+03,5.194908771583752213e-11,4.490621159576295358e-12,1.047756941253175583e-16,4.243769495898420149e-18
1.135000000000000000e+03,5.186186471004833441e-11,4.490638076844438724e-12,1.049853321951257048e-16,4.245845557043651700e-18
1.136000000000000000e+03,5.174444526043465663e-11,4.490587325040008626e-12,1.051826386137686727e-16,4.245845557043651700e-18
1.137000000000000000e+03,5.168028409776599391e-11,4.490595783674080309e-12,1.053306184277508771e-16,4.245845557043651700e-18
1.138000000000000000e+03,5.158607722227363801e-11,4.490587325040008626e-12,1.054292716370723672e-16,4.245845557043651700e-18
1.139000000000000000e+03,5.153502965667350797e-11,4.490561949137793577e-12,1.056296609685066236e-16,4.246883587616267475e-18
1.140000000000000000e+03,5.153000528998058275e-11,4.490561949137793577e-12,1.060736004104532861e-16,4.255187832197192140e-18
1.141000000000000000e+03,5.345589528704596484e-11,4.587235677942893825e-12,1.061260535824321450e-16,4.256552274727211724e-18
1.142000000000000000e+03,5.333701877109134114e-11,4.587151091602177802e-12,1.062185409661710582e-16,4.259666366445058280e-18
1.143000000000000000e+03,5.322080516948396722e-11,4.587125715699962753e-12,1.063911840824836443e-16,4.263818488735520612e-18
1.144000000000000000e+03,5.313222558468768523e-11,4.587058046627389288e-12,1.065669101115875190e-16,4.268489626312290832e-18
1.145000000000000000e+03,5.294627377338250050e-11,4.586990377554815823e-12,1.067395532279001051e-16,4.272641748602753164e-18
1.146000000000000000e+03,5.285663907158070506e-11,4.586939625750385725e-12,1.069152792570040044e-16,4.280945993183677829e-18
1.147000000000000000e+03,5.265325270785106925e-11,4.586846580775597211e-12,1.071619122803076990e-16,4.287174176619370942e-18
1.148000000000000000e+03,5.254176201093504620e-11,4.586753535800808697e-12,1.072913946175421478e-16,4.290288268337218268e-18
1.149000000000000000e+03,5.239952218985831668e-11,4.586728159898593648e-12,1.076120175478369630e-16,4.290288268337218268e-18
1.150000000000000000e+03,5.216096525927820434e-11,4.586618197655662576e-12,1.076651977934868095e-16,4.294699898270834159e-18
1.151000000000000000e+03,5.205907110274566697e-11,4.586550528583089111e-12,1.078933333400427361e-16,4.295218913557141277e-18
1.152000000000000000e+03,5.190331573526497230e-11,4.586474400876443964e-12,1.079426599447034750e-16,4.295218913557141277e-18
1.153000000000000000e+03,5.166762269369981952e-11,4.586372897267583767e-12,1.079919865493642263e-16,4.299371035847604379e-18
1.154000000000000000e+03,5.151548487023802997e-11,4.586279852292795253e-12,1.080536448051901437e-16,4.301455206606684142e-18
1.155000000000000000e+03,5.139831663895900072e-11,4.586262935024651887e-12,1.080783081075205009e-16,4.301455206606684142e-18
1.156000000000000000e+03,5.132109212288873114e-11,4.586220641854294279e-12,1.081276347121812521e-16,4.301455206606684142e-18
1.157000000000000000e+03,5.133425596362419612e-11,4.586229100488365962e-12,1.082509512238330993e-16,4.309759451187608036e-18
1.158000000000000000e+03,5.139670884161726439e-11,4.586288310926866936e-12,1.083742677354849589e-16,4.309759451187608036e-18
1.159000000000000000e+03,5.145539344459063713e-11,4.586271393658723570e-12,1.085469108517975451e-16,4.313911573478070368e-18
1.160000000000000000e+03,5.148805182809465428e-11,4.586296769560938619e-12,1.085469108517975451e-16,4.313911573478070368e-18
1.161000000000000000e+03,5.150840051320100367e-11,4.586305228195010302e-12,1.087195539681101436e-16,4.313911573478070368e-18
1.162000000000000000e+03,5.155216274709638471e-11,4.586330604097225351e-12,1.088921970844227298e-16,4.313911573478070368e-18
1.163000000000000000e+03,5.164018965155645029e-11,4.586381355901655450e-12,1.091388301077264120e-16,4.313911573478070368e-18
1.164000000000000000e+03,5.180488839175055611e-11,4.586440566340157231e-12,1.093053073984564212e-16,4.313911573478070368e-18
1.165000000000000000e+03,5.193773264711150972e-11,4.586508235412730696e-12,1.093792973054475295e-16,4.318063695768532700e-18
1.166000000000000000e+03,5.205243893871100543e-11,4.586567445851232478e-12,1.093839216746344807e-16,4.326367940349456594e-18
1.167000000000000000e+03,5.215558918691677249e-11,4.586584363119375844e-12,1.095319014886166974e-16,4.334672184930382028e-18
1.168000000000000000e+03,5.221085722053895634e-11,4.586643573557877625e-12,1.096798813025989142e-16,4.334672184930382028e-18
1.169000000000000000e+03,5.225451896710047926e-11,4.586677408094164358e-12,1.098771877212418944e-16,4.342976429511305922e-18
1.170000000000000000e+03,5.231365576307621676e-11,4.586685866728236041e-12,1.099758409305633476e-16,4.351280674092230586e-18
1.171000000000000000e+03,5.239419636116381711e-11,4.586711242630451090e-12,1.100251675352240988e-16,4.351280674092230586e-18
1.172000000000000000e+03,5.250302414373259038e-11,4.586770453068952064e-12,1.100251675352240988e-16,4.351280674092230586e-18
1.173000000000000000e+03,5.263963667411323951e-11,4.586821204873382162e-12,1.102471372561974239e-16,4.359584918673156021e-18
1.174000000000000000e+03,5.274504788733082389e-11,4.586863498043740577e-12,1.102479079843952552e-16,4.359714672494732030e-18
1.175000000000000000e+03,5.287934920903272989e-11,4.586973460286672457e-12,1.105438676123596887e-16,4.359714672494732030e-18
1.176000000000000000e+03,5.295250398808172958e-11,4.587007294822959190e-12,1.106425208216811788e-16,4.359714672494732030e-18
1.177000000000000000e+03,5.303208995649767459e-11,4.587032670725174239e-12,1.108398272403241221e-16,4.368018917075656694e-18
1.178000000000000000e+03,5.307735950040093384e-11,4.587049587993317605e-12,1.109138171473152551e-16,4.368018917075656694e-18
1.179000000000000000e+03,5.313247680302233375e-11,4.587091881163676020e-12,1.111111235659581984e-16,4.376323161656581358e-18
1.180000000000000000e+03,5.317694244825472161e-11,4.587091881163676020e-12,1.111604501706189373e-16,4.380475283947043690e-18
1.181000000000000000e+03,5.322809050118870975e-11,4.587117257065891070e-12,1.112591033799404398e-16,4.388779528527967584e-18
1.182000000000000000e+03,5.331174620662592464e-11,4.587184926138464534e-12,1.113330932869315358e-16,4.397083773108893019e-18
1.183000000000000000e+03,5.341685595784192821e-11,4.587193384772536217e-12,1.116290529148959939e-16,4.397083773108893019e-18
1.184000000000000000e+03,5.351171600100437157e-11,4.587269512479180557e-12,1.117770327288781859e-16,4.397083773108893019e-18
1.185000000000000000e+03,5.364717292704564913e-11,4.587328722917682339e-12,1.118756859381996884e-16,4.405388017689816913e-18
1.186000000000000000e+03,5.372997449014506680e-11,4.587379474722112437e-12,1.119496758451907844e-16,4.405388017689816913e-18
1.187000000000000000e+03,5.384749442709259623e-11,4.587413309258399169e-12,1.119990024498515233e-16,4.405388017689816913e-18
1.188000000000000000e+03,5.390914340641479957e-11,4.587464061062829268e-12,1.120298315777644821e-16,4.413692262270741577e-18
1.189000000000000000e+03,5.399144253284492020e-11,4.587506354233187683e-12,1.120298315777644821e-16,4.421996506851666241e-18
1.190000000000000000e+03,5.404168619977417883e-11,4.587523271501331049e-12,1.120298315777644821e-16,4.421996506851666241e-18
1.191000000000000000e+03,5.409594936005777506e-11,4.587574023305761148e-12,1.120421632289296853e-16,4.421996506851666241e-18
1.192000000000000000e+03,5.414503742264766213e-11,4.587599399207976197e-12,1.121408164382511631e-16,4.421996506851666241e-18
1.193000000000000000e+03,5.418749332120288765e-11,4.587616316476119563e-12,1.121654797405815449e-16,4.421996506851666241e-18
1.194000000000000000e+03,5.424180672515340970e-11,4.587624775110191246e-12,1.123627861592244758e-16,4.421996506851666241e-18
1.195000000000000000e+03,5.428506652237950662e-11,4.587658609646477978e-12,1.125600925778674561e-16,4.426148629142127803e-18
1.196000000000000000e+03,5.436369786112378983e-11,4.587675526914620537e-12,1.128067256011711506e-16,4.442757118303977131e-18
1.197000000000000000e+03,5.441454445205620363e-11,4.587700902816835586e-12,1.128560522058318895e-16,4.442757118303977131e-18
1.198000000000000000e+03,5.449222116112883150e-11,4.587777030523480734e-12,1.129238762872404086e-16,4.442757118303977131e-18
1.199000000000000000e+03,5.456703398118649981e-11,4.587810865059767466e-12,1.131705093105441031e-16,4.442757118303977131e-18
1.200000000000000000e+03,5.458401634060858614e-11,4.587810865059767466e-12,1.132198359152048420e-16,4.442757118303977131e-18
1.201000000000000000e+03,5.320990229376031956e-11,4.670291005892608559e-12,1.133361330800081710e-16,4.444089122378603869e-18
1.202000000000000000e+03,5.333812413176378042e-11,4.670350216331110340e-12,1.134613764121545720e-16,4.448241244669066201e-18
1.203000000000000000e+03,5.347056643778930803e-11,4.670392509501467948e-12,1.136216878773019919e-16,4.450317305814296211e-18
1.204000000000000000e+03,5.363606907665427878e-11,4.670426344037754680e-12,1.137819993424493872e-16,4.454469428104758543e-18
1.205000000000000000e+03,5.381860431860827462e-11,4.670451719939969729e-12,1.138929842029360682e-16,4.462806111141077595e-18
1.206000000000000000e+03,5.395918609867633552e-11,4.670494013110328145e-12,1.139446229921902519e-16,4.469034294576770708e-18
1.207000000000000000e+03,5.418111237550286816e-11,4.670570140816973292e-12,1.140617736782595345e-16,4.478376569730311148e-18
1.208000000000000000e+03,5.433651603731506265e-11,4.670603975353260025e-12,1.143623576754109068e-16,4.487199829597543700e-18
1.209000000000000000e+03,5.450965571355328258e-11,4.670654727157690123e-12,1.145350007917235053e-16,4.491351951888006032e-18
1.210000000000000000e+03,5.478629734366577621e-11,4.670747772132478637e-12,1.146852927902991915e-16,4.499656196468929926e-18
1.211000000000000000e+03,5.489834072091802213e-11,4.670705478962120221e-12,1.148579359066117653e-16,4.505884379904623809e-18
1.212000000000000000e+03,5.495757800422761775e-11,4.670764689400622003e-12,1.150059157205940067e-16,4.505884379904623809e-18
1.213000000000000000e+03,5.489477342056604284e-11,4.670756230766550320e-12,1.150860714531677043e-16,4.506143887547777368e-18
1.214000000000000000e+03,5.483000933389423142e-11,4.670713937596191905e-12,1.153080411741410417e-16,4.506143887547777368e-18
1.215000000000000000e+03,5.480473676942881492e-11,4.670705478962120221e-12,1.154066943834625195e-16,4.507181918120393143e-18
1.216000000000000000e+03,5.475313652349246848e-11,4.670688561693976855e-12,1.155546741974447362e-16,4.519638284991779369e-18
1.217000000000000000e+03,5.462551760949215632e-11,4.670646268523618440e-12,1.156779907090965712e-16,4.523790407282242472e-18
1.218000000000000000e+03,5.445906034095552377e-11,4.670612433987331708e-12,1.157396489649225133e-16,4.525866468427473252e-18
1.219000000000000000e+03,5.432149318090321283e-11,4.670603975353260025e-12,1.158136388719136093e-16,4.534170713008397146e-18
1.220000000000000000e+03,5.423597845978961955e-11,4.670536306280686560e-12,1.158259705230788125e-16,4.534170713008397146e-18
1.221000000000000000e+03,5.417724361314931452e-11,4.670553223548829926e-12,1.158876287789047300e-16,4.535208743581013692e-18
1.222000000000000000e+03,5.411464000415546230e-11,4.670570140816973292e-12,1.160047794649739880e-16,4.536765789439936585e-18
1.223000000000000000e+03,5.397943429644882679e-11,4.670502471744399828e-12,1.162020858836169436e-16,4.545070034020861249e-18
1.224000000000000000e+03,5.382302576129805113e-11,4.670468637208113095e-12,1.162760757906080643e-16,4.547146095166092030e-18
1.225000000000000000e+03,5.369113613560874640e-11,4.670443261305898046e-12,1.163747289999295174e-16,4.551298217456555133e-18
1.226000000000000000e+03,5.358863905507306033e-11,4.670417885403682997e-12,1.163870606510947207e-16,4.553374278601785914e-18
1.227000000000000000e+03,5.350845016265396662e-11,4.670409426769611314e-12,1.164857138604161985e-16,4.553374278601785914e-18
1.228000000000000000e+03,5.344227925330813511e-11,4.670392509501467948e-12,1.166398594999810168e-16,4.571020798336250247e-18
1.229000000000000000e+03,5.338419757433791106e-11,4.670358674965182023e-12,1.167878393139632335e-16,4.571020798336250247e-18
1.230000000000000000e+03,5.331385644063695156e-11,4.670358674965182023e-12,1.168864925232847113e-16,4.571020798336250247e-18
1.231000000000000000e+03,5.318623752663663940e-11,4.670316381794823608e-12,1.172317787559098836e-16,4.571020798336250247e-18
1.232000000000000000e+03,5.304952450892212568e-11,4.670274088624465192e-12,1.173181003140661829e-16,4.583477165207636473e-18
1.233000000000000000e+03,5.293150213530529920e-11,4.670257171356321826e-12,1.173427636163965647e-16,4.592819440361176913e-18
1.234000000000000000e+03,5.279026718756715731e-11,4.670181043649676679e-12,1.174414168257180425e-16,4.609427929523026241e-18
1.235000000000000000e+03,5.270550612145749668e-11,4.670172585015604996e-12,1.177127131513521188e-16,4.613580051813487803e-18
1.236000000000000000e+03,5.263471279475417241e-11,4.670164126381533313e-12,1.178113663606735966e-16,4.613580051813487803e-18
1.237000000000000000e+03,5.256045265503273343e-11,4.670113374577103214e-12,1.179161853955776513e-16,4.613580051813487803e-18
1.238000000000000000e+03,5.250729485542157649e-11,4.670147209113389946e-12,1.179655120002384149e-16,4.613580051813487803e-18
1.239000000000000000e+03,5.244087272774109645e-11,4.670113374577103214e-12,1.182121450235421094e-16,4.621884296394413238e-18
1.240000000000000000e+03,5.234118929255345057e-11,4.670054164138601433e-12,1.183971197910198865e-16,4.630188540975337131e-18
1.241000000000000000e+03,5.222904542796734653e-11,4.670020329602314700e-12,1.183971197910198865e-16,4.638492785556261796e-18
1.242000000000000000e+03,5.208509732221502257e-11,4.670020329602314700e-12,1.186437528143235810e-16,4.638492785556261796e-18
1.243000000000000000e+03,5.195777987021628476e-11,4.669952660529741236e-12,1.188410592329665613e-16,4.638492785556261796e-18
1.244000000000000000e+03,5.181905710582460225e-11,4.669927284627526186e-12,1.191370188609309947e-16,4.646797030137185689e-18
1.245000000000000000e+03,5.172103171164562499e-11,4.669935743261597870e-12,1.192356720702524725e-16,4.655101274718111124e-18
1.246000000000000000e+03,5.161692683376820259e-11,4.669901908725311945e-12,1.192418378958350741e-16,4.656139305290726129e-18
1.247000000000000000e+03,5.155367005710426292e-11,4.669851156920881847e-12,1.193404911051565273e-16,4.656139305290726129e-18
1.248000000000000000e+03,5.147096898133870983e-11,4.669884991457168579e-12,1.194391443144780297e-16,4.672747794452576228e-18
1.249000000000000000e+03,5.142072531440945119e-11,4.669859615554953530e-12,1.195408804365907837e-16,4.681052039033500122e-18
1.250000000000000000e+03,5.134139056432815471e-11,4.669825781018666797e-12,1.195902070412515472e-16,4.681052039033500122e-18
1.251000000000000000e+03,5.128833325205085588e-11,4.669842698286810164e-12,1.198121767622248600e-16,4.681052039033500122e-18
1.252000000000000000e+03,5.115774996170171313e-11,4.669783487848308382e-12,1.198121767622248600e-16,4.681052039033500122e-18
1.253000000000000000e+03,5.104691243245577106e-11,4.669749653312021650e-12,1.199601565762071014e-16,4.681052039033500122e-18
1.254000000000000000e+03,5.091230964875229072e-11,4.669690442873519868e-12,1.199724882273722799e-16,4.681052039033500122e-18
1.255000000000000000e+03,5.075293673725268447e-11,4.669656608337233136e-12,1.199724882273722799e-16,4.681052039033500122e-18
1.256000000000000000e+03,5.064848015370675543e-11,4.669639691069089770e-12,1.202684478553367133e-16,4.681052039033500122e-18
1.257000000000000000e+03,5.049739744725047934e-11,4.669597397898731354e-12,1.206630606926226246e-16,4.681052039033500122e-18
1.258000000000000000e+03,5.041982122551170312e-11,4.669588939264659671e-12,1.211840729543516962e-16,4.689356283614424786e-18
1.259000000000000000e+03,5.034139086143513615e-11,4.669588939264659671e-12,1.215293591869768685e-16,4.689356283614424786e-18
1.260000000000000000e+03,5.030637102558544357e-11,4.669572021996516305e-12,1.215786857916376321e-16,4.689356283614424786e-18
1.261000000000000000e+03,5.421140930666120987e-11,4.744862323868438902e-12,1.217091571297040452e-16,4.693768420398906046e-18
1.262000000000000000e+03,5.405560369551358291e-11,4.744904617038797318e-12,1.218448052925210833e-16,4.697920542689368378e-18
1.263000000000000000e+03,5.388633278162891663e-11,4.744879241136582269e-12,1.219958680192946008e-16,4.702072664979830710e-18
1.264000000000000000e+03,5.367852497520950430e-11,4.744853865234367219e-12,1.220636921007030952e-16,4.702072664979830710e-18
1.265000000000000000e+03,5.351302233634452708e-11,4.744862323868438902e-12,1.222116719146853366e-16,4.704667741411370149e-18
1.266000000000000000e+03,5.330702330193457378e-11,4.744845406600295536e-12,1.223473200775023748e-16,4.706743802556600930e-18
1.267000000000000000e+03,5.305776447029852355e-11,4.744811572064008804e-12,1.225199631938149732e-16,4.706743802556600930e-18
1.268000000000000000e+03,5.286653707396577155e-11,4.744845406600295536e-12,1.226679430077971653e-16,4.710895924847063262e-18
1.269000000000000000e+03,5.279745203193804173e-11,4.744820030698080487e-12,1.226987721357101240e-16,4.710895924847063262e-18
1.270000000000000000e+03,5.287382240567051408e-11,4.744836947966223853e-12,1.227974253450316265e-16,4.715048047137524823e-18
1.271000000000000000e+03,5.291964462990999620e-11,4.744845406600295536e-12,1.228976200107487424e-16,4.715048047137524823e-18
1.272000000000000000e+03,5.297787703988100419e-11,4.744870782502510585e-12,1.229531124409920829e-16,4.715048047137524823e-18
1.273000000000000000e+03,5.314503771975464357e-11,4.744853865234367219e-12,1.230024390456528218e-16,4.715048047137524823e-18
1.274000000000000000e+03,5.330109454923691905e-11,4.744896158404725635e-12,1.230271023479832036e-16,4.715567062423833482e-18
1.275000000000000000e+03,5.340218480709858502e-11,4.744845406600295536e-12,1.230517656503135607e-16,4.715567062423833482e-18
1.276000000000000000e+03,5.347071716879009197e-11,4.744870782502510585e-12,1.231750821619654203e-16,4.723871307004757375e-18
1.277000000000000000e+03,5.359280927942818833e-11,4.744870782502510585e-12,1.232737353712868981e-16,4.725947368149988927e-18
1.278000000000000000e+03,5.375866362396167218e-11,4.744879241136582269e-12,1.234217151852691148e-16,4.725947368149988927e-18
1.279000000000000000e+03,5.389753711935413864e-11,4.744879241136582269e-12,1.235327000457557712e-16,4.734251612730913591e-18
1.280000000000000000e+03,5.398611670415042063e-11,4.744887699770653952e-12,1.238471571504679848e-16,4.742555857311837485e-18
1.281000000000000000e+03,5.405123249649073869e-11,4.744887699770653952e-12,1.242171066854235635e-16,4.742555857311837485e-18
1.282000000000000000e+03,5.411669999449956338e-11,4.744870782502510585e-12,1.242213456905115744e-16,4.742588295767232642e-18
1.283000000000000000e+03,5.425411642355107745e-11,4.744887699770653952e-12,1.244186521091545300e-16,4.750892540348156536e-18
1.284000000000000000e+03,5.441509713239242004e-11,4.744929992941012367e-12,1.246529534812930460e-16,4.750892540348156536e-18
1.285000000000000000e+03,5.455291551077937950e-11,4.744913075672869001e-12,1.247516066906145485e-16,4.750892540348156536e-18
1.286000000000000000e+03,5.465556332231584951e-11,4.744938451575084050e-12,1.247762699929449056e-16,4.755044662638618868e-18
1.287000000000000000e+03,5.473198393971524769e-11,4.744955368843227416e-12,1.248749232022663834e-16,4.757120723783849649e-18
1.288000000000000000e+03,5.479805436172722755e-11,4.744938451575084050e-12,1.249242498069271223e-16,4.757120723783849649e-18
1.289000000000000000e+03,5.486588331208172122e-11,4.744955368843227416e-12,1.250722296209093637e-16,4.757120723783849649e-18
1.290000000000000000e+03,5.500495778214191037e-11,4.744929992941012367e-12,1.253219455570043590e-16,4.757120723783849649e-18
1.291000000000000000e+03,5.514337908453201207e-11,4.744963827477299099e-12,1.254205987663258121e-16,4.761272846074312752e-18
1.292000000000000000e+03,5.528079551358353260e-11,4.744972286111370782e-12,1.254822570221517543e-16,4.761272846074312752e-18
1.293000000000000000e+03,5.543629966272958521e-11,4.744980744745442465e-12,1.254822570221517543e-16,4.769577090655236645e-18
1.294000000000000000e+03,5.553814357559519029e-11,4.744972286111370782e-12,1.255315836268124932e-16,4.769577090655236645e-18
1.295000000000000000e+03,5.561421248732608830e-11,4.744989203379514148e-12,1.255932418826384106e-16,4.769577090655236645e-18
1.296000000000000000e+03,5.569304480073809420e-11,4.744972286111370782e-12,1.256918950919598884e-16,4.777881335236161310e-18
1.297000000000000000e+03,5.576931468713670844e-11,4.745023037915800881e-12,1.257905483012813909e-16,4.777881335236161310e-18
1.298000000000000000e+03,5.585281966157313292e-11,4.744955368843227416e-12,1.258645382082724869e-16,4.782033457526623642e-18
1.299000000000000000e+03,5.599445655864670728e-11,4.744989203379514148e-12,1.260618446269154426e-16,4.798641946688472970e-18
1.300000000000000000e+03,5.614046465474313232e-11,4.744972286111370782e-12,1.261604978362369450e-16,4.798641946688472970e-18
1.301000000000000000e+03,5.627793132746158515e-11,4.745023037915800881e-12,1.263084776502191371e-16,4.798641946688472970e-18
1.302000000000000000e+03,5.644353445366041402e-11,4.745006120647657515e-12,1.264225454234971189e-16,4.798641946688472970e-18
1.303000000000000000e+03,5.654467495518901228e-11,4.745006120647657515e-12,1.265458619351489538e-16,4.800718007833703751e-18
1.304000000000000000e+03,5.666154172446646719e-11,4.745023037915800881e-12,1.265458619351489538e-16,4.809022252414628415e-18
1.305000000000000000e+03,5.673550040218633182e-11,4.744989203379514148e-12,1.268171582607830301e-16,4.813174374705090747e-18
1.306000000000000000e+03,5.681533758893692535e-11,4.745023037915800881e-12,1.269158114701045079e-16,4.813174374705090747e-18
1.307000000000000000e+03,5.689341624734499215e-11,4.745006120647657515e-12,1.272487660515645017e-16,4.815250435850321528e-18
1.308000000000000000e+03,5.695762765368058070e-11,4.745039955183944247e-12,1.275046478132420986e-16,4.824073695717554080e-18
1.309000000000000000e+03,5.710584647112189077e-11,4.745039955183944247e-12,1.275539744179028375e-16,4.824073695717554080e-18
1.310000000000000000e+03,5.720728843465206339e-11,4.745039955183944247e-12,1.276048424789592392e-16,4.824073695717554080e-18
1.311000000000000000e+03,5.739786266331473440e-11,4.745090706988373538e-12,1.276541690836199781e-16,4.832377940298477974e-18
1.312000000000000000e+03,5.752060794162291175e-11,4.745107624256516904e-12,1.278514755022629337e-16,4.840682184879403408e-18
1.313000000000000000e+03,5.769028080484301696e-11,4.745073789720230171e-12,1.279516701679800496e-16,4.848986429460327302e-18
1.314000000000000000e+03,5.779996272974958745e-11,4.745090706988373538e-12,1.280009967726407885e-16,4.857290674041251966e-18
1.315000000000000000e+03,5.792140167271760282e-11,4.745090706988373538e-12,1.281551424122056068e-16,4.857809689327559854e-18
1.316000000000000000e+03,5.800636371349497968e-11,4.745073789720230171e-12,1.283031222261878235e-16,4.866113933908484518e-18
1.317000000000000000e+03,5.809750572530465334e-11,4.745056872452087613e-12,1.283401171796833839e-16,4.866113933908484518e-18
1.318000000000000000e+03,5.817191659602688273e-11,4.745107624256516904e-12,1.284387703890048617e-16,4.866113933908484518e-18
1.319000000000000000e+03,5.823235972734278221e-11,4.745090706988373538e-12,1.284880969936656006e-16,4.868189995053715299e-18
1.320000000000000000e+03,5.827149954388066403e-11,4.745107624256516904e-12,1.285867502029870784e-16,4.868189995053715299e-18
1.321000000000000000e+03,5.786864582244188480e-11,4.820271046617364255e-12,1.286810545182392036e-16,4.870787352314148513e-18
1.322000000000000000e+03,5.803098311029031519e-11,4.820203377544791598e-12,1.288167026810562418e-16,4.875977505177227391e-18
1.323000000000000000e+03,5.819241601213401607e-11,4.820186460276648232e-12,1.288937755008386386e-16,4.875977505177227391e-18
1.324000000000000000e+03,5.833812264622886030e-11,4.820169543008504866e-12,1.290170920124904982e-16,4.875977505177227391e-18
1.325000000000000000e+03,5.854030316195220518e-11,4.820152625740361500e-12,1.292205642567160308e-16,4.875977505177227391e-18
1.326000000000000000e+03,5.873168128928574759e-11,4.820118791204074767e-12,1.293007199892897531e-16,4.875977505177227391e-18
1.327000000000000000e+03,5.891999455293659482e-11,4.820135708472218133e-12,1.295226897102630658e-16,4.878053566322457401e-18
1.328000000000000000e+03,5.909665128585987468e-11,4.820051122131501303e-12,1.298248151638101009e-16,4.882724703899227621e-18
1.329000000000000000e+03,5.934676425983371566e-11,4.820051122131501303e-12,1.299311756551098430e-16,4.882724703899227621e-18
1.330000000000000000e+03,5.947960851519467573e-11,4.820000370327071204e-12,1.301284820737527986e-16,4.886876826189689953e-18
1.331000000000000000e+03,5.947523731617183151e-11,4.820017287595214570e-12,1.302024719807439193e-16,4.891028948480153056e-18
1.332000000000000000e+03,5.940188156245510911e-11,4.820017287595214570e-12,1.303997783993868503e-16,4.891028948480153056e-18
1.333000000000000000e+03,5.936043053723847122e-11,4.820051122131501303e-12,1.304984316087083527e-16,4.891028948480153056e-18
1.334000000000000000e+03,5.932134096436751523e-11,4.820034204863357937e-12,1.305600898645342702e-16,4.891028948480153056e-18
1.335000000000000000e+03,5.918673818066403488e-11,4.820084956667788035e-12,1.307327329808468687e-16,4.895181070770615388e-18
1.336000000000000000e+03,5.900636341638799825e-11,4.820152625740361500e-12,1.307573962831772505e-16,4.899333193061077720e-18
1.337000000000000000e+03,5.887286599335695072e-11,4.820118791204074767e-12,1.310286926088113268e-16,4.899333193061077720e-18
1.338000000000000000e+03,5.879624440128984277e-11,4.820135708472218133e-12,1.312013357251239006e-16,4.899333193061077720e-18
1.339000000000000000e+03,5.873379152329677450e-11,4.820152625740361500e-12,1.312999889344453538e-16,4.899333193061077720e-18
1.340000000000000000e+03,5.862044181070436660e-11,4.820169543008504866e-12,1.314479687484275951e-16,4.901409254206307730e-18
1.341000000000000000e+03,5.846875618024494181e-11,4.820186460276648232e-12,1.314972953530883340e-16,4.901409254206307730e-18
1.342000000000000000e+03,5.832299930248316528e-11,4.820237212081077522e-12,1.315959485624098118e-16,4.901409254206307730e-18
1.343000000000000000e+03,5.821301591557502044e-11,4.820237212081077522e-12,1.316946017717313143e-16,4.909713498787233165e-18
1.344000000000000000e+03,5.813800212084962943e-11,4.820237212081077522e-12,1.317685916787224103e-16,4.926321987949081723e-18
1.345000000000000000e+03,5.807685557819672314e-11,4.820220294812934156e-12,1.318672448880438881e-16,4.926346316790627899e-18
1.346000000000000000e+03,5.800656468816269592e-11,4.820254129349220889e-12,1.321138779113475827e-16,4.926346316790627899e-18
1.347000000000000000e+03,5.788512574519468055e-11,4.820254129349220889e-12,1.323420134579035217e-16,4.926346316790627899e-18
1.348000000000000000e+03,5.775665268885656471e-11,4.820321798421794353e-12,1.325639831788768591e-16,4.930498439081090231e-18
1.349000000000000000e+03,5.762436111383182751e-11,4.820338715689937719e-12,1.325732319172507368e-16,4.938802683662014125e-18
1.350000000000000000e+03,5.747890569807163180e-11,4.820372550226224452e-12,1.327212117312329535e-16,4.938802683662014125e-18
1.351000000000000000e+03,5.738776368626195814e-11,4.820389467494367818e-12,1.329185181498759091e-16,4.938802683662014125e-18
1.352000000000000000e+03,5.732033668524289048e-11,4.820406384762511184e-12,1.330541663126929473e-16,4.938802683662014125e-18
1.353000000000000000e+03,5.725260822222225492e-11,4.820355632958081086e-12,1.331528195220144251e-16,4.947106928242938789e-18
1.354000000000000000e+03,5.718292025619136994e-11,4.820389467494367818e-12,1.334426133243962816e-16,4.956449203396479229e-18
1.355000000000000000e+03,5.710157575943290466e-11,4.820406384762511184e-12,1.336152564407088801e-16,4.956449203396479229e-18
1.356000000000000000e+03,5.697576561744204506e-11,4.820372550226224452e-12,1.336152564407088801e-16,4.956449203396479229e-18
1.357000000000000000e+03,5.683096336935192388e-11,4.820440219298797916e-12,1.336769146965347975e-16,4.964753447977403122e-18
1.358000000000000000e+03,5.671128295472642878e-11,4.820474053835084649e-12,1.338310603360995912e-16,4.973576707844635674e-18
1.359000000000000000e+03,5.655557783091265994e-11,4.820474053835084649e-12,1.338803869407603548e-16,4.973576707844635674e-18
1.360000000000000000e+03,5.646518947410692539e-11,4.820524805639514747e-12,1.339543768477514754e-16,4.977728830135098006e-18
1.361000000000000000e+03,5.636736505459565790e-11,4.820541722907658113e-12,1.340037034524121897e-16,4.986033074716021900e-18
1.362000000000000000e+03,5.629943561690730611e-11,4.820575557443944845e-12,1.342256731733855271e-16,4.994337319296947335e-18
1.363000000000000000e+03,5.623909297292526475e-11,4.820575557443944845e-12,1.342256731733855271e-16,5.002641563877871229e-18
1.364000000000000000e+03,5.616216991885656952e-11,4.820575557443944845e-12,1.343274092954983057e-16,5.010945808458795893e-18
1.365000000000000000e+03,5.609856143652412968e-11,4.820643226516518310e-12,1.343274092954983057e-16,5.010945808458795893e-18
1.366000000000000000e+03,5.596084354547103479e-11,4.820643226516518310e-12,1.343274092954983057e-16,5.010945808458795893e-18
1.367000000000000000e+03,5.586327034429441582e-11,4.820643226516518310e-12,1.345000524118109042e-16,5.010945808458795893e-18
1.368000000000000000e+03,5.568686482970579095e-11,4.820677061052805042e-12,1.345987056211323573e-16,5.010945808458795893e-18
1.369000000000000000e+03,5.557944386981103778e-11,4.820710895589090967e-12,1.346541980513757225e-16,5.010945808458795893e-18
1.370000000000000000e+03,5.542107583165001915e-11,4.820761647393521065e-12,1.349501576793401559e-16,5.027554297620645221e-18
1.371000000000000000e+03,5.533355136385925062e-11,4.820761647393521065e-12,1.352122052666003298e-16,5.028073312906952339e-18
1.372000000000000000e+03,5.521809141725582227e-11,4.820778564661664431e-12,1.353108584759218076e-16,5.036377557487877773e-18
1.373000000000000000e+03,5.515478439692495677e-11,4.820829316466094530e-12,1.354588382899040490e-16,5.044681802068801667e-18
1.374000000000000000e+03,5.506615456846174249e-11,4.820846233734237896e-12,1.356580715290415461e-16,5.044681802068801667e-18
1.375000000000000000e+03,5.500942946849861272e-11,4.820829316466094530e-12,1.357567247383630485e-16,5.044681802068801667e-18
1.376000000000000000e+03,5.493044642408581640e-11,4.820863151002381262e-12,1.357659734767369263e-16,5.044681802068801667e-18
1.377000000000000000e+03,5.487045548577228814e-11,4.820846233734237896e-12,1.358646266860584041e-16,5.044681802068801667e-18
1.378000000000000000e+03,5.475685455484523172e-11,4.820880068270524628e-12,1.361975812675183978e-16,5.045719832641417443e-18
1.379000000000000000e+03,5.462586931516065650e-11,4.820880068270524628e-12,1.362469078721791368e-16,5.045719832641417443e-18
1.380000000000000000e+03,5.459431629232908510e-11,4.820896985538667994e-12,1.364442142908220924e-16,5.045719832641417443e-18
1.381000000000000000e+03,5.425863835357471209e-11,4.929844192381760187e-12,1.365535161940330583e-16,5.049744481939197540e-18
1.382000000000000000e+03,5.422221169505099941e-11,4.929691936968469892e-12,1.366783741620805559e-16,5.049874235760774319e-18
1.383000000000000000e+03,5.426642612194875167e-11,4.929878026918046112e-12,1.368633489295583083e-16,5.051950296906005100e-18
1.384000000000000000e+03,5.441012300936642711e-11,4.930250206817200167e-12,1.369126755342190472e-16,5.056102419196468203e-18
1.385000000000000000e+03,5.444644918055628166e-11,4.930402462230489655e-12,1.370884015633229465e-16,5.060773556773237652e-18
1.386000000000000000e+03,5.459522067833380815e-11,4.930808476665929634e-12,1.372117180749748061e-16,5.064925679063700755e-18
1.387000000000000000e+03,5.468611147180883975e-11,4.931079152956223493e-12,1.374090244936177371e-16,5.064925679063700755e-18
1.388000000000000000e+03,5.472570348134909279e-11,4.931129904760653591e-12,1.375200093541044181e-16,5.074267954217240424e-18
1.389000000000000000e+03,5.488547834218413151e-11,4.931637422804953768e-12,1.377789740285733158e-16,5.074267954217240424e-18
1.390000000000000000e+03,5.504952391470816280e-11,4.932077271776680480e-12,1.379762804472162715e-16,5.074267954217240424e-18
1.391000000000000000e+03,5.513096889880048620e-11,4.932314113530686798e-12,1.381735868658592271e-16,5.078420076507702756e-18
1.392000000000000000e+03,5.516970676600294202e-11,4.932398699871403629e-12,1.383708932845022073e-16,5.078420076507702756e-18
1.393000000000000000e+03,5.533440550619704784e-11,4.932872383379417073e-12,1.385759069851234026e-16,5.086724321088626650e-18
1.394000000000000000e+03,5.554331867328890592e-11,4.933430653228147348e-12,1.387362184502707979e-16,5.086724321088626650e-18
1.395000000000000000e+03,5.570359597079323522e-11,4.933870502199874060e-12,1.389828514735744924e-16,5.088800382233858201e-18
1.396000000000000000e+03,5.580001356763048262e-11,4.934141178490167111e-12,1.389828514735744924e-16,5.088800382233858201e-18
1.397000000000000000e+03,5.586673715731253700e-11,4.934310351171600772e-12,1.391554945898870909e-16,5.088800382233858201e-18
1.398000000000000000e+03,5.599470777698135580e-11,4.934631779266323921e-12,1.393034744038693076e-16,5.097104626814782865e-18
1.399000000000000000e+03,5.615875334950538063e-11,4.935020876433621343e-12,1.393651326596952251e-16,5.113713115976632194e-18
1.400000000000000000e+03,5.643137548626353667e-11,4.935680649891211007e-12,1.394637858690167276e-16,5.113713115976632194e-18
1.401000000000000000e+03,5.662059313591911988e-11,4.936120498862937719e-12,1.395377757760078236e-16,5.113713115976632194e-18
1.402000000000000000e+03,5.673449552884774419e-11,4.936391175153231577e-12,1.396117656829989443e-16,5.117865238267093756e-18
1.403000000000000000e+03,5.684437842842203091e-11,4.936628016907237895e-12,1.396117656829989443e-16,5.126169482848018420e-18
1.404000000000000000e+03,5.695848179601837792e-11,4.936864858661245021e-12,1.399570519156241166e-16,5.126169482848018420e-18
1.405000000000000000e+03,5.710087234809589138e-11,4.937135534951538072e-12,1.400310418226152126e-16,5.126169482848018420e-18
1.406000000000000000e+03,5.733274687097441634e-11,4.937659970263981615e-12,1.402776748459189318e-16,5.126169482848018420e-18
1.407000000000000000e+03,5.760572071340107902e-11,4.938252074648998622e-12,1.404009913575707914e-16,5.126169482848018420e-18
1.408000000000000000e+03,5.777383602294637373e-11,4.938607337280008503e-12,1.405982977762137224e-16,5.126428990491172749e-18
1.409000000000000000e+03,5.807906629954161463e-11,4.939199441665025511e-12,1.406969509855352248e-16,5.126428990491172749e-18
1.410000000000000000e+03,5.819206430646551589e-11,4.939402448882745097e-12,1.408942574041781805e-16,5.126428990491172749e-18
1.411000000000000000e+03,5.838781363282190253e-11,4.939774628781899152e-12,1.410422372181603972e-16,5.126428990491172749e-18
1.412000000000000000e+03,5.844237825510707310e-11,4.939893049658901907e-12,1.412148803344729957e-16,5.126428990491172749e-18
1.413000000000000000e+03,5.855793868904437250e-11,4.940028387804048836e-12,1.412642069391337346e-16,5.126428990491172749e-18
1.414000000000000000e+03,5.864345341015795931e-11,4.940197560485482498e-12,1.414245184042811298e-16,5.126428990491172749e-18
1.415000000000000000e+03,5.867284595531158443e-11,4.940231395021769230e-12,1.414738450089418687e-16,5.126428990491172749e-18
1.416000000000000000e+03,5.865274848853988356e-11,4.940180643217339132e-12,1.414738450089418687e-16,5.126428990491172749e-18
1.417000000000000000e+03,5.859572192657516651e-11,4.940011470535905470e-12,1.416218248229241101e-16,5.126428990491172749e-18
1.418000000000000000e+03,5.854271485796479997e-11,4.939926884195188639e-12,1.417698046369063268e-16,5.130581112781634310e-18
1.419000000000000000e+03,5.845815476652286850e-11,4.939706959709325687e-12,1.418191312415670411e-16,5.130581112781634310e-18
1.420000000000000000e+03,5.841077498860856941e-11,4.939588538832322124e-12,1.419054527997233650e-16,5.143037479653022077e-18
1.421000000000000000e+03,5.835173867996669003e-11,4.939453200687175195e-12,1.419547794043841039e-16,5.143037479653022077e-18
1.422000000000000000e+03,5.832375295748710439e-11,4.939385531614601730e-12,1.421027592183663206e-16,5.143037479653022077e-18
1.423000000000000000e+03,5.829325505166103352e-11,4.939385531614601730e-12,1.423000656370092762e-16,5.151341724233945971e-18
1.424000000000000000e+03,5.827642342323973113e-11,4.939317862542028266e-12,1.423000656370092762e-16,5.159645968814870635e-18
1.425000000000000000e+03,5.825351231111999007e-11,4.939284028005742341e-12,1.424048846719133310e-16,5.159645968814870635e-18
1.426000000000000000e+03,5.823230948367584346e-11,4.939233276201312243e-12,1.424542112765740699e-16,5.159645968814870635e-18
1.427000000000000000e+03,5.819643550548836012e-11,4.939148689860595412e-12,1.424665429277392731e-16,5.174178396831488412e-18
1.428000000000000000e+03,5.814498599055279762e-11,4.939047186251735215e-12,1.427131759510429676e-16,5.174178396831488412e-18
1.429000000000000000e+03,5.810996615470310504e-11,4.938979517179161751e-12,1.427871658580340883e-16,5.174178396831488412e-18
1.430000000000000000e+03,5.804329280868798294e-11,4.938827261765872263e-12,1.429351456720163050e-16,5.174178396831488412e-18
1.431000000000000000e+03,5.799460669543352834e-11,4.938725758157012066e-12,1.429844722766770439e-16,5.174178396831488412e-18
1.432000000000000000e+03,5.794938739519720138e-11,4.938624254548151869e-12,1.430461305325029614e-16,5.174178396831488412e-18
1.433000000000000000e+03,5.790024908894038203e-11,4.938539668207435039e-12,1.431447837418244638e-16,5.174178396831488412e-18
1.434000000000000000e+03,5.787477554980724930e-11,4.938455081866718208e-12,1.432311052999807384e-16,5.176254457976719963e-18
1.435000000000000000e+03,5.783885132795283367e-11,4.938455081866718208e-12,1.433297585093022162e-16,5.176254457976719963e-18
1.436000000000000000e+03,5.781533729182993745e-11,4.938387412794144743e-12,1.434284117186237187e-16,5.176254457976719963e-18
1.437000000000000000e+03,5.779307934738027738e-11,4.938353578257858819e-12,1.434530750209540758e-16,5.180406580267182296e-18
1.438000000000000000e+03,5.776680190957627326e-11,4.938336660989715453e-12,1.436997080442577950e-16,5.180406580267182296e-18
1.439000000000000000e+03,5.775584879018569977e-11,4.938268991917141988e-12,1.439833360210570252e-16,5.188710824848106189e-18
1.440000000000000000e+03,5.775519562251561878e-11,4.938252074648998622e-12,1.440326626257177888e-16,5.188710824848106189e-18
1.441000000000000000e+03,5.508831202557754445e-11,5.011537680245935562e-12,1.441739768450516182e-16,5.190786885993336970e-18
1.442000000000000000e+03,5.520497782018728312e-11,5.011470011173362097e-12,1.442880446183296000e-16,5.193381962424876409e-18
1.443000000000000000e+03,5.534274595490731029e-11,5.011436176637075365e-12,1.445100143393029374e-16,5.196496054142723736e-18
1.444000000000000000e+03,5.553080800022352193e-11,5.011402342100788633e-12,1.446487454149112517e-16,5.198831622931108076e-18
1.445000000000000000e+03,5.567927803599947406e-11,5.011334673028215168e-12,1.447473986242327295e-16,5.200907684076338857e-18
1.446000000000000000e+03,5.586824446732041521e-11,5.011300838491928436e-12,1.449200417405453280e-16,5.211287989802494302e-18
1.447000000000000000e+03,5.602279398679481248e-11,5.011300838491928436e-12,1.449816999963712455e-16,5.220111249669726854e-18
1.448000000000000000e+03,5.625125194032214856e-11,5.011267003955641704e-12,1.450156120370755050e-16,5.220111249669726854e-18
1.449000000000000000e+03,5.637555477230512994e-11,5.011250086687498337e-12,1.450156120370755050e-16,5.220111249669726854e-18
1.450000000000000000e+03,5.666174269913418342e-11,5.011216252151211605e-12,1.450156120370755050e-16,5.224263371960189186e-18
1.451000000000000000e+03,5.685678861415356324e-11,5.011199334883068239e-12,1.450402753394058621e-16,5.229453524823267293e-18
1.452000000000000000e+03,5.696084324836405335e-11,5.011148583078638948e-12,1.451959624353663432e-16,5.231529585968498074e-18
1.453000000000000000e+03,5.696948515907588369e-11,5.011182417614924873e-12,1.453562739005137384e-16,5.233605647113729625e-18
1.454000000000000000e+03,5.689301429800955322e-11,5.011148583078638948e-12,1.455535803191566941e-16,5.233605647113729625e-18
1.455000000000000000e+03,5.684086137173698391e-11,5.011131665810495582e-12,1.456892284819737322e-16,5.233605647113729625e-18
1.456000000000000000e+03,5.681423222826447961e-11,5.011165500346781507e-12,1.458264181011864084e-16,5.243985952839885071e-18
1.457000000000000000e+03,5.675494470128795170e-11,5.011182417614924873e-12,1.459250713105079109e-16,5.248138075130347403e-18
1.458000000000000000e+03,5.662446189827267353e-11,5.011199334883068239e-12,1.460237245198293887e-16,5.254366258566041286e-18
1.459000000000000000e+03,5.645614561405965612e-11,5.011250086687498337e-12,1.462456942408027261e-16,5.262670503146965180e-18
1.460000000000000000e+03,5.631043897996481189e-11,5.011250086687498337e-12,1.463875082292023412e-16,5.262670503146965180e-18
1.461000000000000000e+03,5.621567942413623311e-11,5.011300838491928436e-12,1.463875082292023412e-16,5.262670503146965180e-18
1.462000000000000000e+03,5.614719730611165199e-11,5.011300838491928436e-12,1.466341412525060357e-16,5.262670503146965180e-18
1.463000000000000000e+03,5.608373955478000255e-11,5.011300838491928436e-12,1.467019653339145548e-16,5.270974747727889844e-18
1.464000000000000000e+03,5.596772692784034486e-11,5.011351590296358534e-12,1.469485983572182493e-16,5.270974747727889844e-18
1.465000000000000000e+03,5.583342560613843887e-11,5.011317755760071802e-12,1.471952313805219685e-16,5.283431114599276070e-18
1.466000000000000000e+03,5.568997993705540549e-11,5.011402342100788633e-12,1.472938845898434217e-16,5.283690622242430399e-18
1.467000000000000000e+03,5.553738992059125119e-11,5.011402342100788633e-12,1.472938845898434217e-16,5.283690622242430399e-18
1.468000000000000000e+03,5.544795619345717197e-11,5.011402342100788633e-12,1.474418644038256630e-16,5.285766683387661950e-18
1.469000000000000000e+03,5.538374478712158343e-11,5.011453093905218731e-12,1.475898442178078797e-16,5.285766683387661950e-18
1.470000000000000000e+03,5.532169385846394762e-11,5.011453093905218731e-12,1.476391708224686186e-16,5.285766683387661950e-18
1.471000000000000000e+03,5.525255857276929198e-11,5.011520762977792196e-12,1.478364772411115743e-16,5.286804713960276955e-18
1.472000000000000000e+03,5.516669214598718560e-11,5.011520762977792196e-12,1.479597937527634338e-16,5.295108958541201620e-18
1.473000000000000000e+03,5.504500198468452817e-11,5.011520762977792196e-12,1.479597937527634338e-16,5.295108958541201620e-18
1.474000000000000000e+03,5.489120612021407000e-11,5.011571514782222294e-12,1.480707786132500902e-16,5.295108958541201620e-18
1.475000000000000000e+03,5.477298277192952729e-11,5.011571514782222294e-12,1.481940951249019498e-16,5.295108958541201620e-18
1.476000000000000000e+03,5.462511566015671739e-11,5.011639183854794951e-12,1.481940951249019498e-16,5.295108958541201620e-18
1.477000000000000000e+03,5.453869655303839460e-11,5.011656101122938317e-12,1.483174116365538094e-16,5.303413203122126284e-18
1.478000000000000000e+03,5.445323207559172715e-11,5.011689935659225049e-12,1.484160648458752872e-16,5.303413203122126284e-18
1.479000000000000000e+03,5.438434800823171357e-11,5.011673018391081683e-12,1.485887079621878857e-16,5.303413203122126284e-18
1.480000000000000000e+03,5.433129069595442120e-11,5.011706852927368416e-12,1.486935269970919405e-16,5.303413203122126284e-18
1.481000000000000000e+03,5.425391544888336122e-11,5.011706852927368416e-12,1.487921802064134183e-16,5.303413203122126284e-18
1.482000000000000000e+03,5.418251919817688826e-11,5.011740687463655148e-12,1.488168435087437754e-16,5.311717447703050948e-18
1.483000000000000000e+03,5.404480130712379337e-11,5.011774521999941880e-12,1.489154967180652779e-16,5.311717447703050948e-18
1.484000000000000000e+03,5.393984228690857375e-11,5.011791439268085246e-12,1.489894866250563739e-16,5.311717447703050948e-18
1.485000000000000000e+03,5.376408993999002987e-11,5.011791439268085246e-12,1.490388132297171128e-16,5.320021692283974842e-18
1.486000000000000000e+03,5.365506118275354037e-11,5.011808356536228612e-12,1.491004714855430303e-16,5.322097753429206393e-18
1.487000000000000000e+03,5.349945654627362964e-11,5.011825273804371979e-12,1.491004714855430303e-16,5.330401998010131057e-18
1.488000000000000000e+03,5.341409255616082031e-11,5.011859108340658711e-12,1.491128031367082335e-16,5.340782303736286502e-18
1.489000000000000000e+03,5.330179796057393233e-11,5.011909860145088809e-12,1.491621297413689970e-16,5.340782303736286502e-18
1.490000000000000000e+03,5.324075190525488415e-11,5.011926777413232176e-12,1.494087627646726669e-16,5.341820334308902278e-18
1.491000000000000000e+03,5.315322743746411561e-11,5.011926777413232176e-12,1.494580893693334305e-16,5.341820334308902278e-18
1.492000000000000000e+03,5.310238084653170827e-11,5.011909860145088809e-12,1.494704210204986090e-16,5.350643594176134059e-18
1.493000000000000000e+03,5.301837343542598675e-11,5.011943694681375542e-12,1.495690742298200868e-16,5.367252083337984158e-18
1.494000000000000000e+03,5.296742635715972129e-11,5.011994446485805640e-12,1.496199422908764638e-16,5.367316960248772163e-18
1.495000000000000000e+03,5.283337625379245736e-11,5.011977529217662274e-12,1.496199422908764638e-16,5.375621204829696056e-18
1.496000000000000000e+03,5.270344613111340206e-11,5.012028281022092372e-12,1.496692688955372027e-16,5.375621204829696056e-18
1.497000000000000000e+03,5.258788569717610913e-11,5.011994446485805640e-12,1.498419120118498012e-16,5.375621204829696056e-18
1.498000000000000000e+03,5.240796312590243725e-11,5.012062115558379105e-12,1.501378716398142346e-16,5.375621204829696056e-18
1.499000000000000000e+03,5.231360551940929093e-11,5.012079032826522471e-12,1.502457735875096148e-16,5.384184957053774279e-18
1.500000000000000000e+03,5.231275137707149371e-11,5.012095950094665837e-12,1.503937534014918316e-16,5.392489201634698944e-18
1.501000000000000000e+03,5.452714050964466596e-11,5.079646601791011347e-12,1.505604760607691683e-16,5.396057431728064613e-18
1.502000000000000000e+03,5.435364912773793939e-11,5.079595849986581248e-12,1.507485337410382462e-16,5.397095462300681159e-18
1.503000000000000000e+03,5.417925335982648977e-11,5.079629684522867981e-12,1.508903477294378859e-16,5.403323645736375042e-18
1.504000000000000000e+03,5.400375223124258795e-11,5.079629684522867981e-12,1.509643376364289819e-16,5.405918722167913711e-18
1.505000000000000000e+03,5.385171489511465652e-11,5.079629684522867981e-12,1.511123174504112233e-16,5.414222966748837605e-18
1.506000000000000000e+03,5.358240884037383125e-11,5.079646601791011347e-12,1.512510485260195623e-16,5.422527211329762269e-18
1.507000000000000000e+03,5.344680118333176974e-11,5.079646601791011347e-12,1.515223448516536139e-16,5.428755394765455382e-18
1.508000000000000000e+03,5.315795034215546648e-11,5.079680436327298079e-12,1.516764904912184322e-16,5.428755394765455382e-18
1.509000000000000000e+03,5.299676865864640766e-11,5.079646601791011347e-12,1.517751437005399100e-16,5.428755394765455382e-18
1.510000000000000000e+03,5.294778108339037872e-11,5.079663519059154713e-12,1.518614652586962093e-16,5.437059639346380046e-18
1.511000000000000000e+03,5.302646266580159421e-11,5.079697353595440637e-12,1.519847817703480442e-16,5.437059639346380046e-18
1.512000000000000000e+03,5.307509853538911652e-11,5.079680436327298079e-12,1.520849764360651848e-16,5.437059639346380046e-18
1.513000000000000000e+03,5.311609736760339612e-11,5.079646601791011347e-12,1.522452879012125800e-16,5.437059639346380046e-18
1.514000000000000000e+03,5.326672788105730746e-11,5.079680436327298079e-12,1.524425943198555603e-16,5.439135700491611597e-18
1.515000000000000000e+03,5.345559382504439049e-11,5.079663519059154713e-12,1.527632172501503755e-16,5.439135700491611597e-18
1.516000000000000000e+03,5.357773617934941267e-11,5.079697353595440637e-12,1.529111970641325676e-16,5.439135700491611597e-18
1.517000000000000000e+03,5.364425879436375083e-11,5.079697353595440637e-12,1.531948250409318224e-16,5.439135700491611597e-18
1.518000000000000000e+03,5.371465017173164262e-11,5.079680436327298079e-12,1.532133225176796026e-16,5.447439945072535491e-18
1.519000000000000000e+03,5.385126270211229176e-11,5.079629684522867981e-12,1.532688149479229678e-16,5.456263204939768043e-18
1.520000000000000000e+03,5.402229214433948478e-11,5.079663519059154713e-12,1.534661213665658987e-16,5.464567449520692707e-18
1.521000000000000000e+03,5.416819975310205171e-11,5.079629684522867981e-12,1.535154479712266376e-16,5.464567449520692707e-18
1.522000000000000000e+03,5.426160272992354268e-11,5.079646601791011347e-12,1.536695936107914560e-16,5.465086464807000595e-18
1.523000000000000000e+03,5.433113996495363080e-11,5.079612767254724614e-12,1.537867442968607139e-16,5.465086464807000595e-18
1.524000000000000000e+03,5.440047622531600914e-11,5.079595849986581248e-12,1.537990759480258925e-16,5.473390709387924489e-18
1.525000000000000000e+03,5.452171419361630827e-11,5.079595849986581248e-12,1.538730658550170378e-16,5.473390709387924489e-18
1.526000000000000000e+03,5.466249694835208541e-11,5.079595849986581248e-12,1.539223924596777521e-16,5.477542831678386821e-18
1.527000000000000000e+03,5.480448555109417286e-11,5.079595849986581248e-12,1.539840507155036942e-16,5.477542831678386821e-18
1.528000000000000000e+03,5.493858589812835616e-11,5.079578932718437882e-12,1.540333773201644085e-16,5.485847076259311485e-18
1.529000000000000000e+03,5.504128395333175847e-11,5.079578932718437882e-12,1.541875229597292514e-16,5.502455565421160814e-18
1.530000000000000000e+03,5.511328312804138659e-11,5.079562015450294516e-12,1.541875229597292514e-16,5.506607687711623146e-18
1.531000000000000000e+03,5.517719307237540079e-11,5.079578932718437882e-12,1.544341559830329213e-16,5.506607687711623146e-18
1.532000000000000000e+03,5.524250983938344154e-11,5.079545098182151150e-12,1.544403218086155229e-16,5.506607687711623146e-18
1.533000000000000000e+03,5.538665891980348174e-11,5.079578932718437882e-12,1.545389750179370254e-16,5.506607687711623146e-18
1.534000000000000000e+03,5.551673977348332744e-11,5.079562015450294516e-12,1.545883016225977396e-16,5.514911932292547039e-18
1.535000000000000000e+03,5.567194246062780570e-11,5.079578932718437882e-12,1.545883016225977396e-16,5.514911932292547039e-18
1.536000000000000000e+03,5.582523588842896682e-11,5.079562015450294516e-12,1.548595979482318159e-16,5.523216176873472474e-18
1.537000000000000000e+03,5.592697931396071379e-11,5.079528180914007784e-12,1.548842612505621977e-16,5.525292238018703255e-18
1.538000000000000000e+03,5.603108419183813618e-11,5.079545098182151150e-12,1.548842612505621977e-16,5.541900727180552583e-18
1.539000000000000000e+03,5.610785651490604747e-11,5.079528180914007784e-12,1.550322410645443898e-16,5.546052849471014915e-18
1.540000000000000000e+03,5.616990744356367681e-11,5.079528180914007784e-12,1.552418791343525486e-16,5.546052849471014915e-18
1.541000000000000000e+03,5.625481924067412139e-11,5.079528180914007784e-12,1.553405323436740264e-16,5.546052849471014915e-18
1.542000000000000000e+03,5.634882514149876753e-11,5.079545098182151150e-12,1.554391855529955289e-16,5.550204971761476477e-18
1.543000000000000000e+03,5.648845229189517309e-11,5.079511263645864418e-12,1.555378387623170067e-16,5.558509216342401141e-18
1.544000000000000000e+03,5.663164674264355794e-11,5.079528180914007784e-12,1.555625020646473638e-16,5.558509216342401141e-18
1.545000000000000000e+03,5.679066794847465756e-11,5.079494346377721051e-12,1.557104818786296052e-16,5.558509216342401141e-18
1.546000000000000000e+03,5.693521897823013022e-11,5.079528180914007784e-12,1.557598084832903441e-16,5.558509216342401141e-18
1.547000000000000000e+03,5.705690913953279411e-11,5.079562015450294516e-12,1.558584616926117972e-16,5.558509216342401141e-18
1.548000000000000000e+03,5.717045982679291825e-11,5.079528180914007784e-12,1.560865972391677362e-16,5.558509216342401141e-18
1.549000000000000000e+03,5.724703117519310683e-11,5.079528180914007784e-12,1.563332302624714308e-16,5.558509216342401141e-18
1.550000000000000000e+03,5.734179073102168561e-11,5.079545098182151150e-12,1.563918056055060474e-16,5.567072968566479364e-18
1.551000000000000000e+03,5.740107825799820706e-11,5.079528180914007784e-12,1.564565467741232903e-16,5.575377213147404799e-18
1.552000000000000000e+03,5.749362709248190081e-11,5.079494346377721051e-12,1.564565467741232903e-16,5.575377213147404799e-18
1.553000000000000000e+03,5.755859215382143492e-11,5.079494346377721051e-12,1.565798632857751499e-16,5.575377213147404799e-18
1.554000000000000000e+03,5.770741389526589370e-11,5.079511263645864418e-12,1.566785164950966277e-16,5.583681457728328692e-18
1.555000000000000000e+03,5.781694508917167378e-11,5.079494346377721051e-12,1.567771697044180809e-16,5.583681457728328692e-18
1.556000000000000000e+03,5.798787404406500868e-11,5.079511263645864418e-12,1.571347875882084564e-16,5.583681457728328692e-18
1.557000000000000000e+03,5.814744793023233117e-11,5.079511263645864418e-12,1.571841141928691953e-16,5.591985702309253357e-18
1.558000000000000000e+03,5.827767951491296728e-11,5.079494346377721051e-12,1.573320940068514121e-16,5.600289946890177250e-18
1.559000000000000000e+03,5.843248025272201308e-11,5.079477429109577685e-12,1.575294004254943923e-16,5.600289946890177250e-18
1.560000000000000000e+03,5.847187128759454988e-11,5.079511263645864418e-12,1.577760334487980868e-16,5.606518130325871134e-18
1.561000000000000000e+03,5.629903366757186718e-11,5.145979210181036109e-12,1.579127519001866856e-16,5.611124644417285648e-18
1.562000000000000000e+03,5.646649580944708737e-11,5.145962292912892743e-12,1.579990734583430095e-16,5.613200705562516429e-18
1.563000000000000000e+03,5.663576672333175365e-11,5.145962292912892743e-12,1.580634292628613244e-16,5.616379674191151761e-18
1.564000000000000000e+03,5.678921088213371164e-11,5.145945375644749377e-12,1.581559166466002006e-16,5.616639181834305319e-18
1.565000000000000000e+03,5.699631527721611069e-11,5.145996127449179476e-12,1.582237407280086951e-16,5.629095548705692316e-18
1.566000000000000000e+03,5.720331918496465162e-11,5.145996127449179476e-12,1.583347255884953761e-16,5.631171609850923096e-18
1.567000000000000000e+03,5.738675881292337051e-11,5.145996127449179476e-12,1.584827054024775928e-16,5.635323732141386199e-18
1.568000000000000000e+03,5.758733153130496613e-11,5.145979210181036109e-12,1.585482172992926424e-16,5.635842747427693316e-18
1.569000000000000000e+03,5.784226789730402256e-11,5.146046879253609574e-12,1.586314559446576409e-16,5.636361762714001204e-18
1.570000000000000000e+03,5.797305216232088155e-11,5.145979210181036109e-12,1.586807825493183798e-16,5.640513885004463536e-18
1.571000000000000000e+03,5.796109416959171398e-11,5.145945375644749377e-12,1.587547724563095005e-16,5.640513885004463536e-18
1.572000000000000000e+03,5.788462330852538350e-11,5.145945375644749377e-12,1.590877270377694696e-16,5.642589946149694317e-18
1.573000000000000000e+03,5.784493081165127235e-11,5.145962292912892743e-12,1.591370536424302331e-16,5.650894190730618981e-18
1.574000000000000000e+03,5.779735005906926349e-11,5.145945375644749377e-12,1.593713550145687491e-16,5.663350557602005978e-18
1.575000000000000000e+03,5.764948294729646006e-11,5.145979210181036109e-12,1.597906311541850421e-16,5.667502679892468310e-18
1.576000000000000000e+03,5.746312918665584287e-11,5.145996127449179476e-12,1.598646210611761381e-16,5.671654802182929871e-18
1.577000000000000000e+03,5.733093809896496378e-11,5.145979210181036109e-12,1.599632742704976159e-16,5.675806924473392203e-18
1.578000000000000000e+03,5.725517064923564659e-11,5.145962292912892743e-12,1.601852439914709533e-16,5.679959046763855306e-18
1.579000000000000000e+03,5.719050704989769329e-11,5.145979210181036109e-12,1.604072137124442907e-16,5.688263291344779200e-18
1.580000000000000000e+03,5.706409398390367853e-11,5.145945375644749377e-12,1.606661783869131885e-16,5.690339352490009981e-18
1.581000000000000000e+03,5.690105328471823486e-11,5.145979210181036109e-12,1.607894948985650234e-16,5.704871780506628528e-18
1.582000000000000000e+03,5.675187983760526945e-11,5.145996127449179476e-12,1.608634848055561194e-16,5.709023902797090090e-18
1.583000000000000000e+03,5.664320278603728659e-11,5.145996127449179476e-12,1.609621380148776219e-16,5.709023902797090090e-18
1.584000000000000000e+03,5.656808850397804393e-11,5.145996127449179476e-12,1.610361279218687426e-16,5.713176025087553192e-18
1.585000000000000000e+03,5.650483172731411072e-11,5.146046879253609574e-12,1.611902735614335363e-16,5.721480269668477856e-18
1.586000000000000000e+03,5.643916325463756979e-11,5.145996127449179476e-12,1.612889267707550387e-16,5.721480269668477856e-18
1.587000000000000000e+03,5.629762684489785355e-11,5.145962292912892743e-12,1.613397948318114157e-16,5.729849391160190525e-18
1.588000000000000000e+03,5.615518604915340780e-11,5.145979210181036109e-12,1.614877746457936324e-16,5.729849391160190525e-18
1.589000000000000000e+03,5.601993009777984647e-11,5.145979210181036109e-12,1.617714026225928873e-16,5.729849391160190525e-18
1.590000000000000000e+03,5.588155903905667060e-11,5.146046879253609574e-12,1.619193824365751040e-16,5.729849391160190525e-18
1.591000000000000000e+03,5.578318193920918023e-11,5.145962292912892743e-12,1.620550305993921421e-16,5.729849391160190525e-18
1.592000000000000000e+03,5.571414714084838270e-11,5.145979210181036109e-12,1.622030104133743588e-16,5.729849391160190525e-18
1.593000000000000000e+03,5.565269913619389559e-11,5.145996127449179476e-12,1.623078294482784383e-16,5.730368406446498413e-18
1.594000000000000000e+03,5.557401755378268009e-11,5.146063796521752940e-12,1.625544624715821328e-16,5.738672651027422307e-18
1.595000000000000000e+03,5.547423363126117610e-11,5.146046879253609574e-12,1.626531156809036106e-16,5.738672651027422307e-18
1.596000000000000000e+03,5.536093416233570049e-11,5.146013044717322842e-12,1.628010954948858273e-16,5.738672651027422307e-18
1.597000000000000000e+03,5.518427742941242709e-11,5.146046879253609574e-12,1.628041784076771281e-16,5.746976895608347741e-18
1.598000000000000000e+03,5.506062776509952669e-11,5.146013044717322842e-12,1.628781683146682488e-16,5.751129017898809303e-18
1.599000000000000000e+03,5.490708311896371705e-11,5.146029961985466208e-12,1.631741279426326822e-16,5.751129017898809303e-18
1.600000000000000000e+03,5.481212258846741558e-11,5.146063796521752940e-12,1.633221077566148989e-16,5.751129017898809303e-18
1.601000000000000000e+03,5.472484933901129556e-11,5.145996127449179476e-12,1.633221077566148989e-16,5.751129017898809303e-18
1.602000000000000000e+03,5.464481117759298580e-11,5.145996127449179476e-12,1.633960976636059950e-16,5.760471293052348972e-18
1.603000000000000000e+03,5.458657876762197781e-11,5.146046879253609574e-12,1.634700875705971403e-16,5.761509323624965518e-18
1.604000000000000000e+03,5.450307379318555333e-11,5.146013044717322842e-12,1.636673939892400713e-16,5.769813568205889412e-18
1.605000000000000000e+03,5.442182978376094616e-11,5.146080713789896306e-12,1.638400371055526698e-16,5.769813568205889412e-18
1.606000000000000000e+03,5.427813289634326426e-11,5.146046879253609574e-12,1.639386903148741476e-16,5.769813568205889412e-18
1.607000000000000000e+03,5.416277343707368756e-11,5.146013044717322842e-12,1.640866701288563889e-16,5.773965690496351744e-18
1.608000000000000000e+03,5.398259964746537362e-11,5.146013044717322842e-12,1.640866701288563889e-16,5.773965690496351744e-18
1.609000000000000000e+03,5.386643628952492553e-11,5.145996127449179476e-12,1.642099866405082239e-16,5.773965690496351744e-18
1.610000000000000000e+03,5.370806825136390691e-11,5.145996127449179476e-12,1.642593132451689628e-16,5.782269935077276409e-18
1.611000000000000000e+03,5.361853403689596958e-11,5.145996127449179476e-12,1.643333031521600834e-16,5.788498118512969521e-18
1.612000000000000000e+03,5.350327506496025100e-11,5.145979210181036109e-12,1.644319563614815613e-16,5.805106607674819620e-18
1.613000000000000000e+03,5.343836024728764917e-11,5.146013044717322842e-12,1.645306095708030391e-16,5.805106607674819620e-18
1.614000000000000000e+03,5.334691677347640117e-11,5.145996127449179476e-12,1.646292627801245415e-16,5.805106607674819620e-18
1.615000000000000000e+03,5.329144776518650108e-11,5.146046879253609574e-12,1.648265691987674725e-16,5.805106607674819620e-18
1.616000000000000000e+03,5.320281793672329326e-11,5.146013044717322842e-12,1.648265691987674725e-16,5.805106607674819620e-18
1.617000000000000000e+03,5.314202309973888714e-11,5.146013044717322842e-12,1.648265691987674725e-16,5.805106607674819620e-18
1.618000000000000000e+03,5.299902962365822498e-11,5.146046879253609574e-12,1.649252224080889749e-16,5.805106607674819620e-18
1.619000000000000000e+03,5.288055505703903375e-11,5.146029961985466208e-12,1.651225288267319059e-16,5.813410852255743514e-18
1.620000000000000000e+03,5.287342045633507516e-11,5.145996127449179476e-12,1.654061568035311854e-16,5.813410852255743514e-18
1.621000000000000000e+03,5.411192684614128023e-11,5.214764822451845732e-12,1.655559053785142667e-16,5.817567536203994936e-18
1.622000000000000000e+03,5.398983473550318387e-11,5.214815574256275831e-12,1.657347143204094422e-16,5.824833750212304594e-18
1.623000000000000000e+03,5.385206660078316316e-11,5.214764822451845732e-12,1.659813473437131367e-16,5.824833750212304594e-18
1.624000000000000000e+03,5.365390557841416880e-11,5.214764822451845732e-12,1.662256681824233618e-16,5.828985872502766156e-18
1.625000000000000000e+03,5.349222145823581940e-11,5.214730987915559000e-12,1.663798138219881801e-16,5.832099964220613483e-18
1.626000000000000000e+03,5.331687106065270798e-11,5.214781739719989098e-12,1.664661353801444793e-16,5.832099964220613483e-18
1.627000000000000000e+03,5.313358216369477304e-11,5.214815574256275831e-12,1.666511101476222564e-16,5.836252086511075045e-18
1.628000000000000000e+03,5.290929443452257142e-11,5.214815574256275831e-12,1.668237532639348302e-16,5.837290117083691591e-18
1.629000000000000000e+03,5.277353604647971304e-11,5.214764822451845732e-12,1.670827179384037280e-16,5.841442239374153923e-18
1.630000000000000000e+03,5.250222024506171898e-11,5.214798656988132465e-12,1.674526674733592821e-16,5.845594361664615485e-18
1.631000000000000000e+03,5.229179976796198916e-11,5.214798656988132465e-12,1.675297402931416789e-16,5.854417621531848037e-18
1.632000000000000000e+03,5.219985385748145057e-11,5.214764822451845732e-12,1.676098960257154012e-16,5.858569743822310369e-18
1.633000000000000000e+03,5.220839528085942279e-11,5.214798656988132465e-12,1.677825391420279750e-16,5.858569743822310369e-18
1.634000000000000000e+03,5.228617247726591524e-11,5.214798656988132465e-12,1.680784987699924331e-16,5.858569743822310369e-18
1.635000000000000000e+03,5.233531078352272813e-11,5.214815574256275831e-12,1.680908304211576117e-16,5.860645804967541149e-18
1.636000000000000000e+03,5.236204041432909055e-11,5.214832491524419197e-12,1.681648203281487077e-16,5.860645804967541149e-18
1.637000000000000000e+03,5.243901371206471806e-11,5.214832491524419197e-12,1.684114533514524269e-16,5.868950049548465814e-18
1.638000000000000000e+03,5.258843837751232554e-11,5.214815574256275831e-12,1.685101065607739047e-16,5.881406416419852810e-18
1.639000000000000000e+03,5.275976928174109937e-11,5.214832491524419197e-12,1.686580863747561214e-16,5.885558538710315142e-18
1.640000000000000000e+03,5.289603010645324187e-11,5.214832491524419197e-12,1.689787093050509366e-16,5.885558538710315142e-18
1.641000000000000000e+03,5.298244921357156466e-11,5.214815574256275831e-12,1.691513524213635351e-16,5.885558538710315142e-18
1.642000000000000000e+03,5.304304307588825454e-11,5.214849408792562563e-12,1.692130106771894526e-16,5.885558538710315142e-18
1.643000000000000000e+03,5.310423986220808666e-11,5.214798656988132465e-12,1.693120492506098584e-16,5.885558538710315142e-18
1.644000000000000000e+03,5.324864016096277538e-11,5.214781739719989098e-12,1.693120492506098584e-16,5.893862783291239036e-18
1.645000000000000000e+03,5.340027554775527434e-11,5.214815574256275831e-12,1.694107024599313362e-16,5.893862783291239036e-18
1.646000000000000000e+03,5.353985245448475408e-11,5.214798656988132465e-12,1.695833455762439347e-16,5.893862783291239036e-18
1.647000000000000000e+03,5.366626552047876237e-11,5.214798656988132465e-12,1.696326721809046736e-16,5.902167027872164470e-18
1.648000000000000000e+03,5.376202994964592878e-11,5.214815574256275831e-12,1.697066620878957696e-16,5.902167027872164470e-18
1.649000000000000000e+03,5.382433209663821311e-11,5.214798656988132465e-12,1.698546419018779863e-16,5.902167027872164470e-18
1.650000000000000000e+03,5.388020305426354567e-11,5.214764822451845732e-12,1.699286318088691070e-16,5.904243089017395251e-18
1.651000000000000000e+03,5.394773054261646499e-11,5.214798656988132465e-12,1.700272850181905848e-16,5.904243089017395251e-18
1.652000000000000000e+03,5.406439633722620366e-11,5.214832491524419197e-12,1.701382698786772412e-16,5.904243089017395251e-18
1.653000000000000000e+03,5.417312363246111881e-11,5.214815574256275831e-12,1.702122597856683619e-16,5.913585364170935691e-18
1.654000000000000000e+03,5.434616282136548062e-11,5.214815574256275831e-12,1.704095662043113175e-16,5.913585364170935691e-18
1.655000000000000000e+03,5.446534079932167867e-11,5.214815574256275831e-12,1.704835561113024382e-16,5.917737486461397253e-18
1.656000000000000000e+03,5.458471975194559942e-11,5.214798656988132465e-12,1.705328827159631771e-16,5.917737486461397253e-18
1.657000000000000000e+03,5.467877589643716492e-11,5.214798656988132465e-12,1.706438675764498334e-16,5.917737486461397253e-18
1.658000000000000000e+03,5.474127901809716548e-11,5.214781739719989098e-12,1.708658372974231708e-16,5.917737486461397253e-18
1.659000000000000000e+03,5.481845329050050277e-11,5.214781739719989098e-12,1.708658372974231708e-16,5.917737486461397253e-18
1.660000000000000000e+03,5.487382181145654474e-11,5.214781739719989098e-12,1.709644905067446240e-16,5.921889608751859585e-18
1.661000000000000000e+03,5.493833467979371410e-11,5.214764822451845732e-12,1.712111235300483432e-16,5.921889608751859585e-18
1.662000000000000000e+03,5.504525320301917023e-11,5.214815574256275831e-12,1.712604501347090821e-16,5.922927639324475360e-18
1.663000000000000000e+03,5.516201948496276702e-11,5.214747905183702366e-12,1.714577565533520377e-16,5.931231883905400025e-18
1.664000000000000000e+03,5.530270175236469250e-11,5.214781739719989098e-12,1.714947515068475980e-16,5.935384006195862357e-18
1.665000000000000000e+03,5.544710205111937475e-11,5.214730987915559000e-12,1.715934047161690758e-16,5.935384006195862357e-18
1.666000000000000000e+03,5.557391706644882198e-11,5.214747905183702366e-12,1.717907111348120315e-16,5.939536128486324689e-18
1.667000000000000000e+03,5.569741599976093843e-11,5.214747905183702366e-12,1.718400377394727704e-16,5.939536128486324689e-18
1.668000000000000000e+03,5.578705070156273388e-11,5.214764822451845732e-12,1.719386909487942482e-16,5.939536128486324689e-18
1.669000000000000000e+03,5.587527858069050923e-11,5.214764822451845732e-12,1.722839771814194452e-16,5.947840373067248583e-18
1.670000000000000000e+03,5.593979144902767858e-11,5.214764822451845732e-12,1.723826303907409230e-16,5.947840373067248583e-18
1.671000000000000000e+03,5.601184086740423254e-11,5.214730987915559000e-12,1.725306102047231397e-16,5.947840373067248583e-18
1.672000000000000000e+03,5.606921913503744330e-11,5.214764822451845732e-12,1.727772432280268342e-16,5.947840373067248583e-18
1.673000000000000000e+03,5.614106757874628102e-11,5.214714070647415634e-12,1.728758964373483367e-16,5.964448862229097911e-18
1.674000000000000000e+03,5.621984964849136110e-11,5.214697153379272268e-12,1.729498863443394327e-16,5.968600984519560243e-18
1.675000000000000000e+03,5.635580901120192925e-11,5.214697153379272268e-12,1.730978661583216494e-16,5.976905229100484907e-18
1.676000000000000000e+03,5.644031885897694136e-11,5.214730987915559000e-12,1.732581776234690693e-16,5.976905229100484907e-18
1.677000000000000000e+03,5.661305658587972882e-11,5.214730987915559000e-12,1.732581776234690693e-16,5.985209473681408801e-18
1.678000000000000000e+03,5.675393982794937054e-11,5.214697153379272268e-12,1.733568308327905471e-16,5.993513718262334236e-18
1.679000000000000000e+03,5.680478641888177787e-11,5.214730987915559000e-12,1.734554840421120003e-16,5.997665840552795797e-18
1.680000000000000000e+03,5.681784977228338473e-11,5.214680236111128902e-12,1.736527904607549806e-16,5.997665840552795797e-18
1.681000000000000000e+03,5.990833772510203308e-11,5.284176373643958287e-12,1.737373583111955262e-16,6.000181848249310743e-18
1.682000000000000000e+03,5.978956169648126103e-11,5.284210208180245019e-12,1.738484395127069269e-16,6.001236098049624483e-18
1.683000000000000000e+03,5.963903167036120782e-11,5.284193290912101653e-12,1.739470927220284047e-16,6.003312159194854493e-18
1.684000000000000000e+03,5.947895534752458828e-11,5.284210208180245019e-12,1.740827408848454182e-16,6.007464281485316825e-18
1.685000000000000000e+03,5.936138516691012656e-11,5.284260959984675118e-12,1.742954618674448778e-16,6.011097388489472040e-18
1.686000000000000000e+03,5.914634227245290398e-11,5.284244042716531752e-12,1.744126125535141358e-16,6.015249510779934372e-18
1.687000000000000000e+03,5.900465513171240380e-11,5.284210208180245019e-12,1.744619391581748747e-16,6.022515724788243261e-18
1.688000000000000000e+03,5.879604342662212654e-11,5.284193290912101653e-12,1.745482607163311493e-16,6.024591785933474812e-18
1.689000000000000000e+03,5.859064731621530901e-11,5.284193290912101653e-12,1.746469139256526517e-16,6.024591785933474812e-18
1.690000000000000000e+03,5.847790052762606273e-11,5.284193290912101653e-12,1.748442203442956074e-16,6.024591785933474812e-18
1.691000000000000000e+03,5.820196230885057592e-11,5.284244042716531752e-12,1.749505808355953248e-16,6.032896030514398706e-18
1.692000000000000000e+03,5.796903266896653750e-11,5.284193290912101653e-12,1.751478872542383051e-16,6.032896030514398706e-18
1.693000000000000000e+03,5.784884981767175182e-11,5.284159456375814921e-12,1.752712037658901400e-16,6.045352397385784931e-18
1.694000000000000000e+03,5.776805800124950941e-11,5.284193290912101653e-12,1.753945202775419750e-16,6.045352397385784931e-18
1.695000000000000000e+03,5.780795147279133680e-11,5.284159456375814921e-12,1.757151432078368148e-16,6.053656641966710366e-18
1.696000000000000000e+03,5.788120673917419461e-11,5.284159456375814921e-12,1.757274748590019934e-16,6.062998917120250035e-18
1.697000000000000000e+03,5.793114894410187890e-11,5.284159456375814921e-12,1.761143804143096896e-16,6.062998917120250035e-18
1.698000000000000000e+03,5.795687370156966015e-11,5.284176373643958287e-12,1.762746918794570602e-16,6.062998917120250035e-18
1.699000000000000000e+03,5.800882565317451324e-11,5.284176373643958287e-12,1.765213249027607794e-16,6.062998917120250035e-18
1.700000000000000000e+03,5.811966318242045530e-11,5.284176373643958287e-12,1.766323097632474358e-16,6.062998917120250035e-18
1.701000000000000000e+03,5.830325354137995813e-11,5.284159456375814921e-12,1.767309629725689382e-16,6.071303161701174700e-18
1.702000000000000000e+03,5.847830247696149520e-11,5.284210208180245019e-12,1.768419478330555946e-16,6.072341192273790475e-18
1.703000000000000000e+03,5.859125024021847063e-11,5.284193290912101653e-12,1.770145909493681931e-16,6.072341192273790475e-18
1.704000000000000000e+03,5.866510843060447714e-11,5.284210208180245019e-12,1.770639175540289320e-16,6.072341192273790475e-18
1.705000000000000000e+03,5.872178328690067463e-11,5.284227125448388385e-12,1.771194099842722479e-16,6.073379222846405481e-18
1.706000000000000000e+03,5.878840638924887090e-11,5.284176373643958287e-12,1.772180631935937257e-16,6.073379222846405481e-18
1.707000000000000000e+03,5.891381458190430449e-11,5.284210208180245019e-12,1.773413797052455853e-16,6.073379222846405481e-18
1.708000000000000000e+03,5.903992618589673844e-11,5.284210208180245019e-12,1.773413797052455853e-16,6.083759528572561696e-18
1.709000000000000000e+03,5.921487463414441093e-11,5.284193290912101653e-12,1.774400329145670631e-16,6.092063773153485590e-18
1.710000000000000000e+03,5.935404959153845174e-11,5.284227125448388385e-12,1.776620026355404005e-16,6.094139834298716371e-18
1.711000000000000000e+03,5.945182376738279340e-11,5.284227125448388385e-12,1.777236608913663179e-16,6.094139834298716371e-18
1.712000000000000000e+03,5.954658332321137864e-11,5.284210208180245019e-12,1.779209673100092982e-16,6.102444078879641805e-18
1.713000000000000000e+03,5.960928741953908898e-11,5.284227125448388385e-12,1.780196205193307514e-16,6.106596201170104137e-18
1.714000000000000000e+03,5.966224424448252969e-11,5.284210208180245019e-12,1.782045952868085284e-16,6.114900445751028031e-18
1.715000000000000000e+03,5.973781071954413065e-11,5.284193290912101653e-12,1.784512283101122229e-16,6.114900445751028031e-18
1.716000000000000000e+03,5.982433031399631155e-11,5.284227125448388385e-12,1.786485347287552032e-16,6.119052568041490363e-18
1.717000000000000000e+03,5.995797846802813656e-11,5.284244042716531752e-12,1.787965145427374199e-16,6.127356812622415798e-18
1.718000000000000000e+03,6.009182759672767779e-11,5.284244042716531752e-12,1.789691576590499938e-16,6.127356812622415798e-18
1.719000000000000000e+03,6.024406590752332546e-11,5.284277877252818484e-12,1.791171374730322351e-16,6.135661057203339692e-18
1.720000000000000000e+03,6.037560382754412355e-11,5.284244042716531752e-12,1.793391071940055479e-16,6.137737118348570472e-18
1.721000000000000000e+03,6.048895354013653145e-11,5.284260959984675118e-12,1.794870870079877892e-16,6.137737118348570472e-18
1.722000000000000000e+03,6.058712966531630558e-11,5.284260959984675118e-12,1.795980718684744456e-16,6.146041362929495907e-18
1.723000000000000000e+03,6.065676738768024535e-11,5.284260959984675118e-12,1.798940314964388790e-16,6.146041362929495907e-18
1.724000000000000000e+03,6.073615238142848059e-11,5.284244042716531752e-12,1.800050163569255354e-16,6.147079393502110912e-18
1.725000000000000000e+03,6.078740092169632686e-11,5.284260959984675118e-12,1.800589673307732132e-16,6.155383638083035576e-18
1.726000000000000000e+03,6.086839371278627904e-11,5.284244042716531752e-12,1.801082939354339767e-16,6.163687882663959470e-18
1.727000000000000000e+03,6.092396320841004370e-11,5.284294794520961850e-12,1.801822838424250974e-16,6.163687882663959470e-18
1.728000000000000000e+03,6.106183183046392253e-11,5.284294794520961850e-12,1.802316104470858363e-16,6.163687882663959470e-18
1.729000000000000000e+03,6.117558349239176290e-11,5.284277877252818484e-12,1.804289168657287919e-16,6.163687882663959470e-18
1.730000000000000000e+03,6.132410377183465378e-11,5.284311711789105216e-12,1.806508865867021047e-16,6.167840004954422573e-18
1.731000000000000000e+03,6.149000836003505701e-11,5.284294794520961850e-12,1.807495397960236071e-16,6.167840004954422573e-18
1.732000000000000000e+03,6.160406148396447818e-11,5.284311711789105216e-12,1.809468462146665381e-16,6.176144249535346466e-18
1.733000000000000000e+03,6.176162562345462542e-11,5.284311711789105216e-12,1.812921324472917351e-16,6.176144249535346466e-18
1.734000000000000000e+03,6.184503011055719824e-11,5.284328629057248582e-12,1.812921324472917351e-16,6.192752738697195024e-18
1.735000000000000000e+03,6.196481101251655146e-11,5.284345546325391141e-12,1.813414590519524740e-16,6.192752738697195024e-18
1.736000000000000000e+03,6.204148284825059816e-11,5.284277877252818484e-12,1.814401122612739518e-16,6.201056983278120459e-18
1.737000000000000000e+03,6.211986296866023931e-11,5.284294794520961850e-12,1.815757604240909900e-16,6.209361227859045123e-18
1.738000000000000000e+03,6.219884601307302916e-11,5.284244042716531752e-12,1.818223934473946845e-16,6.209361227859045123e-18
1.739000000000000000e+03,6.222838928922743176e-11,5.284277877252818484e-12,1.819703732613769258e-16,6.213513350149506685e-18
1.740000000000000000e+03,6.223723217460698480e-11,5.284328629057248582e-12,1.822170062846806204e-16,6.213513350149506685e-18
1.741000000000000000e+03,6.184784375590523843e-11,5.349747704967533189e-12,1.823188432638036347e-16,6.216516188102368971e-18
1.742000000000000000e+03,6.196511247451811934e-11,5.349730787699389823e-12,1.823751064222448065e-16,6.220668310392831303e-18
1.743000000000000000e+03,6.211614493730746961e-11,5.349747704967533189e-12,1.824675938059837074e-16,6.227934524401140191e-18
1.744000000000000000e+03,6.230676940963707291e-11,5.349730787699389823e-12,1.825785786664703638e-16,6.234162707836834075e-18
1.745000000000000000e+03,6.244262828501378941e-11,5.349730787699389823e-12,1.826036273328996489e-16,6.236303645892853630e-18
1.746000000000000000e+03,6.266420285617180895e-11,5.349747704967533189e-12,1.828394701614338029e-16,6.242531829328545973e-18
1.747000000000000000e+03,6.282036017298794255e-11,5.349680035894959724e-12,1.829504550219204840e-16,6.243569859901162519e-18
1.748000000000000000e+03,6.307097558363108058e-11,5.349713870431246456e-12,1.830922690103200991e-16,6.243569859901162519e-18
1.749000000000000000e+03,6.319256525759989281e-11,5.349713870431246456e-12,1.831970880452241785e-16,6.247721982191624081e-18
1.750000000000000000e+03,6.345322940162888128e-11,5.349713870431246456e-12,1.832649121266326976e-16,6.253431150341010076e-18
1.751000000000000000e+03,6.366495621406876662e-11,5.349730787699389823e-12,1.834452625249235111e-16,6.261994902565088299e-18
1.752000000000000000e+03,6.379830290609902373e-11,5.349730787699389823e-12,1.834945891295842746e-16,6.261994902565088299e-18
1.753000000000000000e+03,6.385115924370859987e-11,5.349730787699389823e-12,1.835693497647732020e-16,6.261994902565088299e-18
1.754000000000000000e+03,6.378322980602024162e-11,5.349747704967533189e-12,1.836556713229295013e-16,6.272375208291244515e-18
1.755000000000000000e+03,6.371067795097439708e-11,5.349713870431246456e-12,1.838776410439028387e-16,6.276527330581706076e-18
1.756000000000000000e+03,6.367962736481211627e-11,5.349730787699389823e-12,1.842229272765280110e-16,6.282755514017399189e-18
1.757000000000000000e+03,6.364807434198053840e-11,5.349747704967533189e-12,1.842475905788583681e-16,6.283274529303707077e-18
1.758000000000000000e+03,6.354457238810626470e-11,5.349730787699389823e-12,1.844942236021620873e-16,6.291578773884631741e-18
1.759000000000000000e+03,6.335143573243020202e-11,5.349747704967533189e-12,1.845933585166072128e-16,6.291594993112328935e-18
1.760000000000000000e+03,6.317719069551952989e-11,5.349713870431246456e-12,1.846920117259286660e-16,6.291594993112328935e-18
1.761000000000000000e+03,6.306333854625783786e-11,5.349730787699389823e-12,1.848893181445716462e-16,6.308203482274178263e-18
1.762000000000000000e+03,6.299179156455057449e-11,5.349696953163103090e-12,1.850126346562234812e-16,6.308203482274178263e-18
1.763000000000000000e+03,6.293220257557247224e-11,5.349730787699389823e-12,1.852099410748664614e-16,6.316507726855102157e-18
1.764000000000000000e+03,6.285402342983054732e-11,5.349713870431246456e-12,1.852346043771968186e-16,6.328964093726488383e-18
1.765000000000000000e+03,6.272047576313258690e-11,5.349713870431246456e-12,1.853332575865182964e-16,6.337268338307413818e-18
1.766000000000000000e+03,6.254070392285969896e-11,5.349713870431246456e-12,1.855860564354045925e-16,6.345572582888338482e-18
1.767000000000000000e+03,6.240394066147826588e-11,5.349713870431246456e-12,1.857586995517171910e-16,6.345572582888338482e-18
1.768000000000000000e+03,6.229541434091106050e-11,5.349730787699389823e-12,1.858326894587082870e-16,6.345572582888338482e-18
1.769000000000000000e+03,6.219914747507460997e-11,5.349696953163103090e-12,1.859806692726905037e-16,6.345572582888338482e-18
1.770000000000000000e+03,6.213463460673744061e-11,5.349730787699389823e-12,1.862026389936638411e-16,6.345572582888338482e-18
1.771000000000000000e+03,6.207866316177824348e-11,5.349680035894959724e-12,1.863999454123068214e-16,6.353876827469262376e-18
1.772000000000000000e+03,6.201384883143950623e-11,5.349696953163103090e-12,1.864492720169675603e-16,6.353876827469262376e-18
1.773000000000000000e+03,6.188894307545336969e-11,5.349696953163103090e-12,1.867575632960971723e-16,6.353876827469262376e-18
1.774000000000000000e+03,6.178001480555073184e-11,5.349730787699389823e-12,1.869672013659053311e-16,6.362181072050187810e-18
1.775000000000000000e+03,6.160406148396447818e-11,5.349680035894959724e-12,1.870658545752268089e-16,6.370485316631111704e-18
1.776000000000000000e+03,6.148488350600827367e-11,5.349747704967533189e-12,1.870905178775571661e-16,6.370485316631111704e-18
1.777000000000000000e+03,6.135565679466623165e-11,5.349680035894959724e-12,1.871891710868786439e-16,6.370485316631111704e-18
1.778000000000000000e+03,6.126461527019041611e-11,5.349747704967533189e-12,1.874481357613475416e-16,6.378789561212036368e-18
1.779000000000000000e+03,6.119970045251781428e-11,5.349730787699389823e-12,1.875491011552624888e-16,6.387158682703749037e-18
1.780000000000000000e+03,6.111840619942626837e-11,5.349747704967533189e-12,1.876477543645839667e-16,6.395462927284673701e-18
1.781000000000000000e+03,6.106554986181669223e-11,5.349730787699389823e-12,1.877464075739054691e-16,6.405843233010829146e-18
1.782000000000000000e+03,6.099139020942910491e-11,5.349713870431246456e-12,1.877464075739054691e-16,6.405843233010829146e-18
1.783000000000000000e+03,6.090838767166197747e-11,5.349781539503819921e-12,1.878450607832269223e-16,6.405843233010829146e-18
1.784000000000000000e+03,6.077363415695770672e-11,5.349730787699389823e-12,1.878450607832269223e-16,6.414147477591753810e-18
1.785000000000000000e+03,6.066189224170704161e-11,5.349696953163103090e-12,1.879190506902180430e-16,6.414147477591753810e-18
1.786000000000000000e+03,6.049056133747826132e-11,5.349730787699389823e-12,1.881656837135217375e-16,6.422451722172678474e-18
1.787000000000000000e+03,6.038173355490950098e-11,5.349713870431246456e-12,1.882396736205128335e-16,6.422451722172678474e-18
1.788000000000000000e+03,6.023039963011856990e-11,5.349730787699389823e-12,1.884369800391558138e-16,6.430755966753603139e-18
1.789000000000000000e+03,6.014759806701915870e-11,5.349713870431246456e-12,1.887082763647898901e-16,6.439060211334527803e-18
1.790000000000000000e+03,6.003856930978266920e-11,5.349713870431246456e-12,1.889055827834328210e-16,6.439060211334527803e-18
1.791000000000000000e+03,5.997988470680929645e-11,5.349730787699389823e-12,1.891768791090668973e-16,6.439060211334527803e-18
1.792000000000000000e+03,5.989507339703270999e-11,5.349730787699389823e-12,1.893248589230491387e-16,6.447364455915451697e-18
1.793000000000000000e+03,5.984633704011132310e-11,5.349730787699389823e-12,1.894281365015575554e-16,6.455668700496376361e-18
1.794000000000000000e+03,5.976534424902135800e-11,5.349713870431246456e-12,1.895267897108790332e-16,6.463972945077301025e-18
1.795000000000000000e+03,5.971138255073933612e-11,5.349730787699389823e-12,1.896254429202005357e-16,6.463972945077301025e-18
1.796000000000000000e+03,5.959823381281464445e-11,5.349764622235676555e-12,1.899460658504953509e-16,6.472277189658225689e-18
1.797000000000000000e+03,5.947513682883796693e-11,5.349696953163103090e-12,1.900447190598168040e-16,6.472277189658225689e-18
1.798000000000000000e+03,5.938409530436215139e-11,5.349713870431246456e-12,1.904639951994330970e-16,6.476429311948688021e-18
1.799000000000000000e+03,5.923879061960274608e-11,5.349781539503819921e-12,1.905133218040938359e-16,6.476429311948688021e-18
1.800000000000000000e+03,5.916041049919309201e-11,5.349764622235676555e-12,1.906613016180760527e-16,6.476429311948688021e-18
