time_s,heat_balance,moisture_balance,heat_quadrature_difference,moisture_quadrature_difference
0.000000000000000000e+00,0.000000000000000000e+00,0.000000000000000000e+00,0.000000000000000000e+00,0.000000000000000000e+00
1.000000000000000000e+00,7.747591686940407888e-17,1.841761010141461998e-14,8.236953082463658450e-20,3.569988232305826940e-21
2.000000000000000000e+00,3.227252477651668053e-16,3.526951381954764189e-14,1.502628573446775609e-19,8.500633452229758277e-21
3.000000000000000000e+00,6.997210310592300338e-16,5.045020125889376518e-14,2.093439907591285683e-19,1.498832453107703481e-20
4.000000000000000000e+00,1.256496468399574428e-15,6.640579539966882756e-14,2.711347154940548014e-19,1.810241624892372971e-20
5.000000000000000000e+00,1.882915457767616985e-15,8.014787073681411852e-14,3.320704136345199060e-19,2.121650796677042160e-20
6.000000000000000000e+00,2.708444603775237679e-15,9.511852963132992239e-14,4.063493436998142055e-19,3.055878312031049728e-20
7.000000000000000000e+00,3.650332427525186210e-15,1.095323725048466732e-13,5.157204920222853776e-19,3.393238248131108191e-20
8.000000000000000000e+00,4.679548675539322434e-15,1.231745632685597176e-13,6.320041088689912577e-19,3.600844362654221185e-20
9.000000000000000000e+00,5.989484239392342493e-15,1.384995596309840144e-13,7.333337922836965665e-19,3.814938168256181572e-20
1.000000000000000000e+01,7.409726486561120674e-15,1.532071417892551983e-13,7.643556022461152597e-19,4.333953454563963454e-20
1.100000000000000000e+01,8.594598743241961052e-15,1.642448662558385067e-13,7.887298815023012245e-19,4.541559569087076447e-20
1.200000000000000000e+01,9.455518333475478740e-15,1.715802201560210085e-13,8.324687067288169554e-19,4.801067212240967990e-20
1.300000000000000000e+01,1.008690679685834511e-14,1.765410768728972918e-13,9.209097674291285703e-19,5.008673326764080983e-20
1.400000000000000000e+01,1.056516615474526691e-14,1.799834766077516808e-13,9.746680592273569874e-19,5.423885555810306368e-20
1.500000000000000000e+01,1.093290416521211588e-14,1.824434852948761816e-13,1.064843258372772608e-18,5.890999313487310303e-20
1.600000000000000000e+01,1.122655239339070613e-14,1.842450421859842139e-13,1.113688157909872688e-18,6.150506956641201244e-20
1.700000000000000000e+01,1.145658644757146025e-14,1.855894363387500452e-13,1.218507192813945556e-18,6.565719185687427230e-20
1.800000000000000000e+01,1.164132024248225532e-14,1.866127988952645726e-13,1.275252056378742389e-18,7.240439057887542954e-20
1.900000000000000000e+01,1.179418561779290293e-14,1.874016986886050387e-13,1.370436988810014305e-18,8.070863515979996132e-20
2.000000000000000000e+01,1.192033451200688832e-14,1.880214258005121463e-13,1.428530626721003315e-18,8.537977273657000066e-20
2.100000000000000000e+01,1.202727403551501056e-14,1.885125552412984117e-13,1.556664189609254037e-18,9.368401731749450836e-20
2.200000000000000000e+01,1.211748202540704223e-14,1.889048243963720326e-13,1.627185819710155922e-18,1.019882618984190281e-19
2.300000000000000000e+01,1.219449123951394695e-14,1.892283671496133548e-13,1.718131747053395396e-18,1.066593994751890674e-19
2.400000000000000000e+01,1.225903766905050743e-14,1.894889988119466604e-13,1.801370392418394608e-18,1.118495523382668983e-19
2.500000000000000000e+01,1.231465407184768884e-14,1.897057513100331605e-13,1.877094437854609282e-18,1.201537969191913940e-19
2.600000000000000000e+01,1.236352388850934977e-14,1.898862902810003432e-13,1.952047755092999524e-18,1.243059192096536538e-19
2.700000000000000000e+01,1.240542632167105587e-14,1.900377526973461658e-13,2.014091375017836526e-18,1.269009956411925632e-19
2.800000000000000000e+01,1.244256934497715683e-14,1.901670111992538455e-13,2.093283697344259596e-18,1.269009956411925632e-19
2.900000000000000000e+01,1.247510015667061204e-14,1.902748587836676028e-13,2.176907706808170253e-18,1.336481943631937566e-19
3.000000000000000000e+01,1.250149770824086595e-14,1.903676394261412250e-13,2.287121839097011824e-18,1.383193319399637839e-19
3.100000000000000000e+01,1.252720833467732255e-14,1.904458817913041672e-13,2.343577679587624593e-18,1.409144083715026933e-19
3.200000000000000000e+01,1.254874834423000208e-14,1.905140795285069858e-13,2.447625986293873415e-18,1.435094848030416027e-19
3.300000000000000000e+01,1.257122060932140910e-14,1.905735542993234064e-13,2.490594083322564812e-18,1.455855459482727206e-19
3.400000000000000000e+01,1.258917879496213961e-14,1.906245704360681692e-13,2.570557133846811542e-18,1.497376682387349805e-19
3.500000000000000000e+01,1.260517433736344589e-14,1.906695069295739098e-13,2.629325158930896447e-18,1.590799433922750832e-19
3.600000000000000000e+01,1.261950163301124197e-14,1.907102141060438089e-13,2.732024691290953094e-18,1.673841879731995789e-19
3.700000000000000000e+01,1.263206254974355704e-14,1.907453703039041912e-13,2.796573177858718917e-18,1.736123714088929807e-19
3.800000000000000000e+01,1.264609544890543909e-14,1.907752398554697716e-13,2.830870582661889514e-18,1.788025242719707995e-19
3.900000000000000000e+01,1.265178711429977014e-14,1.908019374192584708e-13,2.898309299971495218e-18,1.850307077076641773e-19
4.000000000000000000e+01,1.266395550238419878e-14,1.908251986629555487e-13,2.974226027457165807e-18,1.891828299981264372e-19
4.100000000000000000e+01,1.267573136182074415e-14,1.908489885712821321e-13,3.010835616853808540e-18,1.933349522885886730e-19
4.200000000000000000e+01,1.268721282477137550e-14,1.908664345040549280e-13,3.110259554373113090e-18,1.974870745790509328e-19
4.300000000000000000e+01,1.269751670177835230e-14,1.908854664307161897e-13,3.196581112529408484e-18,2.000821510105898663e-19
4.400000000000000000e+01,1.270281583852479693e-14,1.909023836988595306e-13,3.234732158321699693e-18,2.068293497325910356e-19
4.500000000000000000e+01,1.270772244662335671e-14,1.909166576438554705e-13,3.372307141633295068e-18,2.109814720230532955e-19
4.600000000000000000e+01,1.271174586526417599e-14,1.909277596010745293e-13,3.455545786998294280e-18,2.115004873093610629e-19
4.700000000000000000e+01,1.271449356579936991e-14,1.909393902229230683e-13,3.525682053000284721e-18,2.166906401724388817e-19
4.800000000000000000e+01,1.272440491415846187e-14,1.909489061862537117e-13,3.572696473067552645e-18,2.275899611849022868e-19
4.900000000000000000e+01,1.272499370713028993e-14,1.909600081434727705e-13,3.659788759421671698e-18,2.338181446205956886e-19
5.000000000000000000e+01,1.273274614792601445e-14,1.909679381129149734e-13,3.709500728181323974e-18,2.410843586289046735e-19
5.100000000000000000e+01,1.273833968115837310e-14,1.909774540762455916e-13,3.795436922238706767e-18,2.436794350604435348e-19
5.200000000000000000e+01,1.274069485304568218e-14,1.909843267164288089e-13,3.860178090855928120e-18,2.519836796413681026e-19
5.300000000000000000e+01,1.274226496763722156e-14,1.909933140151299721e-13,3.954206930990463967e-18,2.582118630770614563e-19
5.400000000000000000e+01,1.274422761087664579e-14,1.909970146675363335e-13,3.990816520387107856e-18,2.608069395086003657e-19
5.500000000000000000e+01,1.274579772546818517e-14,1.910038873077195507e-13,4.044767494234792573e-18,2.649590617990626497e-19
5.600000000000000000e+01,1.275031180491886011e-14,1.910128746064206888e-13,4.109894026950925756e-18,2.691111840895248855e-19
5.700000000000000000e+01,1.274991927627097526e-14,1.910144606003091293e-13,4.168084005886642916e-18,2.732633063799871694e-19
5.800000000000000000e+01,1.275247071248222755e-14,1.910197472466039313e-13,4.219722795140854341e-18,2.774154286704494052e-19
5.900000000000000000e+01,1.275384456274982372e-14,1.910266198867871737e-13,4.319146732660159662e-18,2.836436121061428071e-19
6.000000000000000000e+01,1.275541467734136310e-14,1.910292632099345495e-13,4.418570670179463442e-18,2.877957343966050429e-19
6.100000000000000000e+01,9.659007392512617338e-12,6.628962795564862391e-13,4.514340046405277820e-18,2.954836483250390903e-19
6.200000000000000000e+01,9.565956317623956225e-12,6.628539863861279247e-13,4.571951979192626079e-18,2.985977400428857912e-19
6.300000000000000000e+01,9.446201322555365276e-12,6.627260495457939202e-13,4.669834460316282538e-18,3.048259234785791449e-19
6.400000000000000000e+01,9.321404689533342549e-12,6.624220673838433651e-13,4.746329233950320487e-18,3.113136145574264425e-19
6.500000000000000000e+01,9.227356591879055007e-12,6.620102376374789518e-13,4.803363120589301386e-18,3.118326298437341858e-19
6.600000000000000000e+01,9.035281333666868278e-12,6.608265575320748716e-13,4.909723611889022730e-18,3.139086909889653519e-19
6.700000000000000000e+01,8.948146450559127207e-12,6.598976937780797392e-13,4.972923324110595992e-18,3.222129355698898235e-19
6.800000000000000000e+01,8.745516293269642082e-12,6.573204537093681952e-13,5.063869251453835658e-18,3.268840731466598508e-19
6.900000000000000000e+01,8.599280530557445649e-12,6.548378446093334541e-13,5.125527507279760829e-18,3.320742260097377177e-19
7.000000000000000000e+01,8.488695397232093059e-12,6.521279097186226342e-13,5.239595280557722627e-18,3.362263483001999535e-19
7.100000000000000000e+01,8.270091482881258532e-12,6.466911226690576284e-13,5.399906745705127918e-18,3.445305928811244733e-19
7.200000000000000000e+01,8.106852164199988608e-12,6.415995536225426327e-13,5.506267237004849262e-18,3.466066540263555912e-19
7.300000000000000000e+01,8.020425206508706234e-12,6.379422517158049242e-13,5.611086271908921744e-18,3.466066540263555912e-19
7.400000000000000000e+01,7.989302395075214694e-12,6.357630961130912075e-13,5.659642148371837759e-18,3.564679444662034854e-19
7.500000000000000000e+01,8.042736142325831783e-12,6.363372259007057874e-13,5.681222537910911800e-18,3.689243113375902410e-19
7.600000000000000000e+01,8.100148952480058903e-12,6.373575486356007406e-13,5.708968753032578204e-18,3.689243113375902410e-19
7.700000000000000000e+01,8.127377879726533885e-12,6.377329005225310711e-13,5.779875747232391920e-18,3.689243113375902410e-19
7.800000000000000000e+01,8.145336457895912390e-12,6.379898315324580406e-13,5.878528956553872040e-18,3.689243113375902410e-19
7.900000000000000000e+01,8.227949607244343665e-12,6.397613867058430845e-13,6.067357365020768165e-18,3.787856017774380871e-19
8.000000000000000000e+01,8.357632829403885567e-12,6.427821763986877524e-13,6.116683969681508610e-18,3.787856017774380871e-19
8.100000000000000000e+01,8.489572698760116127e-12,6.461106489058893873e-13,6.172176399924840648e-18,3.787856017774380871e-19
8.200000000000000000e+01,8.596189759984001134e-12,6.491451838791004392e-13,6.243083394124655134e-18,3.808616629226692531e-19
8.300000000000000000e+01,8.668517088643258763e-12,6.516552835398681503e-13,6.424204520613310036e-18,3.891659075035937247e-19
8.400000000000000000e+01,8.725906739607260038e-12,6.541262620180543272e-13,6.572184334595529830e-18,3.974701520845182445e-19
8.500000000000000000e+01,8.777872429714788757e-12,6.564185518514765021e-13,6.683169195082195446e-18,3.974701520845182445e-19
8.600000000000000000e+01,8.857102374647100084e-12,6.598643879064225376e-13,6.717081235786454214e-18,3.974701520845182445e-19
8.700000000000000000e+01,8.952640314784436054e-12,6.640577557474522521e-13,6.786446773590620609e-18,3.974701520845182445e-19
8.800000000000000000e+01,9.098700617191028843e-12,6.710403581736147142e-13,6.786446773590620609e-18,3.974701520845182445e-19
8.900000000000000000e+01,9.204199364297088589e-12,6.767763694034650039e-13,6.817275901503583195e-18,4.016222743749805284e-19
9.000000000000000000e+01,9.284843982476377979e-12,6.816622879091125583e-13,6.849646485812193100e-18,4.026603049475961114e-19
9.100000000000000000e+01,9.361553893489270345e-12,6.872037505553144402e-13,6.849646485812193100e-18,4.109645495285206312e-19
9.200000000000000000e+01,9.412530018875480928e-12,6.912712962145280709e-13,6.886641439307748819e-18,4.109645495285206312e-19
9.300000000000000000e+01,9.456475956178074867e-12,6.947932599761191531e-13,6.935968043968489265e-18,4.109645495285206312e-19
9.400000000000000000e+01,9.515866718188992464e-12,6.994254194596166192e-13,6.948299695133674761e-18,4.109645495285206312e-19
9.500000000000000000e+01,9.589872891875254580e-12,7.053358900171950693e-13,6.963714259090155669e-18,4.151166718189828670e-19
9.600000000000000000e+01,9.673955275952720020e-12,7.121493197619241729e-13,7.000709212585711388e-18,4.234209163999073867e-19
9.700000000000000000e+01,9.789587935161223672e-12,7.223514897816154513e-13,7.081635673357237308e-18,4.234209163999073867e-19
9.800000000000000000e+01,9.871791284601262896e-12,7.299092793246513527e-13,7.123254996039736529e-18,4.234209163999073867e-19
9.900000000000000000e+01,9.978963773861905581e-12,7.407913120578530474e-13,7.160249949535292248e-18,4.317251609808319064e-19
1.000000000000000000e+02,1.004084944795877923e-11,7.475476460225983912e-13,7.240405682108994508e-18,4.358772832712941904e-19
1.010000000000000000e+02,1.011120000234728894e-11,7.558223048032082214e-13,7.265068984439365501e-18,4.358772832712941904e-19
1.020000000000000000e+02,1.015890361639608402e-11,7.617021128122768203e-13,7.277400635604548687e-18,4.358772832712941904e-19
1.030000000000000000e+02,1.020917711550258068e-11,7.679445847571683262e-13,7.351390542595660125e-18,4.358772832712941904e-19
1.040000000000000000e+02,1.026028984085825635e-11,7.743128788838758149e-13,7.379136757717327299e-18,4.358772832712941904e-19
1.050000000000000000e+02,1.030041882958881795e-11,7.792981863398654435e-13,7.453897392906260857e-18,4.358772832712941904e-19
1.060000000000000000e+02,1.038591235415542891e-11,7.903092132426601031e-13,7.503223997566999761e-18,4.358772832712941904e-19
1.070000000000000000e+02,1.044373260904615810e-11,7.978225949568197693e-13,7.515555648732186028e-18,4.441815278522186620e-19
1.080000000000000000e+02,1.054498223353886696e-11,8.117285893706429121e-13,7.577406586607567499e-18,4.443112816737956339e-19
1.090000000000000000e+02,1.061144675431331647e-11,8.210246282154067568e-13,7.589738237772752225e-18,4.443112816737956339e-19
1.100000000000000000e+02,1.069911802781839319e-11,8.340720712709555822e-13,7.590508965970575885e-18,4.448302969601034254e-19
1.110000000000000000e+02,1.075697282523013713e-11,8.428933692784470222e-13,7.627503919466130064e-18,4.448302969601034254e-19
1.120000000000000000e+02,1.082183661417851377e-11,8.533810181980570995e-13,7.676830524126872050e-18,4.541725721136434800e-19
1.130000000000000000e+02,1.086757797751653270e-11,8.609166038266549338e-13,7.726157128787612495e-18,4.624768166945679516e-19
1.140000000000000000e+02,1.091885949019079661e-11,8.696173662986250919e-13,7.775483733448351399e-18,4.707810612754925195e-19
1.150000000000000000e+02,1.095990542584281756e-11,8.765946820784927521e-13,7.787815384613537666e-18,4.790853058564170874e-19
1.160000000000000000e+02,1.100696961072420890e-11,8.846695056291593726e-13,7.863346748000294883e-18,4.801233364290325741e-19
1.170000000000000000e+02,1.104836803710202938e-11,8.917694716030662355e-13,7.974331608486960500e-18,4.801233364290325741e-19
1.180000000000000000e+02,1.110596533572076229e-11,9.018785966479692020e-13,8.109979771303995568e-18,4.801233364290325741e-19
1.190000000000000000e+02,1.117161339690761056e-11,9.134806706065217066e-13,8.257959585286216903e-18,4.884275810099571420e-19
1.200000000000000000e+02,1.118272509787193565e-11,9.154599909792921126e-13,8.350446969025105431e-18,4.925797033004193778e-19
1.210000000000000000e+02,1.704736059606424891e-11,1.275222615315501658e-12,8.435979735041439914e-18,4.995301492195000910e-19
1.220000000000000000e+02,1.714293033102206159e-11,1.275222615315501658e-12,8.503033088252132247e-18,5.010871950784233693e-19
1.230000000000000000e+02,1.725884953614352300e-11,1.275219443327724878e-12,8.561608431286761237e-18,5.031632562236544390e-19
1.240000000000000000e+02,1.741494012308951549e-11,1.275194067425509828e-12,8.607852123156205500e-18,5.057583326551933966e-19
1.250000000000000000e+02,1.754287777035191017e-11,1.275149659596633492e-12,8.678759117356020757e-18,5.057583326551933966e-19
1.260000000000000000e+02,1.768884190323977189e-11,1.275080933194801168e-12,8.706505332477686390e-18,5.119865160908867984e-19
1.270000000000000000e+02,1.783406101675394535e-11,1.274960397659279886e-12,8.765466039611226440e-18,5.119865160908867984e-19
1.280000000000000000e+02,1.801496647976191997e-11,1.274777479697480043e-12,8.785504972754652390e-18,5.130245466635023814e-19
1.290000000000000000e+02,1.812645796173523914e-11,1.274587160430867578e-12,8.828665751832800472e-18,5.234048523896580191e-19
1.300000000000000000e+02,1.833791471446538846e-11,1.274203349909865665e-12,8.859494879745762287e-18,5.275569746801202548e-19
1.310000000000000000e+02,1.851145791015363633e-11,1.273783590194059099e-12,8.905353207516295491e-18,5.444249714851231419e-19
1.320000000000000000e+02,1.858271834594794193e-11,1.273518200550060548e-12,8.939265248220553488e-18,5.506531549208166401e-19
1.330000000000000000e+02,1.857060177164503245e-11,1.273420926258236192e-12,8.957762724968330577e-18,5.548052772112788759e-19
1.340000000000000000e+02,1.850967661514953504e-11,1.273474850050443071e-12,9.056415934289813008e-18,5.548052772112788759e-19
1.350000000000000000e+02,1.847001238033806805e-11,1.273504455269693962e-12,9.083391421213653441e-18,5.568813383565099456e-19
1.360000000000000000e+02,1.844878835634693589e-11,1.273506569928211882e-12,9.101888897961432071e-18,5.651855829374344172e-19
1.370000000000000000e+02,1.838016414295182168e-11,1.273565780366713664e-12,9.185127543326430512e-18,5.755658886635901511e-19
1.380000000000000000e+02,1.825293775759939178e-11,1.273707462487413952e-12,9.215956671239392328e-18,5.797180109540523869e-19
1.390000000000000000e+02,1.811540278489621206e-11,1.273868176534775728e-12,9.259117450317540410e-18,5.797180109540523869e-19
1.400000000000000000e+02,1.801157424718690110e-11,1.274014087972512059e-12,9.271449101482725136e-18,5.921743778254391906e-19
1.410000000000000000e+02,1.794640664106506175e-11,1.274126164873961658e-12,9.357770659639021300e-18,6.004786224063636622e-19
1.420000000000000000e+02,1.789796860591607442e-11,1.274238241775411257e-12,9.444092217795315923e-18,6.087828669872882301e-19
1.430000000000000000e+02,1.784236535282859598e-11,1.274366178615745160e-12,9.539662514325500632e-18,6.098208975599037168e-19
1.440000000000000000e+02,1.772894105979309223e-11,1.274628396271966932e-12,9.613652421316610529e-18,6.264293867217527563e-19
1.450000000000000000e+02,1.759524423220893041e-11,1.274965684305574789e-12,9.690725241099016608e-18,6.264293867217527563e-19
1.460000000000000000e+02,1.748489500860095523e-11,1.275289227058816061e-12,9.838705055081237943e-18,6.264293867217527563e-19
1.470000000000000000e+02,1.739699057307903590e-11,1.275593737885396248e-12,9.909612049281051659e-18,6.264293867217527563e-19
1.480000000000000000e+02,1.732254358972120115e-11,1.275924681943450141e-12,9.946607002776607378e-18,6.430378758836018920e-19
1.490000000000000000e+02,1.726966370039274788e-11,1.276203816867815279e-12,1.001134817139382873e-17,6.430378758836018920e-19
1.500000000000000000e+02,1.722350547163067506e-11,1.276447002597375763e-12,1.007917225280234626e-17,6.430378758836018920e-19
1.510000000000000000e+02,1.717384588732947116e-11,1.276703933607302632e-12,1.012079157548484549e-17,6.523801510371419467e-19
1.520000000000000000e+02,1.706309157415687904e-11,1.277312955260462803e-12,1.018244983131077066e-17,6.606843956180664182e-19
1.530000000000000000e+02,1.696652481643343994e-11,1.277884970389559462e-12,1.029960051738002864e-17,6.648365179085286540e-19
1.540000000000000000e+02,1.684296150842307074e-11,1.278669508699706654e-12,1.032426381971039963e-17,6.648365179085286540e-19
1.550000000000000000e+02,1.673677622871185783e-11,1.279458276326889687e-12,1.045991198252743470e-17,6.669125790537597238e-19
1.560000000000000000e+02,1.666185193051819541e-11,1.280062011333755157e-12,1.054777499707937818e-17,6.679506096263754031e-19
1.570000000000000000e+02,1.658061263143735850e-11,1.280844434985384428e-12,1.057243829940974763e-17,6.845590987882244426e-19
1.580000000000000000e+02,1.653108336664725236e-11,1.281366755639310050e-12,1.071425228780937507e-17,6.928633433691489142e-19
1.590000000000000000e+02,1.647899638518752804e-11,1.281949344060996111e-12,1.078824219480048496e-17,7.011675879500734821e-19
1.600000000000000000e+02,1.642530945695902213e-11,1.282557308384897423e-12,1.083140297387863459e-17,7.032436490953045518e-19
1.610000000000000000e+02,1.637753558028225824e-11,1.283100775624002051e-12,1.084681753783511549e-17,7.032436490953045518e-19
1.620000000000000000e+02,1.626981943884429321e-11,1.284386488002895656e-12,1.087148084016548495e-17,7.198521382571534950e-19
1.630000000000000000e+02,1.619227461939735210e-11,1.285343370982253088e-12,1.087456375295678113e-17,7.281563828380780629e-19
1.640000000000000000e+02,1.605291438848150454e-11,1.287190525197653748e-12,1.092389035761752157e-17,7.364606274190025345e-19
1.650000000000000000e+02,1.596717671109591013e-11,1.288381077943241122e-12,1.097938278786085438e-17,7.447648719999271986e-19
1.660000000000000000e+02,1.584403105356689256e-11,1.290284270609366582e-12,1.097938278786085438e-17,7.447648719999271986e-19
1.670000000000000000e+02,1.577617855149352175e-11,1.291402924965344851e-12,1.109036764834751846e-17,7.447648719999271986e-19
1.680000000000000000e+02,1.568899008822534392e-11,1.293037555999694777e-12,1.116435755533862989e-17,7.447648719999271986e-19
1.690000000000000000e+02,1.564170137695736244e-11,1.293978579040167904e-12,1.120289396522983293e-17,7.624113917343917248e-19
1.700000000000000000e+02,1.557525412744341949e-11,1.295410202856797841e-12,1.125222056989057338e-17,7.707156363153161964e-19
1.710000000000000000e+02,1.553606720746778017e-11,1.296272983532107898e-12,1.126763513384705429e-17,7.717536668879317794e-19
1.720000000000000000e+02,1.547285439401240706e-11,1.297681346105040909e-12,1.130463008734261001e-17,7.717536668879317794e-19
1.730000000000000000e+02,1.543202670428861052e-11,1.298588534609227303e-12,1.143102951178575653e-17,7.733107127468550577e-19
1.740000000000000000e+02,1.532944640767957451e-11,1.300973869417437891e-12,1.145569281411612598e-17,7.733107127468550577e-19
1.750000000000000000e+02,1.523715821221807626e-11,1.303135050422749079e-12,1.149268776761168170e-17,7.816149573277797219e-19
1.760000000000000000e+02,1.514102637623649051e-11,1.305537302499103033e-12,1.156051184902019923e-17,7.899192019087041935e-19
1.770000000000000000e+02,1.501075710880566002e-11,1.308884806932965954e-12,1.164683340717649386e-17,8.065276910705532329e-19
1.780000000000000000e+02,1.493930276385929680e-11,1.310794343574645177e-12,1.169307709904593812e-17,8.065276910705532329e-19
1.790000000000000000e+02,1.484808067620545445e-11,1.313460927965738621e-12,1.174240370370667857e-17,8.065276910705532329e-19
1.800000000000000000e+02,1.480418655268438343e-11,1.314814309417205691e-12,1.176706700603704802e-17,8.148319356514777045e-19
1.810000000000000000e+02,1.815821823969289573e-11,1.624438380293599445e-12,1.181597362404311492e-17,8.176259510477391028e-19
1.820000000000000000e+02,1.825611331436078170e-11,1.624425692342491920e-12,1.188071479266033627e-17,8.238541344834325047e-19
1.830000000000000000e+02,1.837647986906277544e-11,1.624421463025456079e-12,1.198996551470189827e-17,8.311852254025299755e-19
1.840000000000000000e+02,1.850512720812054913e-11,1.624410889732866475e-12,1.206087250890171198e-17,8.353373476929922113e-19
1.850000000000000000e+02,1.859820988156536534e-11,1.624398201781759152e-12,1.208322362663860891e-17,8.394894699834544471e-19
1.860000000000000000e+02,1.878082048901975315e-11,1.624362252586954499e-12,1.213100877490370204e-17,8.407870081992237814e-19
1.870000000000000000e+02,1.888790073404814213e-11,1.624328418050667767e-12,1.223582780980777529e-17,8.449391304896862098e-19
1.880000000000000000e+02,1.907256976173203555e-11,1.624254405002540742e-12,1.230981771679888519e-17,8.553194362158417511e-19
1.890000000000000000e+02,1.922809589248236983e-11,1.624184621271449357e-12,1.238380762378999509e-17,8.573954973610729172e-19
1.900000000000000000e+02,1.932307526435376525e-11,1.624114837540358173e-12,1.245009024880286530e-17,8.615476196515351530e-19
1.910000000000000000e+02,1.955811827847801830e-11,1.623928747590781550e-12,1.251174850462878893e-17,8.615476196515351530e-19
1.920000000000000000e+02,1.971172415908289944e-11,1.623780721494527298e-12,1.259961151918073396e-17,8.636236807967663190e-19
1.930000000000000000e+02,1.981177029074119118e-11,1.623641154032344729e-12,1.263044064709369577e-17,8.677758030872285548e-19
1.940000000000000000e+02,1.985975770300240599e-11,1.623545994399038496e-12,1.271676220524999193e-17,8.760800476681530264e-19
1.950000000000000000e+02,1.981712752172752262e-11,1.623543879740520576e-12,1.277533754828461938e-17,8.854223228216930810e-19
1.960000000000000000e+02,1.975449094032724629e-11,1.623571370301253546e-12,1.284932745527573082e-17,8.937265674026177452e-19
1.970000000000000000e+02,1.972111344434030316e-11,1.623577714276807106e-12,1.291098571110165599e-17,9.020308119835422168e-19
1.980000000000000000e+02,1.970160320042583505e-11,1.623577714276807106e-12,1.302813639717091551e-17,9.061829342740043563e-19
1.990000000000000000e+02,1.963408513276046271e-11,1.623603090179022155e-12,1.309596047857942997e-17,9.082589954192355223e-19
2.000000000000000000e+02,1.951992681115341316e-11,1.623647498007898491e-12,1.319461368790091240e-17,9.082589954192355223e-19
2.010000000000000000e+02,1.938728667068935703e-11,1.623702479129364229e-12,1.323160864139646657e-17,9.082589954192355223e-19
2.020000000000000000e+02,1.926942758899005242e-11,1.623757460250830169e-12,1.345589054696327033e-17,9.165632400001601865e-19
2.030000000000000000e+02,1.917842531737902348e-11,1.623812441372295907e-12,1.355454375628474968e-17,9.165632400001601865e-19
2.040000000000000000e+02,1.912323421937182707e-11,1.623854734542654323e-12,1.366552861677141529e-17,9.165632400001601865e-19
2.050000000000000000e+02,1.907591724604119820e-11,1.623888569078941055e-12,1.370252357026696947e-17,9.207153622906223260e-19
2.060000000000000000e+02,1.901247990619923495e-11,1.623941435541888872e-12,1.381967425633622899e-17,9.331717291620091297e-19
2.070000000000000000e+02,1.890388293047542078e-11,1.624032365858159465e-12,1.386900086099696790e-17,9.331717291620091297e-19
2.080000000000000000e+02,1.876728296101149987e-11,1.624161360027752430e-12,1.393990785519678161e-17,9.331717291620091297e-19
2.090000000000000000e+02,1.866047120557826436e-11,1.624269207612166187e-12,1.398306863427493124e-17,9.331717291620091297e-19
2.100000000000000000e+02,1.855344434444598892e-11,1.624404545757312713e-12,1.400773193660530069e-17,9.414759737429336013e-19
2.110000000000000000e+02,1.847783076594663692e-11,1.624514508000244593e-12,1.406014145405733731e-17,9.497802183238580729e-19
2.120000000000000000e+02,1.842766560474695796e-11,1.624603323657997063e-12,1.420195544245696475e-17,9.539323406143204050e-19
2.130000000000000000e+02,1.837388917998673638e-11,1.624700597949821216e-12,1.422661874478733728e-17,9.539323406143204050e-19
2.140000000000000000e+02,1.832059949074989268e-11,1.624802101558681211e-12,1.433143777969140745e-17,9.539323406143204050e-19
2.150000000000000000e+02,1.826490752618799146e-11,1.624914178460130810e-12,1.449791507042140742e-17,9.622365851952448766e-19
2.160000000000000000e+02,1.815184985490961416e-11,1.625142561580065849e-12,1.464589488440362721e-17,9.622365851952448766e-19
2.170000000000000000e+02,1.805720020710244048e-11,1.625343454139268120e-12,1.473838226814251266e-17,9.705408297761693481e-19
2.180000000000000000e+02,1.792223315681372204e-11,1.625654308941401867e-12,1.483703547746399355e-17,9.705408297761693481e-19
2.190000000000000000e+02,1.782441501776082350e-11,1.625912297280587797e-12,1.489252790770732481e-17,9.746929520666316802e-19
2.200000000000000000e+02,1.772221939922671502e-11,1.626206234814578178e-12,1.489252790770732481e-17,9.829971966475561518e-19
2.210000000000000000e+02,1.764805032615158071e-11,1.626449420544138663e-12,1.499118111702880879e-17,9.850732577927873179e-19
2.220000000000000000e+02,1.758676561341461870e-11,1.626671459688519939e-12,1.508983432635028659e-17,9.933775023737117895e-19
2.230000000000000000e+02,1.752618745224384798e-11,1.626918874735116265e-12,1.516382423334139803e-17,1.001681746954636454e-18
2.240000000000000000e+02,1.748424655127465096e-11,1.627083818099513883e-12,1.526305548881124628e-17,1.001681746954636454e-18
2.250000000000000000e+02,1.741939139795652841e-11,1.627352379731289417e-12,1.541103530279346608e-17,1.001681746954636454e-18
2.260000000000000000e+02,1.737279353710882551e-11,1.627546928314937724e-12,1.543878151791513325e-17,1.002719777527251844e-18
2.270000000000000000e+02,1.726137506546401319e-11,1.628035414432576614e-12,1.543878151791513325e-17,1.011024022108176508e-18
2.280000000000000000e+02,1.717753408650499800e-11,1.628409708990247984e-12,1.558676133189735305e-17,1.019328266689100980e-18
2.290000000000000000e+02,1.704688171111382900e-11,1.629044106545623003e-12,1.570391201796661103e-17,1.027632511270025451e-18
2.300000000000000000e+02,1.692293058479935103e-11,1.629655242857301095e-12,1.577790192495772246e-17,1.027632511270025451e-18
2.310000000000000000e+02,1.682329111282026525e-11,1.630205054071959485e-12,1.585189183194883082e-17,1.027632511270025451e-18
2.320000000000000000e+02,1.670454334626214705e-11,1.630888088773246883e-12,1.587655513427920335e-17,1.027632511270025451e-18
2.330000000000000000e+02,1.663665473155317089e-11,1.631311020476830229e-12,1.600603747151364606e-17,1.027632511270025451e-18
2.340000000000000000e+02,1.654524580026293600e-11,1.631951762007759212e-12,1.608002737850475442e-17,1.035936755850949923e-18
2.350000000000000000e+02,1.649722541559529708e-11,1.632294336687661771e-12,1.609544194246123686e-17,1.036974786423565506e-18
2.360000000000000000e+02,1.642375347339880710e-11,1.632880097097124814e-12,1.609544194246123686e-17,1.036974786423565506e-18
2.370000000000000000e+02,1.637393373740926582e-11,1.633277652898493111e-12,1.612010524479160940e-17,1.036974786423565506e-18
2.380000000000000000e+02,1.631458026561989615e-11,1.633759795040578238e-12,1.629274836110419556e-17,1.036974786423565506e-18
2.390000000000000000e+02,1.625475575945306777e-11,1.634248281158217128e-12,1.634207496576493755e-17,1.045279031004489978e-18
2.400000000000000000e+02,1.624644043257627469e-11,1.634318064889308513e-12,1.636057244251271464e-17,1.045279031004489978e-18
2.410000000000000000e+02,2.228085870201009826e-11,1.756894245880376228e-12,1.644289961146407685e-17,1.047959511806871598e-18
2.420000000000000000e+02,2.215707400784232339e-11,1.756890016563340387e-12,1.648451893414657607e-17,1.051073603524718347e-18
2.430000000000000000e+02,2.200697105289116556e-11,1.756892131221858307e-12,1.657893313838002143e-17,1.053149664669949320e-18
2.440000000000000000e+02,2.182168497017279651e-11,1.756906933831483753e-12,1.669608382444927941e-17,1.061972924537181680e-18
2.450000000000000000e+02,2.160417071534849017e-11,1.756906933831483753e-12,1.678240538260557866e-17,1.061972924537181680e-18
2.460000000000000000e+02,2.151925263777967663e-11,1.756913277807037515e-12,1.684868800761844425e-17,1.065087016255028429e-18
2.470000000000000000e+02,2.157586782972140132e-11,1.756909048490001673e-12,1.694271684775298318e-17,1.066125046827643819e-18
2.480000000000000000e+02,2.160270422831999081e-11,1.756911163148519594e-12,1.702672622131580374e-17,1.072353230263337317e-18
2.490000000000000000e+02,2.173647171106077435e-11,1.756906933831483753e-12,1.713771108180246936e-17,1.076505352553799649e-18
2.500000000000000000e+02,2.186825456895785200e-11,1.756904819172965832e-12,1.722557409635441284e-17,1.076505352553799649e-18
2.510000000000000000e+02,2.192730657874564409e-11,1.756911163148519594e-12,1.728106652659774719e-17,1.078581413699030815e-18
2.520000000000000000e+02,2.202515926031955575e-11,1.756904819172965832e-12,1.736738808475404336e-17,1.082733535989493147e-18
2.530000000000000000e+02,2.217363557655388007e-11,1.756896360538894149e-12,1.744369017633862423e-17,1.085328612421031816e-18
2.540000000000000000e+02,2.226977369299383155e-11,1.756900589855929990e-12,1.750534843216455095e-17,1.089480734711494148e-18
2.550000000000000000e+02,2.232455813132181878e-11,1.756898475197412070e-12,1.754850921124269749e-17,1.090518765284109731e-18
2.560000000000000000e+02,2.241259445646942811e-11,1.756894245880376228e-12,1.763483076939899365e-17,1.090518765284109731e-18
2.570000000000000000e+02,2.254839680772084658e-11,1.756896360538894149e-12,1.763483076939899365e-17,1.094670887574571871e-18
2.580000000000000000e+02,2.266856709809889758e-11,1.756896360538894149e-12,1.778281058338121345e-17,1.102975132155496342e-18
2.590000000000000000e+02,2.274421207889007822e-11,1.756896360538894149e-12,1.786604922874621189e-17,1.104013162728112118e-18
2.600000000000000000e+02,2.280443539416316105e-11,1.756894245880376228e-12,1.794003913573732024e-17,1.112317407309036590e-18
2.610000000000000000e+02,2.287572173684822892e-11,1.756898475197412070e-12,1.794620496131991569e-17,1.112317407309036590e-18
2.620000000000000000e+02,2.299128217078552185e-11,1.756906933831483753e-12,1.799861447877195231e-17,1.120621651889961254e-18
2.630000000000000000e+02,2.312804857239614264e-11,1.756906933831483753e-12,1.809726768809343320e-17,1.120621651889961254e-18
2.640000000000000000e+02,2.324573494149038165e-11,1.756911163148519594e-12,1.817125759508454464e-17,1.120621651889961254e-18
2.650000000000000000e+02,2.333444327568316915e-11,1.756919621782591277e-12,1.824524750207565300e-17,1.120621651889961254e-18
2.660000000000000000e+02,2.340291911324938131e-11,1.756917507124073357e-12,1.828070099917555986e-17,1.120621651889961254e-18
2.670000000000000000e+02,2.346772402290057480e-11,1.756930195075180881e-12,1.834852508058407585e-17,1.120621651889961254e-18
2.680000000000000000e+02,2.357706680305537011e-11,1.756932309733698802e-12,1.845334411548814910e-17,1.122697713035192227e-18
2.690000000000000000e+02,2.370332599781941322e-11,1.756944997684806327e-12,1.853966567364444527e-17,1.122697713035192227e-18
2.700000000000000000e+02,2.383248676434861994e-11,1.756966144269985534e-12,1.856432897597481472e-17,1.133078018761347865e-18
2.710000000000000000e+02,2.395965348534657057e-11,1.756976717562575138e-12,1.861365558063555362e-17,1.141382263342272336e-18
2.720000000000000000e+02,2.405891927005286805e-11,1.756995749489236223e-12,1.864140179575722080e-17,1.150724538495812391e-18
2.730000000000000000e+02,2.412954930483867045e-11,1.757008437440343748e-12,1.866606509808759333e-17,1.150724538495812391e-18
2.740000000000000000e+02,2.419187971389359894e-11,1.757019010732933351e-12,1.869689422600055515e-17,1.159028783076736863e-18
2.750000000000000000e+02,2.425474710213883437e-11,1.757025354708487114e-12,1.869689422600055515e-17,1.167333027657661334e-18
2.760000000000000000e+02,2.438747516902001716e-11,1.757057074586255925e-12,1.872194289242983720e-17,1.167333027657661334e-18
2.770000000000000000e+02,2.450612558847345848e-11,1.757082450488470975e-12,1.878360114825576083e-17,1.171485149948123859e-18
2.780000000000000000e+02,2.464941110586815125e-11,1.757112055707721663e-12,1.878360114825576083e-17,1.179789394529048330e-18
2.790000000000000000e+02,2.479076538231525167e-11,1.757154348878080079e-12,1.886683979362076235e-17,1.180827425101663913e-18
2.800000000000000000e+02,2.488626917246022258e-11,1.757179724780295128e-12,1.892849804944668598e-17,1.180827425101663913e-18
2.810000000000000000e+02,2.498418465861779798e-11,1.757215673975099579e-12,1.892849804944668598e-17,1.197435914263512857e-18
2.820000000000000000e+02,2.506043570364131180e-11,1.757245279194350470e-12,1.897782465410742489e-17,1.197435914263512857e-18
2.830000000000000000e+02,2.512163248996114715e-11,1.757272769755083440e-12,1.903331708435075924e-17,1.207816219989668494e-18
2.840000000000000000e+02,2.520317482115815065e-11,1.757304489632852251e-12,1.918129689833297903e-17,1.207816219989668494e-18
2.850000000000000000e+02,2.529809452867506681e-11,1.757342553486174623e-12,1.921829185182853629e-17,1.216120464570592966e-18
2.860000000000000000e+02,2.541953033141390093e-11,1.757401763924676405e-12,1.924295515415890266e-17,1.224424709151517437e-18
2.870000000000000000e+02,2.556394005085613663e-11,1.757477891631321350e-12,1.931077923556742174e-17,1.224424709151517437e-18
2.880000000000000000e+02,2.568715636354177268e-11,1.757528643435751449e-12,1.931077923556742174e-17,1.224424709151517437e-18
2.890000000000000000e+02,2.583879175033427488e-11,1.757621688410539761e-12,1.933544253789779427e-17,1.224943724437825325e-18
2.900000000000000000e+02,2.593221042830167856e-11,1.757670325556451938e-12,1.939401788093242018e-17,1.224943724437825325e-18
2.910000000000000000e+02,2.604979631006205622e-11,1.757752797238650646e-12,1.951733439258427360e-17,1.233247969018749797e-18
2.920000000000000000e+02,2.611783565577182279e-11,1.757805663701598464e-12,1.954199769491463997e-17,1.233247969018749797e-18
2.930000000000000000e+02,2.620929483072898673e-11,1.757879676749725691e-12,1.959132429957538196e-17,1.241552213599674268e-18
2.940000000000000000e+02,2.627078679859203071e-11,1.757930428554155587e-12,1.965298255540130559e-17,1.245704335890136793e-18
2.950000000000000000e+02,2.635484131313549682e-11,1.757995982968211131e-12,1.965298255540130559e-17,1.245704335890136793e-18
2.960000000000000000e+02,2.644132950529584908e-11,1.758065766699302314e-12,1.968997750889686285e-17,1.249856458180598933e-18
2.970000000000000000e+02,2.657919498712054666e-11,1.758188416893341517e-12,1.971464081122723230e-17,1.249856458180598933e-18
2.980000000000000000e+02,2.668470668767198915e-11,1.758281461868129829e-12,1.978863071821834374e-17,1.249856458180598933e-18
2.990000000000000000e+02,2.685663109521635824e-11,1.758437946598455764e-12,2.003526374152204443e-17,1.249856458180598933e-18
3.000000000000000000e+02,2.692434699732026557e-11,1.758511959646582991e-12,2.009692199734796806e-17,1.251932519325829906e-18
3.010000000000000000e+02,2.926447404661309638e-11,1.899282662525810098e-12,2.016613624963674085e-17,1.255472365770726064e-18
3.020000000000000000e+02,2.941060775187684246e-11,1.899291121159881781e-12,2.024937489500173929e-17,1.257548426915957230e-18
3.030000000000000000e+02,2.955942949332130123e-11,1.899293235818399500e-12,2.034802810432322019e-17,1.258586457488572813e-18
3.040000000000000000e+02,2.971866423473684854e-11,1.899284777184327817e-12,2.043512039067733847e-17,1.262868333600611925e-18
3.050000000000000000e+02,2.986043616166530382e-11,1.899284777184327817e-12,2.055612471773571937e-17,1.263906364173227508e-18
3.060000000000000000e+02,3.007111099732886019e-11,1.899282662525810098e-12,2.064244627589201554e-17,1.270134547608920813e-18
3.070000000000000000e+02,3.014993074982413464e-11,1.899280547867291976e-12,2.069177288055275444e-17,1.274286669899382953e-18
3.080000000000000000e+02,3.009591566764600245e-11,1.899280547867291976e-12,2.075959696196127043e-17,1.274286669899382953e-18
3.090000000000000000e+02,3.006338917376766883e-11,1.899282662525810098e-12,2.081200647941330706e-17,1.274286669899382953e-18
3.100000000000000000e+02,2.999169460128880600e-11,1.899274203891738415e-12,2.088291347361312078e-17,1.278438792189845478e-18
3.110000000000000000e+02,2.982670696000985082e-11,1.899274203891738415e-12,2.093224007827386276e-17,1.282590914480307810e-18
3.120000000000000000e+02,2.973758725579408388e-11,1.899276318550256134e-12,2.100006415968237875e-17,1.283628945052923200e-18
3.130000000000000000e+02,2.967994520890949313e-11,1.899272089233220293e-12,2.104939076434312074e-17,1.283628945052923200e-18
3.140000000000000000e+02,2.958093378276702220e-11,1.899276318550256134e-12,2.109871736900385964e-17,1.291933189633847864e-18
3.150000000000000000e+02,2.943874420535722497e-11,1.899282662525810098e-12,2.110334173819080469e-17,1.291933189633847864e-18
3.160000000000000000e+02,2.933108458804455473e-11,1.899280547867291976e-12,2.123898990100783976e-17,1.300237434214772336e-18
3.170000000000000000e+02,2.926816067567402775e-11,1.899282662525810098e-12,2.137463806382487482e-17,1.300237434214772336e-18
3.180000000000000000e+02,2.921380330851493590e-11,1.899278433208774257e-12,2.142396466848561681e-17,1.300237434214772336e-18
3.190000000000000000e+02,2.910905154342580147e-11,1.899282662525810098e-12,2.149178874989413280e-17,1.300237434214772336e-18
3.200000000000000000e+02,2.897486326997448505e-11,1.899286891842845940e-12,2.155036409292876179e-17,1.300237434214772336e-18
3.210000000000000000e+02,2.885982411408158312e-11,1.899291121159881781e-12,2.156886156967653888e-17,1.310617739940927973e-18
3.220000000000000000e+02,2.878101064204467763e-11,1.899293235818399500e-12,2.158735904642431905e-17,1.318921984521852445e-18
3.230000000000000000e+02,2.872159122544246297e-11,1.899291121159881781e-12,2.158735904642431905e-17,1.327226229102776917e-18
3.240000000000000000e+02,2.866457722439448707e-11,1.899293235818399500e-12,2.163668565108505796e-17,1.327226229102776917e-18
3.250000000000000000e+02,2.856489378920684119e-11,1.899305923769507025e-12,2.169217808132839231e-17,1.327226229102776917e-18
3.260000000000000000e+02,2.844440319545211543e-11,1.899312267745060585e-12,2.170450973249357703e-17,1.327226229102776917e-18
3.270000000000000000e+02,2.832286376515024194e-11,1.899312267745060585e-12,2.170450973249357703e-17,1.335530473683701388e-18
3.280000000000000000e+02,2.821769120935057140e-11,1.899322841037650391e-12,2.175383633715431594e-17,1.335530473683701388e-18
3.290000000000000000e+02,2.812556944603577626e-11,1.899322841037650391e-12,2.182782624414542429e-17,1.343834718264625860e-18
3.300000000000000000e+02,2.806084304211416244e-11,1.899329185013203951e-12,2.191414780230172354e-17,1.343834718264625860e-18
3.310000000000000000e+02,2.800391068702494747e-11,1.899331299671722074e-12,2.198813770929283190e-17,1.347986840555088385e-18
3.320000000000000000e+02,2.793784026501297085e-11,1.899341872964311476e-12,2.208679091861431279e-17,1.352138962845550524e-18
3.330000000000000000e+02,2.781849271468088520e-11,1.899350331598383159e-12,2.233342394191801347e-17,1.352138962845550524e-18
3.340000000000000000e+02,2.768575522711215544e-11,1.899365134208008806e-12,2.236425306983097837e-17,1.354215023990781497e-18
3.350000000000000000e+02,2.757141948255626033e-11,1.899382051476152173e-12,2.237658472099616001e-17,1.362519268571705969e-18
3.360000000000000000e+02,2.744128838520948556e-11,1.899401083402813257e-12,2.237658472099616001e-17,1.362519268571705969e-18
3.370000000000000000e+02,2.735294117737275168e-11,1.899405312719849099e-12,2.244440880240467909e-17,1.379127757733555297e-18
3.380000000000000000e+02,2.728785678732426226e-11,1.899424344646510184e-12,2.257389113963912179e-17,1.387432002314479769e-18
3.390000000000000000e+02,2.721380390272890524e-11,1.899437032597617709e-12,2.262321774429986070e-17,1.395736246895404048e-18
3.400000000000000000e+02,2.715314723582855807e-11,1.899445491231689392e-12,2.269720765129096905e-17,1.395736246895404048e-18
3.410000000000000000e+02,2.709382830656020152e-11,1.899458179182796916e-12,2.271570512803874922e-17,1.396774277468019824e-18
3.420000000000000000e+02,2.696717030268991043e-11,1.899492013719083649e-12,2.278969503502986066e-17,1.405078522048944295e-18
3.430000000000000000e+02,2.686641290912165068e-11,1.899508930987227015e-12,2.283902163969059957e-17,1.405078522048944295e-18
3.440000000000000000e+02,2.671114741739351191e-11,1.899542765523513747e-12,2.288834824435133847e-17,1.421687011210793431e-18
3.450000000000000000e+02,2.660193024640603763e-11,1.899568141425728796e-12,2.290067989551652628e-17,1.425839133501255570e-18
3.460000000000000000e+02,2.647948014964106890e-11,1.899610434596087212e-12,2.295000650017726518e-17,1.434143378082180042e-18
3.470000000000000000e+02,2.639195568185030360e-11,1.899635810498302261e-12,2.304865970949874607e-17,1.448675806098798012e-18
3.480000000000000000e+02,2.631655249870621804e-11,1.899661186400516906e-12,2.307332301182911552e-17,1.448675806098798012e-18
3.490000000000000000e+02,2.624184016598241431e-11,1.899686562302731955e-12,2.316581039556800405e-17,1.448675806098798012e-18
3.500000000000000000e+02,2.618977516612696842e-11,1.899707708887911163e-12,2.317351767754624374e-17,1.456980050679722483e-18
3.510000000000000000e+02,2.611081724354764148e-11,1.899733084790126212e-12,2.332149749152846353e-17,1.465284295260646955e-18
3.520000000000000000e+02,2.605195678774001542e-11,1.899762690009377103e-12,2.342015070084994750e-17,1.465284295260646955e-18
3.530000000000000000e+02,2.592517317470240007e-11,1.899813441813807201e-12,2.351880391017142531e-17,1.465284295260646955e-18
3.540000000000000000e+02,2.584140442101459560e-11,1.899864193618237300e-12,2.356967197122781462e-17,1.465284295260646955e-18
3.550000000000000000e+02,2.568187449805583645e-11,1.899944550641917885e-12,2.384096829686188475e-17,1.481892784422496091e-18
3.560000000000000000e+02,2.557354287169799127e-11,1.899986843812276301e-12,2.386563159919225421e-17,1.490197029003420562e-18
3.570000000000000000e+02,2.543978166941557346e-11,1.900071430152993131e-12,2.391804111664429083e-17,1.498501273584345034e-18
3.580000000000000000e+02,2.533313320589985658e-11,1.900126411274459071e-12,2.404135762829614117e-17,1.498501273584345034e-18
3.590000000000000000e+02,2.528024546599844857e-11,1.900168704444817083e-12,2.406602093062651371e-17,1.498501273584345034e-18
3.600000000000000000e+02,2.525480332915714449e-11,1.900177163078888766e-12,2.426332734926947241e-17,1.515109762746193977e-18
3.610000000000000000e+02,3.148173962911796610e-11,2.115284456838457618e-12,2.433427348201058311e-17,1.523057184317781920e-18
3.620000000000000000e+02,3.141632237477607369e-11,2.115318291374744350e-12,2.440248292751801171e-17,1.531361428898706392e-18
3.630000000000000000e+02,3.132144977069690534e-11,2.115322520691780192e-12,2.446876555253088038e-17,1.540184688765938751e-18
3.640000000000000000e+02,3.118787070170710658e-11,2.115309832740672667e-12,2.450576050602643764e-17,1.548488933346863415e-18
3.650000000000000000e+02,3.112039973747948205e-11,2.115314062057708509e-12,2.453658963393939946e-17,1.548488933346863415e-18
3.660000000000000000e+02,3.095987750209886672e-11,2.115292915472529301e-12,2.456125293626976891e-17,1.552641055637325555e-18
3.670000000000000000e+02,3.089166544378403454e-11,2.115292915472529301e-12,2.458591623860013836e-17,1.552641055637325555e-18
3.680000000000000000e+02,3.074701392669470376e-11,2.115275998204385935e-12,2.467223779675643452e-17,1.556793177927787887e-18
3.690000000000000000e+02,3.059973089754994861e-11,2.115267539570314252e-12,2.475855935491272761e-17,1.556793177927787887e-18
3.700000000000000000e+02,3.051865646050122580e-11,2.115237934351063361e-12,2.484488091306902685e-17,1.557052685570941638e-18
3.710000000000000000e+02,3.038923505494982358e-11,2.115216787765884153e-12,2.494353412239050466e-17,1.559128746716172804e-18
3.720000000000000000e+02,3.021125314531129425e-11,2.115182953229597421e-12,2.497436325030346648e-17,1.568471021869713052e-18
3.730000000000000000e+02,3.007607255943812812e-11,2.115144889376275251e-12,2.511001141312050463e-17,1.568471021869713052e-18
3.740000000000000000e+02,2.999902389620211186e-11,2.115106825522952677e-12,2.527032287826791223e-17,1.568471021869713052e-18
3.750000000000000000e+02,2.984770881278628121e-11,2.115043385767415054e-12,2.537514191317198240e-17,1.568471021869713052e-18
3.760000000000000000e+02,2.965435234106740187e-11,2.114963028743734065e-12,2.543680016899790911e-17,1.576775266450637523e-18
3.770000000000000000e+02,2.950149854535186759e-11,2.114878442403017638e-12,2.547379512249346637e-17,1.585079511031561995e-18
3.780000000000000000e+02,2.940318425008804097e-11,2.114815002647480015e-12,2.549845842482383274e-17,1.593383755612486466e-18
3.790000000000000000e+02,2.935084291006448688e-11,2.114768480160085758e-12,2.555395085506716709e-17,1.601688000193411131e-18
3.800000000000000000e+02,2.931250071173909457e-11,2.114717728355655660e-12,2.558477998298013199e-17,1.609992244774335602e-18
3.810000000000000000e+02,2.933725199816012006e-11,2.114713499038619818e-12,2.560944328531049836e-17,1.626600733936184545e-18
3.820000000000000000e+02,2.938600091599823841e-11,2.114726186989727343e-12,2.565876988997124034e-17,1.630752856226646685e-18
3.830000000000000000e+02,2.943592427955082228e-11,2.114726186989727343e-12,2.567110154113642815e-17,1.630752856226646685e-18
3.840000000000000000e+02,2.947294758161931470e-11,2.114743104257870709e-12,2.567110154113642815e-17,1.630752856226646685e-18
3.850000000000000000e+02,2.949406248264633465e-11,2.114743104257870709e-12,2.569884775625809224e-17,1.647361345388495821e-18
3.860000000000000000e+02,2.951029118706448834e-11,2.114738874940834867e-12,2.579750096557957313e-17,1.647361345388495821e-18
3.870000000000000000e+02,2.954727052592441742e-11,2.114747333574906551e-12,2.582216426790994259e-17,1.651513467678958153e-18
3.880000000000000000e+02,2.962786764813731902e-11,2.114760021526014075e-12,2.601947068655290437e-17,1.659817712259882624e-18
3.890000000000000000e+02,2.973145124797034396e-11,2.114781168111193283e-12,2.614278719820475471e-17,1.661893773405113790e-18
3.900000000000000000e+02,2.984615125911147717e-11,2.114802314696372491e-12,2.621677710519586307e-17,1.661893773405113790e-18
3.910000000000000000e+02,2.997013378771778379e-11,2.114836149232659223e-12,2.639250313429975312e-17,1.663969834550344764e-18
3.920000000000000000e+02,3.005092560414003266e-11,2.114857295817838430e-12,2.644799556454308438e-17,1.663969834550344764e-18
3.930000000000000000e+02,3.013628331379447303e-11,2.114874213085981797e-12,2.662063868085567363e-17,1.680578323712193899e-18
3.940000000000000000e+02,3.017944890414507433e-11,2.114891130354125163e-12,2.676861849483789651e-17,1.680578323712193899e-18
3.950000000000000000e+02,3.022743160606251565e-11,2.114903818305232687e-12,2.699058821581122466e-17,1.680578323712193899e-18
3.960000000000000000e+02,3.026047309752686484e-11,2.114912276939304370e-12,2.710157307629789027e-17,1.680578323712193899e-18
3.970000000000000000e+02,3.030435466013121088e-11,2.114937652841519420e-12,2.712623637862826281e-17,1.680578323712193899e-18
3.980000000000000000e+02,3.036815783667299800e-11,2.114954570109662382e-12,2.727421619261047952e-17,1.680578323712193899e-18
3.990000000000000000e+02,3.046434305655069729e-11,2.114996863280020797e-12,2.744685930892307493e-17,1.688882568293118371e-18
4.000000000000000000e+02,3.054328213775493027e-11,2.115030697816307530e-12,2.748385426241862603e-17,1.701338935164505175e-18
4.010000000000000000e+02,3.066772313982196414e-11,2.115089908254809311e-12,2.768116068106158473e-17,1.701338935164505175e-18
4.020000000000000000e+02,3.074046340861879991e-11,2.115127972108131885e-12,2.780447719271343815e-17,1.703414996309736341e-18
4.030000000000000000e+02,3.084399048432653653e-11,2.115182953229597421e-12,2.795245700669566103e-17,1.703414996309736341e-18
4.040000000000000000e+02,3.089804010902568506e-11,2.115208329131812470e-12,2.805111021601713883e-17,1.703414996309736341e-18
4.050000000000000000e+02,3.096406028737072617e-11,2.115254851619206727e-12,2.812548548710716287e-17,1.703414996309736341e-18
4.060000000000000000e+02,3.100688045251118979e-11,2.115301374106600984e-12,2.822413869642864068e-17,1.703414996309736341e-18
4.070000000000000000e+02,3.104451923949956882e-11,2.115339437959923558e-12,2.837211851041085739e-17,1.703414996309736341e-18
4.080000000000000000e+02,3.108359625145379982e-11,2.115369043179174449e-12,2.842144511507160246e-17,1.703414996309736341e-18
4.090000000000000000e+02,3.111448982615692773e-11,2.115411336349532864e-12,2.854476162672345589e-17,1.703414996309736341e-18
4.100000000000000000e+02,3.115864144847100978e-11,2.115445170885819192e-12,2.869274144070567260e-17,1.703414996309736341e-18
4.110000000000000000e+02,3.119100465043182154e-11,2.115483234739141766e-12,2.875439969653159623e-17,1.709643179745429646e-18
4.120000000000000000e+02,3.125406045242803851e-11,2.115555133128751072e-12,2.882838960352270459e-17,1.709643179745429646e-18
4.130000000000000000e+02,3.129936767908149859e-11,2.115584738348001963e-12,2.895170611517455801e-17,1.709643179745429646e-18
4.140000000000000000e+02,3.135508162524767824e-11,2.115660866054646707e-12,2.905035932449603582e-17,1.709643179745429646e-18
4.150000000000000000e+02,3.141483390614329590e-11,2.115741223078327696e-12,2.919833913847825869e-17,1.717947424326354311e-18
4.160000000000000000e+02,3.144935130532369789e-11,2.115783516248686111e-12,2.927232904546936705e-17,1.717947424326354311e-18
4.170000000000000000e+02,3.150022301808956815e-11,2.115868102589402942e-12,2.939564555712122048e-17,1.717947424326354311e-18
4.180000000000000000e+02,3.153161902946198664e-11,2.115931542344940161e-12,2.954362537110344335e-17,1.717947424326354311e-18
4.190000000000000000e+02,3.154508433219903243e-11,2.115952688930119369e-12,2.964227858042492116e-17,1.726251668907278782e-18
4.200000000000000000e+02,3.154932992205455563e-11,2.115961147564191052e-12,2.971626848741602952e-17,1.726251668907278782e-18
4.210000000000000000e+02,3.208220169258952974e-11,2.278705267103095503e-12,2.980329453931564994e-17,1.732322221723790588e-18
4.220000000000000000e+02,3.220890994012674989e-11,2.278722184371238466e-12,2.987111862072416902e-17,1.733879267582714059e-18
4.230000000000000000e+02,3.233266637223187737e-11,2.278726413688274307e-12,2.994819144050657201e-17,1.742443019806792667e-18
4.240000000000000000e+02,3.246223222832570103e-11,2.278722184371238466e-12,3.000368387074990636e-17,1.746595142097254999e-18
4.250000000000000000e+02,3.265841490630935201e-11,2.278717955054202624e-12,3.005339583950956095e-17,1.750747264387716946e-18
4.260000000000000000e+02,3.279431774489463184e-11,2.278717955054202624e-12,3.009116152120294033e-17,1.750747264387716946e-18
4.270000000000000000e+02,3.298589056643752152e-11,2.278705267103095503e-12,3.017208798197446317e-17,1.751915048781909501e-18
4.280000000000000000e+02,3.311780531396028917e-11,2.278713725737166783e-12,3.029540449362631659e-17,1.760219293362834165e-18
4.290000000000000000e+02,3.334670289957325854e-11,2.278701037786059662e-12,3.035089692386965094e-17,1.765409446225911888e-18
4.300000000000000000e+02,3.349175008553965929e-11,2.278692579151987979e-12,3.036014566224353486e-17,1.769561568516374220e-18
4.310000000000000000e+02,3.356031384952299811e-11,2.278679891200880454e-12,3.043413556923464938e-17,1.769561568516374220e-18
4.320000000000000000e+02,3.350971847692523283e-11,2.278696808469023820e-12,3.047729634831279900e-17,1.780979904815145440e-18
4.330000000000000000e+02,3.345109667853552383e-11,2.278688349834952137e-12,3.050195965064316846e-17,1.789284149396069719e-18
4.340000000000000000e+02,3.342787782395583946e-11,2.278679891200880454e-12,3.054820334251260656e-17,1.790322179968685495e-18
4.350000000000000000e+02,3.336325190736808053e-11,2.278688349834952137e-12,3.058519829600816690e-17,1.790322179968685495e-18
4.360000000000000000e+02,3.322448517976783469e-11,2.278696808469023820e-12,3.062219324950371491e-17,1.798626424549610159e-18
4.370000000000000000e+02,3.307678764037091561e-11,2.278692579151987979e-12,3.068385150532964471e-17,1.798626424549610159e-18
4.380000000000000000e+02,3.297780761652027655e-11,2.278692579151987979e-12,3.073317810999038361e-17,1.798626424549610159e-18
4.390000000000000000e+02,3.291816838387524847e-11,2.278696808469023820e-12,3.074550976115556834e-17,1.806930669130534438e-18
4.400000000000000000e+02,3.286426949017689034e-11,2.278679891200880454e-12,3.083183131931186142e-17,1.809006730275765604e-18
4.410000000000000000e+02,3.275797273232967686e-11,2.278692579151987979e-12,3.091198705188556522e-17,1.817310974856690268e-18
4.420000000000000000e+02,3.262497146550957035e-11,2.278696808469023820e-12,3.093665035421594084e-17,1.821463097147152215e-18
4.430000000000000000e+02,3.250048021977559773e-11,2.278701037786059662e-12,3.101064026120704919e-17,1.821463097147152215e-18
4.440000000000000000e+02,3.240507377673530692e-11,2.278705267103095503e-12,3.105996686586778810e-17,1.831843402873308046e-18
4.450000000000000000e+02,3.233862024676299501e-11,2.278709496420131345e-12,3.108925453738510259e-17,1.832362418159615548e-18
4.460000000000000000e+02,3.227864814982456070e-11,2.278701037786059662e-12,3.113858114204584150e-17,1.832362418159615548e-18
4.470000000000000000e+02,3.221954903659901757e-11,2.278696808469023820e-12,3.119099065949788120e-17,1.833400448732231324e-18
4.480000000000000000e+02,3.212915439933492052e-11,2.278705267103095503e-12,3.122798561299343538e-17,1.837552571022693656e-18
4.490000000000000000e+02,3.202675152567472361e-11,2.278717955054202624e-12,3.125264891532380483e-17,1.845856815603618320e-18
4.500000000000000000e+02,3.188520883547663841e-11,2.278726413688274307e-12,3.132663882231491319e-17,1.854161060184542599e-18
4.510000000000000000e+02,3.176870633278442160e-11,2.278717955054202624e-12,3.142529203163639716e-17,1.854161060184542599e-18
4.520000000000000000e+02,3.168590476968501040e-11,2.278726413688274307e-12,3.148695028746232079e-17,1.854161060184542599e-18
4.530000000000000000e+02,3.161128036337832686e-11,2.278722184371238466e-12,3.156094019445342915e-17,1.870769549346391542e-18
4.540000000000000000e+02,3.154694334787541082e-11,2.278739101639381832e-12,3.160410097353157877e-17,1.879073793927316206e-18
4.550000000000000000e+02,3.149595858685895099e-11,2.278734872322345990e-12,3.162876427586194822e-17,1.879073793927316206e-18
4.560000000000000000e+02,3.144276310449759968e-11,2.278730643005310149e-12,3.170275418285305658e-17,1.879073793927316206e-18
4.570000000000000000e+02,3.132952644015578135e-11,2.278739101639381832e-12,3.173050039797472067e-17,1.879592809213623709e-18
4.580000000000000000e+02,3.123699016658882552e-11,2.278743330956417673e-12,3.176132952588769173e-17,1.879592809213623709e-18
4.590000000000000000e+02,3.108275467003273406e-11,2.278760248224561039e-12,3.190930933986990845e-17,1.879592809213623709e-18
4.600000000000000000e+02,3.097885076682302789e-11,2.278772936175668564e-12,3.204495750268694043e-17,1.887897053794548373e-18
4.610000000000000000e+02,3.085566585642922371e-11,2.278772936175668564e-12,3.209428410734768550e-17,1.887897053794548373e-18
4.620000000000000000e+02,3.077401989766917761e-11,2.278794082760847772e-12,3.220526896783434804e-17,1.892049176085010705e-18
4.630000000000000000e+02,3.070140523803966933e-11,2.278798312077883613e-12,3.220526896783434804e-17,1.892049176085010705e-18
4.640000000000000000e+02,3.063265934076370823e-11,2.278811000028991138e-12,3.240257538647730982e-17,1.893087206657626096e-18
4.650000000000000000e+02,3.058392298384232780e-11,2.278794082760847772e-12,3.264920840978101050e-17,1.901391451238550760e-18
4.660000000000000000e+02,3.051103198404470809e-11,2.278815229346026979e-12,3.269853501444174941e-17,1.909695695819475424e-18
4.670000000000000000e+02,3.045110385031483711e-11,2.278811000028991138e-12,3.277252492143285776e-17,1.913847818109937756e-18
4.680000000000000000e+02,3.032662516549760240e-11,2.278832146614170346e-12,3.284651482842397228e-17,1.913847818109937756e-18
4.690000000000000000e+02,3.024046983763065959e-11,2.278836375931206187e-12,3.289584143308471119e-17,1.922152062690862035e-18
4.700000000000000000e+02,3.008092107329680002e-11,2.278878669101564602e-12,3.294516803774545009e-17,1.930456307271786699e-18
4.710000000000000000e+02,2.998572188538258794e-11,2.278882898418600444e-12,3.329353718316192939e-17,1.938760551852710978e-18
4.720000000000000000e+02,2.984024134778892285e-11,2.278895586369707969e-12,3.351550690413526062e-17,1.938760551852710978e-18
4.730000000000000000e+02,2.974798141439007199e-11,2.278916732954887176e-12,3.363882341578710788e-17,1.938760551852710978e-18
4.740000000000000000e+02,2.965081016254888549e-11,2.278937879540066384e-12,3.367581836928266822e-17,1.939798582425326754e-18
4.750000000000000000e+02,2.957467844623433020e-11,2.278946338174138067e-12,3.377447157860414603e-17,1.939798582425326754e-18
4.760000000000000000e+02,2.950772876005109667e-11,2.278963255442281029e-12,3.382379818326488494e-17,1.948102827006251033e-18
4.770000000000000000e+02,2.943894518002494120e-11,2.278975943393388554e-12,3.392245139258636274e-17,1.948102827006251033e-18
4.780000000000000000e+02,2.938264715123070680e-11,2.278992860661531920e-12,3.400877295074265583e-17,1.956407071587175697e-18
4.790000000000000000e+02,2.931094943852265949e-11,2.278988631344496079e-12,3.408276285773377035e-17,1.964711316168100361e-18
4.800000000000000000e+02,2.929612755677852590e-11,2.279018236563746969e-12,3.413208946239450925e-17,1.964711316168100361e-18
4.810000000000000000e+02,3.472815880225156244e-11,2.397878962538834357e-12,3.423564853733456033e-17,1.966242512632881357e-18
4.820000000000000000e+02,3.458555471458959483e-11,2.397878962538834357e-12,3.436628696686574392e-17,1.970394634923343690e-18
4.830000000000000000e+02,3.443688370414592646e-11,2.397874733221798515e-12,3.443102813548296835e-17,1.981034448292653079e-18
4.840000000000000000e+02,3.427886737165340801e-11,2.397862045270690991e-12,3.453623253448594496e-17,1.983110509437884245e-18
4.850000000000000000e+02,3.413280903189005714e-11,2.397845128002547624e-12,3.461638826705964876e-17,1.986224601155730801e-18
4.860000000000000000e+02,3.392458671521848088e-11,2.397862045270690991e-12,3.465954904613779838e-17,1.991414754018808909e-18
4.870000000000000000e+02,3.376297796054052022e-11,2.397853586636619307e-12,3.468421234846816783e-17,1.995566876309270856e-18
4.880000000000000000e+02,3.354798530975022994e-11,2.397853586636619307e-12,3.474587060429409147e-17,1.999718998599733188e-18
4.890000000000000000e+02,3.343013878896765678e-11,2.397849357319583466e-12,3.491388935141973875e-17,1.999718998599733188e-18
4.900000000000000000e+02,3.344865358023108423e-11,2.397862045270690991e-12,3.502487421190640745e-17,1.999718998599733188e-18
4.910000000000000000e+02,3.351644484783538999e-11,2.397849357319583466e-12,3.506263989359978683e-17,2.003871120890195520e-18
4.920000000000000000e+02,3.354170485138406857e-11,2.397853586636619307e-12,3.516129310292126464e-17,2.004909151462811295e-18
4.930000000000000000e+02,3.362004728904351535e-11,2.397857815953655149e-12,3.524761466107755772e-17,2.009061273753273242e-18
4.940000000000000000e+02,3.377440839476692784e-11,2.397862045270690991e-12,3.530002417852959743e-17,2.010099304325889018e-18
4.950000000000000000e+02,3.391306835457494661e-11,2.397866274587726832e-12,3.530002417852959743e-17,2.014251426616351350e-18
4.960000000000000000e+02,3.398790629646607784e-11,2.397857815953655149e-12,3.534935078319034249e-17,2.014251426616351350e-18
4.970000000000000000e+02,3.404454347001208095e-11,2.397866274587726832e-12,3.542334069018145085e-17,2.018403548906813297e-18
4.980000000000000000e+02,3.415705160118342309e-11,2.397874733221798515e-12,3.546033564367700503e-17,2.019441579479429073e-18
4.990000000000000000e+02,3.430388871778417598e-11,2.397883191855870198e-12,3.565764206231996681e-17,2.019441579479429073e-18
5.000000000000000000e+02,3.442665911792582270e-11,2.397870503904762674e-12,3.575629527164144462e-17,2.020479610052044463e-18
5.010000000000000000e+02,3.450640837825928311e-11,2.397878962538834357e-12,3.582411935304996369e-17,2.029821885205584518e-18
5.020000000000000000e+02,3.456549493056809479e-11,2.397883191855870198e-12,3.589810926004107205e-17,2.038126129786509182e-18
5.030000000000000000e+02,3.462434282545898293e-11,2.397883191855870198e-12,3.612007898101440328e-17,2.040202190931740348e-18
5.040000000000000000e+02,3.473197732093819026e-11,2.397891650489941881e-12,3.613241063217958801e-17,2.049544466085280402e-18
5.050000000000000000e+02,3.485875465351743665e-11,2.397883191855870198e-12,3.625572714383144143e-17,2.057848710666204681e-18
5.060000000000000000e+02,3.498019359648545202e-11,2.397887421172906040e-12,3.625572714383144143e-17,2.057848710666204681e-18
5.070000000000000000e+02,3.508068093034396929e-11,2.397883191855870198e-12,3.644070191130921232e-17,2.057848710666204681e-18
5.080000000000000000e+02,3.516308054410794803e-11,2.397883191855870198e-12,3.658868172529143520e-17,2.057848710666204681e-18
5.090000000000000000e+02,3.522964084187248702e-11,2.397887421172906040e-12,3.677057357997791145e-17,2.067190985819744736e-18
5.100000000000000000e+02,3.528828776209565893e-11,2.397895879806977723e-12,3.683223183580383508e-17,2.067190985819744736e-18
5.110000000000000000e+02,3.536288704656887956e-11,2.397895879806977723e-12,3.686922678929939542e-17,2.071343108110207068e-18
5.120000000000000000e+02,3.547052154204808042e-11,2.397912797075121089e-12,3.696787999862087323e-17,2.071343108110207068e-18
5.130000000000000000e+02,3.562152888300396130e-11,2.397908567758085247e-12,3.719601554517679991e-17,2.079647352691131732e-18
5.140000000000000000e+02,3.573614724818633035e-11,2.397900109124013564e-12,3.745498021964568532e-17,2.083799474981594064e-18
5.150000000000000000e+02,3.584694709468207804e-11,2.397904338441049406e-12,3.760296003362790203e-17,2.083799474981594064e-18
5.160000000000000000e+02,3.594330188693566169e-11,2.397895879806977723e-12,3.760912585921049748e-17,2.083799474981594064e-18
5.170000000000000000e+02,3.600642049351554241e-11,2.397917026392156930e-12,3.775710567319271419e-17,2.087951597272056396e-18
5.180000000000000000e+02,3.606912458984325275e-11,2.397933943660300297e-12,3.795441209183567597e-17,2.087951597272056396e-18
5.190000000000000000e+02,3.613859902028968358e-11,2.397917026392156930e-12,3.808697734186141948e-17,2.087951597272056396e-18
5.200000000000000000e+02,3.620953051707706679e-11,2.397921255709192772e-12,3.818563055118289729e-17,2.087951597272056396e-18
5.210000000000000000e+02,3.633470005231457685e-11,2.397921255709192772e-12,3.838293696982585907e-17,2.087951597272056396e-18
5.220000000000000000e+02,3.645225767201230712e-11,2.397938172977336138e-12,3.845692687681696742e-17,2.087951597272056396e-18
5.230000000000000000e+02,3.659173409140792874e-11,2.397933943660300297e-12,3.860490669079919030e-17,2.096255841852980675e-18
5.240000000000000000e+02,3.671721764956375107e-11,2.397946631611407821e-12,3.877754980711177647e-17,2.098331902998211842e-18
5.250000000000000000e+02,3.681343427173328223e-11,2.397942402294371980e-12,3.877754980711177647e-17,2.098331902998211842e-18
5.260000000000000000e+02,3.691856914478274871e-11,2.397972007513622870e-12,3.897948059494168329e-17,2.098850918284519729e-18
5.270000000000000000e+02,3.698088385269176450e-11,2.397972007513622870e-12,3.905347050193279781e-17,2.100926979429750895e-18
5.280000000000000000e+02,3.706347188020672801e-11,2.397967778196587029e-12,3.925077692057575343e-17,2.109231224010675174e-18
5.290000000000000000e+02,3.711725772565450303e-11,2.397967778196587029e-12,3.936176178106242212e-17,2.109231224010675174e-18
5.300000000000000000e+02,3.719310054088421543e-11,2.397988924781766237e-12,3.941108838572316103e-17,2.117535468591599839e-18
5.310000000000000000e+02,3.726988542486885171e-11,2.397988924781766237e-12,3.943575168805353048e-17,2.117535468591599839e-18
5.320000000000000000e+02,3.739889860062645250e-11,2.397993154098802078e-12,3.948507829271426938e-17,2.117535468591599839e-18
5.330000000000000000e+02,3.749659741097039897e-11,2.398005842049909603e-12,3.964538975786167699e-17,2.132067896608218001e-18
5.340000000000000000e+02,3.765919847807020933e-11,2.398010071366945444e-12,3.989202278116537767e-17,2.132067896608218001e-18
5.350000000000000000e+02,3.775717362858226077e-11,2.398039676586196335e-12,3.992285190907833640e-17,2.134143957753448782e-18
5.360000000000000000e+02,3.790480208293715360e-11,2.398039676586196335e-12,4.002150511839982038e-17,2.142448202334373061e-18
5.370000000000000000e+02,3.798507890177337397e-11,2.398048135220268018e-12,4.007699754864314856e-17,2.150752446915298110e-18
5.380000000000000000e+02,3.809673289060691242e-11,2.398069281805446822e-12,4.027430396728611651e-17,2.159056691496222389e-18
5.390000000000000000e+02,3.816606915096929076e-11,2.398056593854339297e-12,4.042228378126833322e-17,2.159056691496222389e-18
5.400000000000000000e+02,3.816781511839508604e-11,2.398065052488410980e-12,4.059492689758092555e-17,2.167360936077147053e-18
5.410000000000000000e+02,4.127342641495942941e-11,2.536955823945209958e-12,4.073156255590142049e-17,2.172291834722503516e-18
5.420000000000000000e+02,4.137810909500654405e-11,2.536951594628174117e-12,4.082404993964030902e-17,2.172810850008811404e-18
5.430000000000000000e+02,4.149895767488813572e-11,2.536947365311138275e-12,4.086412780592715784e-17,2.178001002871889127e-18
5.440000000000000000e+02,4.163091010516110420e-11,2.536951594628174117e-12,4.092578606175308763e-17,2.188381308598044957e-18
5.450000000000000000e+02,4.173530388412336949e-11,2.536955823945209958e-12,4.097511266641382654e-17,2.194609492033738070e-18
5.460000000000000000e+02,4.190152249524208498e-11,2.536964282579281641e-12,4.111104985230504221e-17,2.198761614324200402e-18
5.470000000000000000e+02,4.202845055882212178e-11,2.536960053262245800e-12,4.116037645696578727e-17,2.198761614324200402e-18
5.480000000000000000e+02,4.218700701073412518e-11,2.536960053262245800e-12,4.125286384070467580e-17,2.200837675469431953e-18
5.490000000000000000e+02,4.236579909950188840e-11,2.536955823945209958e-12,4.130219044536541470e-17,2.205379059224624623e-18
5.500000000000000000e+02,4.247369737423246924e-11,2.536951594628174117e-12,4.142550695701726197e-17,2.209531181515087341e-18
5.510000000000000000e+02,4.267362948586072179e-11,2.536947365311138275e-12,4.146558482330411695e-17,2.209531181515087341e-18
5.520000000000000000e+02,4.288520556729982319e-11,2.536960053262245800e-12,4.161356463728633982e-17,2.209531181515087341e-18
5.530000000000000000e+02,4.297932451637505244e-11,2.536951594628174117e-12,4.179853940476411071e-17,2.209531181515087341e-18
5.540000000000000000e+02,4.304994199024412985e-11,2.536955823945209958e-12,4.192185591641596414e-17,2.213683303805549287e-18
5.550000000000000000e+02,4.302145383109524070e-11,2.536955823945209958e-12,4.197118252107670304e-17,2.217835426096011620e-18
5.560000000000000000e+02,4.295885022210138202e-11,2.536960053262245800e-12,4.199584582340707249e-17,2.224063609531704733e-18
5.570000000000000000e+02,4.291817797372214614e-11,2.536947365311138275e-12,4.200047019259401754e-17,2.224063609531704733e-18
5.580000000000000000e+02,4.289602051660634419e-11,2.536964282579281641e-12,4.214845000657624041e-17,2.226139670676936284e-18
5.590000000000000000e+02,4.285948080983204194e-11,2.536960053262245800e-12,4.216078165774142514e-17,2.232367854112629397e-18
5.600000000000000000e+02,4.277392840596824783e-11,2.536951594628174117e-12,4.217003039611530906e-17,2.240672098693553676e-18
5.610000000000000000e+02,4.261573622064148253e-11,2.536947365311138275e-12,4.246599002407975481e-17,2.248976343274478340e-18
5.620000000000000000e+02,4.247692552983267335e-11,2.536947365311138275e-12,4.255231158223604790e-17,2.248976343274478340e-18
5.630000000000000000e+02,4.238193987750291543e-11,2.536960053262245800e-12,4.260163818689678680e-17,2.253128465564940672e-18
5.640000000000000000e+02,4.231902224559075094e-11,2.536955823945209958e-12,4.276194965204419440e-17,2.253128465564940672e-18
5.650000000000000000e+02,4.227224539167961348e-11,2.536955823945209958e-12,4.286368577415696685e-17,2.253128465564940672e-18
5.660000000000000000e+02,4.221550773079974579e-11,2.536955823945209958e-12,4.291301237881771192e-17,2.253128465564940672e-18
5.670000000000000000e+02,4.212363718581960240e-11,2.536938906677066592e-12,4.323363530911252096e-17,2.253128465564940672e-18
5.680000000000000000e+02,4.202500886763746351e-11,2.536943135994102434e-12,4.338778094867733312e-17,2.253128465564940672e-18
5.690000000000000000e+02,4.187736785236584569e-11,2.536943135994102434e-12,4.343710755333807202e-17,2.269736954726789615e-18
5.700000000000000000e+02,4.176959518680258587e-11,2.536938906677066592e-12,4.358508736732029490e-17,2.278041199307714279e-18
5.710000000000000000e+02,4.168835117737797225e-11,2.536955823945209958e-12,4.359741901848547963e-17,2.278041199307714279e-18
5.720000000000000000e+02,4.160966959496675675e-11,2.536947365311138275e-12,4.359741901848547963e-17,2.278041199307714279e-18
5.730000000000000000e+02,4.156169945396604688e-11,2.536951594628174117e-12,4.367140892547658798e-17,2.278041199307714279e-18
5.740000000000000000e+02,4.151984647941397653e-11,2.536955823945209958e-12,4.372102455321151057e-17,2.286361663116335752e-18
5.750000000000000000e+02,4.145981785835024743e-11,2.536960053262245800e-12,4.386900436719373344e-17,2.286361663116335752e-18
5.760000000000000000e+02,4.139838241461249824e-11,2.536947365311138275e-12,4.389366766952410906e-17,2.286361663116335752e-18
5.770000000000000000e+02,4.129043389621498511e-11,2.536960053262245800e-12,4.414030069282780358e-17,2.286361663116335752e-18
5.780000000000000000e+02,4.119367715462596900e-11,2.536943135994102434e-12,4.418962729748854865e-17,2.290513785406798084e-18
5.790000000000000000e+02,4.106774140346778191e-11,2.536960053262245800e-12,4.423895390214928139e-17,2.290513785406798084e-18
5.800000000000000000e+02,4.097246685005318109e-11,2.536964282579281641e-12,4.437460206496631954e-17,2.294665907697260416e-18
5.810000000000000000e+02,4.087675266455294051e-11,2.536964282579281641e-12,4.437460206496631954e-17,2.302970152278184695e-18
5.820000000000000000e+02,4.080721542952285239e-11,2.536981199847425007e-12,4.442392866962706460e-17,2.315426519149571691e-18
5.830000000000000000e+02,4.074804095079691406e-11,2.536968511896317483e-12,4.452258187894854241e-17,2.315426519149571691e-18
5.840000000000000000e+02,4.069419230076548176e-11,2.536964282579281641e-12,4.463356673943521111e-17,2.323730763730496356e-18
5.850000000000000000e+02,4.065108323454018171e-11,2.536972741213353324e-12,4.473221994875668892e-17,2.323730763730496356e-18
5.860000000000000000e+02,4.059605385833591492e-11,2.536993887798532532e-12,4.485245354761724154e-17,2.324249779016803858e-18
5.870000000000000000e+02,4.055811988980432403e-11,2.536981199847425007e-12,4.490192466381507228e-17,2.324249779016803858e-18
5.880000000000000000e+02,4.045854950286726773e-11,2.536989658481496691e-12,4.495125126847581119e-17,2.332554023597728137e-18
5.890000000000000000e+02,4.036632725221861124e-11,2.536989658481496691e-12,4.504990447779729516e-17,2.332554023597728137e-18
5.900000000000000000e+02,4.026846514995714938e-11,2.537015034383711336e-12,4.509923108245803406e-17,2.332554023597728137e-18
5.910000000000000000e+02,4.014049453028833058e-11,2.537010805066675494e-12,4.514855768711877913e-17,2.340858268178652801e-18
5.920000000000000000e+02,4.006132307212455595e-11,2.537010805066675494e-12,4.519788429177951187e-17,2.340858268178652801e-18
5.930000000000000000e+02,3.994390362251087817e-11,2.537040410285926385e-12,4.534586410576173475e-17,2.340858268178652801e-18
5.940000000000000000e+02,3.988233000868907650e-11,2.537040410285926385e-12,4.539519071042247365e-17,2.340858268178652801e-18
5.950000000000000000e+02,3.979666455657468635e-11,2.537044639602962227e-12,4.544567340737994728e-17,2.340858268178652801e-18
5.960000000000000000e+02,3.973524167375366862e-11,2.537057327554069751e-12,4.559365322136217015e-17,2.340858268178652801e-18
5.970000000000000000e+02,3.968693238800119004e-11,2.537065786188141434e-12,4.584028624466587700e-17,2.342934329323883968e-18
5.980000000000000000e+02,3.962913961011580888e-11,2.537082703456284800e-12,4.598826605864809371e-17,2.342934329323883968e-18
5.990000000000000000e+02,3.960644203358052198e-11,2.537074244822213117e-12,4.611158257029994098e-17,2.351238573904808632e-18
6.000000000000000000e+02,3.960298778147913225e-11,2.537078474139248959e-12,4.621023577962142495e-17,2.359542818485732911e-18
6.010000000000000000e+02,4.609458259698982024e-11,2.656032245089124860e-12,4.631893705675633247e-17,2.361106199980475610e-18
6.020000000000000000e+02,4.597627132228815087e-11,2.656036474406160702e-12,4.635670273844971185e-17,2.362144230553091000e-18
6.030000000000000000e+02,4.585054910671441793e-11,2.656036474406160702e-12,4.647539488091462023e-17,2.363182261125706776e-18
6.040000000000000000e+02,4.570451588878452997e-11,2.656053391674304068e-12,4.651855565999276369e-17,2.365258322270937942e-18
6.050000000000000000e+02,4.552890171195004503e-11,2.656074538259483275e-12,4.667886712514017129e-17,2.365258322270937942e-18
6.060000000000000000e+02,4.541901881237575831e-11,2.656078767576519117e-12,4.676518868329647053e-17,2.369410444561399889e-18
6.070000000000000000e+02,4.519744424121772584e-11,2.656099914161698325e-12,4.693166597402646742e-17,2.370448475134015664e-18
6.080000000000000000e+02,4.505874659865951271e-11,2.656108372795770008e-12,4.697482675310461088e-17,2.370448475134015664e-18
6.090000000000000000e+02,4.486655201173836745e-11,2.656121060746877128e-12,4.707347996242609485e-17,2.379790750287555719e-18
6.100000000000000000e+02,4.466821513653512623e-11,2.656150665966128019e-12,4.726462055548646119e-17,2.384461887864325939e-18
6.110000000000000000e+02,4.455486542394271833e-11,2.656146436649092178e-12,4.728928385781683064e-17,2.384461887864325939e-18
6.120000000000000000e+02,4.453592356151038903e-11,2.656146436649092178e-12,4.744959532296423824e-17,2.388614010154788271e-18
6.130000000000000000e+02,4.460444336228516452e-11,2.656142207332056336e-12,4.754824853228571605e-17,2.388614010154788271e-18
6.140000000000000000e+02,4.464779108592838163e-11,2.656137978015020495e-12,4.770239417185053437e-17,2.390690071300019437e-18
6.150000000000000000e+02,4.467122975655088265e-11,2.656129519380948812e-12,4.777638407884164273e-17,2.398994315880944101e-18
6.160000000000000000e+02,4.474844171170441431e-11,2.656129519380948812e-12,4.781337903233719690e-17,2.409374621607099546e-18
6.170000000000000000e+02,4.489319371612760966e-11,2.656133748697984653e-12,4.806001205564089759e-17,2.417678866188024211e-18
6.180000000000000000e+02,4.504055839123112252e-11,2.656104143478734166e-12,4.819566021845792958e-17,2.428059171914179270e-18
6.190000000000000000e+02,4.514088243317211793e-11,2.656095684844662483e-12,4.831897673010978300e-17,2.428059171914179270e-18
6.200000000000000000e+02,4.520261933891144147e-11,2.656091455527626642e-12,4.838063498593570663e-17,2.434287355349873154e-18
6.210000000000000000e+02,4.525643030619267940e-11,2.656091455527626642e-12,4.842996159059645170e-17,2.436363416495104320e-18
6.220000000000000000e+02,4.534676841933148166e-11,2.656087226210590800e-12,4.856560975341348368e-17,2.436363416495104320e-18
6.230000000000000000e+02,4.546696383154299880e-11,2.656082996893554959e-12,4.863959966040459204e-17,2.438439477640335101e-18
6.240000000000000000e+02,4.559762248739253676e-11,2.656070308942447434e-12,4.871050665460440576e-17,2.438439477640335101e-18
6.250000000000000000e+02,4.572365872588457550e-11,2.656070308942447434e-12,4.890781307324736754e-17,2.446743722221259380e-18
6.260000000000000000e+02,4.580399834930445962e-11,2.656061850308375751e-12,4.891397889882996298e-17,2.447781752793875155e-18
6.270000000000000000e+02,4.586034662176561984e-11,2.656044933040232385e-12,4.898796880582107134e-17,2.447781752793875155e-18
6.280000000000000000e+02,4.591121833453149655e-11,2.656053391674304068e-12,4.913594861980329421e-17,2.449857813939106321e-18
6.290000000000000000e+02,4.596548149481509278e-11,2.656049162357268226e-12,4.924385056749866211e-17,2.458162058520030985e-18
6.300000000000000000e+02,4.608595324719472135e-11,2.656049162357268226e-12,4.934250377682014608e-17,2.458162058520030985e-18
6.310000000000000000e+02,4.619694150744145382e-11,2.656036474406160702e-12,4.944115698614162389e-17,2.462314180810493318e-18
6.320000000000000000e+02,4.631551656139450317e-11,2.656019557138017335e-12,4.953981019546310170e-17,2.470618425391417597e-18
6.330000000000000000e+02,4.644509497840505830e-11,2.656002639869873969e-12,4.989588662285782068e-17,2.470618425391417597e-18
6.340000000000000000e+02,4.652420363198517564e-11,2.656019557138017335e-12,4.999453983217929849e-17,2.474770547681879929e-18
6.350000000000000000e+02,4.659681829161468392e-11,2.656019557138017335e-12,5.029049946014374424e-17,2.483074792262804593e-18
6.360000000000000000e+02,4.666079104053236186e-11,2.655998410552838128e-12,5.040765014621300222e-17,2.483074792262804593e-18
6.370000000000000000e+02,4.670975349395492144e-11,2.656019557138017335e-12,5.046930840203892585e-17,2.483074792262804593e-18
6.380000000000000000e+02,4.677092515844129065e-11,2.656002639869873969e-12,5.061728821602114256e-17,2.491379036843729257e-18
6.390000000000000000e+02,4.686318509184014150e-11,2.655989951918766445e-12,5.066661482068188147e-17,2.493455097988960038e-18
6.400000000000000000e+02,4.696147426527050521e-11,2.655998410552838128e-12,5.081459463466411050e-17,2.493455097988960038e-18
6.410000000000000000e+02,4.710072458816494122e-11,2.655981493284694762e-12,5.096874027422891650e-17,2.493455097988960038e-18
6.420000000000000000e+02,4.720259362286400921e-11,2.655989951918766445e-12,5.116604669287187828e-17,2.501759342569884702e-18
6.430000000000000000e+02,4.734227101692734706e-11,2.655960346699515554e-12,5.121575866163153903e-17,2.510063587150809366e-18
6.440000000000000000e+02,4.742232173926238829e-11,2.655960346699515554e-12,5.127741691745746266e-17,2.510063587150809366e-18
6.450000000000000000e+02,4.752098774019471508e-11,2.655964576016551395e-12,5.127741691745746266e-17,2.518367831731733645e-18
6.460000000000000000e+02,4.757619296923324165e-11,2.655956117382479712e-12,5.128974856862264122e-17,2.526672076312658309e-18
6.470000000000000000e+02,4.765042798712121772e-11,2.655951888065443871e-12,5.133907517328338013e-17,2.526672076312658309e-18
6.480000000000000000e+02,4.769823483620440572e-11,2.655960346699515554e-12,5.143772838260487026e-17,2.537052382038814140e-18
6.490000000000000000e+02,4.776801072865241090e-11,2.655943429431372188e-12,5.163503480124782588e-17,2.545356626619738419e-18
6.500000000000000000e+02,4.783332749566044519e-11,2.655947658748408029e-12,5.173368801056930369e-17,2.545356626619738419e-18
6.510000000000000000e+02,4.795693947722315122e-11,2.655943429431372188e-12,5.198032103387300437e-17,2.545356626619738419e-18
6.520000000000000000e+02,4.803954006565485265e-11,2.655956117382479712e-12,5.215912997576819214e-17,2.546394657192354194e-18
6.530000000000000000e+02,4.819756895906410256e-11,2.655939200114336346e-12,5.220845658042892489e-17,2.546394657192354194e-18
6.540000000000000000e+02,4.830421114212145371e-11,2.655947658748408029e-12,5.220845658042892489e-17,2.546394657192354194e-18
6.550000000000000000e+02,4.843380212004874029e-11,2.655951888065443871e-12,5.228861231300262869e-17,2.546394657192354194e-18
6.560000000000000000e+02,4.854676244422244072e-11,2.655943429431372188e-12,5.233793891766337375e-17,2.546394657192354194e-18
6.570000000000000000e+02,4.862618512072086387e-11,2.655930741480264663e-12,5.238726552232411266e-17,2.546394657192354194e-18
6.580000000000000000e+02,4.871892236895554239e-11,2.655939200114336346e-12,5.253524533630632937e-17,2.554698901773278473e-18
6.590000000000000000e+02,4.875354025546980251e-11,2.655934970797300505e-12,5.273255175494929115e-17,2.565079207499434303e-18
6.600000000000000000e+02,4.875771047982493050e-11,2.655939200114336346e-12,5.273255175494929115e-17,2.573383452080358582e-18
6.610000000000000000e+02,4.943257085310199208e-11,2.757307470829213026e-12,5.283594975973862592e-17,2.578022404627167099e-18
6.620000000000000000e+02,4.958499757764862452e-11,2.757307470829213026e-12,5.293152005626880909e-17,2.582693542203937319e-18
6.630000000000000000e+02,4.973590443127064729e-11,2.757315929463284709e-12,5.305483656792066868e-17,2.585288618635475988e-18
6.640000000000000000e+02,4.988333191095782388e-11,2.757311700146248868e-12,5.320898220748547467e-17,2.586326649208091763e-18
6.650000000000000000e+02,5.002972939547294994e-11,2.757311700146248868e-12,5.335696202146769139e-17,2.590478771498553710e-18
6.660000000000000000e+02,5.025269822838826458e-11,2.757299012195141343e-12,5.344328357962399680e-17,2.595668924361631818e-18
6.670000000000000000e+02,5.036990414241748821e-11,2.757294782878105502e-12,5.349261018428472337e-17,2.599950800473670930e-18
6.680000000000000000e+02,5.061805761338109269e-11,2.757290553561069660e-12,5.362209252151917224e-17,2.600469815759978432e-18
6.690000000000000000e+02,5.077375017627813007e-11,2.757294782878105502e-12,5.368375077734509587e-17,2.604621938050441149e-18
6.700000000000000000e+02,5.082772443547688341e-11,2.757303241512177185e-12,5.382248185295343483e-17,2.604621938050441149e-18
6.710000000000000000e+02,5.075742098452611827e-11,2.757294782878105502e-12,5.399512496926602099e-17,2.604621938050441149e-18
6.720000000000000000e+02,5.071427423555062385e-11,2.757303241512177185e-12,5.412460730650046986e-17,2.606697999195672315e-18
6.730000000000000000e+02,5.068478120306314707e-11,2.757299012195141343e-12,5.420476303907416134e-17,2.610850121486134262e-18
6.740000000000000000e+02,5.056273933609198300e-11,2.757294782878105502e-12,5.430341624839564531e-17,2.610850121486134262e-18
6.750000000000000000e+02,5.039503853679885222e-11,2.757303241512177185e-12,5.445139606237786202e-17,2.615002243776596594e-18
6.760000000000000000e+02,5.027921432361017931e-11,2.757311700146248868e-12,5.455004927169934599e-17,2.619154366067058541e-18
6.770000000000000000e+02,5.021580681594545570e-11,2.757311700146248868e-12,5.457471257402972161e-17,2.619154366067058541e-18
6.780000000000000000e+02,5.016257365083390355e-11,2.757311700146248868e-12,5.475352151592489705e-17,2.619154366067058541e-18
6.790000000000000000e+02,5.004068251486352989e-11,2.757311700146248868e-12,5.480400421288237684e-17,2.619154366067058541e-18
6.800000000000000000e+02,4.988663543205842320e-11,2.757303241512177185e-12,5.495506693965589436e-17,2.627977625934291093e-18
6.810000000000000000e+02,4.976012187873055032e-11,2.757303241512177185e-12,5.518320248621182103e-17,2.636281870515215758e-18
6.820000000000000000e+02,4.967774738680003450e-11,2.757320158780320551e-12,5.534351395135922864e-17,2.644586115096140037e-18
6.830000000000000000e+02,4.961710328081641879e-11,2.757320158780320551e-12,5.539284055601995521e-17,2.646662176241371203e-18
6.840000000000000000e+02,4.955774038833950214e-11,2.757315929463284709e-12,5.539284055601995521e-17,2.646662176241371203e-18
6.850000000000000000e+02,4.946242815217470049e-11,2.757311700146248868e-12,5.552848871883699953e-17,2.650814298531833920e-18
6.860000000000000000e+02,4.934525992089567123e-11,2.757324388097356392e-12,5.566413688165402535e-17,2.652890359677064701e-18
6.870000000000000000e+02,4.921872124573433544e-11,2.757332846731428075e-12,5.581211669563625439e-17,2.652890359677064701e-18
6.880000000000000000e+02,4.908750990954858107e-11,2.757320158780320551e-12,5.591076990495773220e-17,2.652890359677064701e-18
6.890000000000000000e+02,4.900144250809875846e-11,2.757315929463284709e-12,5.603408641660959179e-17,2.654966420822295867e-18
6.900000000000000000e+02,4.893846207160293669e-11,2.757328617414392234e-12,5.618206623059180850e-17,2.654966420822295867e-18
6.910000000000000000e+02,4.888271672314492517e-11,2.757320158780320551e-12,5.644719673064328319e-17,2.665346726548451697e-18
6.920000000000000000e+02,4.881905799714555303e-11,2.757311700146248868e-12,5.649652333530402210e-17,2.665346726548451697e-18
6.930000000000000000e+02,4.870764266572992518e-11,2.757324388097356392e-12,5.659517654462551223e-17,2.681955215710300640e-18
6.940000000000000000e+02,4.860145267567493879e-11,2.757320158780320551e-12,5.665683480045142970e-17,2.681955215710300640e-18
6.950000000000000000e+02,4.844956607054779130e-11,2.757324388097356392e-12,5.665683480045142970e-17,2.681955215710300640e-18
6.960000000000000000e+02,4.832707201057426248e-11,2.757337076048463917e-12,5.670616140511216860e-17,2.681955215710300640e-18
6.970000000000000000e+02,4.823417147042206855e-11,2.757341305365499758e-12,5.678631713768587857e-17,2.681955215710300640e-18
6.980000000000000000e+02,4.813448803523441621e-11,2.757341305365499758e-12,5.683564374234660514e-17,2.681955215710300640e-18
6.990000000000000000e+02,4.807095491840237156e-11,2.757353993316607283e-12,5.693429695166809528e-17,2.690259460291224919e-18
7.000000000000000000e+02,4.801357665076916080e-11,2.757328617414392234e-12,5.693429695166809528e-17,2.690259460291224919e-18
7.010000000000000000e+02,4.793946724204850576e-11,2.757320158780320551e-12,5.713931065228930291e-17,2.698563704872149198e-18
7.020000000000000000e+02,4.786957830134990454e-11,2.757345534682535600e-12,5.728729046627151962e-17,2.698563704872149198e-18
7.030000000000000000e+02,4.774097963584447413e-11,2.757341305365499758e-12,5.738594367559298510e-17,2.715172194033998912e-18
7.040000000000000000e+02,4.763097112710285992e-11,2.757353993316607283e-12,5.758325009423596537e-17,2.723476438614923191e-18
7.050000000000000000e+02,4.747619551112728350e-11,2.757353993316607283e-12,5.763257669889669195e-17,2.723476438614923191e-18
7.060000000000000000e+02,4.736226799636518982e-11,2.757358222633643125e-12,5.773122990821818208e-17,2.727628560905385138e-18
7.070000000000000000e+02,4.723668395087550937e-11,2.757370910584750649e-12,5.782988311753964757e-17,2.735932805486309802e-18
7.080000000000000000e+02,4.714802900057883864e-11,2.757366681267714808e-12,5.786687807103522023e-17,2.740084927776772134e-18
7.090000000000000000e+02,4.706427280780776563e-11,2.757370910584750649e-12,5.786687807103522023e-17,2.748389172357696798e-18
7.100000000000000000e+02,4.699368045577215760e-11,2.757370910584750649e-12,5.792853632686113770e-17,2.752541294648159130e-18
7.110000000000000000e+02,4.693102660311137309e-11,2.757370910584750649e-12,5.792853632686113770e-17,2.752541294648159130e-18
7.120000000000000000e+02,4.686013278907419071e-11,2.757370910584750649e-12,5.807035031526076513e-17,2.760845539229083409e-18
7.130000000000000000e+02,4.680471402445121645e-11,2.757375139901786491e-12,5.807035031526076513e-17,2.760845539229083409e-18
7.140000000000000000e+02,4.668596311766392024e-11,2.757387827852894015e-12,5.812584274550409332e-17,2.760845539229083409e-18
7.150000000000000000e+02,4.657075438939512749e-11,2.757366681267714808e-12,5.822449595482558345e-17,2.760845539229083409e-18
7.160000000000000000e+02,4.644883813159128445e-11,2.757383598535858174e-12,5.839713907113816962e-17,2.771225844955239239e-18
7.170000000000000000e+02,4.629376105361413368e-11,2.757404745121037382e-12,5.839713907113816962e-17,2.771225844955239239e-18
7.180000000000000000e+02,4.619209299358278192e-11,2.757396286486965698e-12,5.842180237346853907e-17,2.775377967245701186e-18
7.190000000000000000e+02,4.604706464899147513e-11,2.757404745121037382e-12,5.842180237346853907e-17,2.783682211826625850e-18
7.200000000000000000e+02,4.598526493866848784e-11,2.757413203755109065e-12,5.868693287352001376e-17,2.783682211826625850e-18
7.210000000000000000e+02,4.981863062886966975e-11,2.859838803728944109e-12,5.874793179545796743e-17,2.789131872332857517e-18
7.220000000000000000e+02,4.971703793433871319e-11,2.859830345094872426e-12,5.889745306583582222e-17,2.791207933478088683e-18
7.230000000000000000e+02,4.958640440032264461e-11,2.859830345094872426e-12,5.902693540307027109e-17,2.791207933478088683e-18
7.240000000000000000e+02,4.945034455027821188e-11,2.859813427826729464e-12,5.905468161819192902e-17,2.791207933478088683e-18
7.250000000000000000e+02,4.934814893174410662e-11,2.859847262363015792e-12,5.919032978100896717e-17,2.793803009909627737e-18
7.260000000000000000e+02,4.914031600349123138e-11,2.859847262363015792e-12,5.926431968800008785e-17,2.800031193345320850e-18
7.270000000000000000e+02,4.904764155984021014e-11,2.859830345094872426e-12,5.930131464149563586e-17,2.802107254490552016e-18
7.280000000000000000e+02,4.882970965453455863e-11,2.859821886460800743e-12,5.938147037406933350e-17,2.806259376781013963e-18
7.290000000000000000e+02,4.867438135822275934e-11,2.859830345094872426e-12,5.948012358339082364e-17,2.810411499071476680e-18
7.300000000000000000e+02,4.855628361910553766e-11,2.859804969192657781e-12,5.957877679271230145e-17,2.814563621361939012e-18
7.310000000000000000e+02,4.832883053891678921e-11,2.859804969192657781e-12,5.965276669970340980e-17,2.814563621361939012e-18
7.320000000000000000e+02,4.815667061418368754e-11,2.859779593290442732e-12,5.976066864739877770e-17,2.816639682507169793e-18
7.330000000000000000e+02,4.806929687739370941e-11,2.859788051924514415e-12,5.978533194972914715e-17,2.824943927088094457e-18
7.340000000000000000e+02,4.804105993657946232e-11,2.859771134656371049e-12,5.985315603113767855e-17,2.824943927088094457e-18
7.350000000000000000e+02,4.809944307755126071e-11,2.859788051924514415e-12,5.992714593812877458e-17,2.831172110523787955e-18
7.360000000000000000e+02,4.816001181803448122e-11,2.859788051924514415e-12,5.992714593812877458e-17,2.839476355104712619e-18
7.370000000000000000e+02,4.818870095185108661e-11,2.859788051924514415e-12,5.995180924045914403e-17,2.843628477395174566e-18
7.380000000000000000e+02,4.820774330161727402e-11,2.859779593290442732e-12,6.001346749628507383e-17,2.851932721976099230e-18
7.390000000000000000e+02,4.829727751608521135e-11,2.859788051924514415e-12,6.002888206024156552e-17,2.851932721976099230e-18
7.400000000000000000e+02,4.843685442281469108e-11,2.859779593290442732e-12,6.013986692072822189e-17,2.851932721976099230e-18
7.410000000000000000e+02,4.857645645137763373e-11,2.859788051924514415e-12,6.018919352538896079e-17,2.860236966557023895e-18
7.420000000000000000e+02,4.868729398062357579e-11,2.859804969192657781e-12,6.028784673471043860e-17,2.860236966557023895e-18
7.430000000000000000e+02,4.876162948584541644e-11,2.859804969192657781e-12,6.044199237427524460e-17,2.860236966557023895e-18
7.440000000000000000e+02,4.881945994648099196e-11,2.859813427826729464e-12,6.054064558359673473e-17,2.860236966557023895e-18
7.450000000000000000e+02,4.887379847226498339e-11,2.859821886460800743e-12,6.055914306034451490e-17,2.860236966557023895e-18
7.460000000000000000e+02,4.896001660471558995e-11,2.859804969192657781e-12,6.059613801384006292e-17,2.864389088847485842e-18
7.470000000000000000e+02,4.906206149224891126e-11,2.859813427826729464e-12,6.070712287432673162e-17,2.865427119420101617e-18
7.480000000000000000e+02,4.921754051956150096e-11,2.859821886460800743e-12,6.080577608364820943e-17,2.865427119420101617e-18
7.490000000000000000e+02,4.933001096798264226e-11,2.859796510558586098e-12,6.080577608364820943e-17,2.873731364001025896e-18
7.500000000000000000e+02,4.941484739959269163e-11,2.859821886460800743e-12,6.086126851389153761e-17,2.882035608581950560e-18
7.510000000000000000e+02,4.949428263700785270e-11,2.859821886460800743e-12,6.091059511855228884e-17,2.882035608581950560e-18
7.520000000000000000e+02,4.954565678644301353e-11,2.859821886460800743e-12,6.097225337437820631e-17,2.890339853162874839e-18
7.530000000000000000e+02,4.958984609150729641e-11,2.859813427826729464e-12,6.127437882792524134e-17,2.898644097743799504e-18
7.540000000000000000e+02,4.965043995382397984e-11,2.859821886460800743e-12,6.147168524656819696e-17,2.898644097743799504e-18
7.550000000000000000e+02,4.972814178473007708e-11,2.859813427826729464e-12,6.152101185122894819e-17,2.900720158889030670e-18
7.560000000000000000e+02,4.982988521026182405e-11,2.859864179631159158e-12,6.152101185122894819e-17,2.900720158889030670e-18
7.570000000000000000e+02,4.995232902656842704e-11,2.859864179631159158e-12,6.176764487453264271e-17,2.900720158889030670e-18
7.580000000000000000e+02,5.005452464510253876e-11,2.859864179631159158e-12,6.181697147919339394e-17,2.909024403469954949e-18
7.590000000000000000e+02,5.017704382690953050e-11,2.859855720997087475e-12,6.191562468851485943e-17,2.917847663337187501e-18
7.600000000000000000e+02,5.024964592562230733e-11,2.859855720997087475e-12,6.197728294434080154e-17,2.918885693909803276e-18
7.610000000000000000e+02,5.033521089040283936e-11,2.859872638265230842e-12,6.197728294434080154e-17,2.918885693909803276e-18
7.620000000000000000e+02,5.038311822681988547e-11,2.859881096899302525e-12,6.212526275832301826e-17,2.920961755055034442e-18
7.630000000000000000e+02,5.044587256681452810e-11,2.859864179631159158e-12,6.232256917696597387e-17,2.929265999635958721e-18
7.640000000000000000e+02,5.048868017103825380e-11,2.859872638265230842e-12,6.237189578162671278e-17,2.929265999635958721e-18
7.650000000000000000e+02,5.054703819017658928e-11,2.859906472801517574e-12,6.247054899094819059e-17,2.937570244216883385e-18
7.660000000000000000e+02,5.061363617069131617e-11,2.859872638265230842e-12,6.274184531658226689e-17,2.937570244216883385e-18
7.670000000000000000e+02,5.072374516676678850e-11,2.859872638265230842e-12,6.288982513056449593e-17,2.945874488797807664e-18
7.680000000000000000e+02,5.080461234868942611e-11,2.859889555533374208e-12,6.309946320037263011e-17,2.947950549943039216e-18
7.690000000000000000e+02,5.094665119509843940e-11,2.859898014167445891e-12,6.319811640969412024e-17,2.947950549943039216e-18
7.700000000000000000e+02,5.102882471236123899e-11,2.859898014167445891e-12,6.340158865391966514e-17,2.956773809810270997e-18
7.710000000000000000e+02,5.115664460102927384e-11,2.859923390069660940e-12,6.345091525858040405e-17,2.965078054391195661e-18
7.720000000000000000e+02,5.124231005314365753e-11,2.859906472801517574e-12,6.345091525858040405e-17,2.965078054391195661e-18
7.730000000000000000e+02,5.131950944738045773e-11,2.859906472801517574e-12,6.366055332838855055e-17,2.967154115536426827e-18
7.740000000000000000e+02,5.139128252558890671e-11,2.859923390069660940e-12,6.390718635169224507e-17,2.967154115536426827e-18
7.750000000000000000e+02,5.143961693317484820e-11,2.859940307337804306e-12,6.403050286334410466e-17,2.975458360117351106e-18
7.760000000000000000e+02,5.150244663866988603e-11,2.859914931435589257e-12,6.412915607266558247e-17,2.975458360117351106e-18
7.770000000000000000e+02,5.154100865303809499e-11,2.859940307337804306e-12,6.419081432849149994e-17,2.975458360117351106e-18
7.780000000000000000e+02,5.160441616070281860e-11,2.859948765971875989e-12,6.424014093315225117e-17,2.983762604698275771e-18
7.790000000000000000e+02,5.163966209305369033e-11,2.859965683240019355e-12,6.434187705526501745e-17,2.992326356922354379e-18
7.800000000000000000e+02,5.164154623056353809e-11,2.859931848703732623e-12,6.434187705526501745e-17,2.992326356922354379e-18
7.810000000000000000e+02,5.164903253693599686e-11,2.950794495901597101e-12,6.439494440127653206e-17,2.995734422142211127e-18
7.820000000000000000e+02,5.176896416989613402e-11,2.950794495901597101e-12,6.448858787731215531e-17,2.995734422142211127e-18
7.830000000000000000e+02,5.189386992588227057e-11,2.950794495901597101e-12,6.452866574359900412e-17,2.997810483287442293e-18
7.840000000000000000e+02,5.204736432835115438e-11,2.950769119999382052e-12,6.467047973199864388e-17,2.997810483287442293e-18
7.850000000000000000e+02,5.221650963306849963e-11,2.950760661365310369e-12,6.479495233594722586e-17,3.006114727868366957e-18
7.860000000000000000e+02,5.234935388842945324e-11,2.950743744097167003e-12,6.486894224293833422e-17,3.010266850158828904e-18
7.870000000000000000e+02,5.255186098798782892e-11,2.950743744097167003e-12,6.496759545225981203e-17,3.010266850158828904e-18
7.880000000000000000e+02,5.270515441578899650e-11,2.950726826829023637e-12,6.507549739995517992e-17,3.011304880731444680e-18
7.890000000000000000e+02,5.287291801966578457e-11,2.950709909560880270e-12,6.525430634185036769e-17,3.015457003021907012e-18
7.900000000000000000e+02,5.312237782596955103e-11,2.950709909560880270e-12,6.530363294651109427e-17,3.023761247602831291e-18
7.910000000000000000e+02,5.322743733351862877e-11,2.950684533658665221e-12,6.553176849306703328e-17,3.024799278175447066e-18
7.920000000000000000e+02,5.327454077126480995e-11,2.950684533658665221e-12,6.559342674889295074e-17,3.024799278175447066e-18
7.930000000000000000e+02,5.320982692825992436e-11,2.950667616390521855e-12,6.570441160937961944e-17,3.024799278175447066e-18
7.940000000000000000e+02,5.315465938197159862e-11,2.950676075024593538e-12,6.600037123734406519e-17,3.024799278175447066e-18
7.950000000000000000e+02,5.313106998034831366e-11,2.950676075024593538e-12,6.603736619083961321e-17,3.026875339320678232e-18
7.960000000000000000e+02,5.307331488521313334e-11,2.950676075024593538e-12,6.608669279550036444e-17,3.031027461611140179e-18
7.970000000000000000e+02,5.294413841753801068e-11,2.950692992292736904e-12,6.621000930715219937e-17,3.031027461611140179e-18
7.980000000000000000e+02,5.278908646139431636e-11,2.950709909560880270e-12,6.625933591181295060e-17,3.031027461611140179e-18
7.990000000000000000e+02,5.266865239176488862e-11,2.950726826829023637e-12,6.628399921414332006e-17,3.031027461611140179e-18
8.000000000000000000e+02,5.259474395771194982e-11,2.950726826829023637e-12,6.660462214443812293e-17,3.031027461611140179e-18
8.010000000000000000e+02,5.254038031009449548e-11,2.950726826829023637e-12,6.670327535375961307e-17,3.041407767337296010e-18
8.020000000000000000e+02,5.247322964924353925e-11,2.950726826829023637e-12,6.686358681890702067e-17,3.045559889627758342e-18
8.030000000000000000e+02,5.235854847947750646e-11,2.950735285463095320e-12,6.686358681890702067e-17,3.053864134208683006e-18
8.040000000000000000e+02,5.219683923746569414e-11,2.950752202731238686e-12,6.691599633635904805e-17,3.062168378789607285e-18
8.050000000000000000e+02,5.207341566965397289e-11,2.950760661365310369e-12,6.697765459218496552e-17,3.066320501080069232e-18
8.060000000000000000e+02,5.198526315602658628e-11,2.950760661365310369e-12,6.707630780150645566e-17,3.066320501080069232e-18
8.070000000000000000e+02,5.192157930819375770e-11,2.950760661365310369e-12,6.727978004573200055e-17,3.067358531652685007e-18
8.080000000000000000e+02,5.186020666903966579e-11,2.950769119999382052e-12,6.727978004573200055e-17,3.075662776233609671e-18
8.090000000000000000e+02,5.180064280189503291e-11,2.950777578633453735e-12,6.729827752247979305e-17,3.083967020814534336e-18
8.100000000000000000e+02,5.172047903130940212e-11,2.950794495901597101e-12,6.754491054578348757e-17,3.083967020814534336e-18
8.110000000000000000e+02,5.162082071795521915e-11,2.950777578633453735e-12,6.764356375510496538e-17,3.083967020814534336e-18
8.120000000000000000e+02,5.146649729498200103e-11,2.950811413169740063e-12,6.779462648187848290e-17,3.084226528457688280e-18
8.130000000000000000e+02,5.135797097441480857e-11,2.950802954535668784e-12,6.786861638886959126e-17,3.084226528457688280e-18
8.140000000000000000e+02,5.124585223166216745e-11,2.950819871803811746e-12,6.791794299353034249e-17,3.084226528457688280e-18
8.150000000000000000e+02,5.116119165288637139e-11,2.950836789071955113e-12,6.815224436566884612e-17,3.084226528457688280e-18
8.160000000000000000e+02,5.110363753241890084e-11,2.950828330437883430e-12,6.827556087732069338e-17,3.084226528457688280e-18
8.170000000000000000e+02,5.103683857723645772e-11,2.950845247706026796e-12,6.832488748198143228e-17,3.084226528457688280e-18
8.180000000000000000e+02,5.098172127461505780e-11,2.950845247706026796e-12,6.862084710994587804e-17,3.088378650748150226e-18
8.190000000000000000e+02,5.092974420117674181e-11,2.950828330437883430e-12,6.862701293552846732e-17,3.096682895329074505e-18
8.200000000000000000e+02,5.080868208571069599e-11,2.950862164974170162e-12,6.867633954018921855e-17,3.096682895329074505e-18
8.210000000000000000e+02,5.071864543457346808e-11,2.950845247706026796e-12,6.882431935417143526e-17,3.097720925901690281e-18
8.220000000000000000e+02,5.056032764007937528e-11,2.950870623608241845e-12,6.912027898213588101e-17,3.097720925901690281e-18
8.230000000000000000e+02,5.045996591538818550e-11,2.950862164974170162e-12,6.924359549378772827e-17,3.099796987046921447e-18
8.240000000000000000e+02,5.032257460817012788e-11,2.950895999510456894e-12,6.939157530776994499e-17,3.108101231627846111e-18
8.250000000000000000e+02,5.024474716809670960e-11,2.950879082242313528e-12,6.942857026126550533e-17,3.110177292773077277e-18
8.260000000000000000e+02,5.014996249043466145e-11,2.950887540876385211e-12,6.957655007524772204e-17,3.110177292773077277e-18
8.270000000000000000e+02,5.009424226381011930e-11,2.950912916778600260e-12,6.967520328456919985e-17,3.118481537354001556e-18
8.280000000000000000e+02,5.002194162709891682e-11,2.950904458144528577e-12,6.972452988922995108e-17,3.118481537354001556e-18
8.290000000000000000e+02,4.997164771650272589e-11,2.950912916778600260e-12,6.984784640088178601e-17,3.122633659644464274e-18
8.300000000000000000e+02,4.990326608581200935e-11,2.950938292680815310e-12,6.994649961020327615e-17,3.122633659644464274e-18
8.310000000000000000e+02,4.983051325609844212e-11,2.950938292680815310e-12,6.997116291253363328e-17,3.130937904225388553e-18
8.320000000000000000e+02,4.970530603811073122e-11,2.950946751314886993e-12,7.026712254049807903e-17,3.130937904225388553e-18
8.330000000000000000e+02,4.962006765716524938e-11,2.950938292680815310e-12,7.031644914515883026e-17,3.130937904225388553e-18
8.340000000000000000e+02,4.945936328849201824e-11,2.950972127217102042e-12,7.041510235448029574e-17,3.130937904225388553e-18
8.350000000000000000e+02,4.935307281110317372e-11,2.950972127217102042e-12,7.041510235448029574e-17,3.130937904225388553e-18
8.360000000000000000e+02,4.922070587057804132e-11,2.950989044485245408e-12,7.042743400564548663e-17,3.130937904225388553e-18
8.370000000000000000e+02,4.910439178163680929e-11,2.950989044485245408e-12,7.047676061030623786e-17,3.139242148806313217e-18
8.380000000000000000e+02,4.902553434639134047e-11,2.950989044485245408e-12,7.055075051729733389e-17,3.143394271096775164e-18
8.390000000000000000e+02,4.892941821155566742e-11,2.951031337655603823e-12,7.064940372661882402e-17,3.151698515677699443e-18
8.400000000000000000e+02,4.889703616821976171e-11,2.951031337655603823e-12,7.089603674992251855e-17,3.151698515677699443e-18
8.410000000000000000e+02,5.052236854971432148e-11,3.056400542286379731e-12,7.098630076345010186e-17,3.153272034189753369e-18
8.420000000000000000e+02,5.048905699854022335e-11,3.056409000920451414e-12,7.109574416754112015e-17,3.156905141193907814e-18
8.430000000000000000e+02,5.036455319188952573e-11,3.056442835456737742e-12,7.132387971409704683e-17,3.157943171766523204e-18
8.440000000000000000e+02,5.029787984587439717e-11,3.056468211358952791e-12,7.138553796992296430e-17,3.164171355202216317e-18
8.450000000000000000e+02,5.017355189205794641e-11,3.056485128627096158e-12,7.145336205133149570e-17,3.168323477492678649e-18
8.460000000000000000e+02,5.011549533492119174e-11,3.056518963163382890e-12,7.151502030715741316e-17,3.172540476693929371e-18
8.470000000000000000e+02,4.995368560557551485e-11,3.056561256333741305e-12,7.173699002813075056e-17,3.180844721274853650e-18
8.480000000000000000e+02,4.984254661432799844e-11,3.056569714967812988e-12,7.192504770839981609e-17,3.183439797706393089e-18
8.490000000000000000e+02,4.978356054935305134e-11,3.056569714967812988e-12,7.214085160379055188e-17,3.183439797706393089e-18
8.500000000000000000e+02,4.960316066324355179e-11,3.056637384040386453e-12,7.228883141777276859e-17,3.185515858851623870e-18
8.510000000000000000e+02,4.945328380479357310e-11,3.056688135844816147e-12,7.238748462709425873e-17,3.189667981142086202e-18
8.520000000000000000e+02,4.938970044429460263e-11,3.056662759942601502e-12,7.240289919105073809e-17,3.197972225723010866e-18
8.530000000000000000e+02,4.929893525998689853e-11,3.056721970381102880e-12,7.245222579571147700e-17,3.197972225723010866e-18
8.540000000000000000e+02,4.912958898060183058e-11,3.056755804917389612e-12,7.252621570270258536e-17,3.197972225723010866e-18
8.550000000000000000e+02,4.895654979169746877e-11,3.056815015355891394e-12,7.272352212134555330e-17,3.206276470303935145e-18
8.560000000000000000e+02,4.883729644824087551e-11,3.056848849892178126e-12,7.272352212134555330e-17,3.208352531449166311e-18
8.570000000000000000e+02,4.876102656184226128e-11,3.056840391258106443e-12,7.279751202833666166e-17,3.212504653739628258e-18
8.580000000000000000e+02,4.867116576353928668e-11,3.056865767160321492e-12,7.288383358649294857e-17,3.229113142901477972e-18
8.590000000000000000e+02,4.852676546478459797e-11,3.056891143062536541e-12,7.293932601673628909e-17,3.229113142901477972e-18
8.600000000000000000e+02,4.830521601546003487e-11,3.056941894866966236e-12,7.298865262139702799e-17,3.237417387482402251e-18
8.610000000000000000e+02,4.814752626680256015e-11,3.056984188037324651e-12,7.316129573770961416e-17,3.237417387482402251e-18
8.620000000000000000e+02,4.805354548781138339e-11,3.057001105305468017e-12,7.321062234237035306e-17,3.237417387482402251e-18
8.630000000000000000e+02,4.800134231787188825e-11,3.057009563939539700e-12,7.327228059819628285e-17,3.239493448627633417e-18
8.640000000000000000e+02,4.793333751468313480e-11,3.057018022573611383e-12,7.333393885402221265e-17,3.239493448627633417e-18
8.650000000000000000e+02,4.791163225056969760e-11,3.057043398475826433e-12,7.333393885402221265e-17,3.239493448627633417e-18
8.660000000000000000e+02,4.793090069683706416e-11,3.057034939841754750e-12,7.338326545868295155e-17,3.243645570918095364e-18
8.670000000000000000e+02,4.797071880287850281e-11,3.057001105305468017e-12,7.343259206334369046e-17,3.243645570918095364e-18
8.680000000000000000e+02,4.803367411754086167e-11,3.057001105305468017e-12,7.353124527266518059e-17,3.243645570918095364e-18
8.690000000000000000e+02,4.807364295458308426e-11,3.056967270769181285e-12,7.372855169130813621e-17,3.243645570918095364e-18
8.700000000000000000e+02,4.810662792192214513e-11,3.056975729403252968e-12,7.372855169130813621e-17,3.251949815499020028e-18
8.710000000000000000e+02,4.812790611486668695e-11,3.056967270769181285e-12,7.374704916805590405e-17,3.251949815499020028e-18
8.720000000000000000e+02,4.814152214860451668e-11,3.056958812135109602e-12,7.384570237737739419e-17,3.256101937789482360e-18
8.730000000000000000e+02,4.815860499536046113e-11,3.056967270769181285e-12,7.394435558669887200e-17,3.264406182370407024e-18
8.740000000000000000e+02,4.821095889630074668e-11,3.056916518964751187e-12,7.410466705184626727e-17,3.264406182370407024e-18
8.750000000000000000e+02,4.828916316387614097e-11,3.056899601696608224e-12,7.425264686582849631e-17,3.272710426951331303e-18
8.760000000000000000e+02,4.837113570647122433e-11,3.056899601696608224e-12,7.427731016815886576e-17,3.276862549241793250e-18
8.770000000000000000e+02,4.850626604867745817e-11,3.056874225794393175e-12,7.432663677281960467e-17,3.276862549241793250e-18
8.780000000000000000e+02,4.859057492178475404e-11,3.056848849892178126e-12,7.447461658680183371e-17,3.276862549241793250e-18
8.790000000000000000e+02,4.871995236412759294e-11,3.056789639453676344e-12,7.457326979612329919e-17,3.276862549241793250e-18
8.800000000000000000e+02,4.879159983316871442e-11,3.056789639453676344e-12,7.462259640078405042e-17,3.276862549241793250e-18
8.810000000000000000e+02,4.887354725393033487e-11,3.056772722185532978e-12,7.482144427582265644e-17,3.276862549241793250e-18
8.820000000000000000e+02,4.892919211505448828e-11,3.056747346283317929e-12,7.487077088048339534e-17,3.276862549241793250e-18
8.830000000000000000e+02,4.896777925125616015e-11,3.056730429015174563e-12,7.512973555495228075e-17,3.276862549241793250e-18
8.840000000000000000e+02,4.900847662146885894e-11,3.056713511747031197e-12,7.517906215961301966e-17,3.276862549241793250e-18
8.850000000000000000e+02,4.903578405444490714e-11,3.056705053112959514e-12,7.525305206660412802e-17,3.281014671532255967e-18
8.860000000000000000e+02,4.907947092283989943e-11,3.056705053112959514e-12,7.540103188058634473e-17,3.281014671532255967e-18
8.870000000000000000e+02,4.910743152348602863e-11,3.056696594478887831e-12,7.545652431082968524e-17,3.281014671532255967e-18
8.880000000000000000e+02,4.916920611197555300e-11,3.056696594478887831e-12,7.545652431082968524e-17,3.281014671532255967e-18
8.890000000000000000e+02,4.922125855091426420e-11,3.056662759942601502e-12,7.550585091549042414e-17,3.289318916113180246e-18
8.900000000000000000e+02,4.926888954716319888e-11,3.056671218576673185e-12,7.550585091549042414e-17,3.289318916113180246e-18
8.910000000000000000e+02,4.933056364831886513e-11,3.056654301308529819e-12,7.570315733413337976e-17,3.297623160694104910e-18
8.920000000000000000e+02,4.936314666632248707e-11,3.056628925406314770e-12,7.583880549695041791e-17,3.298661191266720301e-18
8.930000000000000000e+02,4.941107912457299610e-11,3.056603549504099721e-12,7.588813210161116914e-17,3.298661191266720301e-18
8.940000000000000000e+02,4.944411433557898280e-11,3.056595090870028038e-12,7.608543852025412476e-17,3.298661191266720301e-18
8.950000000000000000e+02,4.946740227520069988e-11,3.056595090870028038e-12,7.625808163656671092e-17,3.304889374702413799e-18
8.960000000000000000e+02,4.949443336800863664e-11,3.056595090870028038e-12,7.635673484588820106e-17,3.313193619283338463e-18
8.970000000000000000e+02,4.950855183841575696e-11,3.056603549504099721e-12,7.636290067147079034e-17,3.313193619283338463e-18
8.980000000000000000e+02,4.953281952954259229e-11,3.056612008138171404e-12,7.636290067147079034e-17,3.329802108445187406e-18
8.990000000000000000e+02,4.955186187930877970e-11,3.056586632235956354e-12,7.646155388079226815e-17,3.338106353026112070e-18
9.000000000000000000e+02,4.955367065131823226e-11,3.056569714967812988e-12,7.653554378778337651e-17,3.338106353026112070e-18
9.010000000000000000e+02,5.344436436548569911e-11,3.137078994061954752e-12,7.663907877746724150e-17,3.340105626265214443e-18
9.020000000000000000e+02,5.333623999425393266e-11,3.137070535427883069e-12,7.675006363795391020e-17,3.348409870846139108e-18
9.030000000000000000e+02,5.321251496444063706e-11,3.137078994061954752e-12,7.683638519611020944e-17,3.348409870846139108e-18
9.040000000000000000e+02,5.303661188652130923e-11,3.137078994061954752e-12,7.696586753334464599e-17,3.351653716385562443e-18
9.050000000000000000e+02,5.289243768426779966e-11,3.137112828598241484e-12,7.711384734732686270e-17,3.353729777530793995e-18
9.060000000000000000e+02,5.273592866178316588e-11,3.137112828598241484e-12,7.724949551014390085e-17,3.366186144402180606e-18
9.070000000000000000e+02,5.257153138359063441e-11,3.137155121768599900e-12,7.740980697529130845e-17,3.371376297265258328e-18
9.080000000000000000e+02,5.237156158921218749e-11,3.137180497670814949e-12,7.752079183577797715e-17,3.371376297265258328e-18
9.090000000000000000e+02,5.224901728557172637e-11,3.137188956304886632e-12,7.768726912650797403e-17,3.371376297265258328e-18
9.100000000000000000e+02,5.200882743581640833e-11,3.137205873573029998e-12,7.771193242883834349e-17,3.375528419555720660e-18
9.110000000000000000e+02,5.181767540498405153e-11,3.137239708109316731e-12,7.783524894049019075e-17,3.377863988344105770e-18
9.120000000000000000e+02,5.173600432439054252e-11,3.137248166743388414e-12,7.801405788238537852e-17,3.377863988344105770e-18
9.130000000000000000e+02,5.174524915910552803e-11,3.137239708109316731e-12,7.813737439403722578e-17,3.377863988344105770e-18
9.140000000000000000e+02,5.181423371379939327e-11,3.137239708109316731e-12,7.828535420801945482e-17,3.382016110634567717e-18
9.150000000000000000e+02,5.185809643502863888e-11,3.137231249475245047e-12,7.840867071967130208e-17,3.382016110634567717e-18
9.160000000000000000e+02,5.188193705498657237e-11,3.137239708109316731e-12,7.850732392899277989e-17,3.384092171779799268e-18
9.170000000000000000e+02,5.195280574719029183e-11,3.137231249475245047e-12,7.870463034763574783e-17,3.384092171779799268e-18
9.180000000000000000e+02,5.208891584090165039e-11,3.137214332207101681e-12,7.885261016161796455e-17,3.384092171779799268e-18
9.190000000000000000e+02,5.224218414686934859e-11,3.137172039036743266e-12,7.890193676627870345e-17,3.384092171779799268e-18
9.200000000000000000e+02,5.236229163266373907e-11,3.137155121768599900e-12,7.900058997560018126e-17,3.384092171779799268e-18
9.210000000000000000e+02,5.243828517889424187e-11,3.137172039036743266e-12,7.909924318492165907e-17,3.394472477505954713e-18
9.220000000000000000e+02,5.249252321734437519e-11,3.137138204500456534e-12,7.927805212681684684e-17,3.402776722086879378e-18
9.230000000000000000e+02,5.254942417014175828e-11,3.137163580402671583e-12,7.938595407451221473e-17,3.403036229730032936e-18
9.240000000000000000e+02,5.267912819631964090e-11,3.137121287232313168e-12,7.938595407451221473e-17,3.403036229730032936e-18
9.250000000000000000e+02,5.281910705238455310e-11,3.137138204500456534e-12,7.953393388849443145e-17,3.403036229730032936e-18
9.260000000000000000e+02,5.294411329570454130e-11,3.137095911330098118e-12,7.958326049315518268e-17,3.415492596601419933e-18
9.270000000000000000e+02,5.305090620976268286e-11,3.137104369964169801e-12,7.958326049315518268e-17,3.415492596601419933e-18
9.280000000000000000e+02,5.314031481506329270e-11,3.137078994061954752e-12,7.978287909639160773e-17,3.415492596601419933e-18
9.290000000000000000e+02,5.319766796086304055e-11,3.137087452696026435e-12,7.988153230571308554e-17,3.419644718891881879e-18
9.300000000000000000e+02,5.324843918629505915e-11,3.137070535427883069e-12,7.993085891037383677e-17,3.419644718891881879e-18
9.310000000000000000e+02,5.330679720543338817e-11,3.137078994061954752e-12,8.017749193367751897e-17,3.427948963472806544e-18
9.320000000000000000e+02,5.342032277086004939e-11,3.137062076793811386e-12,8.038713000348567780e-17,3.427948963472806544e-18
9.330000000000000000e+02,5.352156375972250577e-11,3.137028242257524654e-12,8.048578321280715561e-17,3.434177146908500042e-18
9.340000000000000000e+02,5.367618864469729178e-11,3.137019783623453375e-12,8.058443642212863342e-17,3.434177146908500042e-18
9.350000000000000000e+02,5.378737787961174048e-11,3.136994407721238325e-12,8.078174284077158904e-17,3.434177146908500042e-18
9.360000000000000000e+02,5.388761399513560923e-11,3.137011324989381691e-12,8.083106944543234027e-17,3.434177146908500042e-18
9.370000000000000000e+02,5.397905746894685724e-11,3.136977490453094959e-12,8.088039605009307917e-17,3.442481391489424706e-18
9.380000000000000000e+02,5.403600866541117263e-11,3.136994407721238325e-12,8.115169237572715547e-17,3.450785636070348985e-18
9.390000000000000000e+02,5.410534492577355097e-11,3.136960573184951593e-12,8.115169237572715547e-17,3.450785636070348985e-18
9.400000000000000000e+02,5.415867857821895477e-11,3.136994407721238325e-12,8.125034558504862095e-17,3.454937758360811702e-18
9.410000000000000000e+02,5.421314271317027369e-11,3.136935197282736544e-12,8.125034558504862095e-17,3.454937758360811702e-18
9.420000000000000000e+02,5.432345268391345580e-11,3.136943655916808227e-12,8.141065705019604088e-17,3.455975788933426708e-18
9.430000000000000000e+02,5.442210612392905113e-11,3.136943655916808227e-12,8.145998365485677979e-17,3.455975788933426708e-18
9.440000000000000000e+02,5.456625520434909133e-11,3.136935197282736544e-12,8.155863686417825759e-17,3.458051850078657874e-18
9.450000000000000000e+02,5.468779463465097128e-11,3.136875986844234762e-12,8.160796346883899650e-17,3.458051850078657874e-18
9.460000000000000000e+02,5.481666964032451312e-11,3.136884445478306445e-12,8.179910406189936283e-17,3.466356094659582538e-18
9.470000000000000000e+02,5.492054842170075638e-11,3.136909821380521495e-12,8.189775727122084064e-17,3.466356094659582538e-18
9.480000000000000000e+02,5.501164018984349774e-11,3.136875986844234762e-12,8.189775727122084064e-17,3.474660339240507202e-18
9.490000000000000000e+02,5.508672935006927749e-11,3.136892904112378128e-12,8.204573708520306968e-17,3.474660339240507202e-18
9.500000000000000000e+02,5.515337757425093668e-11,3.136875986844234762e-12,8.213205864335935660e-17,3.474660339240507202e-18
9.510000000000000000e+02,5.521583045224400495e-11,3.136867528210163079e-12,8.232936506200232455e-17,3.474660339240507202e-18
9.520000000000000000e+02,5.527627358355989797e-11,3.136833693673876347e-12,8.241568662015861146e-17,3.485040644966662647e-18
9.530000000000000000e+02,5.533920377638879391e-11,3.136850610942019713e-12,8.261299303880157941e-17,3.485040644966662647e-18
9.540000000000000000e+02,5.542720555901539012e-11,3.136842152307948030e-12,8.284729441094009537e-17,3.495420950692818092e-18
9.550000000000000000e+02,5.555432203634641169e-11,3.136825235039804664e-12,8.314325403890452879e-17,3.495420950692818092e-18
9.560000000000000000e+02,5.564141943296827838e-11,3.136816776405732981e-12,8.319258064356526770e-17,3.495420950692818092e-18
9.570000000000000000e+02,5.580621866049624878e-11,3.136791400503517932e-12,8.329123385288675783e-17,3.495420950692818092e-18
9.580000000000000000e+02,5.592215592193550480e-11,3.136799859137589615e-12,8.338988706220823564e-17,3.495420950692818092e-18
9.590000000000000000e+02,5.598013711357187073e-11,3.136791400503517932e-12,8.350087192269489201e-17,3.503725195273742756e-18
9.600000000000000000e+02,5.600272164185657453e-11,3.136791400503517932e-12,8.364885173667710873e-17,3.503725195273742756e-18
9.610000000000000000e+02,5.484872509982538157e-11,3.207860843973677945e-12,8.379286651536037501e-17,3.506729807204634218e-18
9.620000000000000000e+02,5.500779654932341347e-11,3.207860843973677945e-12,8.396859254446426198e-17,3.510881929495095780e-18
9.630000000000000000e+02,5.516762165382537802e-11,3.207835468071462896e-12,8.418747935264629857e-17,3.512957990640327331e-18
9.640000000000000000e+02,5.532900431200215307e-11,3.207843926705534579e-12,8.432004460267203592e-17,3.515034051785558882e-18
9.650000000000000000e+02,5.546649610655406881e-11,3.207835468071462896e-12,8.441253198641092445e-17,3.516072082358173887e-18
9.660000000000000000e+02,5.571482543035192660e-11,3.207810092169247847e-12,8.461292131784518087e-17,3.518148143503405439e-18
9.670000000000000000e+02,5.584038435400814414e-11,3.207810092169247847e-12,8.479173025974036864e-17,3.519186174076020444e-18
9.680000000000000000e+02,5.610582164639540930e-11,3.207810092169247847e-12,8.487188599231406628e-17,3.519186174076020444e-18
9.690000000000000000e+02,5.624946829014615891e-11,3.207801633535176164e-12,8.497053920163554409e-17,3.523338296366482776e-18
9.700000000000000000e+02,5.629066809702814828e-11,3.207818550803319530e-12,8.525416717843479895e-17,3.527490418656945878e-18
9.710000000000000000e+02,5.622005062315907733e-11,3.207818550803319530e-12,8.527931218588881609e-17,3.535794663237869772e-18
9.720000000000000000e+02,5.617525839409164576e-11,3.207818550803319530e-12,8.550128190686215348e-17,3.535794663237869772e-18
9.730000000000000000e+02,5.613456102387894697e-11,3.207818550803319530e-12,8.557527181385324951e-17,3.542022846673562885e-18
9.740000000000000000e+02,5.599294924863882907e-11,3.207827009437391213e-12,8.562459841851400074e-17,3.546174968964025217e-18
9.750000000000000000e+02,5.582202029374549417e-11,3.207827009437391213e-12,8.572325162783547855e-17,3.546174968964025217e-18
9.760000000000000000e+02,5.571414714084838270e-11,3.207835468071462896e-12,8.580957318599177780e-17,3.546174968964025217e-18
9.770000000000000000e+02,5.565576399987658431e-11,3.207835468071462896e-12,8.598838212788695324e-17,3.547212999536640993e-18
9.780000000000000000e+02,5.558529725700829730e-11,3.207843926705534579e-12,8.608722801925788273e-17,3.547212999536640993e-18
9.790000000000000000e+02,5.545700005350444124e-11,3.207860843973677945e-12,8.620437870532715304e-17,3.557593305262796438e-18
9.800000000000000000e+02,5.530242541219658106e-11,3.207852385339606262e-12,8.645101172863085988e-17,3.565897549843721102e-18
9.810000000000000000e+02,5.517664039203918438e-11,3.207877761241821311e-12,8.655082103024907241e-17,3.565897549843721102e-18
9.820000000000000000e+02,5.509120103642597984e-11,3.207860843973677945e-12,8.674812744889202803e-17,3.565897549843721102e-18
9.830000000000000000e+02,5.502706499559078004e-11,3.207869302607749628e-12,8.684678065821350584e-17,3.565897549843721102e-18
9.840000000000000000e+02,5.496302944208944481e-11,3.207877761241821311e-12,8.699476047219573488e-17,3.565897549843721102e-18
9.850000000000000000e+02,5.484523316497379748e-11,3.207877761241821311e-12,8.708724785593461108e-17,3.567973610988951883e-18
9.860000000000000000e+02,5.471223817861205346e-11,3.207886219875892994e-12,8.718590106525610121e-17,3.567973610988951883e-18
9.870000000000000000e+02,5.458368975677354888e-11,3.207877761241821311e-12,8.743253408855979573e-17,3.572125733279414985e-18
9.880000000000000000e+02,5.447310344586224888e-11,3.207894678509964678e-12,8.767916711186349026e-17,3.572125733279414985e-18
9.890000000000000000e+02,5.437482683334862309e-11,3.207903137144036361e-12,8.792589647619192911e-17,3.580429977860338879e-18
9.900000000000000000e+02,5.430792739083231539e-11,3.207894678509964678e-12,8.798755473201784657e-17,3.588734222441263543e-18
9.910000000000000000e+02,5.424886596035697309e-11,3.207903137144036361e-12,8.806154463900895493e-17,3.588734222441263543e-18
9.920000000000000000e+02,5.418513186885721221e-11,3.207886219875892994e-12,8.831434348789525106e-17,3.599114528167418989e-18
9.930000000000000000e+02,5.405273980649861690e-11,3.207911595778108044e-12,8.841299669721674119e-17,3.599114528167418989e-18
9.940000000000000000e+02,5.392665332433964586e-11,3.207920054412179727e-12,8.846232330187748010e-17,3.599114528167418989e-18
9.950000000000000000e+02,5.380202390852162075e-11,3.207928513046251006e-12,8.865962972052043572e-17,3.607418772748343653e-18
9.960000000000000000e+02,5.364903194272202752e-11,3.207945430314394372e-12,8.870914900723062630e-17,3.624027261910192981e-18
9.970000000000000000e+02,5.355756334707731660e-11,3.207928513046251006e-12,8.878313891422174698e-17,3.624027261910192981e-18
9.980000000000000000e+02,5.347144570196056816e-11,3.207928513046251006e-12,8.883246551888248588e-17,3.632331506491116875e-18
9.990000000000000000e+02,5.339592947056589303e-11,3.207962347582537738e-12,8.893111872820396369e-17,3.632331506491116875e-18
1.000000000000000000e+03,5.333880242126733079e-11,3.207962347582537738e-12,8.898044533286470260e-17,3.634407567636348426e-18
1.001000000000000000e+03,5.326496935271478072e-11,3.207962347582537738e-12,8.917775175150765822e-17,3.642711812217273090e-18
1.002000000000000000e+03,5.316591396336375292e-11,3.207953888948466055e-12,8.935039486782025671e-17,3.646863934507735422e-18
1.003000000000000000e+03,5.304851963558354451e-11,3.207970806216609421e-12,8.954770128646321232e-17,3.646863934507735422e-18
1.004000000000000000e+03,5.290055203647687650e-11,3.207953888948466055e-12,8.970801275161061993e-17,3.646863934507735422e-18
1.005000000000000000e+03,5.277464140715215879e-11,3.207970806216609421e-12,8.975733935627135883e-17,3.646863934507735422e-18
1.006000000000000000e+03,5.262571917837383543e-11,3.207987723484752787e-12,8.975733935627135883e-17,3.646863934507735422e-18
1.007000000000000000e+03,5.253284376005510442e-11,3.207996182118824471e-12,8.990840208304487635e-17,3.646863934507735422e-18
1.008000000000000000e+03,5.241705722961663234e-11,3.208013099386967837e-12,8.995772868770562758e-17,3.655168179088660087e-18
1.009000000000000000e+03,5.235224289927788864e-11,3.207996182118824471e-12,9.005638189702709306e-17,3.663472423669583980e-18
1.010000000000000000e+03,5.226371355814853894e-11,3.208013099386967837e-12,9.015503510634858319e-17,3.663472423669583980e-18
1.011000000000000000e+03,5.220847064635981799e-11,3.208013099386967837e-12,9.027835161800043046e-17,3.665548484814815532e-18
1.012000000000000000e+03,5.212491542825646122e-11,3.208013099386967837e-12,9.052498464130412498e-17,3.665548484814815532e-18
1.013000000000000000e+03,5.205585550806219432e-11,3.208021558021039520e-12,9.067296445528634169e-17,3.665548484814815532e-18
1.014000000000000000e+03,5.191670567250161642e-11,3.208055392557326252e-12,9.082094426926857073e-17,3.665548484814815532e-18
1.015000000000000000e+03,5.182641780302973999e-11,3.208046933923254569e-12,9.111690389723300416e-17,3.665548484814815532e-18
1.016000000000000000e+03,5.165119301461395606e-11,3.208030016655111203e-12,9.131421031587597210e-17,3.665548484814815532e-18
1.017000000000000000e+03,5.152621189312742431e-11,3.208063851191397935e-12,9.131421031587597210e-17,3.665548484814815532e-18
1.018000000000000000e+03,5.138726303223456265e-11,3.208063851191397935e-12,9.140053187403227134e-17,3.674890759968355971e-18
1.019000000000000000e+03,5.125871461039605807e-11,3.208055392557326252e-12,9.154851168801448806e-17,3.674890759968355971e-18
1.020000000000000000e+03,5.124293809898026914e-11,3.208080768459541301e-12,9.164716489733596587e-17,3.674890759968355971e-18
1.021000000000000000e+03,5.552347242485184711e-11,3.261564711694702094e-12,9.178134988083994760e-17,3.678850278929914224e-18
1.022000000000000000e+03,5.539238669783341377e-11,3.261581628962845056e-12,9.184146668027022699e-17,3.681445355361453663e-18
1.023000000000000000e+03,5.521618215791250513e-11,3.261581628962845056e-12,9.202027562216541476e-17,3.683521416506684444e-18
1.024000000000000000e+03,5.502600987858526658e-11,3.261598546230988422e-12,9.214975795939985130e-17,3.687673538797146776e-18
1.025000000000000000e+03,5.479182414702799847e-11,3.261573170328773373e-12,9.232856690129503907e-17,3.691825661087609108e-18
1.026000000000000000e+03,5.461923715112599495e-11,3.261556253060630411e-12,9.243955176178169545e-17,3.696237291021224999e-18
1.027000000000000000e+03,5.436555687680017468e-11,3.261573170328773373e-12,9.261373633448993201e-17,3.696237291021224999e-18
1.028000000000000000e+03,5.429370843309133696e-11,3.261522418524343678e-12,9.268772624148105270e-17,3.700389413311687331e-18
1.029000000000000000e+03,5.436540614579938427e-11,3.261539335792487044e-12,9.271624318480054199e-17,3.704801043245303222e-18
1.030000000000000000e+03,5.440610351601208306e-11,3.261530877158415361e-12,9.283955969645238925e-17,3.708953165535765554e-18
1.031000000000000000e+03,5.448634265209810906e-11,3.261539335792487044e-12,9.288888630111312816e-17,3.708953165535765554e-18
1.032000000000000000e+03,5.466671741637414569e-11,3.261556253060630411e-12,9.295979329531294803e-17,3.708953165535765554e-18
1.033000000000000000e+03,5.480232507341621366e-11,3.261564711694702094e-12,9.300911989997368694e-17,3.708953165535765554e-18
1.034000000000000000e+03,5.486769208409117378e-11,3.261573170328773373e-12,9.333590865585107910e-17,3.714143318398843662e-18
1.035000000000000000e+03,5.497229939863789322e-11,3.261581628962845056e-12,9.350855177216367759e-17,3.722447562979768326e-18
1.036000000000000000e+03,5.513564155982490478e-11,3.261556253060630411e-12,9.353321507449404704e-17,3.722447562979768326e-18
1.037000000000000000e+03,5.527099799853233069e-11,3.261590087596916739e-12,9.381684305129330190e-17,3.724523624124999107e-18
1.038000000000000000e+03,5.535369907429788378e-11,3.261607004865060105e-12,9.387850130711923170e-17,3.726080669983922770e-18
1.039000000000000000e+03,5.542258314165789736e-11,3.261590087596916739e-12,9.392782791177997060e-17,3.728156731129153551e-18
1.040000000000000000e+03,5.551261979279512528e-11,3.261598546230988422e-12,9.407580772576218732e-17,3.730232792274385103e-18
1.041000000000000000e+03,5.565038792751515245e-11,3.261615463499131788e-12,9.410047102809255677e-17,3.730232792274385103e-18
1.042000000000000000e+03,5.579850625762260441e-11,3.261615463499131788e-12,9.421145588857922547e-17,3.734384914564846664e-18
1.043000000000000000e+03,5.591612668190399842e-11,3.261607004865060105e-12,9.427311414440514293e-17,3.742689159145771328e-18
1.044000000000000000e+03,5.599922970700499043e-11,3.261607004865060105e-12,9.458140542353476725e-17,3.750993403726695993e-18
1.045000000000000000e+03,5.606746060669492303e-11,3.261623922133203471e-12,9.459373707469997046e-17,3.750993403726695993e-18
1.046000000000000000e+03,5.613865588273367976e-11,3.261640839401346837e-12,9.471705358635180540e-17,3.759816663593928545e-18
1.047000000000000000e+03,5.627396207777417338e-11,3.261615463499131788e-12,9.501301321431625115e-17,3.759816663593928545e-18
1.048000000000000000e+03,5.643303352727219883e-11,3.261657756669490204e-12,9.507467147014218094e-17,3.759816663593928545e-18
1.049000000000000000e+03,5.657075141832529371e-11,3.261623922133203471e-12,9.534596779577624492e-17,3.763968785884390106e-18
1.050000000000000000e+03,5.668189040957281658e-11,3.261640839401346837e-12,9.534596779577624492e-17,3.768120908174853209e-18
1.051000000000000000e+03,5.676946512103051094e-11,3.261666215303561887e-12,9.549394760975847396e-17,3.768120908174853209e-18
1.052000000000000000e+03,5.685548227881340127e-11,3.261657756669490204e-12,9.559337154727777080e-17,3.776425152755777103e-18
1.053000000000000000e+03,5.692728047885530670e-11,3.261657756669490204e-12,9.566736145426887916e-17,3.776425152755777103e-18
1.054000000000000000e+03,5.701560884531694663e-11,3.261666215303561887e-12,9.576601466359036929e-17,3.784729397336701767e-18
1.055000000000000000e+03,5.714212239864481304e-11,3.261674673937633570e-12,9.576601466359036929e-17,3.793033641917626431e-18
1.056000000000000000e+03,5.731460890721295844e-11,3.261691591205776936e-12,9.582150709383369748e-17,3.801337886498551095e-18
1.057000000000000000e+03,5.744664926390304712e-11,3.261674673937633570e-12,9.592016030315518761e-17,3.805490008789013427e-18
1.058000000000000000e+03,5.758597495229787833e-11,3.261666215303561887e-12,9.616679332645886981e-17,3.805490008789013427e-18
1.059000000000000000e+03,5.769565687720444882e-11,3.261674673937633570e-12,9.633943644277146830e-17,3.805490008789013427e-18
1.060000000000000000e+03,5.777187651993613077e-11,3.261683132571705253e-12,9.642575800092776755e-17,3.813794253369938091e-18
1.061000000000000000e+03,5.785698929171429158e-11,3.261683132571705253e-12,9.662306441957072316e-17,3.813794253369938091e-18
1.062000000000000000e+03,5.793351039644755434e-11,3.261666215303561887e-12,9.684503414054406056e-17,3.813794253369938091e-18
1.063000000000000000e+03,5.800716761216584462e-11,3.261716967107991985e-12,9.704234055918701618e-17,3.813794253369938091e-18
1.064000000000000000e+03,5.815669276494731667e-11,3.261691591205776936e-12,9.709166716384775508e-17,3.813794253369938091e-18
1.065000000000000000e+03,5.827793073324760934e-11,3.261725425742063668e-12,9.711633046617812453e-17,3.817946375660400424e-18
1.066000000000000000e+03,5.845644648184727405e-11,3.261733884376135351e-12,9.721498367549960234e-17,3.817946375660400424e-18
1.067000000000000000e+03,5.858682879752868765e-11,3.261733884376135351e-12,9.736296348948183138e-17,3.817946375660400424e-18
1.068000000000000000e+03,5.872690814092745797e-11,3.261700049839848619e-12,9.736296348948183138e-17,3.817946375660400424e-18
1.069000000000000000e+03,5.883372617681906890e-11,3.261725425742063668e-12,9.737529514064700994e-17,3.820022436805631204e-18
1.070000000000000000e+03,5.892049698960589187e-11,3.261708508473920302e-12,9.752327495462922666e-17,3.828326681386555098e-18
1.071000000000000000e+03,5.901415118476203136e-11,3.261742343010207034e-12,9.758493321045515645e-17,3.837668956540095538e-18
1.072000000000000000e+03,5.907735771775903874e-11,3.261733884376135351e-12,9.764042564069848464e-17,3.837668956540095538e-18
1.073000000000000000e+03,5.917322263426005681e-11,3.261716967107991985e-12,9.778840545468071368e-17,3.845973201121020202e-18
1.074000000000000000e+03,5.924532229630354305e-11,3.261742343010207034e-12,9.780073710584589224e-17,3.852201384556714085e-18
1.075000000000000000e+03,5.939660597742753537e-11,3.261725425742063668e-12,9.789939031516738237e-17,3.852201384556714085e-18
1.076000000000000000e+03,5.949709331128605265e-11,3.261776177546493767e-12,9.790555614074997166e-17,3.852201384556714085e-18
1.077000000000000000e+03,5.968641144827549397e-11,3.261767718912422084e-12,9.800420935007144946e-17,3.852201384556714085e-18
1.078000000000000000e+03,5.980880502091517114e-11,3.261767718912422084e-12,9.825084237337514399e-17,3.852201384556714085e-18
1.079000000000000000e+03,5.993260541622886195e-11,3.261767718912422084e-12,9.830325189082718369e-17,3.852201384556714085e-18
1.080000000000000000e+03,5.999862559457390952e-11,3.261759260278350400e-12,9.859921151879161712e-17,3.852201384556714085e-18
1.081000000000000000e+03,5.955155744623737157e-11,3.323338116320097758e-12,9.872976414459765127e-17,3.855123126371089632e-18
1.082000000000000000e+03,5.970676013338184983e-11,3.323338116320097758e-12,9.882841735391914141e-17,3.858237218088936189e-18
1.083000000000000000e+03,5.987276520891611763e-11,3.323363492222312807e-12,9.895173386557098867e-17,3.861351309806783516e-18
1.084000000000000000e+03,6.007052428194966660e-11,3.323371950856384490e-12,9.919836688887468319e-17,3.866541462669860853e-18
1.085000000000000000e+03,6.021417092570041621e-11,3.323371950856384490e-12,9.924778983456015410e-17,3.866541462669860853e-18
1.086000000000000000e+03,6.043835816753877264e-11,3.323371950856384490e-12,9.934644304388163190e-17,3.868617523815092404e-18
1.087000000000000000e+03,6.065108985331723914e-11,3.323397326758599539e-12,9.943584751482923195e-17,3.868617523815092404e-18
1.088000000000000000e+03,6.086980053546030559e-11,3.323414244026742905e-12,9.950983742182034031e-17,3.870693584960323185e-18
1.089000000000000000e+03,6.093883533382110959e-11,3.323439619928957955e-12,9.955916402648107922e-17,3.875883737823401293e-18
1.090000000000000000e+03,6.086995126646109600e-11,3.323431161294886272e-12,9.960849063114181812e-17,3.880035860113863625e-18
1.091000000000000000e+03,6.082171734620900616e-11,3.323439619928957955e-12,9.967014888696774791e-17,3.884187982404325957e-18
1.092000000000000000e+03,6.078112046333015903e-11,3.323439619928957955e-12,9.968248053813292648e-17,3.886264043549556738e-18
1.093000000000000000e+03,6.062858069053294347e-11,3.323397326758599539e-12,9.987978695677589442e-17,3.890416165840019070e-18
1.094000000000000000e+03,6.045951075131598050e-11,3.323388868124527856e-12,9.990445025910626387e-17,3.890416165840019070e-18
1.095000000000000000e+03,6.036304291081181374e-11,3.323371950856384490e-12,1.000339325963407127e-16,3.891973211698942733e-18
1.096000000000000000e+03,6.029521396045730714e-11,3.323380409490456173e-12,1.001572491079925477e-16,3.894049272844173514e-18
1.097000000000000000e+03,6.019151103191533014e-11,3.323363492222312807e-12,1.002312390149836684e-16,3.898201395134635846e-18
1.098000000000000000e+03,6.003444932909446703e-11,3.323363492222312807e-12,1.003298922243051462e-16,3.906505639715560511e-18
1.099000000000000000e+03,5.988854172033190010e-11,3.323355033588241124e-12,1.005025353406177323e-16,3.906505639715560511e-18
1.100000000000000000e+03,5.979147095582457171e-11,3.323329657686026075e-12,1.007245050615910574e-16,3.908581700860791291e-18
1.101000000000000000e+03,5.972399371113858468e-11,3.323304281783811026e-12,1.008724848755732864e-16,3.914809884296484404e-18
1.102000000000000000e+03,5.965933011180062492e-11,3.323338116320097758e-12,1.010451279918858726e-16,3.914809884296484404e-18
1.103000000000000000e+03,5.954844233888775057e-11,3.323295823149739342e-12,1.011314495500421842e-16,3.927266251167871401e-18
1.104000000000000000e+03,5.940992054916379722e-11,3.323287364515667659e-12,1.012547660616940314e-16,3.927266251167871401e-18
1.105000000000000000e+03,5.927365972445164825e-11,3.323287364515667659e-12,1.013040926663547703e-16,3.927266251167871401e-18
1.106000000000000000e+03,5.916247048953719309e-11,3.323295823149739342e-12,1.013780825733458787e-16,3.945950801474951510e-18
1.107000000000000000e+03,5.907846307843148449e-11,3.323261988613452610e-12,1.016740422013103121e-16,3.945950801474951510e-18
1.108000000000000000e+03,5.900304733437066101e-11,3.323270447247524293e-12,1.016771251141016129e-16,3.954384799877453724e-18
1.109000000000000000e+03,5.893567057701852564e-11,3.323287364515667659e-12,1.019730847420660587e-16,3.956460861022683734e-18
1.110000000000000000e+03,5.883950419851592676e-11,3.323253529979380927e-12,1.020470746490571547e-16,3.956460861022683734e-18
1.111000000000000000e+03,5.872504912525108604e-11,3.323261988613452610e-12,1.022937076723608739e-16,3.957498891595299510e-18
1.112000000000000000e+03,5.855577821136640683e-11,3.323253529979380927e-12,1.023430342770216128e-16,3.957498891595299510e-18
1.113000000000000000e+03,5.842177835166607519e-11,3.323270447247524293e-12,1.023923608816823517e-16,3.961651013885761842e-18
1.114000000000000000e+03,5.832018565713512509e-11,3.323228154077166282e-12,1.025526723468297346e-16,3.963727075030993393e-18
1.115000000000000000e+03,5.822422025330024245e-11,3.323228154077166282e-12,1.026513255561512248e-16,3.963727075030993393e-18
1.116000000000000000e+03,5.814825182890320256e-11,3.323236612711237965e-12,1.027129838119771422e-16,3.963727075030993393e-18
1.117000000000000000e+03,5.808675358058178963e-11,3.323253529979380927e-12,1.027129838119771422e-16,3.967879197321455725e-18
1.118000000000000000e+03,5.801942706689658654e-11,3.323211236809022916e-12,1.028116370212986324e-16,3.967879197321455725e-18
1.119000000000000000e+03,5.789246132056634891e-11,3.323211236809022916e-12,1.029719484864460400e-16,3.976183441902379619e-18
1.120000000000000000e+03,5.778488962967081180e-11,3.323168943638664500e-12,1.031322599515934476e-16,3.984487686483304283e-18
1.121000000000000000e+03,5.760662509940580207e-11,3.323194319540879549e-12,1.033295663702364032e-16,3.984487686483304283e-18
1.122000000000000000e+03,5.748523640010471899e-11,3.323202778174951233e-12,1.035761993935401100e-16,3.992791931064228947e-18
1.123000000000000000e+03,5.734505656937208410e-11,3.323177402272736183e-12,1.036748526028616002e-16,4.001096175645153612e-18
1.124000000000000000e+03,5.724763409919625553e-11,3.323152026370521134e-12,1.037735058121830657e-16,4.003172236790384393e-18
1.125000000000000000e+03,5.716834959278188487e-11,3.323168943638664500e-12,1.039708122308260336e-16,4.003172236790384393e-18
1.126000000000000000e+03,5.708172951099584585e-11,3.323143567736449451e-12,1.041187920448082626e-16,4.003172236790384393e-18
1.127000000000000000e+03,5.702294442068861499e-11,3.323135109102377768e-12,1.042051136029645372e-16,4.003172236790384393e-18
1.128000000000000000e+03,5.693798237991123812e-11,3.323160485004592817e-12,1.043037668122860274e-16,4.003172236790384393e-18
1.129000000000000000e+03,5.685884860449765787e-11,3.323101274566091036e-12,1.043530934169467663e-16,4.007324359080846725e-18
1.130000000000000000e+03,5.671756341309259015e-11,3.323118191834234402e-12,1.045010732309289707e-16,4.015628603661771389e-18
1.131000000000000000e+03,5.660933855452696558e-11,3.323109733200162719e-12,1.045257365332593524e-16,4.015628603661771389e-18
1.132000000000000000e+03,5.643303352727219883e-11,3.323084357297947670e-12,1.045750631379201037e-16,4.015628603661771389e-18
1.133000000000000000e+03,5.632325111503177022e-11,3.323084357297947670e-12,1.047723695565630470e-16,4.019780725952233721e-18
1.134000000000000000e+03,5.616573721920854882e-11,3.323067440029804303e-12,1.048216961612237859e-16,4.028084970533158385e-18
1.135000000000000000e+03,5.607856445708628692e-11,3.323050522761660937e-12,1.049326810217104546e-16,4.028084970533158385e-18
1.136000000000000000e+03,5.596094403280489291e-11,3.323033605493517571e-12,1.050806608356926836e-16,4.028084970533158385e-18
1.137000000000000000e+03,5.589658189546851396e-11,3.323058981395732620e-12,1.053026305566660210e-16,4.030161031678389166e-18
1.138000000000000000e+03,5.580232477630922576e-11,3.323042064127589254e-12,1.054999369753089643e-16,4.030161031678389166e-18
1.139000000000000000e+03,5.575077477403981161e-11,3.323042064127589254e-12,1.057650674753604636e-16,4.030680046964697054e-18
1.140000000000000000e+03,5.574580065101381222e-11,3.323042064127589254e-12,1.059130472893426680e-16,4.030680046964697054e-18
1.141000000000000000e+03,5.770389683858084669e-11,3.393510944578660577e-12,1.059888992877023458e-16,4.032711758659193814e-18
1.142000000000000000e+03,5.758486959162543258e-11,3.393477110042373845e-12,1.061368791016845749e-16,4.032711758659193814e-18
1.143000000000000000e+03,5.746885696468577490e-11,3.393426358237944151e-12,1.062478639621712436e-16,4.034787819804425365e-18
1.144000000000000000e+03,5.738027737988949937e-11,3.393400982335729101e-12,1.066085647587529076e-16,4.036863880949656146e-18
1.145000000000000000e+03,5.719387337558194989e-11,3.393358689165370686e-12,1.066825546657440160e-16,4.036863880949656146e-18
1.146000000000000000e+03,5.710479135411637732e-11,3.393350230531299003e-12,1.067349641831960433e-16,4.042573049099041371e-18
1.147000000000000000e+03,5.690140499038674150e-11,3.393291020092797221e-12,1.068336173925175335e-16,4.045687140816888698e-18
1.148000000000000000e+03,5.678971331880300222e-11,3.393257185556510489e-12,1.070987478925690082e-16,4.047763201962119479e-18
1.149000000000000000e+03,5.664722227939162418e-11,3.393223351020223757e-12,1.071974011018904860e-16,4.053991385397812592e-18
1.150000000000000000e+03,5.640911754181387660e-11,3.393138764679507330e-12,1.073947075205334416e-16,4.062295629978737256e-18
1.151000000000000000e+03,5.630707265428054882e-11,3.393104930143220598e-12,1.075241898577678905e-16,4.071118889845969808e-18
1.152000000000000000e+03,5.615171923613528662e-11,3.393062636972862182e-12,1.077214962764108584e-16,4.075271012136432140e-18
1.153000000000000000e+03,5.591577497623549178e-11,3.393003426534360401e-12,1.077461595787412155e-16,4.077347073281662921e-18
1.154000000000000000e+03,5.576338593443905371e-11,3.392961133364001985e-12,1.078448127880627057e-16,4.077347073281662921e-18
1.155000000000000000e+03,5.564631819049388257e-11,3.392935757461787340e-12,1.079563756946977417e-16,4.078385103854278697e-18
1.156000000000000000e+03,5.556899318708975488e-11,3.392910381559572291e-12,1.080796922063495890e-16,4.078385103854278697e-18
1.157000000000000000e+03,5.558185556582364550e-11,3.392901922925500608e-12,1.081783454156710668e-16,4.078385103854278697e-18
1.158000000000000000e+03,5.564430844381671378e-11,3.392910381559572291e-12,1.084003151366444042e-16,4.086689348435203361e-18
1.159000000000000000e+03,5.570294280312315423e-11,3.392961133364001985e-12,1.085236316482962514e-16,4.090841470725665693e-18
1.160000000000000000e+03,5.573590264862875219e-11,3.392935757461787340e-12,1.086962747646088376e-16,4.094993593016128025e-18
1.161000000000000000e+03,5.575625133373510158e-11,3.392969591998073669e-12,1.088689178809214238e-16,4.094993593016128025e-18
1.162000000000000000e+03,5.579981259296276638e-11,3.392986509266217035e-12,1.090168976949036528e-16,4.099145715306590357e-18
1.163000000000000000e+03,5.588799022842361591e-11,3.393028802436575450e-12,1.093128573228680862e-16,4.099145715306590357e-18
1.164000000000000000e+03,5.605218653194842468e-11,3.393062636972862182e-12,1.093159402356593747e-16,4.099664730592897475e-18
1.165000000000000000e+03,5.618488005630859435e-11,3.393088012875077232e-12,1.094145934449808649e-16,4.107968975173822139e-18
1.166000000000000000e+03,5.629978732257580629e-11,3.393130306045435647e-12,1.095132466543023427e-16,4.116402973576323582e-18
1.167000000000000000e+03,5.640313854544928958e-11,3.393138764679507330e-12,1.096118998636238328e-16,4.124707218157248246e-18
1.168000000000000000e+03,5.645835633540454761e-11,3.393181057849865745e-12,1.097598796776060372e-16,4.137163585028635243e-18
1.169000000000000000e+03,5.650226930030071905e-11,3.393155681947650696e-12,1.098092062822667761e-16,4.146505860182175683e-18
1.170000000000000000e+03,5.656140609627645655e-11,3.393206433752080391e-12,1.099571860962490051e-16,4.154810104763099576e-18
1.171000000000000000e+03,5.664174571969633421e-11,3.393214892386152074e-12,1.101298292125615913e-16,4.154810104763099576e-18
1.172000000000000000e+03,5.675062374593203976e-11,3.393274102824653855e-12,1.101298292125615913e-16,4.154810104763099576e-18
1.173000000000000000e+03,5.688683432697725643e-11,3.393291020092797221e-12,1.102161507707179029e-16,4.167266471634486573e-18
1.174000000000000000e+03,5.699224554019484081e-11,3.393333313263155637e-12,1.103656720410957577e-16,4.167266471634486573e-18
1.175000000000000000e+03,5.712674783656446304e-11,3.393375606433514052e-12,1.105629784597387256e-16,4.167266471634486573e-18
1.176000000000000000e+03,5.719990261561346274e-11,3.393417899603872467e-12,1.107602848783816935e-16,4.167266471634486573e-18
1.177000000000000000e+03,5.727968955869712398e-11,3.393451734140158796e-12,1.109575912970246368e-16,4.167266471634486573e-18
1.178000000000000000e+03,5.732500934626731552e-11,3.393434816872015430e-12,1.110315812040157575e-16,4.169342532779717353e-18
1.179000000000000000e+03,5.738032762355642520e-11,3.393468651408302162e-12,1.114261940413016934e-16,4.169342532779717353e-18
1.180000000000000000e+03,5.742444156312031287e-11,3.393485568676445528e-12,1.116481637622750061e-16,4.181798899651104350e-18
1.181000000000000000e+03,5.747579059072201726e-11,3.393494027310517211e-12,1.116481637622750061e-16,4.181798899651104350e-18
1.182000000000000000e+03,5.755894385948993510e-11,3.393510944578660577e-12,1.117098220181009483e-16,4.185951021941566682e-18
1.183000000000000000e+03,5.766430482904059365e-11,3.393510944578660577e-12,1.119564550414046428e-16,4.185951021941566682e-18
1.184000000000000000e+03,5.775871267920066579e-11,3.393570155017162359e-12,1.119811183437350246e-16,4.190103144232029014e-18
1.185000000000000000e+03,5.789437057990965959e-11,3.393603989553449091e-12,1.119811183437350246e-16,4.190103144232029014e-18
1.186000000000000000e+03,5.797712189934215143e-11,3.393637824089735824e-12,1.120797715530564777e-16,4.196331327667722127e-18
1.187000000000000000e+03,5.809479256729047127e-11,3.393680117260093835e-12,1.123264045763601969e-16,4.196331327667722127e-18
1.188000000000000000e+03,5.815644154661266815e-11,3.393680117260093835e-12,1.125853692508290700e-16,4.204635572248646791e-18
1.189000000000000000e+03,5.823889140404357917e-11,3.393713951796380567e-12,1.126346958554898089e-16,4.212939816829571455e-18
1.190000000000000000e+03,5.828938628930748634e-11,3.393730869064523933e-12,1.128320022741327645e-16,4.221244061410496119e-18
1.191000000000000000e+03,5.834329774392258239e-11,3.393722410430452250e-12,1.128381680997153661e-16,4.221244061410496119e-18
1.192000000000000000e+03,5.839263702484710505e-11,3.393756244966738983e-12,1.128381680997153661e-16,4.221244061410496119e-18
1.193000000000000000e+03,5.843499243606847245e-11,3.393781620868954032e-12,1.128628314020457479e-16,4.229548305991420013e-18
1.194000000000000000e+03,5.848930584001900097e-11,3.393781620868954032e-12,1.128628314020457479e-16,4.229548305991420013e-18
1.195000000000000000e+03,5.853231441891044290e-11,3.393815455405240764e-12,1.129861479136975828e-16,4.233700428281882345e-18
1.196000000000000000e+03,5.861079502665394863e-11,3.393857748575599180e-12,1.130354745183583217e-16,4.233700428281882345e-18
1.197000000000000000e+03,5.866224454158951113e-11,3.393823914039312447e-12,1.131341277276797995e-16,4.242004672862807780e-18
1.198000000000000000e+03,5.873931832665899030e-11,3.393866207209670863e-12,1.131464593788449781e-16,4.242004672862807780e-18
1.199000000000000000e+03,5.881428187771744256e-11,3.393916959014100557e-12,1.134424190068094362e-16,4.250308917443731674e-18
1.200000000000000000e+03,5.883166618647496782e-11,3.393900041745957595e-12,1.135410722161309140e-16,4.252384978588962455e-18
1.201000000000000000e+03,5.743584687551325758e-11,3.454066305897736302e-12,1.136513405402461531e-16,4.256249209587801332e-18
1.202000000000000000e+03,5.756406871351671843e-11,3.454066305897736302e-12,1.137692619545132671e-16,4.259363301305648658e-18
1.203000000000000000e+03,5.769625980120759752e-11,3.454108599068094718e-12,1.138586664254608178e-16,4.262477393023494444e-18
1.204000000000000000e+03,5.786196341474029097e-11,3.454125516336238084e-12,1.139696512859474988e-16,4.264553454168725996e-18
1.205000000000000000e+03,5.804444841302735451e-11,3.454176268140667778e-12,1.141546260534252759e-16,4.272857698749649890e-18
1.206000000000000000e+03,5.818492970576155730e-11,3.454167809506596095e-12,1.143041473238031553e-16,4.272857698749649890e-18
1.207000000000000000e+03,5.840685598258809640e-11,3.454218561311026194e-12,1.144891220912809324e-16,4.277009821040112222e-18
1.208000000000000000e+03,5.856210891339950049e-11,3.454218561311026194e-12,1.147234234634194237e-16,4.277528836326420109e-18
1.209000000000000000e+03,5.873560029530622060e-11,3.454277771749527975e-12,1.147234234634194237e-16,4.285833080907344774e-18
1.210000000000000000e+03,5.901183997608328822e-11,3.454311606285814708e-12,1.147989548268062071e-16,4.285833080907344774e-18
1.211000000000000000e+03,5.912393359700245997e-11,3.454311606285814708e-12,1.149962612454491627e-16,4.287909142052576325e-18
1.212000000000000000e+03,5.918342209864669765e-11,3.454353899456173123e-12,1.151689043617617365e-16,4.287909142052576325e-18
1.213000000000000000e+03,5.912081848965283897e-11,3.454286230383599658e-12,1.155157320507825963e-16,4.287909142052576325e-18
1.214000000000000000e+03,5.905580318464638549e-11,3.454311606285814708e-12,1.156390485624344312e-16,4.287909142052576325e-18
1.215000000000000000e+03,5.903058086384790128e-11,3.454303147651743024e-12,1.159165107136510844e-16,4.298289447778730999e-18
1.216000000000000000e+03,5.897913134891233878e-11,3.454286230383599658e-12,1.160644905276333012e-16,4.302441570069194102e-18
1.217000000000000000e+03,5.885161292224587828e-11,3.454294689017671341e-12,1.162124703416155425e-16,4.306593692359656434e-18
1.218000000000000000e+03,5.868500492270846178e-11,3.454277771749527975e-12,1.162864602486066386e-16,4.308669753504887215e-18
1.219000000000000000e+03,5.854748800632307667e-11,3.454260854481384609e-12,1.164837666672496188e-16,4.312821875795348777e-18
1.220000000000000000e+03,5.846182255420869945e-11,3.454210102676954511e-12,1.164837666672496188e-16,4.312821875795348777e-18
1.221000000000000000e+03,5.840313795123532670e-11,3.454184726774739461e-12,1.165515907486581132e-16,4.313859906367965323e-18
1.222000000000000000e+03,5.834063482957533260e-11,3.454193185408811145e-12,1.165577565742407149e-16,4.314897936940580328e-18
1.223000000000000000e+03,5.820527839086790669e-11,3.454150892238453133e-12,1.168043895975444094e-16,4.331506426102428886e-18
1.224000000000000000e+03,5.804912107405177309e-11,3.454150892238453133e-12,1.168167212487096126e-16,4.331506426102428886e-18
1.225000000000000000e+03,5.791718120469554253e-11,3.454091681799951352e-12,1.169647010626918047e-16,4.331506426102428886e-18
1.226000000000000000e+03,5.781473436782678875e-11,3.454117057702166401e-12,1.170263593185177468e-16,4.339810670683354320e-18
1.227000000000000000e+03,5.773419376973918840e-11,3.454100140434023035e-12,1.171250125278392246e-16,4.339810670683354320e-18
1.228000000000000000e+03,5.766802286039335689e-11,3.454057847263664619e-12,1.171373441790044031e-16,4.348114915264278985e-18
1.229000000000000000e+03,5.760999142509006513e-11,3.454074764531807985e-12,1.172853239929866199e-16,4.352267037554740546e-18
1.230000000000000000e+03,5.753980102238988957e-11,3.454074764531807985e-12,1.174826304116296001e-16,4.356419159845202878e-18
1.231000000000000000e+03,5.741218210838957741e-11,3.454049388629592936e-12,1.175319570162903144e-16,4.364723404426128313e-18
1.232000000000000000e+03,5.727567006534277993e-11,3.454024012727377887e-12,1.175319570162903144e-16,4.364723404426128313e-18
1.233000000000000000e+03,5.715764769172595345e-11,3.453990178191091155e-12,1.175504544930380945e-16,4.364723404426128313e-18
1.234000000000000000e+03,5.701636250032088573e-11,3.453990178191091155e-12,1.176491077023595970e-16,4.364723404426128313e-18
1.235000000000000000e+03,5.693150094687736698e-11,3.453964802288876105e-12,1.177970875163418137e-16,4.368875526716589875e-18
1.236000000000000000e+03,5.686040615817246837e-11,3.453964802288876105e-12,1.178464141210025526e-16,4.368875526716589875e-18
1.237000000000000000e+03,5.678644748045259727e-11,3.453939426386661056e-12,1.179080723768284701e-16,4.369394542002897762e-18
1.238000000000000000e+03,5.673323943717451450e-11,3.453947885020732739e-12,1.179820622838195908e-16,4.369394542002897762e-18
1.239000000000000000e+03,5.666671682216017635e-11,3.453905591850374728e-12,1.181300420978018075e-16,4.377698786583822427e-18
1.240000000000000000e+03,5.656733484897410482e-11,3.453914050484446411e-12,1.183150168652795845e-16,4.377698786583822427e-18
1.241000000000000000e+03,5.645493976605335872e-11,3.453905591850374728e-12,1.183150168652795845e-16,4.377698786583822427e-18
1.242000000000000000e+03,5.631124287863567682e-11,3.453871757314087996e-12,1.183520118187751449e-16,4.377698786583822427e-18
1.243000000000000000e+03,5.618357372096843883e-11,3.453837922777801263e-12,1.185493182374181005e-16,4.377698786583822427e-18
1.244000000000000000e+03,5.604525290591218879e-11,3.453812546875586214e-12,1.186048106676614410e-16,4.377698786583822427e-18
1.245000000000000000e+03,5.594672507506391448e-11,3.453837922777801263e-12,1.188021170863043966e-16,4.386003031164747091e-18
1.246000000000000000e+03,5.584297190285499872e-11,3.453778712339299482e-12,1.189131019467910530e-16,4.386003031164747091e-18
1.247000000000000000e+03,5.577946390785641699e-11,3.453795629607442848e-12,1.191104083654340086e-16,4.394307275745670985e-18
1.248000000000000000e+03,5.569676283209085744e-11,3.453770253705227799e-12,1.193077147840769642e-16,4.394437029567248534e-18
1.249000000000000000e+03,5.564672013982931504e-11,3.453744877803012749e-12,1.194186996445636453e-16,4.394696537210402093e-18
1.250000000000000000e+03,5.556723465874723460e-11,3.453770253705227799e-12,1.194680262492243842e-16,4.403000781791326757e-18
1.251000000000000000e+03,5.551437832113765201e-11,3.453753336437084432e-12,1.195050212027199445e-16,4.403000781791326757e-18
1.252000000000000000e+03,5.538389551812236737e-11,3.453736419168941066e-12,1.196036744120414223e-16,4.403000781791326757e-18
1.253000000000000000e+03,5.527275652687485096e-11,3.453694125998582651e-12,1.198009808306843779e-16,4.403000781791326757e-18
1.254000000000000000e+03,5.513860593617373537e-11,3.453651832828224640e-12,1.198626390865102954e-16,4.413381087517482202e-18
1.255000000000000000e+03,5.497893156267255477e-11,3.453651832828224640e-12,1.199612922958317732e-16,4.421685332098406866e-18
1.256000000000000000e+03,5.487462571012741614e-11,3.453643374194152956e-12,1.200106189004925121e-16,4.429989576679330760e-18
1.257000000000000000e+03,5.472349276000420776e-11,3.453643374194152956e-12,1.203065785284569702e-16,4.438293821260256195e-18
1.258000000000000000e+03,5.464596678193236383e-11,3.453634915560081273e-12,1.204175633889436266e-16,4.438293821260256195e-18
1.259000000000000000e+03,5.456763690518964851e-11,3.453592622389722858e-12,1.206148698075865822e-16,4.438293821260256195e-18
1.260000000000000000e+03,5.453296877500846257e-11,3.453575705121579492e-12,1.207135230169080846e-16,4.438293821260256195e-18
1.261000000000000000e+03,5.850372577242769563e-11,3.508675247464428924e-12,1.208732157920372958e-16,4.440862794872220282e-18
1.262000000000000000e+03,5.834797040494699450e-11,3.508658330196285558e-12,1.209903664781065538e-16,4.444495901876373956e-18
1.263000000000000000e+03,5.817874973472926051e-11,3.508649871562213875e-12,1.211059757077801737e-16,4.447090978307912625e-18
1.264000000000000000e+03,5.797089168464292235e-11,3.508666788830357241e-12,1.212061703734973143e-16,4.449167039453144176e-18
1.265000000000000000e+03,5.780569050777951948e-11,3.508641412928142192e-12,1.213726476642272865e-16,4.451762115884682845e-18
1.266000000000000000e+03,5.759954074236877577e-11,3.508641412928142192e-12,1.214127255305141476e-16,4.455914238175145177e-18
1.267000000000000000e+03,5.735048288540044824e-11,3.508658330196285558e-12,1.214743837863400651e-16,4.460066360465607509e-18
1.268000000000000000e+03,5.715885353973225731e-11,3.508649871562213875e-12,1.216100319491571033e-16,4.466294543901300622e-18
1.269000000000000000e+03,5.708996947237224372e-11,3.508649871562213875e-12,1.216655243794004438e-16,4.470706173834917283e-18
1.270000000000000000e+03,5.716623935877085796e-11,3.508649871562213875e-12,1.217148509840611827e-16,4.479010418415841177e-18
1.271000000000000000e+03,5.721211182667727237e-11,3.508658330196285558e-12,1.218628307980433994e-16,4.487314662996765841e-18
1.272000000000000000e+03,5.727009301831363184e-11,3.508658330196285558e-12,1.220539713911037781e-16,4.487314662996765841e-18
1.273000000000000000e+03,5.743725369818727767e-11,3.508658330196285558e-12,1.221279612980948741e-16,4.487314662996765841e-18
1.274000000000000000e+03,5.759315979666876275e-11,3.508641412928142192e-12,1.221279612980948741e-16,4.489390724141997392e-18
1.275000000000000000e+03,5.769440078553121267e-11,3.508666788830357241e-12,1.222512778097467337e-16,4.493542846432459724e-18
1.276000000000000000e+03,5.776298339088965190e-11,3.508658330196285558e-12,1.224485842283896893e-16,4.493542846432459724e-18
1.277000000000000000e+03,5.788497501419389014e-11,3.508666788830357241e-12,1.226212273447022878e-16,4.493542846432459724e-18
1.278000000000000000e+03,5.805072887139350942e-11,3.508692164732572290e-12,1.227568755075193013e-16,4.508075274449077501e-18
1.279000000000000000e+03,5.818990382878755669e-11,3.508683706098500607e-12,1.228308654145104220e-16,4.508075274449077501e-18
1.280000000000000000e+03,5.827843316991690639e-11,3.508700623366643973e-12,1.228986894959189410e-16,4.510151335594309053e-18
1.281000000000000000e+03,5.834354896225722445e-11,3.508709082000715656e-12,1.230096743564055974e-16,4.510151335594309053e-18
1.282000000000000000e+03,5.840881548559833291e-11,3.508717540634787339e-12,1.233088132381860760e-16,4.510151335594309053e-18
1.283000000000000000e+03,5.854648313298449550e-11,3.508683706098500607e-12,1.233088132381860760e-16,4.510151335594309053e-18
1.284000000000000000e+03,5.870711213615733791e-11,3.508725999268859022e-12,1.235801095638201276e-16,4.510151335594309053e-18
1.285000000000000000e+03,5.884503100187814256e-11,3.508709082000715656e-12,1.238514058894542039e-16,4.510151335594309053e-18
1.286000000000000000e+03,5.894752808241383509e-11,3.508717540634787339e-12,1.239500590987757064e-16,4.510151335594309053e-18
1.287000000000000000e+03,5.902414967448095597e-11,3.508700623366643973e-12,1.240487123080971842e-16,4.510151335594309053e-18
1.288000000000000000e+03,5.909042107116064560e-11,3.508683706098500607e-12,1.243323402848964390e-16,4.519493610747848722e-18
1.289000000000000000e+03,5.915835050884900385e-11,3.508700623366643973e-12,1.243816668895571779e-16,4.519493610747848722e-18
1.290000000000000000e+03,5.929717376057453801e-11,3.508700623366643973e-12,1.244340764070092177e-16,4.519493610747848722e-18
1.291000000000000000e+03,5.943529360096307183e-11,3.508717540634787339e-12,1.246313828256521733e-16,4.519493610747848722e-18
1.292000000000000000e+03,5.957276027368151819e-11,3.508751375171074072e-12,1.247300360349736511e-16,4.519493610747848722e-18
1.293000000000000000e+03,5.972841515382835474e-11,3.508709082000715656e-12,1.249766690582773456e-16,4.519493610747848722e-18
1.294000000000000000e+03,5.983030931036088565e-11,3.508717540634787339e-12,1.250753222675988481e-16,4.527797855328772616e-18
1.295000000000000000e+03,5.990617724742406742e-11,3.508717540634787339e-12,1.251739754769203012e-16,4.536102099909698050e-18
1.296000000000000000e+03,5.998526077917072185e-11,3.508734457902930706e-12,1.253712818955632815e-16,4.544406344490621944e-18
1.297000000000000000e+03,6.006153066556933608e-11,3.508734457902930706e-12,1.253712818955632815e-16,4.556862711362008941e-18
1.298000000000000000e+03,6.014493515267190891e-11,3.508751375171074072e-12,1.256179149188669760e-16,4.561014833652470502e-18
1.299000000000000000e+03,6.028652180607855744e-11,3.508725999268859022e-12,1.256179149188669760e-16,4.569319078233395937e-18
1.300000000000000000e+03,6.043232892750725979e-11,3.508759833805145351e-12,1.257905580351795499e-16,4.577623322814320601e-18
1.301000000000000000e+03,6.057019754956113862e-11,3.508759833805145351e-12,1.261358442678047468e-16,4.577623322814320601e-18
1.302000000000000000e+03,6.073554945742533189e-11,3.508751375171074072e-12,1.264379697213517819e-16,4.577882830457474160e-18
1.303000000000000000e+03,6.083679044628778827e-11,3.508751375171074072e-12,1.267215976981510367e-16,4.582034952747936492e-18
1.304000000000000000e+03,6.095370745923216254e-11,3.508742916537002389e-12,1.267709243028117756e-16,4.590339197328861156e-18
1.305000000000000000e+03,6.102751540595124323e-11,3.508725999268859022e-12,1.268695775121332534e-16,4.598643441909785050e-18
1.306000000000000000e+03,6.110755356736955300e-11,3.508776751073288717e-12,1.269682307214547313e-16,4.598643441909785050e-18
1.307000000000000000e+03,6.118538100744297127e-11,3.508768292439217034e-12,1.270175573261154702e-16,4.598643441909785050e-18
1.308000000000000000e+03,6.124969290111242440e-11,3.508742916537002389e-12,1.272179466575497266e-16,4.598643441909785050e-18
1.309000000000000000e+03,6.139766050021909241e-11,3.508759833805145351e-12,1.272672732622104901e-16,4.598643441909785050e-18
1.310000000000000000e+03,6.149915270741619085e-11,3.508759833805145351e-12,1.275139062855141600e-16,4.598643441909785050e-18
1.311000000000000000e+03,6.168942547407728752e-11,3.508776751073288717e-12,1.275139062855141600e-16,4.606947686490710484e-18
1.312000000000000000e+03,6.181292440738939751e-11,3.508768292439217034e-12,1.277112127041571403e-16,4.606947686490710484e-18
1.313000000000000000e+03,6.198204459027328631e-11,3.508768292439217034e-12,1.277636222216091800e-16,4.606947686490710484e-18
1.314000000000000000e+03,6.209227919551607321e-11,3.508759833805145351e-12,1.278622754309306578e-16,4.615251931071634378e-18
1.315000000000000000e+03,6.221331618914864965e-11,3.508768292439217034e-12,1.279794261169998911e-16,4.623556175652559042e-18
1.316000000000000000e+03,6.229852944826068150e-11,3.508768292439217034e-12,1.280780793263213936e-16,4.623556175652559042e-18
1.317000000000000000e+03,6.238942024173570664e-11,3.508776751073288717e-12,1.280965768030691737e-16,4.623556175652559042e-18
1.318000000000000000e+03,6.246408233079257808e-11,3.508742916537002389e-12,1.280965768030691737e-16,4.623556175652559042e-18
1.319000000000000000e+03,6.252412351277303863e-11,3.508802126975503766e-12,1.281212401053995309e-16,4.623556175652559042e-18
1.320000000000000000e+03,6.256311259831014297e-11,3.508742916537002389e-12,1.281212401053995309e-16,4.631860420233482936e-18
1.321000000000000000e+03,6.215503353551072230e-11,3.563893210684281515e-12,1.282632287119064966e-16,4.634913689847465979e-18
1.322000000000000000e+03,6.231742106702607205e-11,3.563876293416138149e-12,1.283865452235583315e-16,4.634913689847465979e-18
1.323000000000000000e+03,6.247890421253671814e-11,3.563884752050209832e-12,1.284628473151429217e-16,4.639065812137928311e-18
1.324000000000000000e+03,6.262456060296463008e-11,3.563834000245779734e-12,1.286169929547077400e-16,4.642179903855774868e-18
1.325000000000000000e+03,6.282669087502103621e-11,3.563825541611708051e-12,1.287896360710203385e-16,4.643217934428389873e-18
1.326000000000000000e+03,6.301806900235457862e-11,3.563791707075421722e-12,1.289684450129154893e-16,4.645293995573621424e-18
1.327000000000000000e+03,6.320643250967236460e-11,3.563791707075421722e-12,1.290794298734021703e-16,4.647370056718852205e-18
1.328000000000000000e+03,6.338318972992949612e-11,3.563774789807278356e-12,1.292181609490105093e-16,4.647370056718852205e-18
1.329000000000000000e+03,6.363315197290254669e-11,3.563724038002848258e-12,1.292674875536712482e-16,4.651522179009315308e-18
1.330000000000000000e+03,6.376599622826350677e-11,3.563690203466561526e-12,1.293669114911905327e-16,4.659826423590239972e-18
1.331000000000000000e+03,6.376162502924066254e-11,3.563724038002848258e-12,1.294902280028424169e-16,4.668130668171163866e-18
1.332000000000000000e+03,6.368821903185701432e-11,3.563715579368776575e-12,1.295518862586683344e-16,4.668130668171163866e-18
1.333000000000000000e+03,6.364686849397424100e-11,3.563740955270991624e-12,1.297985192819720289e-16,4.672282790461626198e-18
1.334000000000000000e+03,6.360777892110327208e-11,3.563757872539134990e-12,1.299711623982846027e-16,4.672282790461626198e-18
1.335000000000000000e+03,6.347312589373286591e-11,3.563724038002848258e-12,1.300204890029453417e-16,4.672282790461626198e-18
1.336000000000000000e+03,6.329280137312375510e-11,3.563774789807278356e-12,1.300944789099364870e-16,4.676434912752089300e-18
1.337000000000000000e+03,6.315940443742658508e-11,3.563817082977636772e-12,1.301684688169275830e-16,4.684739157333013194e-18
1.338000000000000000e+03,6.308263211435867380e-11,3.563791707075421722e-12,1.301931321192579401e-16,4.693043401913937858e-18
1.339000000000000000e+03,6.302043045470024759e-11,3.563817082977636772e-12,1.303164486309097751e-16,4.703423707640093303e-18
1.340000000000000000e+03,6.290693001110706221e-11,3.563817082977636772e-12,1.304644284448920164e-16,4.709651891075786416e-18
1.341000000000000000e+03,6.275524438064762449e-11,3.563859376147994783e-12,1.307850513751868316e-16,4.713804013366249519e-18
1.342000000000000000e+03,6.260938701555199631e-11,3.563834000245779734e-12,1.309576944914994055e-16,4.713804013366249519e-18
1.343000000000000000e+03,6.249965484697849353e-11,3.563834000245779734e-12,1.309576944914994055e-16,4.715880074511480299e-18
1.344000000000000000e+03,6.242454056491925087e-11,3.563876293416138149e-12,1.310193527473253476e-16,4.715880074511480299e-18
1.345000000000000000e+03,6.236344426593328333e-11,3.563867834782066466e-12,1.310687756930108062e-16,4.715880074511480299e-18
1.346000000000000000e+03,6.229300264489845278e-11,3.563901669318353198e-12,1.311181022976715451e-16,4.715880074511480299e-18
1.347000000000000000e+03,6.217166418926429552e-11,3.563910127952424882e-12,1.312044238558278443e-16,4.715880074511480299e-18
1.348000000000000000e+03,6.204299015825847637e-11,3.563935503854639931e-12,1.315250467861226595e-16,4.720032196801941861e-18
1.349000000000000000e+03,6.191074882690066500e-11,3.563943962488711614e-12,1.316730266001048763e-16,4.720032196801941861e-18
1.350000000000000000e+03,6.176544414214124677e-11,3.563969338390926663e-12,1.317716798094263541e-16,4.728336441382867296e-18
1.351000000000000000e+03,6.167435237399850540e-11,3.563960879756854980e-12,1.317716798094263541e-16,4.730412502528098076e-18
1.352000000000000000e+03,6.160677464197865380e-11,3.563960879756854980e-12,1.318703330187478319e-16,4.730412502528098076e-18
1.353000000000000000e+03,6.153899593529108595e-11,3.563952421122783297e-12,1.319689862280693343e-16,4.730412502528098076e-18
1.354000000000000000e+03,6.146925772559328161e-11,3.563969338390926663e-12,1.321231318676341280e-16,4.730412502528098076e-18
1.355000000000000000e+03,6.138786298516788404e-11,3.563952421122783297e-12,1.323944281932682043e-16,4.730412502528098076e-18
1.356000000000000000e+03,6.126225381784473421e-11,3.564003172927213395e-12,1.325917346119111599e-16,4.730412502528098076e-18
1.357000000000000000e+03,6.111730083875382262e-11,3.563994714293141712e-12,1.325917346119111599e-16,4.736640685963791189e-18
1.358000000000000000e+03,6.099767066779525981e-11,3.563986255659070029e-12,1.327427973386846774e-16,4.736640685963791189e-18
1.359000000000000000e+03,6.084206603131534909e-11,3.564020090195356761e-12,1.327921239433454163e-16,4.736640685963791189e-18
1.360000000000000000e+03,6.075157718717575642e-11,3.564062383365714773e-12,1.328414505480061552e-16,4.740792808254253522e-18
1.361000000000000000e+03,6.065385325499835351e-11,3.564045466097571811e-12,1.330880835713098744e-16,4.749097052835178186e-18
1.362000000000000000e+03,6.058592381730999526e-11,3.564045466097571811e-12,1.334087065016046650e-16,4.753249175125640518e-18
1.363000000000000000e+03,6.052553092966102807e-11,3.564087759267929822e-12,1.335073597109261428e-16,4.753249175125640518e-18
1.364000000000000000e+03,6.044870836292619096e-11,3.564062383365714773e-12,1.336152616586215230e-16,4.753249175125640518e-18
1.365000000000000000e+03,6.038499939325989946e-11,3.564079300633858139e-12,1.336892515656126190e-16,4.761553419706565182e-18
1.366000000000000000e+03,6.024723125853987229e-11,3.564113135170144871e-12,1.339852111935770525e-16,4.761553419706565182e-18
1.367000000000000000e+03,6.014960781369632103e-11,3.564104676536073188e-12,1.340961960540637335e-16,4.761553419706565182e-18
1.368000000000000000e+03,5.997335303010848656e-11,3.564138511072359921e-12,1.342441758680459502e-16,4.761553419706565182e-18
1.369000000000000000e+03,5.986578133921294944e-11,3.564146969706431604e-12,1.343551607285326312e-16,4.769857664287489846e-18
1.370000000000000000e+03,5.970756403205271476e-11,3.564138511072359921e-12,1.347004469611578035e-16,4.769857664287489846e-18
1.371000000000000000e+03,5.962014005159580434e-11,3.564155428340503287e-12,1.348083489088531838e-16,4.769857664287489846e-18
1.372000000000000000e+03,5.950457961765851788e-11,3.564214638779005068e-12,1.348576755135139227e-16,4.778161908868413740e-18
1.373000000000000000e+03,5.944137308466151050e-11,3.564172345608646653e-12,1.350056553274961394e-16,4.778161908868413740e-18
1.374000000000000000e+03,5.935269301253136393e-11,3.564180804242718336e-12,1.351050792650154486e-16,4.778161908868413740e-18
1.375000000000000000e+03,5.929596791256824061e-11,3.564231556047148434e-12,1.352037324743369264e-16,4.778161908868413740e-18
1.376000000000000000e+03,5.921683413715466036e-11,3.564231556047148434e-12,1.353085515092409811e-16,4.786466153449338404e-18
1.377000000000000000e+03,5.915689344250805146e-11,3.564231556047148434e-12,1.353085515092409811e-16,4.803074642611187733e-18
1.378000000000000000e+03,5.904314178058021110e-11,3.564231556047148434e-12,1.354565313232232225e-16,4.803074642611187733e-18
1.379000000000000000e+03,5.891240775923027794e-11,3.564248473315291801e-12,1.355551845325447003e-16,4.803074642611187733e-18
1.380000000000000000e+03,5.888090498006563883e-11,3.564231556047148434e-12,1.356785010441965599e-16,4.803074642611187733e-18
1.381000000000000000e+03,5.854130803529078634e-11,3.643954182172624884e-12,1.358413715678132780e-16,4.806061261336352054e-18
1.382000000000000000e+03,5.850473064576628972e-11,3.643903430368194786e-12,1.360294292480823559e-16,4.813327475344660943e-18
1.383000000000000000e+03,5.854889482899710323e-11,3.643996475342983299e-12,1.362267356667253115e-16,4.817479597635124045e-18
1.384000000000000000e+03,5.869289317841635948e-11,3.644224858462918742e-12,1.364117104342031132e-16,4.823707781070816388e-18
1.385000000000000000e+03,5.872921934960621404e-11,3.644309444803634765e-12,1.365720218993504838e-16,4.826821872788663715e-18
1.386000000000000000e+03,5.887799084738373406e-11,3.644580121093928624e-12,1.366706751086719863e-16,4.830973995079125277e-18
1.387000000000000000e+03,5.896928359019420458e-11,3.644757752409433160e-12,1.368803131784801205e-16,4.832012025651741823e-18
1.388000000000000000e+03,5.900852389406595098e-11,3.644808504213863259e-12,1.370159613412971586e-16,4.836164147942204155e-18
1.389000000000000000e+03,5.916789680556555724e-11,3.645096097772300483e-12,1.371022828994534579e-16,4.840316270232665716e-18
1.390000000000000000e+03,5.933239457109194683e-11,3.645375232696665217e-12,1.371762728064445539e-16,4.840316270232665716e-18
1.391000000000000000e+03,5.941459321018820933e-11,3.645544405378098879e-12,1.372502627134356746e-16,4.846544453668358829e-18
1.392000000000000000e+03,5.945378327039302991e-11,3.645544405378098879e-12,1.373982425274178913e-16,4.846544453668358829e-18
1.393000000000000000e+03,5.961843176692020990e-11,3.645882750740965394e-12,1.374968957367393691e-16,4.855108205892437052e-18
1.394000000000000000e+03,5.982704347201048716e-11,3.646238013371975275e-12,1.375462223414001080e-16,4.864450481045977492e-18
1.395000000000000000e+03,5.998747150051561334e-11,3.646491772394125767e-12,1.377065338065475279e-16,4.864450481045977492e-18
1.396000000000000000e+03,6.008403982835364468e-11,3.646618651905201013e-12,1.378298503181993629e-16,4.868602603336439824e-18
1.397000000000000000e+03,6.015086390536955718e-11,3.646762448684418818e-12,1.379778301321816042e-16,4.872754725626902156e-18
1.398000000000000000e+03,6.027757843336513983e-11,3.646940079999924162e-12,1.381504732484941781e-16,4.872754725626902156e-18
1.399000000000000000e+03,6.044127230022066448e-11,3.647193839022073847e-12,1.382984530624764194e-16,4.872754725626902156e-18
1.400000000000000000e+03,6.071580369632212473e-11,3.647642146627872242e-12,1.383971062717978726e-16,4.881058970207826050e-18
1.401000000000000000e+03,6.090426769097377530e-11,3.647887447015951051e-12,1.385204227834497568e-16,4.881058970207826050e-18
1.402000000000000000e+03,6.101832081490319648e-11,3.648031243795169663e-12,1.386190759927712100e-16,4.881058970207826050e-18
1.403000000000000000e+03,6.113076614149087487e-11,3.648191957842530834e-12,1.386684025974319489e-16,4.889363214788751485e-18
1.404000000000000000e+03,6.124371390474783738e-11,3.648344213255821129e-12,1.390815129114656649e-16,4.890401245361366490e-18
1.405000000000000000e+03,6.138394397914739810e-11,3.648521844571326474e-12,1.391555028184567610e-16,4.890401245361366490e-18
1.406000000000000000e+03,6.161853166004009868e-11,3.648860189934192989e-12,1.393528092370997166e-16,4.890401245361366490e-18
1.407000000000000000e+03,6.188839039511714681e-11,3.649190076662987821e-12,1.395254523534123151e-16,4.890401245361366490e-18
1.408000000000000000e+03,6.205710862866559022e-11,3.649426918416994947e-12,1.398214360666329408e-16,4.890401245361366490e-18
1.409000000000000000e+03,6.236344426593328333e-11,3.649782181048004828e-12,1.399694158806151575e-16,4.890401245361366490e-18
1.410000000000000000e+03,6.247629154185639418e-11,3.649917519193151757e-12,1.402037172527536734e-16,4.904933673377984267e-18
1.411000000000000000e+03,6.267430183322459814e-11,3.650162819581229759e-12,1.402530438574144370e-16,4.921542162539834366e-18
1.412000000000000000e+03,6.272856499350818790e-11,3.650222030019731540e-12,1.403516970667358901e-16,4.925694284830295927e-18
1.413000000000000000e+03,6.284412542744548729e-11,3.650331992262663420e-12,1.404996768807181069e-16,4.925694284830295927e-18
1.414000000000000000e+03,6.293069526556459403e-11,3.650441954505594492e-12,1.406723199970307053e-16,4.936074590556452143e-18
1.415000000000000000e+03,6.296084146572215826e-11,3.650425037237451934e-12,1.408696264156736856e-16,4.936074590556452143e-18
1.416000000000000000e+03,6.294169862862209980e-11,3.650391202701165202e-12,1.409929429273255205e-16,4.936074590556452143e-18
1.417000000000000000e+03,6.288467206665739567e-11,3.650315074994520054e-12,1.410915961366469984e-16,4.936074590556452143e-18
1.418000000000000000e+03,6.283206694738246160e-11,3.650230488653803223e-12,1.411162594389773801e-16,4.936074590556452143e-18
1.419000000000000000e+03,6.274715515027202349e-11,3.650103609142727977e-12,1.413135658576203358e-16,4.944378835137376037e-18
1.420000000000000000e+03,6.269952415402308234e-11,3.650069774606441245e-12,1.416588520902455081e-16,4.944378835137376037e-18
1.421000000000000000e+03,6.264023662704656090e-11,3.649968270997581048e-12,1.419548117182099415e-16,4.952683079718300701e-18
1.422000000000000000e+03,6.261204992989924610e-11,3.649942895095366807e-12,1.420041383228706804e-16,4.953202095004608589e-18
1.423000000000000000e+03,6.258150178040626232e-11,3.649892143290936708e-12,1.422014447415136607e-16,4.961506339585533253e-18
1.424000000000000000e+03,6.256421795898258872e-11,3.649849850120578293e-12,1.423000979508351138e-16,4.978114828747381811e-18
1.425000000000000000e+03,6.254160830886442847e-11,3.649866767388721659e-12,1.424789068927303139e-16,4.978114828747381811e-18
1.426000000000000000e+03,6.251985280108405898e-11,3.649799098316148194e-12,1.426268867067125553e-16,4.978114828747381811e-18
1.427000000000000000e+03,6.248513442723593429e-11,3.649807556950219877e-12,1.427995298230251291e-16,4.982266951037843372e-18
1.428000000000000000e+03,6.243338345029880391e-11,3.649697594707287997e-12,1.429968362416680848e-16,4.982266951037843372e-18
1.429000000000000000e+03,6.239881580745146962e-11,3.649663760171001265e-12,1.430831577998243840e-16,4.982266951037843372e-18
1.430000000000000000e+03,6.233214246143634752e-11,3.649570715196212751e-12,1.433791174277888174e-16,4.982266951037843372e-18
1.431000000000000000e+03,6.228280318051182486e-11,3.649511504757710970e-12,1.434777706371102952e-16,4.998875440199693471e-18
1.432000000000000000e+03,6.223833753527943055e-11,3.649460752953281679e-12,1.437490669627443715e-16,4.998875440199693471e-18
1.433000000000000000e+03,6.218894801068796913e-11,3.649410001148851581e-12,1.438477201720658740e-16,4.998875440199693471e-18
1.434000000000000000e+03,6.216357495888869452e-11,3.649367707978493165e-12,1.443039912651777027e-16,4.998875440199693471e-18
1.435000000000000000e+03,6.212744976236655619e-11,3.649359249344421482e-12,1.443039912651777027e-16,5.007179684780617365e-18
1.436000000000000000e+03,6.210353377690823397e-11,3.649333873442206433e-12,1.443039912651777027e-16,5.007179684780617365e-18
1.437000000000000000e+03,6.208172802546092573e-11,3.649291580271848018e-12,1.443286545675080598e-16,5.009255745925848916e-18
1.438000000000000000e+03,6.205535010032306995e-11,3.649232369833346236e-12,1.446246141954725179e-16,5.009255745925848916e-18
1.439000000000000000e+03,6.204409551893092212e-11,3.649206993931131187e-12,1.447232674047939957e-16,5.013407868216311248e-18
1.440000000000000000e+03,6.204339210759390884e-11,3.649232369833346236e-12,1.448219206141154735e-16,5.013407868216311248e-18
1.441000000000000000e+03,5.934093599446991905e-11,3.703029282529158495e-12,1.450025178862821651e-16,5.016199856209110016e-18
1.442000000000000000e+03,5.945750130174579961e-11,3.703029282529158495e-12,1.451104198339775453e-16,5.016718871495417904e-18
1.443000000000000000e+03,5.959516894913196220e-11,3.702995447992871762e-12,1.452830629502901438e-16,5.018794932640648685e-18
1.444000000000000000e+03,5.978348221278282236e-11,3.702953154822513347e-12,1.453323895549508827e-16,5.023206562574265346e-18
1.445000000000000000e+03,5.993175127389105826e-11,3.702944696188441664e-12,1.454187111131071573e-16,5.029434746009958459e-18
1.446000000000000000e+03,6.012036599954349923e-11,3.702927778920298298e-12,1.454187111131071573e-16,5.037738990590883123e-18
1.447000000000000000e+03,6.027516673735254503e-11,3.702893944384011565e-12,1.456283491829153162e-16,5.041891112881346225e-18
1.448000000000000000e+03,6.050357444721294235e-11,3.702868568481797324e-12,1.456560953980369987e-16,5.050714372748577237e-18
1.449000000000000000e+03,6.062792752286285602e-11,3.702860109847725641e-12,1.458780651190103115e-16,5.054866495039039569e-18
1.450000000000000000e+03,6.091391447502419327e-11,3.702809358043295542e-12,1.460013816306621711e-16,5.059018617329502671e-18
1.451000000000000000e+03,6.110891014637664080e-11,3.702800899409223859e-12,1.461000348399836489e-16,5.063170739619965003e-18
1.452000000000000000e+03,6.121276380591942114e-11,3.702758606238865444e-12,1.461262395987096441e-16,5.063170739619965003e-18
1.453000000000000000e+03,6.122160669129896125e-11,3.702800899409223859e-12,1.464345308778392807e-16,5.071474984200888897e-18
1.454000000000000000e+03,6.114508558656570495e-11,3.702775523507008810e-12,1.465085207848304014e-16,5.071474984200888897e-18
1.455000000000000000e+03,6.109298290396006793e-11,3.702783982141080493e-12,1.466934955523081538e-16,5.079779228781813561e-18
1.456000000000000000e+03,6.106650449148834757e-11,3.702800899409223859e-12,1.468553484738512118e-16,5.083931351072275893e-18
1.457000000000000000e+03,6.100711647717796155e-11,3.702817816677367226e-12,1.470526548924941921e-16,5.088083473362737455e-18
1.458000000000000000e+03,6.087658343049575755e-11,3.702843192579582275e-12,1.473732778227890073e-16,5.092235595653200558e-18
1.459000000000000000e+03,6.070821690261580785e-11,3.702834733945510592e-12,1.474842626832756637e-16,5.092235595653200558e-18
1.460000000000000000e+03,6.056266099952174756e-11,3.702851651213653958e-12,1.475335892879364026e-16,5.093273626225816333e-18
1.461000000000000000e+03,6.046775071269238484e-11,3.702877027115869007e-12,1.475840719848938762e-16,5.093338503136604338e-18
1.462000000000000000e+03,6.039957005666938453e-11,3.702868568481797324e-12,1.475840719848938762e-16,5.101642747717529002e-18
1.463000000000000000e+03,6.033591133067000593e-11,3.702902403018083248e-12,1.478430366593627739e-16,5.101642747717529002e-18
1.464000000000000000e+03,6.021954699806185453e-11,3.702910861652154932e-12,1.478430366593627739e-16,5.101642747717529002e-18
1.465000000000000000e+03,6.008519543269301625e-11,3.702927778920298298e-12,1.479416898686842271e-16,5.101642747717529002e-18
1.466000000000000000e+03,5.994200098194462493e-11,3.702953154822513347e-12,1.479971822989275922e-16,5.101902255360682561e-18
1.467000000000000000e+03,5.978946120914740938e-11,3.702927778920298298e-12,1.480958355082490700e-16,5.101902255360682561e-18
1.468000000000000000e+03,5.969987675101253330e-11,3.702978530724728396e-12,1.483671318338831463e-16,5.101902255360682561e-18
1.469000000000000000e+03,5.963586631934466099e-11,3.702986989358800079e-12,1.484657850432045995e-16,5.112282561086838006e-18
1.470000000000000000e+03,5.957391587802088976e-11,3.702970072090656713e-12,1.486137648571868409e-16,5.120586805667763440e-18
1.471000000000000000e+03,5.950462986132544371e-11,3.702986989358800079e-12,1.488234029269949751e-16,5.120586805667763440e-18
1.472000000000000000e+03,5.941886392187720191e-11,3.703037741163230178e-12,1.488480662293253322e-16,5.120586805667763440e-18
1.473000000000000000e+03,5.929722400424146384e-11,3.702995447992871762e-12,1.488973928339860957e-16,5.120586805667763440e-18
1.474000000000000000e+03,5.914327740877022173e-11,3.703046199797301861e-12,1.490577042991334910e-16,5.121624836240378445e-18
1.475000000000000000e+03,5.902495357315182090e-11,3.703046199797301861e-12,1.492920056712720070e-16,5.122662866812994221e-18
1.476000000000000000e+03,5.887728743604673370e-11,3.703063117065445227e-12,1.493906588805934848e-16,5.122662866812994221e-18
1.477000000000000000e+03,5.879081808526147862e-11,3.703113868869875325e-12,1.495633019969060833e-16,5.122662866812994221e-18
1.478000000000000000e+03,5.870555458248253387e-11,3.703105410235803642e-12,1.499085882295312556e-16,5.122662866812994221e-18
1.479000000000000000e+03,5.863667051512252028e-11,3.703105410235803642e-12,1.500935629970090327e-16,5.130967111393918115e-18
1.480000000000000000e+03,5.858376393384600540e-11,3.703096951601731959e-12,1.501428896016697716e-16,5.131486126680226773e-18
1.481000000000000000e+03,5.850628819944109376e-11,3.703122327503947008e-12,1.502415428109912494e-16,5.131486126680226773e-18
1.482000000000000000e+03,5.843479146140075622e-11,3.703139244772090375e-12,1.504881758342949685e-16,5.133562187825456783e-18
1.483000000000000000e+03,5.829717405768151945e-11,3.703139244772090375e-12,1.505868290436164217e-16,5.133562187825456783e-18
1.484000000000000000e+03,5.819186333179779966e-11,3.703181537942448790e-12,1.506114923459468035e-16,5.137714310115919886e-18
1.485000000000000000e+03,5.801661342154854635e-11,3.703173079308377107e-12,1.508087987645897591e-16,5.146018554696844550e-18
1.486000000000000000e+03,5.790713247130969210e-11,3.703198455210592156e-12,1.508211304157549623e-16,5.154322799277768444e-18
1.487000000000000000e+03,5.775182929683135572e-11,3.703198455210592156e-12,1.508704570204157012e-16,5.154322799277768444e-18
1.488000000000000000e+03,5.766626433205083016e-11,3.703215372478735522e-12,1.509567785785719758e-16,5.154322799277768444e-18
1.489000000000000000e+03,5.755396973646394217e-11,3.703232289746878888e-12,1.510554317878934783e-16,5.154322799277768444e-18
1.490000000000000000e+03,5.749317489947953605e-11,3.703257665649093938e-12,1.511294216948845743e-16,5.162627043858693108e-18
1.491000000000000000e+03,5.740565043168877398e-11,3.703249207015022254e-12,1.512280749042060521e-16,5.170931288439617772e-18
1.492000000000000000e+03,5.735455262242171812e-11,3.703266124283165621e-12,1.514192154972664308e-16,5.170931288439617772e-18
1.493000000000000000e+03,5.727079642965064512e-11,3.703274582917237304e-12,1.515671953112486475e-16,5.170931288439617772e-18
1.494000000000000000e+03,5.721994983871823778e-11,3.703257665649093938e-12,1.517660431862872412e-16,5.179235533020542436e-18
1.495000000000000000e+03,5.708569876068325761e-11,3.703308417453524036e-12,1.518153697909479801e-16,5.179235533020542436e-18
1.496000000000000000e+03,5.695591936900498625e-11,3.703325334721667402e-12,1.520126762095909603e-16,5.179235533020542436e-18
1.497000000000000000e+03,5.684000722939918669e-11,3.703316876087595719e-12,1.522099826282339160e-16,5.183387655311004769e-18
1.498000000000000000e+03,5.666008465812551480e-11,3.703350710623882451e-12,1.523086358375553938e-16,5.199996144472854097e-18
1.499000000000000000e+03,5.656627973196859136e-11,3.703359169257954134e-12,1.525151909945722518e-16,5.199996144472854097e-18
1.500000000000000000e+03,5.656542558963079414e-11,3.703350710623882451e-12,1.525151909945722518e-16,5.216604633634702655e-18
1.501000000000000000e+03,5.881096579570010532e-11,3.753079020331221614e-12,1.526622646007906390e-16,5.219818068122194619e-18
1.502000000000000000e+03,5.863757490112723687e-11,3.753079020331221614e-12,1.528503222810596922e-16,5.221115606337963954e-18
1.503000000000000000e+03,5.846327962054965183e-11,3.753087478965293297e-12,1.528657368450161715e-16,5.224229698055810510e-18
1.504000000000000000e+03,5.828772824829881772e-11,3.753087478965293297e-12,1.531000382171546875e-16,5.226824774487349179e-18
1.505000000000000000e+03,5.813579139950474440e-11,3.753129772135651712e-12,1.531431989962328248e-16,5.229938866205196506e-18
1.506000000000000000e+03,5.786653558843085143e-11,3.753112854867508346e-12,1.532726813334672860e-16,5.234610003781966725e-18
1.507000000000000000e+03,5.773082744405492534e-11,3.753121313501580029e-12,1.533898320195365440e-16,5.238762126072428287e-18
1.508000000000000000e+03,5.744207709021248666e-11,3.753121313501580029e-12,1.534391586241972829e-16,5.243952278935506395e-18
1.509000000000000000e+03,5.728104613770421178e-11,3.753112854867508346e-12,1.535378118335187607e-16,5.246028340080737176e-18
1.510000000000000000e+03,5.723210880611511512e-11,3.753095937599364980e-12,1.536981232986661560e-16,5.252256523516430289e-18
1.511000000000000000e+03,5.731058941385861439e-11,3.753129772135651712e-12,1.538214398103180156e-16,5.252256523516430289e-18
1.512000000000000000e+03,5.735932577077999482e-11,3.753104396233436663e-12,1.538969711737047743e-16,5.260560768097355723e-18
1.513000000000000000e+03,5.740052557766198419e-11,3.753129772135651712e-12,1.541929308016692077e-16,5.260560768097355723e-18
1.514000000000000000e+03,5.755130682211669239e-11,3.753121313501580029e-12,1.542669207086603284e-16,5.260560768097355723e-18
1.515000000000000000e+03,5.773997179143605273e-11,3.753104396233436663e-12,1.544888904296336658e-16,5.264712890387817285e-18
1.516000000000000000e+03,5.786216438940800720e-11,3.753079020331221614e-12,1.546861968482766214e-16,5.268865012678279617e-18
1.517000000000000000e+03,5.792883773542312930e-11,3.753104396233436663e-12,1.549328298715803160e-16,5.269903043250895393e-18
1.518000000000000000e+03,5.799907838179023715e-11,3.753087478965293297e-12,1.550037368657801358e-16,5.270162550894048951e-18
1.519000000000000000e+03,5.813594213050553481e-11,3.753095937599364980e-12,1.551085559006841906e-16,5.270162550894048951e-18
1.520000000000000000e+03,5.830661986706422119e-11,3.753062103063078248e-12,1.551578825053449542e-16,5.278466795474973616e-18
1.521000000000000000e+03,5.845272845049450435e-11,3.753095937599364980e-12,1.553062476834260742e-16,5.286771040055897509e-18
1.522000000000000000e+03,5.854582996531442098e-11,3.753079020331221614e-12,1.555035541020690298e-16,5.286771040055897509e-18
1.523000000000000000e+03,5.861556817501222532e-11,3.753087478965293297e-12,1.555158857532342084e-16,5.286771040055897509e-18
1.524000000000000000e+03,5.868475370437381972e-11,3.753087478965293297e-12,1.556885288695468069e-16,5.295075284636822944e-18
1.525000000000000000e+03,5.880624289100875445e-11,3.753053644429006565e-12,1.558858352881897872e-16,5.297151345782053725e-18
1.526000000000000000e+03,5.894707588941146388e-11,3.753062103063078248e-12,1.559844884975112650e-16,5.301303468072516057e-18
1.527000000000000000e+03,5.908896400481969322e-11,3.753070561697149931e-12,1.560708100556675396e-16,5.301303468072516057e-18
1.528000000000000000e+03,5.922281313351923445e-11,3.753045185794934881e-12,1.561694632649890420e-16,5.301303468072516057e-18
1.529000000000000000e+03,5.932561167605649487e-11,3.753079020331221614e-12,1.562372873463975611e-16,5.301303468072516057e-18
1.530000000000000000e+03,5.939766109443305529e-11,3.753087478965293297e-12,1.566072368813530906e-16,5.301303468072516057e-18
1.531000000000000000e+03,5.946147055143321137e-11,3.753045185794934881e-12,1.567058900906745684e-16,5.301303468072516057e-18
1.532000000000000000e+03,5.952693804944203607e-11,3.753087478965293297e-12,1.569525231139782629e-16,5.309607712653440721e-18
1.533000000000000000e+03,5.967113737352900855e-11,3.753087478965293297e-12,1.570511763232997653e-16,5.317911957234365385e-18
1.534000000000000000e+03,5.980126847087578009e-11,3.753087478965293297e-12,1.571498295326212432e-16,5.322064079524827717e-18
1.535000000000000000e+03,5.995642091435333252e-11,3.753070561697149931e-12,1.573471359512641988e-16,5.330368324105751611e-18
1.536000000000000000e+03,6.010971434215448717e-11,3.753070561697149931e-12,1.574026283815075393e-16,5.339710599259292051e-18
1.537000000000000000e+03,6.021130703668545020e-11,3.753062103063078248e-12,1.575752714978201131e-16,5.339710599259292051e-18
1.538000000000000000e+03,6.031541191456287259e-11,3.753045185794934881e-12,1.575752714978201131e-16,5.339710599259292051e-18
1.539000000000000000e+03,6.039208375029691930e-11,3.753062103063078248e-12,1.577355829629675331e-16,5.339710599259292051e-18
1.540000000000000000e+03,6.045423516628841968e-11,3.753070561697149931e-12,1.577479146141327116e-16,5.340748629831907056e-18
1.541000000000000000e+03,6.053899623239806739e-11,3.753028268526791515e-12,1.577972412187934505e-16,5.349052874412831720e-18
1.542000000000000000e+03,6.063345432622507182e-11,3.753028268526791515e-12,1.579452210327756672e-16,5.349052874412831720e-18
1.543000000000000000e+03,6.077303123295455802e-11,3.753079020331221614e-12,1.579945476374364308e-16,5.349052874412831720e-18
1.544000000000000000e+03,6.091627592736986224e-11,3.753053644429006565e-12,1.580685375444275268e-16,5.349052874412831720e-18
1.545000000000000000e+03,6.107484494019860356e-11,3.753062103063078248e-12,1.581671907537490046e-16,5.357357118993757155e-18
1.546000000000000000e+03,6.121989840662336681e-11,3.753019809892719832e-12,1.582041857072445403e-16,5.357357118993757155e-18
1.547000000000000000e+03,6.134108613125674658e-11,3.753045185794934881e-12,1.585494719398697373e-16,5.357357118993757155e-18
1.548000000000000000e+03,6.145498852418536443e-11,3.753045185794934881e-12,1.587036175794345556e-16,5.357357118993757155e-18
1.549000000000000000e+03,6.153115792325012701e-11,3.753011351258648149e-12,1.589995772073989890e-16,5.357357118993757155e-18
1.550000000000000000e+03,6.162596772274563808e-11,3.753045185794934881e-12,1.592523760562852852e-16,5.357616626636909943e-18
1.551000000000000000e+03,6.168535573705601118e-11,3.753019809892719832e-12,1.594157704342240059e-16,5.357616626636909943e-18
1.552000000000000000e+03,6.177790457153970493e-11,3.753002892624576466e-12,1.596130768528669369e-16,5.357616626636909943e-18
1.553000000000000000e+03,6.184302036388002299e-11,3.753028268526791515e-12,1.596747351086928790e-16,5.365920871217835378e-18
1.554000000000000000e+03,6.199189234899142051e-11,3.753011351258648149e-12,1.597240617133536179e-16,5.365920871217835378e-18
1.555000000000000000e+03,6.210087086256097126e-11,3.753062103063078248e-12,1.598227149226750957e-16,5.374225115798759272e-18
1.556000000000000000e+03,6.227230225412360321e-11,3.753002892624576466e-12,1.600261871669006529e-16,5.375263146371375047e-18
1.557000000000000000e+03,6.243172540929013529e-11,3.753011351258648149e-12,1.601248403762221307e-16,5.375263146371375047e-18
1.558000000000000000e+03,6.256205748130463598e-11,3.753053644429006565e-12,1.603468100971954681e-16,5.379415268661837379e-18
1.559000000000000000e+03,6.271660700077902679e-11,3.752985975356433908e-12,1.603468100971954681e-16,5.379415268661837379e-18
1.560000000000000000e+03,6.275569657364999571e-11,3.753011351258648149e-12,1.603714733995258253e-16,5.379415268661837379e-18
1.561000000000000000e+03,6.055432055081149157e-11,3.802096804776541821e-12,1.605117730274430216e-16,5.381430507703204647e-18
1.562000000000000000e+03,6.072188318002056341e-11,3.802071428874326772e-12,1.606535870158426614e-16,5.383506568848435428e-18
1.563000000000000000e+03,6.089095311923752638e-11,3.802096804776541821e-12,1.608412593320127866e-16,5.384544599421051203e-18
1.564000000000000000e+03,6.104449776537333602e-11,3.802088346142470138e-12,1.610015707971602065e-16,5.390772782856744316e-18
1.565000000000000000e+03,6.125135094212109302e-11,3.802046052972111723e-12,1.612297063437161455e-16,5.393886874574590873e-18
1.566000000000000000e+03,6.145870655553813413e-11,3.802079887508398455e-12,1.613961836344461178e-16,5.393886874574590873e-18
1.567000000000000000e+03,6.164159350316063014e-11,3.802046052972111723e-12,1.615071684949327741e-16,5.400115058010284756e-18
1.568000000000000000e+03,6.184256817087766469e-11,3.802088346142470138e-12,1.617075578263670552e-16,5.403229149728131312e-18
1.569000000000000000e+03,6.209740404954285654e-11,3.802071428874326772e-12,1.618185426868537116e-16,5.404267180300746318e-18
1.570000000000000000e+03,6.222818831455971553e-11,3.802054511606183406e-12,1.619726883264185299e-16,5.404267180300746318e-18
1.571000000000000000e+03,6.221592885982897361e-11,3.802105263410613504e-12,1.620713415357400077e-16,5.412571424881670982e-18
1.572000000000000000e+03,6.213935751142879148e-11,3.802054511606183406e-12,1.622193213497222244e-16,5.416723547172133314e-18
1.573000000000000000e+03,6.209981574555546427e-11,3.802071428874326772e-12,1.623919644660348229e-16,5.416723547172133314e-18
1.574000000000000000e+03,6.205218474930652312e-11,3.802054511606183406e-12,1.625954367102603801e-16,5.418799608317364865e-18
1.575000000000000000e+03,6.190426739386679386e-11,3.802122180678756871e-12,1.626694266172515008e-16,5.420875669462596416e-18
1.576000000000000000e+03,6.171786338955924438e-11,3.802122180678756871e-12,1.627927431289033358e-16,5.429179914043520310e-18
1.577000000000000000e+03,6.158597376386993965e-11,3.802088346142470138e-12,1.628913963382248382e-16,5.433332036333982642e-18
1.578000000000000000e+03,6.151000533947290622e-11,3.802088346142470138e-12,1.629653862452159343e-16,5.441636280914906536e-18
1.579000000000000000e+03,6.144549247113573686e-11,3.802139097946900237e-12,1.631626926638588652e-16,5.441636280914906536e-18
1.580000000000000000e+03,6.131887843047400587e-11,3.802088346142470138e-12,1.634339889894929415e-16,5.441636280914906536e-18
1.581000000000000000e+03,6.115588797495549449e-11,3.802088346142470138e-12,1.635819688034751829e-16,5.441636280914906536e-18
1.582000000000000000e+03,6.100661404050867743e-11,3.802088346142470138e-12,1.637299486174573996e-16,5.441636280914906536e-18
1.583000000000000000e+03,6.089803747627454622e-11,3.802105263410613504e-12,1.637792752221181385e-16,5.441636280914906536e-18
1.584000000000000000e+03,6.082292319421530356e-11,3.802088346142470138e-12,1.639025917337699981e-16,5.449940525495831200e-18
1.585000000000000000e+03,6.075981714855216076e-11,3.802054511606183406e-12,1.640135765942566545e-16,5.449940525495831200e-18
1.586000000000000000e+03,6.069419891954254565e-11,3.802105263410613504e-12,1.642602096175603490e-16,5.449940525495831200e-18
1.587000000000000000e+03,6.055241129146818089e-11,3.802105263410613504e-12,1.643592481909807548e-16,5.449940525495831200e-18
1.588000000000000000e+03,6.041002073939066743e-11,3.802105263410613504e-12,1.645072280049629715e-16,5.449940525495831200e-18
1.589000000000000000e+03,6.027461405701632215e-11,3.802088346142470138e-12,1.648525142375881685e-16,5.449940525495831200e-18
1.590000000000000000e+03,6.013649421662778834e-11,3.802105263410613504e-12,1.649018408422489074e-16,5.449940525495831200e-18
1.591000000000000000e+03,6.003801662944644632e-11,3.802071428874326772e-12,1.650128257027355638e-16,5.454092647786294303e-18
1.592000000000000000e+03,5.996898183108564233e-11,3.802071428874326772e-12,1.651854688190481623e-16,5.458244770076756635e-18
1.593000000000000000e+03,5.990768455743194563e-11,3.802122180678756871e-12,1.652995365923261194e-16,5.466549014657680529e-18
1.594000000000000000e+03,5.982885224401994619e-11,3.802088346142470138e-12,1.652995365923261194e-16,5.466549014657680529e-18
1.595000000000000000e+03,5.972931953983308425e-11,3.802071428874326772e-12,1.653488631969868583e-16,5.470701136948142861e-18
1.596000000000000000e+03,5.961607031457454093e-11,3.802105263410613504e-12,1.653488631969868583e-16,5.470701136948142861e-18
1.597000000000000000e+03,5.943896138864890278e-11,3.802122180678756871e-12,1.655554183540036917e-16,5.470701136948142861e-18
1.598000000000000000e+03,5.931526148066907655e-11,3.802071428874326772e-12,1.658513779819681498e-16,5.470701136948142861e-18
1.599000000000000000e+03,5.916201829653483480e-11,3.802139097946900237e-12,1.661473376099325832e-16,5.470701136948142861e-18
1.600000000000000000e+03,5.906690703503774292e-11,3.802122180678756871e-12,1.662953174239147999e-16,5.479005381529066755e-18
1.601000000000000000e+03,5.897998549125012954e-11,3.802105263410613504e-12,1.663446440285755635e-16,5.487309626109992189e-18
1.602000000000000000e+03,5.889979659883104230e-11,3.802088346142470138e-12,1.665419504472184945e-16,5.488347656682607194e-18
1.603000000000000000e+03,5.884156418886002785e-11,3.802105263410613504e-12,1.666036087030444119e-16,5.500804023553994191e-18
1.604000000000000000e+03,5.875815970175745502e-11,3.802071428874326772e-12,1.666036087030444119e-16,5.500804023553994191e-18
1.605000000000000000e+03,5.867666447399820579e-11,3.802088346142470138e-12,1.667762518193570104e-16,5.504956145844456523e-18
1.606000000000000000e+03,5.853306807391438201e-11,3.802122180678756871e-12,1.669242316333392271e-16,5.513260390425381187e-18
1.607000000000000000e+03,5.841740715264323096e-11,3.802088346142470138e-12,1.670228848426607296e-16,5.517412512715843519e-18
1.608000000000000000e+03,5.823733385036877514e-11,3.802105263410613504e-12,1.672201912613036606e-16,5.517412512715843519e-18
1.609000000000000000e+03,5.812107000509447539e-11,3.802105263410613504e-12,1.672201912613036606e-16,5.517412512715843519e-18
1.610000000000000000e+03,5.796290294160116654e-11,3.802105263410613504e-12,1.672695178659644241e-16,5.525716757296767413e-18
1.611000000000000000e+03,5.787336872713322921e-11,3.802088346142470138e-12,1.675161508892681186e-16,5.527792818441998194e-18
1.612000000000000000e+03,5.775831072986523332e-11,3.802071428874326772e-12,1.675161508892681186e-16,5.527792818441998194e-18
1.613000000000000000e+03,5.769359688686034773e-11,3.802105263410613504e-12,1.677134573079110742e-16,5.534021001877692077e-18
1.614000000000000000e+03,5.760215341304909973e-11,3.802122180678756871e-12,1.677627839125718132e-16,5.534021001877692077e-18
1.615000000000000000e+03,5.754658391742534152e-11,3.802105263410613504e-12,1.678244421683977306e-16,5.536097063022923628e-18
1.616000000000000000e+03,5.745805457629598536e-11,3.802122180678756871e-12,1.679724219823799720e-16,5.536097063022923628e-18
1.617000000000000000e+03,5.739685778997615324e-11,3.802105263410613504e-12,1.681820600521881308e-16,5.536097063022923628e-18
1.618000000000000000e+03,5.725416577589705896e-11,3.802139097946900237e-12,1.682807132615095840e-16,5.544401307603847522e-18
1.619000000000000000e+03,5.713589218394558396e-11,3.802139097946900237e-12,1.686259994941347810e-16,5.552705552184772186e-18
1.620000000000000000e+03,5.712895855790934806e-11,3.802105263410613504e-12,1.686999894011258770e-16,5.554781613330003737e-18
1.621000000000000000e+03,5.838354292113290995e-11,3.852992405985771632e-12,1.688004565313035521e-16,5.558613405873447457e-18
1.622000000000000000e+03,5.826135032316096194e-11,3.853009323253914998e-12,1.689391876069118910e-16,5.559132421159756115e-18
1.623000000000000000e+03,5.812368267577479289e-11,3.853009323253914998e-12,1.690008458627378332e-16,5.563284543450217676e-18
1.624000000000000000e+03,5.792552165340579852e-11,3.853043157790201731e-12,1.691758011636438764e-16,5.565360604595448457e-18
1.625000000000000000e+03,5.776363655855973289e-11,3.853026240522058365e-12,1.692867860241305575e-16,5.568474696313295784e-18
1.626000000000000000e+03,5.758868811031206040e-11,3.853026240522058365e-12,1.693484442799564749e-16,5.568474696313295784e-18
1.627000000000000000e+03,5.740509775135255111e-11,3.853043157790201731e-12,1.694255170997388964e-16,5.569512726885910789e-18
1.628000000000000000e+03,5.718111148418191738e-11,3.853026240522058365e-12,1.694748437043996353e-16,5.569512726885910789e-18
1.629000000000000000e+03,5.704515212147134923e-11,3.853026240522058365e-12,1.695734969137211131e-16,5.571588788031142341e-18
1.630000000000000000e+03,5.677443924405650387e-11,3.853009323253914998e-12,1.696228235183818274e-16,5.575740910321604673e-18
1.631000000000000000e+03,5.656351633028748346e-11,3.853009323253914998e-12,1.696998963381642489e-16,5.577816971466836224e-18
1.632000000000000000e+03,5.647187188180851922e-11,3.853043157790201731e-12,1.699896901405461053e-16,5.581969093757297786e-18
1.633000000000000000e+03,5.648081525452192391e-11,3.853026240522058365e-12,1.700883433498675831e-16,5.581969093757297786e-18
1.634000000000000000e+03,5.655839147626070013e-11,3.853026240522058365e-12,1.701623332568587038e-16,5.594425460628684782e-18
1.635000000000000000e+03,5.660763026985137114e-11,3.853026240522058365e-12,1.703596396755016348e-16,5.594425460628684782e-18
1.636000000000000000e+03,5.663435990065773356e-11,3.853026240522058365e-12,1.705816093964749722e-16,5.594425460628684782e-18
1.637000000000000000e+03,5.671133319839336107e-11,3.852992405985771632e-12,1.706062726988053540e-16,5.598577582919146344e-18
1.638000000000000000e+03,5.686085835117483312e-11,3.853026240522058365e-12,1.708775690244394303e-16,5.602729705209608676e-18
1.639000000000000000e+03,5.703208876806974237e-11,3.852992405985771632e-12,1.709762222337609081e-16,5.602729705209608676e-18
1.640000000000000000e+03,5.716824910544802676e-11,3.852992405985771632e-12,1.711488653500735066e-16,5.611033949790534110e-18
1.641000000000000000e+03,5.725446723789863331e-11,3.853026240522058365e-12,1.711858603035690423e-16,5.611033949790534110e-18
1.642000000000000000e+03,5.731526207488303943e-11,3.852958571449484900e-12,1.713646692454642424e-16,5.611033949790534110e-18
1.643000000000000000e+03,5.737625788653515532e-11,3.853009323253914998e-12,1.713646692454642424e-16,5.611033949790534110e-18
1.644000000000000000e+03,5.752075867262370215e-11,3.853026240522058365e-12,1.715126490594464591e-16,5.619338194371458004e-18
1.645000000000000000e+03,5.767269552141777547e-11,3.852975488717628266e-12,1.716606288734286758e-16,5.625566377807151887e-18
1.646000000000000000e+03,5.781217194081339708e-11,3.852958571449484900e-12,1.717839453850805354e-16,5.638022744678538113e-18
1.647000000000000000e+03,5.793828354480583103e-11,3.853009323253914998e-12,1.717839453850805354e-16,5.654631233840386671e-18
1.648000000000000000e+03,5.803404797397299744e-11,3.852975488717628266e-12,1.719504226758105323e-16,5.654631233840386671e-18
1.649000000000000000e+03,5.809675207030071424e-11,3.852992405985771632e-12,1.720737391874623672e-16,5.662935478421312106e-18
1.650000000000000000e+03,5.815252254059218867e-11,3.852958571449484900e-12,1.722710456061053475e-16,5.675391845292698332e-18
1.651000000000000000e+03,5.822005002894511446e-11,3.852975488717628266e-12,1.723203722107660864e-16,5.683696089873622996e-18
1.652000000000000000e+03,5.833711777289027913e-11,3.853009323253914998e-12,1.723820304665920038e-16,5.683696089873622996e-18
1.653000000000000000e+03,5.844564409345747159e-11,3.852975488717628266e-12,1.726409951410608769e-16,5.683696089873622996e-18
1.654000000000000000e+03,5.861848230769413009e-11,3.852975488717628266e-12,1.728383015597038572e-16,5.683696089873622996e-18
1.655000000000000000e+03,5.873796174765190249e-11,3.852992405985771632e-12,1.730849345830075271e-16,5.696152456745009992e-18
1.656000000000000000e+03,5.885693875094037785e-11,3.852992405985771632e-12,1.730849345830075271e-16,5.704456701325934656e-18
1.657000000000000000e+03,5.895109538276581439e-11,3.852975488717628266e-12,1.731589244899986724e-16,5.706532762471166208e-18
1.658000000000000000e+03,5.901359850442580849e-11,3.852907819645054802e-12,1.732452460481549470e-16,5.706532762471166208e-18
1.659000000000000000e+03,5.909077277682915224e-11,3.852924736913198168e-12,1.735412056761194051e-16,5.706532762471166208e-18
1.660000000000000000e+03,5.914644275978676856e-11,3.852924736913198168e-12,1.735658689784497622e-16,5.706532762471166208e-18
1.661000000000000000e+03,5.921055367878849253e-11,3.852924736913198168e-12,1.736151955831105011e-16,5.706532762471166208e-18
1.662000000000000000e+03,5.931777366401553593e-11,3.852924736913198168e-12,1.738125020017534814e-16,5.714837007052090101e-18
1.663000000000000000e+03,5.943453994595913272e-11,3.852941654181341534e-12,1.738618286064141956e-16,5.714837007052090101e-18
1.664000000000000000e+03,5.957542318802876797e-11,3.852975488717628266e-12,1.738864919087445774e-16,5.716913068197320882e-18
1.665000000000000000e+03,5.971922056278030799e-11,3.852924736913198168e-12,1.740344717227268188e-16,5.716913068197320882e-18
1.666000000000000000e+03,5.984663850211290391e-11,3.852890902376911435e-12,1.741331249320482719e-16,5.718989129342552434e-18
1.667000000000000000e+03,5.996963499875571686e-11,3.852924736913198168e-12,1.741331249320482719e-16,5.718989129342552434e-18
1.668000000000000000e+03,6.005957116255909958e-11,3.852941654181341534e-12,1.742811047460304886e-16,5.723141251633014766e-18
1.669000000000000000e+03,6.014759806701915870e-11,3.852907819645054802e-12,1.743797579553519911e-16,5.723141251633014766e-18
1.670000000000000000e+03,6.021211093535631513e-11,3.852924736913198168e-12,1.743797579553519911e-16,5.723141251633014766e-18
1.671000000000000000e+03,6.028395937906515931e-11,3.852924736913198168e-12,1.743797579553519911e-16,5.731445496213938659e-18
1.672000000000000000e+03,6.034153862136608631e-11,3.852907819645054802e-12,1.746263909786556856e-16,5.739749740794864094e-18
1.673000000000000000e+03,6.041318609040721426e-11,3.852941654181341534e-12,1.747743707926379023e-16,5.739749740794864094e-18
1.674000000000000000e+03,6.049237010948772034e-11,3.852941654181341534e-12,1.747990340949682594e-16,5.743901863085326426e-18
1.675000000000000000e+03,6.062832947219828849e-11,3.852907819645054802e-12,1.748483606996289983e-16,5.743901863085326426e-18
1.676000000000000000e+03,6.071293980730715872e-11,3.852975488717628266e-12,1.750518329438545556e-16,5.743901863085326426e-18
1.677000000000000000e+03,6.088557704687608806e-11,3.852958571449484900e-12,1.752491393624975358e-16,5.743901863085326426e-18
1.678000000000000000e+03,6.102615882694415543e-11,3.852907819645054802e-12,1.752984659671582747e-16,5.743901863085326426e-18
1.679000000000000000e+03,6.107730687987813711e-11,3.852924736913198168e-12,1.754217824788101097e-16,5.743901863085326426e-18
1.680000000000000000e+03,6.109037023327974397e-11,3.852890902376911435e-12,1.755204356881315875e-16,5.743901863085326426e-18
1.681000000000000000e+03,6.422004824630321290e-11,3.904420901141516669e-12,1.756418810764438086e-16,5.745982232462913997e-18
1.682000000000000000e+03,6.410097075568087296e-11,3.904437818409660035e-12,1.757346574832568685e-16,5.747020263035529002e-18
1.683000000000000000e+03,6.395044072956080682e-11,3.904471652945946768e-12,1.759566272042302059e-16,5.749096324180760554e-18
1.684000000000000000e+03,6.379046489405805186e-11,3.904488570214090134e-12,1.761539336228731615e-16,5.751172385325992105e-18
1.685000000000000000e+03,6.367289471344359014e-11,3.904454735677803401e-12,1.763512400415161171e-16,5.755324507616454437e-18
1.686000000000000000e+03,6.345785181898636756e-11,3.904454735677803401e-12,1.763697375182639219e-16,5.757919584047993106e-18
1.687000000000000000e+03,6.331596370357815115e-11,3.904420901141516669e-12,1.764560590764201965e-16,5.762071706338455438e-18
1.688000000000000000e+03,6.310715102382014473e-11,3.904471652945946768e-12,1.765300489834113172e-16,5.762071706338455438e-18
1.689000000000000000e+03,6.290205637541492093e-11,3.904471652945946768e-12,1.765793755880720561e-16,5.766742843915225658e-18
1.690000000000000000e+03,6.278981202349495878e-11,3.904471652945946768e-12,1.767766820067150117e-16,5.766742843915225658e-18
1.691000000000000000e+03,6.251306990604860703e-11,3.904437818409660035e-12,1.770256272146121757e-16,5.766872597736802437e-18
1.692000000000000000e+03,6.228084367750157543e-11,3.904387066605229937e-12,1.771982703309247742e-16,5.775176842317727101e-18
1.693000000000000000e+03,6.216056033887293810e-11,3.904437818409660035e-12,1.772167678076725544e-16,5.777252903462958652e-18
1.694000000000000000e+03,6.207966803511682464e-11,3.904454735677803401e-12,1.772414311100029361e-16,5.781405025753420214e-18
1.695000000000000000e+03,6.211976248132637473e-11,3.904454735677803401e-12,1.773154210169940322e-16,5.791785331479576430e-18
1.696000000000000000e+03,6.219271628570766466e-11,3.904437818409660035e-12,1.774757324821414521e-16,5.791785331479576430e-18
1.697000000000000000e+03,6.224285946530306518e-11,3.904437818409660035e-12,1.776252537525193069e-16,5.795937453770038762e-18
1.698000000000000000e+03,6.226848373543698185e-11,3.904437818409660035e-12,1.777485702641711665e-16,5.795937453770038762e-18
1.699000000000000000e+03,6.232053617437569305e-11,3.904403983873373303e-12,1.780691931944659817e-16,5.800089576060500323e-18
1.700000000000000000e+03,6.243167516562320946e-11,3.904403983873373303e-12,1.780938564967963388e-16,5.809431851214039993e-18
1.701000000000000000e+03,6.261476308791342171e-11,3.904437818409660035e-12,1.781925097061178166e-16,5.809431851214039993e-18
1.702000000000000000e+03,6.278981202349495878e-11,3.904437818409660035e-12,1.783034945666044976e-16,5.809431851214039993e-18
1.703000000000000000e+03,6.290275978675193421e-11,3.904437818409660035e-12,1.784514743805867144e-16,5.813583973504502325e-18
1.704000000000000000e+03,6.297681895180565696e-11,3.904454735677803401e-12,1.786487807992296700e-16,5.821888218085427759e-18
1.705000000000000000e+03,6.303339332076800279e-11,3.904488570214090134e-12,1.786487807992296700e-16,5.821888218085427759e-18
1.706000000000000000e+03,6.310001642311619906e-11,3.904471652945946768e-12,1.787474340085511478e-16,5.830192462666351653e-18
1.707000000000000000e+03,6.322532412843776807e-11,3.904437818409660035e-12,1.787597656597163263e-16,5.840572768392507869e-18
1.708000000000000000e+03,6.335163670709791825e-11,3.904454735677803401e-12,1.789570720783593066e-16,5.840572768392507869e-18
1.709000000000000000e+03,6.352648466801173909e-11,3.904454735677803401e-12,1.790557252876807844e-16,5.848877012973431762e-18
1.710000000000000000e+03,6.366586060007349613e-11,3.904471652945946768e-12,1.791420468458370590e-16,5.857181257554356427e-18
1.711000000000000000e+03,6.376363477591783779e-11,3.904437818409660035e-12,1.792900266598193004e-16,5.857181257554356427e-18
1.712000000000000000e+03,6.385769092040939683e-11,3.904437818409660035e-12,1.793393532644800393e-16,5.857181257554356427e-18
1.713000000000000000e+03,6.392069647873868798e-11,3.904471652945946768e-12,1.795119963807926378e-16,5.859257318699587978e-18
1.714000000000000000e+03,6.397385427834984492e-11,3.904454735677803401e-12,1.795613229854533767e-16,5.859257318699587978e-18
1.715000000000000000e+03,6.404932026607759423e-11,3.904454735677803401e-12,1.796106495901140909e-16,5.859257318699587978e-18
1.716000000000000000e+03,6.413614132253134302e-11,3.904471652945946768e-12,1.796846394971052116e-16,5.863409440990049540e-18
1.717000000000000000e+03,6.426968898922931637e-11,3.904471652945946768e-12,1.797339661017659505e-16,5.863409440990049540e-18
1.718000000000000000e+03,6.440373909259657384e-11,3.904454735677803401e-12,1.797832927064266894e-16,5.867561563280511872e-18
1.719000000000000000e+03,6.455547496672293738e-11,3.904454735677803401e-12,1.797832927064266894e-16,5.867561563280511872e-18
1.720000000000000000e+03,6.468691239940987090e-11,3.904454735677803401e-12,1.799066092180785490e-16,5.867561563280511872e-18
1.721000000000000000e+03,6.480026211200227880e-11,3.904471652945946768e-12,1.800052624274000268e-16,5.867561563280511872e-18
1.722000000000000000e+03,6.489853872451590459e-11,3.904437818409660035e-12,1.800545890320607411e-16,5.869637624425743423e-18
1.723000000000000000e+03,6.496777449754442481e-11,3.904471652945946768e-12,1.800545890320607411e-16,5.869637624425743423e-18
1.724000000000000000e+03,6.504756144062807959e-11,3.904454735677803401e-12,1.805077772123812936e-16,5.886765128873899869e-18
1.725000000000000000e+03,6.509891046822979044e-11,3.904437818409660035e-12,1.806156791600766738e-16,5.886765128873899869e-18
1.726000000000000000e+03,6.517960179731817473e-11,3.904454735677803401e-12,1.808129855787196541e-16,5.895069373454824533e-18
1.727000000000000000e+03,6.523547275494350729e-11,3.904454735677803401e-12,1.808993071368759287e-16,5.895069373454824533e-18
1.728000000000000000e+03,6.537344186433125069e-11,3.904420901141516669e-12,1.811952667648403868e-16,5.895069373454824533e-18
1.729000000000000000e+03,6.548679157692365859e-11,3.904454735677803401e-12,1.812445933695011010e-16,5.895069373454824533e-18
1.730000000000000000e+03,6.563581429303583360e-11,3.904437818409660035e-12,1.814049048346485210e-16,5.903373618035748427e-18
1.731000000000000000e+03,6.580111595723308812e-11,3.904437818409660035e-12,1.815035580439699988e-16,5.903373618035748427e-18
1.732000000000000000e+03,6.591547054316407719e-11,3.904471652945946768e-12,1.816268745556218584e-16,5.903373618035748427e-18
1.733000000000000000e+03,6.607293419532037276e-11,3.904454735677803401e-12,1.819721607882470307e-16,5.903373618035748427e-18
1.734000000000000000e+03,6.615633868242294559e-11,3.904471652945946768e-12,1.822311254627159284e-16,5.919982107197598525e-18
1.735000000000000000e+03,6.627611958438229881e-11,3.904454735677803401e-12,1.824284318813588840e-16,5.919982107197598525e-18
1.736000000000000000e+03,6.635248995811476470e-11,3.904471652945946768e-12,1.825270850906803619e-16,5.919982107197598525e-18
1.737000000000000000e+03,6.643097056585827042e-11,3.904471652945946768e-12,1.826504016023322214e-16,5.919982107197598525e-18
1.738000000000000000e+03,6.650965214826947946e-11,3.904471652945946768e-12,1.826997282069929603e-16,5.919982107197598525e-18
1.739000000000000000e+03,6.653919542442388207e-11,3.904471652945946768e-12,1.828970346256359160e-16,5.928286351778522419e-18
1.740000000000000000e+03,6.654833977180501591e-11,3.904420901141516669e-12,1.829956878349573938e-16,5.928286351778522419e-18
1.741000000000000000e+03,6.615533380908436443e-11,3.953041129785467772e-12,1.831524647887600870e-16,5.929535232311200943e-18
1.742000000000000000e+03,6.627240155302952910e-11,3.953041129785467772e-12,1.832634496492467681e-16,5.933687354601663275e-18
1.743000000000000000e+03,6.642373547782044725e-11,3.953074964321754505e-12,1.833929319864812046e-16,5.939915538037356388e-18
1.744000000000000000e+03,6.661385751348076644e-11,3.953041129785467772e-12,1.834977510213852840e-16,5.944067660327818720e-18
1.745000000000000000e+03,6.674981687619133459e-11,3.953041129785467772e-12,1.835478483542438296e-16,5.946143721473049501e-18
1.746000000000000000e+03,6.697149193468321871e-11,3.953074964321754505e-12,1.836226089894327570e-16,5.946143721473049501e-18
1.747000000000000000e+03,6.712754876416550065e-11,3.953058047053611138e-12,1.837089305475890809e-16,5.946143721473049501e-18
1.748000000000000000e+03,6.737826466214249033e-11,3.953041129785467772e-12,1.838137495824931357e-16,5.946143721473049501e-18
1.749000000000000000e+03,6.749955287410972176e-11,3.953074964321754505e-12,1.839432319197275722e-16,5.946143721473049501e-18
1.750000000000000000e+03,6.776081994214185892e-11,3.953041129785467772e-12,1.841405383383705525e-16,5.950295843763512603e-18
1.751000000000000000e+03,6.797254675458175719e-11,3.953041129785467772e-12,1.843440105825961097e-16,5.950555351406665392e-18
1.752000000000000000e+03,6.810498906060727187e-11,3.953024212517324406e-12,1.844426637919175875e-16,5.950555351406665392e-18
1.753000000000000000e+03,6.815754393621528011e-11,3.953041129785467772e-12,1.847879500245427599e-16,5.961130287865186391e-18
1.754000000000000000e+03,6.808981547319463810e-11,3.953007295249181040e-12,1.848866032338642377e-16,5.961130287865186391e-18
1.755000000000000000e+03,6.801746459281650980e-11,3.953058047053611138e-12,1.849605931408553584e-16,5.961130287865186391e-18
1.756000000000000000e+03,6.798671546865579687e-11,3.953041129785467772e-12,1.850839096525071933e-16,5.963206349010417942e-18
1.757000000000000000e+03,6.795496147115651570e-11,3.953007295249181040e-12,1.852257236409068330e-16,5.972548624163958382e-18
1.758000000000000000e+03,6.785156000461609365e-11,3.953058047053611138e-12,1.853244250207406707e-16,5.972552678970882873e-18
1.759000000000000000e+03,6.765842334894003097e-11,3.953058047053611138e-12,1.854724048347228874e-16,5.972552678970882873e-18
1.760000000000000000e+03,6.748417831202937176e-11,3.953074964321754505e-12,1.856697112533658677e-16,5.977742831833960210e-18
1.761000000000000000e+03,6.737032616276766681e-11,3.953091881589897871e-12,1.858176910673480844e-16,5.979818892979191761e-18
1.762000000000000000e+03,6.729898015572811967e-11,3.953074964321754505e-12,1.858670176720087986e-16,5.992275259850577987e-18
1.763000000000000000e+03,6.723959214141774658e-11,3.953091881589897871e-12,1.860643240906517789e-16,5.996427382141040319e-18
1.764000000000000000e+03,6.716060909700494380e-11,3.953074964321754505e-12,1.861136506953125178e-16,5.996427382141040319e-18
1.765000000000000000e+03,6.702766435431013208e-11,3.953041129785467772e-12,1.862616305092947345e-16,6.004731626721964213e-18
1.766000000000000000e+03,6.684749056470181167e-11,3.953074964321754505e-12,1.864836002302680473e-16,6.005250642008272871e-18
1.767000000000000000e+03,6.671082779065423025e-11,3.953074964321754505e-12,1.866069167419199315e-16,6.013554886589196765e-18
1.768000000000000000e+03,6.660220098275317321e-11,3.953091881589897871e-12,1.867610623814847252e-16,6.014592917161813311e-18
1.769000000000000000e+03,6.650653704091987138e-11,3.953058047053611138e-12,1.867610623814847252e-16,6.014592917161813311e-18
1.770000000000000000e+03,6.644192368524885037e-11,3.953074964321754505e-12,1.869337054977973237e-16,6.018745039452274873e-18
1.771000000000000000e+03,6.638595224028965324e-11,3.953074964321754505e-12,1.871556752187706364e-16,6.020821100597505654e-18
1.772000000000000000e+03,6.632164034662020011e-11,3.953058047053611138e-12,1.871556752187706364e-16,6.037429589759354982e-18
1.773000000000000000e+03,6.619603117929706321e-11,3.953074964321754505e-12,1.873529816374136167e-16,6.037429589759354982e-18
1.774000000000000000e+03,6.608710290939442537e-11,3.953058047053611138e-12,1.874023082420743556e-16,6.037429589759354982e-18
1.775000000000000000e+03,6.591094861314045548e-11,3.953074964321754505e-12,1.875009614513958334e-16,6.037429589759354982e-18
1.776000000000000000e+03,6.579187112251810262e-11,3.953058047053611138e-12,1.877229311723691461e-16,6.037429589759354982e-18
1.777000000000000000e+03,6.566314684784534471e-11,3.953024212517324406e-12,1.877229311723691461e-16,6.045733834340279646e-18
1.778000000000000000e+03,6.557190434870181294e-11,3.953058047053611138e-12,1.880435541026639613e-16,6.060266262356897423e-18
1.779000000000000000e+03,6.550698953102921112e-11,3.953058047053611138e-12,1.882932700387589813e-16,6.060266262356897423e-18
1.780000000000000000e+03,6.542619771460697517e-11,3.953074964321754505e-12,1.885399030620626758e-16,6.060266262356897423e-18
1.781000000000000000e+03,6.537303991499581822e-11,3.953058047053611138e-12,1.886385562713841536e-16,6.064418384647359756e-18
1.782000000000000000e+03,6.529908123727594713e-11,3.953058047053611138e-12,1.887372094807056315e-16,6.064418384647359756e-18
1.783000000000000000e+03,6.521537528817180642e-11,3.953074964321754505e-12,1.888111993876967275e-16,6.064418384647359756e-18
1.784000000000000000e+03,6.508082274813525190e-11,3.953091881589897871e-12,1.889098525970182299e-16,6.064418384647359756e-18
1.785000000000000000e+03,6.496877937088300598e-11,3.953074964321754505e-12,1.890578324110004467e-16,6.068570506937822088e-18
1.786000000000000000e+03,6.479764944132195484e-11,3.953058047053611138e-12,1.893044654343041412e-16,6.068570506937822088e-18
1.787000000000000000e+03,6.468862068408546534e-11,3.953058047053611138e-12,1.894771085506167397e-16,6.068570506937822088e-18
1.788000000000000000e+03,6.453788968329769589e-11,3.953058047053611138e-12,1.895264351552774786e-16,6.076874751518746752e-18
1.789000000000000000e+03,6.445498763286442011e-11,3.953041129785467772e-12,1.896127567134337778e-16,6.076874751518746752e-18
1.790000000000000000e+03,6.434605936296178226e-11,3.953041129785467772e-12,1.896620833180944921e-16,6.076874751518746752e-18
1.791000000000000000e+03,6.428747524732227410e-11,3.953074964321754505e-12,1.897237415739204342e-16,6.076874751518746752e-18
1.792000000000000000e+03,6.420276442487953929e-11,3.953074964321754505e-12,1.897730681785811731e-16,6.085178996099671416e-18
1.793000000000000000e+03,6.415382709329044909e-11,3.953058047053611138e-12,1.898239362396375501e-16,6.101787485261519974e-18
1.794000000000000000e+03,6.407293478953434857e-11,3.953091881589897871e-12,1.898239362396375501e-16,6.101787485261519974e-18
1.795000000000000000e+03,6.401957601525547539e-11,3.953074964321754505e-12,1.898732628442982890e-16,6.110091729842444638e-18
1.796000000000000000e+03,6.390552289132605421e-11,3.953091881589897871e-12,1.898855944954634922e-16,6.110610745128752526e-18
1.797000000000000000e+03,6.378252639468322834e-11,3.953125716126184603e-12,1.900829009141064478e-16,6.110610745128752526e-18
1.798000000000000000e+03,6.369047999686883163e-11,3.953125716126184603e-12,1.903048706350797852e-16,6.110610745128752526e-18
1.799000000000000000e+03,6.354376848943539977e-11,3.953125716126184603e-12,1.903541972397405241e-16,6.110610745128752526e-18
1.800000000000000000e+03,6.346508690702417781e-11,3.953108798858041237e-12,1.903541972397405241e-16,6.110610745128752526e-18
