time_s,step_s,temperature_min_C,temperature_max_C,moisture_min,moisture_max,surface_temperature_C,surface_moisture,mean_temperature_C,mean_moisture
8.278737804112383858e-06,8.278737804112383858e-06,2.800000000000000000e+01,2.800000000000396838e+01,2.549960506155081408e+00,2.549999999999999822e+00,2.800000000000396838e+01,2.549960506155081408e+00,2.800000000000000000e+01,2.549999997988981804e+00
1.655747560822476772e-05,8.278737804112383858e-06,2.800000000000000000e+01,2.800000000001194067e+01,2.549924125102948747e+00,2.549999999999999822e+00,2.800000000001194067e+01,2.549924125102948747e+00,2.800000000000000000e+01,2.549999995977994427e+00
2.483621341233714988e-05,8.278737804112382164e-06,2.800000000000000000e+01,2.800000000002240697e+01,2.549890488913593156e+00,2.549999999999999822e+00,2.800000000002240697e+01,2.549890488913593156e+00,2.800000000000000000e+01,2.549999993967034140e+00
3.311495121644952866e-05,8.278737804112378776e-06,2.800000000000000000e+01,2.800000000003486278e+01,2.549859277975915273e+00,2.549999999999999822e+00,2.800000000003486278e+01,2.549859277975915273e+00,2.800000000000001066e+01,2.549999991956099610e+00
4.139368902056190743e-05,8.278737804112378776e-06,2.800000000000000000e+01,2.800000000004903455e+01,2.549830214334966261e+00,2.549999999999999822e+00,2.800000000004903455e+01,2.549830214334966261e+00,2.800000000000001066e+01,2.549999989945189505e+00
4.967242682467428621e-05,8.278737804112378776e-06,2.800000000000000000e+01,2.800000000006473400e+01,2.549803055974186439e+00,2.549999999999999822e+00,2.800000000006473400e+01,2.549803055974186439e+00,2.800000000000001776e+01,2.549999987934301160e+00
5.795116462878666498e-05,8.278737804112378776e-06,2.800000000000000000e+01,2.800000000008182255e+01,2.549777591906123408e+00,2.549999999999999822e+00,2.800000000008182255e+01,2.549777591906123408e+00,2.800000000000001776e+01,2.549999985923434576e+00
6.622990243289904376e-05,8.278737804112378776e-06,2.800000000000000000e+01,2.800000000010019363e+01,2.549753637955089580e+00,2.549999999999999822e+00,2.800000000010019363e+01,2.549753637955089580e+00,2.800000000000002842e+01,2.549999983912586643e+00
7.632102490310981036e-05,1.009112247021076659e-05,2.800000000000000000e+01,2.800000000012420287e+01,2.549726250221723500e+00,2.549999999999999822e+00,2.800000000012420287e+01,2.549726250221723500e+00,2.800000000000002842e+01,2.549999981461548604e+00
8.641214737332057695e-05,1.009112247021076659e-05,2.800000000000000000e+01,2.800000000014987478e+01,2.549700616354387606e+00,2.549999999999999822e+00,2.800000000014987478e+01,2.549700616354387606e+00,2.800000000000003908e+01,2.549999979010535878e+00
9.650326984353134355e-05,1.009112247021076659e-05,2.800000000000000000e+01,2.800000000017710633e+01,2.549676521787373140e+00,2.549999999999999822e+00,2.800000000017710633e+01,2.549676521787373140e+00,2.800000000000004974e+01,2.549999976559547576e+00
1.065943923137421101e-04,1.009112247021076659e-05,2.800000000000000000e+01,2.800000000020581581e+01,2.549653783286093489e+00,2.549999999999999822e+00,2.800000000020581581e+01,2.549653783286093489e+00,2.800000000000006040e+01,2.549999974108581924e+00
1.166855147839528767e-04,1.009112247021076659e-05,2.800000000000000000e+01,2.800000000023592506e+01,2.549632243998289471e+00,2.549999999999999822e+00,2.800000000023592506e+01,2.549632243998289471e+00,2.800000000000007461e+01,2.549999971657637143e+00
1.293081237577846897e-04,1.262260897383181294e-05,2.800000000000000000e+01,2.800000000027546321e+01,2.549606786019403160e+00,2.549999999999999822e+00,2.800000000027546321e+01,2.549606786019403160e+00,2.800000000000008882e+01,2.549999968591871280e+00
1.419307327316165026e-04,1.262260897383181294e-05,2.800000000000000000e+01,2.800000000031699798e+01,2.549582772320878377e+00,2.549999999999999822e+00,2.800000000031699798e+01,2.549582772320878377e+00,2.800000000000010658e+01,2.549999965526134726e+00
1.545533417054483155e-04,1.262260897383181294e-05,2.800000000000000000e+01,2.800000000036042991e+01,2.549560017500887898e+00,2.549999999999999822e+00,2.800000000036042991e+01,2.549560017500887898e+00,2.800000000000012790e+01,2.549999962460426595e+00
1.671759506792801285e-04,1.262260897383181294e-05,2.800000000000000000e+01,2.800000000040568082e+01,2.549538366637662978e+00,2.549999999999999822e+00,2.800000000040568082e+01,2.549538366637662978e+00,2.800000000000014921e+01,2.549999959394745108e+00
1.827759224679754437e-04,1.559997178869531524e-05,2.800000000000000000e+01,2.800000000046401638e+01,2.549512942178203900e+00,2.549999999999999822e+00,2.800000000046401638e+01,2.549512942178203900e+00,2.800000000000017408e+01,2.549999955605980251e+00
1.983758942566707590e-04,1.559997178869531524e-05,2.800000000000000000e+01,2.800000000052490634e+01,2.549488803232175194e+00,2.549999999999999822e+00,2.800000000052490634e+01,2.549488803232175194e+00,2.800000000000020606e+01,2.549999951817253141e+00
2.139758660453660742e-04,1.559997178869531524e-05,2.800000000000000000e+01,2.800000000058825123e+01,2.549465783835584975e+00,2.549999999999999822e+00,2.800000000058825123e+01,2.549465783835584975e+00,2.800000000000023803e+01,2.549999948028560226e+00
2.295758378340613894e-04,1.559997178869531524e-05,2.800000000000000000e+01,2.800000000065395511e+01,2.549443747550173889e+00,2.549999999999999822e+00,2.800000000065395511e+01,2.549443747550173889e+00,2.800000000000027711e+01,2.549999944239901506e+00
2.494013610598282008e-04,1.982552322576681134e-05,2.800000000000000000e+01,2.800000000074073725e+01,2.549416985172733963e+00,2.549999999999999822e+00,2.800000000074073725e+01,2.549416985172733963e+00,2.800000000000032685e+01,2.549999939425058759e+00
2.692268842855950121e-04,1.982552322576681134e-05,2.800000000000000000e+01,2.800000000083105078e+01,2.549391439997583220e+00,2.549999999999999822e+00,2.800000000083105078e+01,2.549391439997583220e+00,2.800000000000037659e+01,2.549999934610266195e+00
2.890524075113618235e-04,1.982552322576681134e-05,2.800000000000000000e+01,2.800000000092475716e+01,2.549366959483521100e+00,2.549999999999999822e+00,2.800000000092475716e+01,2.549366959483521100e+00,2.800000000000043343e+01,2.549999929795520259e+00
3.132561004061302254e-04,2.420369289476840191e-05,2.800000000000000000e+01,2.800000000104359543e+01,2.549338337180327763e+00,2.549999999999999822e+00,2.800000000104359543e+01,2.549338337180327763e+00,2.800000000000050449e+01,2.549999923917572353e+00
3.374597933008986273e-04,2.420369289476840191e-05,2.800000000000000000e+01,2.800000000116712329e+01,2.549310935078220819e+00,2.549999999999999822e+00,2.800000000116712329e+01,2.549310935078220819e+00,2.800000000000059330e+01,2.549999918039688840e+00
3.616634861956670292e-04,2.420369289476840191e-05,2.800000000000000000e+01,2.800000000129517730e+01,2.549284606540088927e+00,2.549999999999999822e+00,2.800000000129517730e+01,2.549284606540088927e+00,2.800000000000067502e+01,2.549999912161867943e+00
3.913646194197432557e-04,2.970113322407622655e-05,2.800000000000000000e+01,2.800000000145826107e+01,2.549253591193570312e+00,2.549999999999999822e+00,2.800000000145826107e+01,2.549253591193570312e+00,2.800000000000079226e+01,2.549999904949086016e+00
4.210657526438194823e-04,2.970113322407622655e-05,2.800000000000000000e+01,2.800000000162767222e+01,2.549223834841741976e+00,2.549999999999999822e+00,2.800000000162767222e+01,2.549223834841741976e+00,2.800000000000091305e+01,2.549999897736390686e+00
4.507668858678957088e-04,2.970113322407622655e-05,2.800000000000000000e+01,2.800000000180317983e+01,2.549195193120309622e+00,2.549999999999999822e+00,2.800000000180317983e+01,2.549195193120309622e+00,2.800000000000105160e+01,2.549999890523778845e+00
4.870643468404375529e-04,3.629746097254184407e-05,2.800000000000000000e+01,2.800000000202563655e+01,2.549161532843978506e+00,2.549999999999999822e+00,2.800000000202563655e+01,2.549161532843978506e+00,2.800000000000122569e+01,2.549999881709426042e+00
5.233618078129794512e-04,3.629746097254189828e-05,2.800000000000000000e+01,2.800000000225655583e+01,2.549129184888287547e+00,2.549999999999999822e+00,2.800000000225655583e+01,2.549129184888287547e+00,2.800000000000141398e+01,2.549999872895187369e+00
5.596592687855212953e-04,3.629746097254184407e-05,2.800000000000000000e+01,2.800000000249563925e+01,2.549098005309063275e+00,2.549999999999999822e+00,2.800000000249563925e+01,2.549098005309063275e+00,2.800000000000162004e+01,2.549999864081060164e+00
6.036434340124218747e-04,4.398416522690057947e-05,2.800000000000000000e+01,2.800000000279590040e+01,2.549061619156721914e+00,2.549999999999999822e+00,2.800000000279590040e+01,2.549061619156721914e+00,2.800000000000188294e+01,2.549999853400509942e+00
6.476275992393224542e-04,4.398416522690057947e-05,2.800000000000000000e+01,2.800000000310732418e+01,2.549026599650130454e+00,2.549999999999999822e+00,2.800000000310732418e+01,2.549026599650130454e+00,2.800000000000216005e+01,2.549999842720110266e+00
6.916117644662230337e-04,4.398416522690057947e-05,2.800000000000000000e+01,2.800000000342951267e+01,2.548992802728858642e+00,2.549999999999999822e+00,2.800000000342951267e+01,2.548992802728858642e+00,2.800000000000246914e+01,2.549999832039855363e+00
7.444560866348821047e-04,5.284432216865907108e-05,2.800000000000000000e+01,2.800000000383035825e+01,2.548953646240841309e+00,2.549999999999999822e+00,2.800000000383035825e+01,2.548953646240841309e+00,2.800000000000285993e+01,2.549999819208359497e+00
7.973004088035411758e-04,5.284432216865907108e-05,2.800000000000000000e+01,2.800000000424570601e+01,2.548915908136021979e+00,2.549999999999999822e+00,2.800000000424570601e+01,2.548915908136021979e+00,2.800000000000328626e+01,2.549999806377057698e+00
8.501447309722002469e-04,5.284432216865907108e-05,2.800000000000000000e+01,2.800000000467505856e+01,2.548879444239362080e+00,2.549999999999999822e+00,2.800000000467505856e+01,2.548879444239362080e+00,2.800000000000373035e+01,2.549999793545944193e+00
9.029890531408593180e-04,5.284432216865907108e-05,2.800000000000000000e+01,2.800000000511797538e+01,2.548844133336655382e+00,2.549999999999999822e+00,2.800000000511797538e+01,2.548844133336655382e+00,2.800000000000420286e+01,2.549999780715013209e+00
9.693431064855575737e-04,6.635405334469825570e-05,2.800000000000000000e+01,2.800000000569272274e+01,2.548801271012685721e+00,2.549999999999999822e+00,2.800000000569272274e+01,2.548801271012685721e+00,2.800000000000484235e+01,2.549999764604083730e+00
1.035697159830255721e-03,6.635405334469814728e-05,2.800000000000000000e+01,2.800000000628749675e+01,2.548759892714521857e+00,2.549999999999999822e+00,2.800000000628749675e+01,2.548759892714521857e+00,2.800000000000553513e+01,2.549999748493422480e+00
1.102051213174953977e-03,6.635405334469825570e-05,2.800000000000000000e+01,2.800000000690164370e+01,2.548719854058915324e+00,2.549999999999999822e+00,2.800000000690164370e+01,2.548719854058915324e+00,2.800000000000626699e+01,2.549999732383021467e+00
1.168405266519652232e-03,6.635405334469825570e-05,2.800000000000000000e+01,2.800000000753457030e+01,2.548681032692362791e+00,2.549999999999999822e+00,2.800000000753457030e+01,2.548681032692362791e+00,2.800000000000704858e+01,2.549999716272870920e+00
1.250839896189558011e-03,8.243462966990577900e-05,2.800000000000000000e+01,2.800000000834623393e+01,2.548634342320423407e+00,2.549999999999999822e+00,2.800000000834623393e+01,2.548634342320423407e+00,2.800000000000807532e+01,2.549999696258843596e+00
1.333274525859463790e-03,8.243462966990577900e-05,2.800000000000000000e+01,2.800000000918510423e+01,2.548589199058099553e+00,2.549999999999999822e+00,2.800000000918510423e+01,2.548589199058099553e+00,2.800000000000916600e+01,2.549999676245179980e+00
1.415709155529369569e-03,8.243462966990577900e-05,2.800000000000000000e+01,2.800000001005032502e+01,2.548545458564935196e+00,2.549999999999999822e+00,2.800000001005032502e+01,2.548545458564935196e+00,2.800000000001033129e+01,2.549999656231867640e+00
1.498143785199275348e-03,8.243462966990577900e-05,2.800000000000000000e+01,2.800000001094111113e+01,2.548502997656469038e+00,2.549999999999999822e+00,2.800000001094111113e+01,2.548502997656469038e+00,2.800000000001158185e+01,2.549999636218896359e+00
1.599621108421907592e-03,1.014773232226322437e-04,2.800000000000000000e+01,2.800000001207173028e+01,2.548452329494125923e+00,2.549999999999999822e+00,2.800000001207173028e+01,2.548452329494125923e+00,2.800000000001319123e+01,2.549999611583311676e+00
1.701098431644539836e-03,1.014773232226322437e-04,2.800000000000000000e+01,2.800000001323879673e+01,2.548403270823768718e+00,2.549999999999999822e+00,2.800000001323879673e+01,2.548403270823768718e+00,2.800000000001492850e+01,2.549999586948212382e+00
1.802575754867172080e-03,1.014773232226322437e-04,2.800000000000000000e+01,2.800000001444120556e+01,2.548355677390566676e+00,2.549999999999999822e+00,2.800000001444120556e+01,2.548355677390566676e+00,2.800000000001675460e+01,2.549999562313583379e+00
1.904053078089804323e-03,1.014773232226322437e-04,2.800000000000000000e+01,2.800000001567794428e+01,2.548309425290712138e+00,2.549999999999999822e+00,2.800000001567794428e+01,2.548309425290712138e+00,2.800000000001869793e+01,2.549999537679412231e+00
2.027927913150337144e-03,1.238748350605328209e-04,2.800000000000000000e+01,2.800000001723283560e+01,2.548254627663791183e+00,2.549999999999999822e+00,2.800000001723283560e+01,2.548254627663791183e+00,2.800000000002120615e+01,2.549999507608724070e+00
2.151802748210869965e-03,1.238748350605328209e-04,2.800000000000000000e+01,2.800000001883594791e+01,2.548201501323388296e+00,2.549999999999999822e+00,2.800000001883594791e+01,2.548201501323388296e+00,2.800000000002387068e+01,2.549999477538678061e+00
2.275677583271402786e-03,1.238748350605328209e-04,2.800000000000000000e+01,2.800000002048587788e+01,2.548149902148245882e+00,2.549999999999999822e+00,2.800000002048587788e+01,2.548149902148245882e+00,2.800000000002669864e+01,2.549999447469254221e+00
2.399552418331935607e-03,1.238748350605328209e-04,2.800000000000000000e+01,2.800000002218132877e+01,2.548099705617049349e+00,2.549999999999999822e+00,2.800000002218132877e+01,2.548099705617049349e+00,2.800000000002968648e+01,2.549999417400435231e+00
2.549600040935617699e-03,1.500476226036820925e-04,2.800000000000000000e+01,2.800000002429425194e+01,2.548040627387849533e+00,2.549999999999999822e+00,2.800000002429425194e+01,2.548040627387849533e+00,2.800000000003351275e+01,2.549999380979339758e+00
2.699647663539299792e-03,1.500476226036820925e-04,2.800000000000000000e+01,2.800000002647027486e+01,2.547983281662935084e+00,2.549999999999999822e+00,2.800000002647027486e+01,2.547983281662935084e+00,2.800000000003756995e+01,2.549999344559082726e+00
2.849695286142981884e-03,1.500476226036820925e-04,2.800000000000000000e+01,2.800000002870759985e+01,2.547927524506131913e+00,2.549999999999999822e+00,2.800000002870759985e+01,2.547927524506131913e+00,2.800000000004186873e+01,2.549999308139639709e+00
2.999742908746663977e-03,1.500476226036820925e-04,2.800000000000000000e+01,2.800000003100459267e+01,2.547873230875236317e+00,2.549999999999999822e+00,2.800000003100459267e+01,2.547873230875236317e+00,2.800000000004638423e+01,2.549999271720990279e+00
3.180188833659152586e-03,1.804459249124886096e-04,2.800000000000000000e+01,2.800000003384383263e+01,2.547809722359740459e+00,2.549999999999999822e+00,2.800000003384383263e+01,2.547809722359740459e+00,2.800000000005213252e+01,2.549999227925269007e+00
3.360634758571641196e-03,1.804459249124886096e-04,2.800000000000000000e+01,2.800000003676474591e+01,2.547748006976561896e+00,2.549999999999999822e+00,2.800000003676474591e+01,2.547748006976561896e+00,2.800000000005821832e+01,2.549999184130632202e+00
3.541080683484129805e-03,1.804459249124886096e-04,2.800000000000000000e+01,2.800000003976511209e+01,2.547687941026586689e+00,2.549999999999999822e+00,2.800000003976511209e+01,2.547687941026586689e+00,2.800000000006463452e+01,2.549999140337050552e+00
3.721526608396618415e-03,1.804459249124886096e-04,2.800000000000000000e+01,2.800000004284287058e+01,2.547629399038098708e+00,2.549999999999999822e+00,2.800000004284287058e+01,2.547629399038098708e+00,2.800000000007138112e+01,2.549999096544496080e+00
3.901972533309107025e-03,1.804459249124886096e-04,2.800000000000000000e+01,2.800000004599612069e+01,2.547572270685033224e+00,2.549999999999999822e+00,2.800000004599612069e+01,2.547572270685033224e+00,2.800000000007847234e+01,2.549999052752942585e+00
4.126147160524721268e-03,2.241746272156142430e-04,2.800000000000000000e+01,2.800000005001600911e+01,2.547503121077361765e+00,2.549999999999999822e+00,2.800000005001600911e+01,2.547503121077361765e+00,2.800000000008774848e+01,2.549998998350441415e+00
4.350321787740335511e-03,2.241746272156142430e-04,2.800000000000000000e+01,2.800000005414653614e+01,2.547435838848278955e+00,2.549999999999999822e+00,2.800000005414653614e+01,2.547435838848278955e+00,2.800000000009753975e+01,2.549998943949407515e+00
4.574496414955949754e-03,2.241746272156142430e-04,2.800000000000000000e+01,2.800000005838481343e+01,2.547370280561915834e+00,2.549999999999999822e+00,2.800000005838481343e+01,2.547370280561915834e+00,2.800000000010784262e+01,2.549998889549803138e+00
4.798671042171563997e-03,2.241746272156142430e-04,2.800000000000000000e+01,2.800000006272815156e+01,2.547306320256629064e+00,2.549999999999999822e+00,2.800000006272815156e+01,2.547306320256629064e+00,2.800000000011867130e+01,2.549998835151592314e+00
5.022845669387178240e-03,2.241746272156142430e-04,2.800000000000000000e+01,2.800000006717406364e+01,2.547243846602220696e+00,2.549999999999999822e+00,2.800000006717406364e+01,2.547243846602220696e+00,2.800000000013001866e+01,2.549998780754741734e+00
5.298766283352968585e-03,2.759206139657903456e-04,2.800000000000000000e+01,2.800000007278362091e+01,2.547168847806176473e+00,2.549999999999999822e+00,2.800000007278362091e+01,2.547168847806176473e+00,2.800000000014468782e+01,2.549998713803346639e+00
5.574686897318758931e-03,2.759206139657903456e-04,2.800000000000000000e+01,2.800000007854104567e+01,2.547095788901291957e+00,2.549999999999999822e+00,2.800000007854104567e+01,2.547095788901291957e+00,2.800000000016013857e+01,2.549998646853912643e+00
5.850607511284549277e-03,2.759206139657903456e-04,2.800000000000000000e+01,2.800000008444261113e+01,2.547024526887243567e+00,2.549999999999999822e+00,2.800000008444261113e+01,2.547024526887243567e+00,2.800000000017638513e+01,2.549998579906390006e+00
6.126528125250339622e-03,2.759206139657903456e-04,2.800000000000000000e+01,2.800000009048488181e+01,2.546954935514864182e+00,2.549999999999999822e+00,2.800000009048488181e+01,2.546954935514864182e+00,2.800000000019339552e+01,2.549998512960732544e+00
6.402448739216129968e-03,2.759206139657903456e-04,2.800000000000000000e+01,2.800000009666462475e+01,2.546886902661218866e+00,2.549999999999999822e+00,2.800000009666462475e+01,2.546886902661218866e+00,2.800000000021120528e+01,2.549998446016897180e+00
6.739212817747809205e-03,3.367640785316792368e-04,2.800000000000000000e+01,2.800000010438902009e+01,2.546805834954031234e+00,2.549999999999999822e+00,2.800000010438902009e+01,2.546805834954031234e+00,2.800000000023399949e+01,2.549998364313637911e+00
7.075976896279488441e-03,3.367640785316792368e-04,2.800000000000000000e+01,2.800000011230865837e+01,2.546726778784842438e+00,2.549999999999999822e+00,2.800000011230865837e+01,2.546726778784842438e+00,2.800000000025796254e+01,2.549998282612966349e+00
7.412740974811167678e-03,3.367640785316792368e-04,2.800000000000000000e+01,2.800000012041882869e+01,2.546649591648791233e+00,2.549999999999999822e+00,2.800000012041882869e+01,2.546649591648791233e+00,2.800000000028309444e+01,2.549998200914820767e+00
7.749505053342846915e-03,3.367640785316792368e-04,2.800000000000000000e+01,2.800000012871513277e+01,2.546574147112565800e+00,2.549999999999999822e+00,2.800000012871513277e+01,2.546574147112565800e+00,2.800000000030938807e+01,2.549998119219141213e+00
8.086269131874525284e-03,3.367640785316783694e-04,2.800000000000000000e+01,2.800000013719347436e+01,2.546500332385775334e+00,2.549999999999999822e+00,2.800000013719347436e+01,2.546500332385775334e+00,2.800000000033684699e+01,2.549998037525874395e+00
8.494095669204499224e-03,4.078265373299739399e-04,2.800000000000000000e+01,2.800000014769909384e+01,2.546412979441848190e+00,2.549999999999999822e+00,2.800000014769909384e+01,2.546412979441848190e+00,2.800000000037167425e+01,2.549997938597214908e+00
8.901922206534473164e-03,4.078265373299739399e-04,2.800000000000000000e+01,2.800000015845967383e+01,2.546327708816143343e+00,2.549999999999999822e+00,2.800000015845967383e+01,2.546327708816143343e+00,2.800000000040819970e+01,2.549997839671934052e+00
9.309748743864447104e-03,4.078265373299739399e-04,2.800000000000000000e+01,2.800000016946928838e+01,2.546244378551389964e+00,2.549999999999999822e+00,2.800000016946928838e+01,2.546244378551389964e+00,2.800000000044644466e+01,2.549997740749953667e+00
9.717575281194421044e-03,4.078265373299739399e-04,2.800000000000000000e+01,2.800000018072240948e+01,2.546162862122325343e+00,2.549999999999999822e+00,2.800000018072240948e+01,2.546162862122325343e+00,2.800000000048639492e+01,2.549997641831200479e+00
1.012540181852439498e-02,4.078265373299739399e-04,2.800000000000000000e+01,2.800000019221384306e+01,2.546083046184416165e+00,2.549999999999999822e+00,2.800000019221384306e+01,2.546083046184416165e+00,2.800000000052806115e+01,2.549997542915603876e+00
1.061571268028386680e-02,4.903108617594718194e-04,2.800000000000000000e+01,2.800000020633809328e+01,2.545989194932669175e+00,2.549999999999999822e+00,2.800000020633809328e+01,2.545989194932669175e+00,2.800000000058041394e+01,2.549997423998077384e+00
1.110602354204333862e-02,4.903108617594718194e-04,2.800000000000000000e+01,2.800000022079187190e+01,2.545897495923702625e+00,2.549999999999999822e+00,2.800000022079187190e+01,2.545897495923702625e+00,2.800000000063523942e+01,2.549997305084916732e+00
1.159633440380281044e-02,4.903108617594718194e-04,2.800000000000000000e+01,2.800000023556779993e+01,2.545807807792002109e+00,2.549999999999999822e+00,2.800000023556779993e+01,2.545807807792002109e+00,2.800000000069254114e+01,2.549997186176024666e+00
1.208664526556228226e-02,4.903108617594718194e-04,2.800000000000000000e+01,2.800000025065896381e+01,2.545720004001698289e+00,2.549999999999999822e+00,2.800000025065896381e+01,2.545720004001698289e+00,2.800000000075231199e+01,2.549997067271310147e+00
1.257695612732175408e-02,4.903108617594718194e-04,2.800000000000000000e+01,2.800000026605887626e+01,2.545633970755895259e+00,2.549999999999999822e+00,2.800000026605887626e+01,2.545633970755895259e+00,2.800000000081455909e+01,2.549996948370686134e+00
1.306726698908122590e-02,4.903108617594718194e-04,2.800000000000000000e+01,2.800000028176143729e+01,2.545549605270348348e+00,2.549999999999999822e+00,2.800000028176143729e+01,2.545549605270348348e+00,2.800000000087928242e+01,2.549996829474072246e+00
1.367146391320713840e-02,6.041969241259124990e-04,2.800000000000000000e+01,2.800000030151903729e+01,2.545447800369645908e+00,2.549999999999999822e+00,2.800000030151903729e+01,2.545447800369645908e+00,2.800000000096242303e+01,2.549996682966367612e+00
1.427566083733305090e-02,6.041969241259124990e-04,2.800000000000000000e+01,2.800000032171736919e+01,2.545348229792660177e+00,2.549999999999999822e+00,2.800000032171736919e+01,2.545348229792660177e+00,2.800000000104932596e+01,2.549996536464500974e+00
1.487985776145896340e-02,6.041969241259124990e-04,2.800000000000000000e+01,2.800000034234696145e+01,2.545250752860146015e+00,2.549999999999999822e+00,2.800000034234696145e+01,2.545250752860146015e+00,2.800000000113996990e+01,2.549996389968349764e+00
1.548405468558487590e-02,6.041969241259124990e-04,2.800000000000000000e+01,2.800000036339893583e+01,2.545155243063683681e+00,2.549999999999999822e+00,2.800000036339893583e+01,2.545155243063683681e+00,2.800000000123437260e+01,2.549996243477794522e+00
1.608825160971078666e-02,6.041969241259107642e-04,2.800000000000000000e+01,2.800000038486492926e+01,2.545061586144284682e+00,2.549999999999999822e+00,2.800000038486492926e+01,2.545061586144284682e+00,2.800000000133253408e+01,2.549996096992726002e+00
1.669244853383669569e-02,6.041969241259090295e-04,2.800000000000000000e+01,2.800000040673705826e+01,2.544969678493515630e+00,2.549999999999999822e+00,2.800000040673705826e+01,2.544969678493515630e+00,2.800000000143444367e+01,2.549995950513037624e+00
1.743053693665500697e-02,7.380884028183112844e-04,2.800000000000000000e+01,2.800000043399639438e+01,2.544859640833848857e+00,2.549999999999999822e+00,2.800000043399639438e+01,2.544859640833848857e+00,2.800000000156402180e+01,2.549995771580261028e+00
1.816862533947331826e-02,7.380884028183112844e-04,2.800000000000000000e+01,2.800000046183791724e+01,2.544751917845982092e+00,2.549999999999999822e+00,2.800000046183791724e+01,2.544751917845982092e+00,2.800000000169920256e+01,2.549995592655198262e+00
1.890671374229162954e-02,7.380884028183112844e-04,2.800000000000000000e+01,2.800000049024963289e+01,2.544646369641331951e+00,2.549999999999999822e+00,2.800000049024963289e+01,2.544646369641331951e+00,2.800000000183997528e+01,2.549995413737691230e+00
1.964480214510994083e-02,7.380884028183112844e-04,2.800000000000000000e+01,2.800000051922024369e+01,2.544542869878573033e+00,2.549999999999999822e+00,2.800000051922024369e+01,2.544542869878573033e+00,2.800000000198635064e+01,2.549995234827589830e+00
2.038289054792825211e-02,7.380884028183112844e-04,2.800000000000000000e+01,2.800000054873909505e+01,2.544441303995077064e+00,2.549999999999999822e+00,2.800000054873909505e+01,2.544441303995077064e+00,2.800000000213831797e+01,2.549995055924753284e+00
2.112097895074656340e-02,7.380884028183112844e-04,2.800000000000000000e+01,2.800000057879612925e+01,2.544341567724576425e+00,2.549999999999999822e+00,2.800000057879612925e+01,2.544341567724576425e+00,2.800000000229588792e+01,2.549994877029048368e+00
2.201550247577873168e-02,8.945235250321682818e-04,2.800000000000000000e+01,2.800000061593135214e+01,2.544223009064756180e+00,2.549999999999999822e+00,2.800000061593135214e+01,2.544223009064756180e+00,2.800000000249433896e+01,2.549994660226435172e+00
2.291002600081089996e-02,8.945235250321682818e-04,2.800000000000000000e+01,2.800000065382706538e+01,2.544106844383350996e+00,2.549999999999999822e+00,2.800000065382706538e+01,2.544106844383350996e+00,2.800000000270102518e+01,2.549994443433899249e+00
2.380454952584306824e-02,8.945235250321682818e-04,2.800000000000000000e+01,2.800000069246818768e+01,2.543992934612822499e+00,2.549999999999999822e+00,2.800000069246818768e+01,2.543992934612822499e+00,2.800000000291592528e+01,2.549994226651242091e+00
2.469907305087523652e-02,8.945235250321682818e-04,2.800000000000000000e+01,2.800000073184050819e+01,2.543881153650080496e+00,2.549999999999999822e+00,2.800000073184050819e+01,2.543881153650080496e+00,2.800000000313902504e+01,2.549994009878275403e+00
2.559359657590740481e-02,8.945235250321682818e-04,2.800000000000000000e+01,2.800000077193059056e+01,2.543771386725005801e+00,2.549999999999999822e+00,2.800000077193059056e+01,2.543771386725005801e+00,2.800000000337035644e+01,2.549993793114820217e+00
2.648812010093957309e-02,8.945235250321682818e-04,2.800000000000000000e+01,2.800000081272571961e+01,2.543663529023817205e+00,2.549999999999999822e+00,2.800000081272571961e+01,2.543663529023817205e+00,2.800000000360990171e+01,2.549993576360710001e+00
2.756427528336517080e-02,1.076155182425597712e-03,2.800000000000000000e+01,2.800000086272150313e+01,2.543536165761488999e+00,2.549999999999999822e+00,2.800000086272150313e+01,2.543536165761488999e+00,2.800000000390896560e+01,2.549993315607159694e+00
2.864043046579076851e-02,1.076155182425597712e-03,2.800000000000000000e+01,2.800000091370038291e+01,2.543411274775841946e+00,2.549999999999999822e+00,2.800000091370038291e+01,2.543411274775841946e+00,2.800000000421991331e+01,2.549993054866638964e+00
2.971658564821636622e-02,1.076155182425597712e-03,2.800000000000000000e+01,2.800000096564360774e+01,2.543288717843016133e+00,2.549999999999999822e+00,2.800000096564360774e+01,2.543288717843016133e+00,2.800000000454274485e+01,2.549992794138900454e+00
3.079274083064196393e-02,1.076155182425597712e-03,2.800000000000000000e+01,2.800000101853344603e+01,2.543168369158366193e+00,2.549999999999999822e+00,2.800000101853344603e+01,2.543168369158366193e+00,2.800000000487746377e+01,2.549992533423708796e+00
3.186889601306756165e-02,1.076155182425597712e-03,2.800000000000000000e+01,2.800000107235310765e+01,2.543050113828242420e+00,2.549999999999999822e+00,2.800000107235310765e+01,2.543050113828242420e+00,2.800000000522406296e+01,2.549992272720841946e+00
3.294505119549315936e-02,1.076155182425597712e-03,2.800000000000000000e+01,2.800000112708667999e+01,2.542933846589398694e+00,2.549999999999999822e+00,2.800000112708667999e+01,2.542933846589398694e+00,2.800000000558254953e+01,2.549992012030089850e+00
3.402120637791875707e-02,1.076155182425597712e-03,2.800000000000000000e+01,2.800000118271900718e+01,2.542819470715397490e+00,2.549999999999999822e+00,2.800000118271900718e+01,2.542819470715397490e+00,2.800000000595291638e+01,2.549991751351251335e+00
3.534132024423822238e-02,1.320113866319465312e-03,2.800000000000000000e+01,2.800000125216923408e+01,2.542681619193762010e+00,2.549999999999999822e+00,2.800000125216923408e+01,2.542681619193762010e+00,2.800000000642346976e+01,2.549991431593891633e+00
3.666143411055768769e-02,1.320113866319465312e-03,2.800000000000000000e+01,2.800000132292499444e+01,2.542546329331342392e+00,2.549999999999999822e+00,2.800000132292499444e+01,2.542546329331342392e+00,2.800000000691189328e+01,2.549991111853838976e+00
3.798154797687715301e-02,1.320113866319465312e-03,2.800000000000000000e+01,2.800000139496241403e+01,2.542413463854573230e+00,2.549999999999999822e+00,2.800000139496241403e+01,2.542413463854573230e+00,2.800000000741818695e+01,2.549990792130778061e+00
3.930166184319661832e-02,1.320113866319465312e-03,2.800000000000000000e+01,2.800000146825888336e+01,2.542282897329028124e+00,2.549999999999999822e+00,2.800000146825888336e+01,2.542282897329028124e+00,2.800000000794236144e+01,2.549990472424409127e+00
4.062177570951608363e-02,1.320113866319465312e-03,2.800000000000000000e+01,2.800000154279292275e+01,2.542154514777407837e+00,2.549999999999999822e+00,2.800000154279292275e+01,2.542154514777407837e+00,2.800000000848439186e+01,2.549990152734449289e+00
4.194188957583554894e-02,1.320113866319465312e-03,2.800000000000000000e+01,2.800000161854412895e+01,2.542028210498276763e+00,2.549999999999999822e+00,2.800000161854412895e+01,2.542028210498276763e+00,2.800000000904429598e+01,2.549989833060627653e+00
4.326200344215501425e-02,1.320113866319465312e-03,2.800000000000000000e+01,2.800000169549306150e+01,2.541903887051021105e+00,2.549999999999999822e+00,2.800000169549306150e+01,2.541903887051021105e+00,2.800000000962206670e+01,2.549989513402686647e+00
4.486788983702268141e-02,1.605886394867667155e-03,2.800000000000000000e+01,2.800000179068754491e+01,2.541755191406991798e+00,2.549999999999999822e+00,2.800000179068754491e+01,2.541755191406991798e+00,2.800000001034898389e+01,2.549989124567637155e+00
4.647377623189034856e-02,1.605886394867667155e-03,2.800000000000000000e+01,2.800000188759531383e+01,2.541609145102896594e+00,2.549999999999999822e+00,2.800000188759531383e+01,2.541609145102896594e+00,2.800000001110233327e+01,2.549988735755306379e+00
4.807966262675801572e-02,1.605886394867667155e-03,2.800000000000000000e+01,2.800000198618629099e+01,2.541465611871719599e+00,2.549999999999999822e+00,2.800000198618629099e+01,2.541465611871719599e+00,2.800000001188211129e+01,2.549988346965297747e+00
4.968554902162568288e-02,1.605886394867667155e-03,2.800000000000000000e+01,2.800000208643192678e+01,2.541324466742021837e+00,2.549999999999999822e+00,2.800000208643192678e+01,2.541324466742021837e+00,2.800000001268831795e+01,2.549987958197232452e+00
5.129143541649335003e-02,1.605886394867667155e-03,2.800000000000000000e+01,2.800000218830506782e+01,2.541185594768994971e+00,2.549999999999999822e+00,2.800000218830506782e+01,2.541185594768994971e+00,2.800000001352093548e+01,2.549987569450752112e+00
5.289732181136101719e-02,1.605886394867667155e-03,2.800000000000000000e+01,2.800000229177983258e+01,2.541048889943117395e+00,2.549999999999999822e+00,2.800000229177983258e+01,2.541048889943117395e+00,2.800000001437997810e+01,2.549987180725513891e+00
5.450320820622868434e-02,1.605886394867667155e-03,2.800000000000000000e+01,2.800000239683153680e+01,2.540914254246949611e+00,2.549999999999999822e+00,2.800000239683153680e+01,2.540914254246949611e+00,2.800000001526543869e+01,2.549986792021191828e+00
5.644180366982327196e-02,1.938595463594587620e-03,2.800000000000000000e+01,2.800000252571530623e+01,2.540754352263279170e+00,2.549999999999999822e+00,2.800000252571530623e+01,2.540754352263279170e+00,2.800000001636952263e+01,2.549986322812160644e+00
5.838039913341785958e-02,1.938595463594587620e-03,2.800000000000000000e+01,2.800000265682328759e+01,2.540597186163903842e+00,2.549999999999999822e+00,2.800000265682328759e+01,2.540597186163903842e+00,2.800000001751209666e+01,2.549985853632633415e+00
6.031899459701244720e-02,1.938595463594587620e-03,2.800000000000000000e+01,2.800000279011796067e+01,2.540442620694415954e+00,2.549999999999999822e+00,2.800000279011796067e+01,2.540442620694415954e+00,2.800000001869316080e+01,2.549985384482114537e+00
6.225759006060703482e-02,1.938595463594587620e-03,2.800000000000000000e+01,2.800000292556360293e+01,2.540290531390477557e+00,2.549999999999999822e+00,2.800000292556360293e+01,2.540290531390477557e+00,2.800000001991269372e+01,2.549984915360131499e+00
6.419618552420161550e-02,1.938595463594580681e-03,2.800000000000000000e+01,2.800000306312619003e+01,2.540140803409839609e+00,2.549999999999999822e+00,2.800000306312619003e+01,2.540140803409839609e+00,2.800000002117069542e+01,2.549984446266233551e+00
6.613478098779619618e-02,1.938595463594580681e-03,2.800000000000000000e+01,2.800000320277323951e+01,2.539993330522059001e+00,2.549999999999999822e+00,2.800000320277323951e+01,2.539993330522059001e+00,2.800000002246716235e+01,2.549983977199991259e+00
6.807337645139077686e-02,1.938595463594580681e-03,2.800000000000000000e+01,2.800000334447372552e+01,2.539848014230637663e+00,2.549999999999999822e+00,2.800000334447372552e+01,2.539848014230637663e+00,2.800000002380209096e+01,2.549983508160994727e+00
7.001197191498535755e-02,1.938595463594580681e-03,2.800000000000000000e+01,2.800000348819794027e+01,2.539704763006970900e+00,2.549999999999999822e+00,2.800000348819794027e+01,2.539704763006970900e+00,2.800000002517546704e+01,2.549983039148851383e+00
7.238954179270382094e-02,2.377569877718463398e-03,2.800000000000000000e+01,2.800000366718827749e+01,2.539531768821629676e+00,2.549999999999999822e+00,2.800000366718827749e+01,2.539531768821629676e+00,2.800000002691234258e+01,2.549982463969985957e+00
7.476711167042228434e-02,2.377569877718463398e-03,2.800000000000000000e+01,2.800000384912975093e+01,2.539361607338508353e+00,2.549999999999999822e+00,2.800000384912975093e+01,2.539361607338508353e+00,2.800000002870703142e+01,2.549981888830282983e+00
7.714468154814074774e-02,2.377569877718463398e-03,2.800000000000000000e+01,2.800000403397463344e+01,2.539194144417778354e+00,2.549999999999999822e+00,2.800000403397463344e+01,2.539194144417778354e+00,2.800000003055954778e+01,2.549981313729112298e+00
7.952225142585921114e-02,2.377569877718463398e-03,2.800000000000000000e+01,2.800000422167742187e+01,2.539029256183519045e+00,2.549999999999999822e+00,2.800000422167742187e+01,2.539029256183519045e+00,2.800000003246987035e+01,2.549980738665871716e+00
8.189982130357767454e-02,2.377569877718463398e-03,2.800000000000000000e+01,2.800000441219467717e+01,2.538866827956754779e+00,2.549999999999999822e+00,2.800000441219467717e+01,2.538866827956754779e+00,2.800000003443800978e+01,2.549980163639987030e+00
8.427739118129613793e-02,2.377569877718463398e-03,2.800000000000000000e+01,2.800000460548485748e+01,2.538706753326991805e+00,2.549999999999999822e+00,2.800000460548485748e+01,2.538706753326991805e+00,2.800000003646394120e+01,2.549979588650909346e+00
8.665496105901460133e-02,2.377569877718463398e-03,2.800000000000000000e+01,2.800000480150820081e+01,2.538548933340905034e+00,2.549999999999999822e+00,2.800000480150820081e+01,2.538548933340905034e+00,2.800000003854765041e+01,2.549979013698111974e+00
8.903253093673306473e-02,2.377569877718463398e-03,2.800000000000000000e+01,2.800000500022659011e+01,2.538393275790590042e+00,2.549999999999999822e+00,2.800000500022659011e+01,2.538393275790590042e+00,2.800000004068914095e+01,2.549978438781091761e+00
9.192420455928226874e-02,2.891673622549204015e-03,2.800000000000000000e+01,2.800000524549344405e+01,2.538206750709997017e+00,2.549999999999999822e+00,2.800000524549344405e+01,2.538206750709997017e+00,2.800000004337156767e+01,2.549977739596846593e+00
9.481587818183147276e-02,2.891673622549204015e-03,2.800000000000000000e+01,2.800000549462987465e+01,2.538023153432233947e+00,2.549999999999999822e+00,2.800000549462987465e+01,2.538023153432233947e+00,2.800000004613943005e+01,2.549977040463977218e+00
9.770755180438067677e-02,2.891673622549204015e-03,2.800000000000000000e+01,2.800000574757581617e+01,2.537842350959390814e+00,2.549999999999999822e+00,2.800000574757581617e+01,2.537842350959390814e+00,2.800000004899273165e+01,2.549976341381688272e+00
1.005992254269298808e-01,2.891673622549204015e-03,2.800000000000000000e+01,2.800000600427389941e+01,2.537664220067791021e+00,2.549999999999999822e+00,2.800000600427389941e+01,2.537664220067791021e+00,2.800000005193144759e+01,2.549975642349222138e+00
1.034908990494790848e-01,2.891673622549204015e-03,2.800000000000000000e+01,2.800000626466924558e+01,2.537488646330961828e+00,2.549999999999999822e+00,2.800000626466924558e+01,2.537488646330961828e+00,2.800000005495556721e+01,2.549974943365852731e+00
1.063825726720282888e-01,2.891673622549204015e-03,2.800000000000000000e+01,2.800000652870928874e+01,2.537315523264687567e+00,2.549999999999999822e+00,2.800000652870928874e+01,2.537315523264687567e+00,2.800000005806509762e+01,2.549974244430885495e+00
1.092742462945774928e-01,2.891673622549204015e-03,2.800000000000000000e+01,2.800000679634363365e+01,2.537144751576024149e+00,2.549999999999999822e+00,2.800000679634363365e+01,2.537144751576024149e+00,2.800000006125999619e+01,2.549973545543653852e+00
1.121659199171266968e-01,2.891673622549204015e-03,2.800000000000000000e+01,2.800000706752388879e+01,2.536976238501205128e+00,2.549999999999999822e+00,2.800000706752388879e+01,2.536976238501205128e+00,2.800000006454027357e+01,2.549972846703518758e+00
1.156559523932061406e-01,3.490032476079443780e-03,2.800000000000000000e+01,2.800000739947440920e+01,2.536775740715567551e+00,2.549999999999999822e+00,2.800000739947440920e+01,2.536775740715567551e+00,2.800000006861300861e+01,2.549972003317908964e+00
1.191459848692855844e-01,3.490032476079443780e-03,2.800000000000000000e+01,2.800000773644413954e+01,2.536578264601241806e+00,2.549999999999999822e+00,2.800000773644413954e+01,2.536578264601241806e+00,2.800000007281004955e+01,2.549971159998972059e+00
1.226360173453650282e-01,3.490032476079443780e-03,2.800000000000000000e+01,2.800000807835819927e+01,2.536383678292812860e+00,2.549999999999999822e+00,2.800000807835819927e+01,2.536383678292812860e+00,2.800000007713138928e+01,2.549970316745717724e+00
1.261260498214444858e-01,3.490032476079457657e-03,2.800000000000000000e+01,2.800000842514492660e+01,2.536191859245536140e+00,2.549999999999999822e+00,2.800000842514492660e+01,2.536191859245536140e+00,2.800000008157702069e+01,2.549969473557199162e+00
1.296160822975239435e-01,3.490032476079457657e-03,2.800000000000000000e+01,2.800000877673564759e+01,2.536002693338275549e+00,2.549999999999999822e+00,2.800000877673564759e+01,2.536002693338275549e+00,2.800000008614690472e+01,2.549968630432508210e+00
1.331061147736034012e-01,3.490032476079457657e-03,2.800000000000000000e+01,2.800000913306448425e+01,2.535816074084483951e+00,2.549999999999999822e+00,2.800000913306448425e+01,2.535816074084483951e+00,2.800000009084102714e+01,2.549967787370774452e+00
1.365961472496828588e-01,3.490032476079457657e-03,2.800000000000000000e+01,2.800000949406818407e+01,2.535631901935735844e+00,2.549999999999999822e+00,2.800000949406818407e+01,2.535631901935735844e+00,2.800000009565936310e+01,2.549966944371160782e+00
1.400861797257623165e-01,3.490032476079457657e-03,2.800000000000000000e+01,2.800000985968591394e+01,2.535450083664878118e+00,2.549999999999999822e+00,2.800000985968591394e+01,2.535450083664878118e+00,2.800000010060191258e+01,2.549966101432863397e+00
1.435762122018417741e-01,3.490032476079457657e-03,2.800000000000000000e+01,2.800001022985913934e+01,2.535270531817955142e+00,2.549999999999999822e+00,2.800001022985913934e+01,2.535270531817955142e+00,2.800000010566863651e+01,2.549965258555109138e+00
1.478433365888867645e-01,4.267124387044990419e-03,2.800000000000000000e+01,2.800001068856304798e+01,2.535053960923567384e+00,2.549999999999999822e+00,2.800001068856304798e+01,2.535053960923567384e+00,2.800000011203224659e+01,2.549964228083062334e+00
1.521104609759317550e-01,4.267124387044990419e-03,2.800000000000000000e+01,2.800001115389380857e+01,2.534840515140120765e+00,2.549999999999999822e+00,2.800001115389380857e+01,2.534840515140120765e+00,2.800000011858141136e+01,2.549963197699099737e+00
1.563775853629767454e-01,4.267124387044990419e-03,2.800000000000000000e+01,2.800001162575662406e+01,2.534630063825897839e+00,2.549999999999999822e+00,2.800001162575662406e+01,2.534630063825897839e+00,2.800000012531613791e+01,2.549962167401967239e+00
1.606447097500217358e-01,4.267124387044990419e-03,2.800000000000000000e+01,2.800001210406061958e+01,2.534422485195288566e+00,2.549999999999999822e+00,2.800001210406061958e+01,2.534422485195288566e+00,2.800000013223636586e+01,2.549961137190464022e+00
1.649118341370667262e-01,4.267124387044990419e-03,2.800000000000000000e+01,2.800001258871856180e+01,2.534217665500425376e+00,2.549999999999999822e+00,2.800001258871856180e+01,2.534217665500425376e+00,2.800000013934208454e+01,2.549960107063436343e+00
1.691789585241117166e-01,4.267124387044990419e-03,2.800000000000000000e+01,2.800001307964662089e+01,2.534015498307546022e+00,2.549999999999999822e+00,2.800001307964662089e+01,2.534015498307546022e+00,2.800000014663325842e+01,2.549959077019776643e+00
1.734460829111567071e-01,4.267124387044990419e-03,2.800000000000000000e+01,2.800001357676416802e+01,2.533815883855030204e+00,2.549999999999999822e+00,2.800001357676416802e+01,2.533815883855030204e+00,2.800000015410984133e+01,2.549958047058418664e+00
1.777132072982016975e-01,4.267124387044990419e-03,2.800000000000000000e+01,2.800001407999356218e+01,2.533618728482110782e+00,2.549999999999999822e+00,2.800001407999356218e+01,2.533618728482110782e+00,2.800000016177181905e+01,2.549957017178336116e+00
1.819803316852466879e-01,4.267124387044990419e-03,2.800000000000000000e+01,2.800001458925998676e+01,2.533423944118980309e+00,2.549999999999999822e+00,2.800001458925998676e+01,2.533423944118980309e+00,2.800000016961914895e+01,2.549955987378539124e+00
1.871553028389740525e-01,5.174971153727364603e-03,2.800000000000000000e+01,2.800001521487150669e+01,2.533190781176955397e+00,2.549999999999999822e+00,2.800001521487150669e+01,2.533190781176955397e+00,2.800000017938469909e+01,2.549954738591319270e+00
1.923302739927014171e-01,5.174971153727364603e-03,2.800000000000000000e+01,2.800001584913226083e+01,2.532960845058801258e+00,2.549999999999999822e+00,2.800001584913226083e+01,2.532960845058801258e+00,2.800000018942276725e+01,2.549953489919143390e+00
1.975052451464287817e-01,5.174971153727364603e-03,2.800000000000000000e+01,2.800001649192345354e+01,2.532734006351347045e+00,2.549999999999999822e+00,2.800001649192345354e+01,2.532734006351347045e+00,2.800000019973330367e+01,2.549952241360440741e+00
2.026802163001561463e-01,5.174971153727364603e-03,2.800000000000000000e+01,2.800001714313097168e+01,2.532510144067010138e+00,2.549999999999999822e+00,2.800001714313097168e+01,2.532510144067010138e+00,2.800000021031626218e+01,2.549950992913704084e+00
2.078551874538835109e-01,5.174971153727364603e-03,2.800000000000000000e+01,2.800001780264512163e+01,2.532289144895252697e+00,2.549999999999999822e+00,2.800001780264512163e+01,2.532289144895252697e+00,2.800000022117158238e+01,2.549949744577482136e+00
2.130301586076108755e-01,5.174971153727364603e-03,2.800000000000000000e+01,2.800001847036031322e+01,2.532070902537425727e+00,2.549999999999999822e+00,2.800001847036031322e+01,2.532070902537425727e+00,2.800000023229922874e+01,2.549948496350380456e+00
2.182051297613382401e-01,5.174971153727364603e-03,2.800000000000000000e+01,2.800001914617484999e+01,2.531855317113928194e+00,2.549999999999999822e+00,2.800001914617484999e+01,2.531855317113928194e+00,2.800000024369913731e+01,2.549947248231052566e+00
2.233801009150656047e-01,5.174971153727364603e-03,2.800000000000000000e+01,2.800001982999065575e+01,2.531642294634292689e+00,2.549999999999999822e+00,2.800001982999065575e+01,2.531642294634292689e+00,2.800000025537126547e+01,2.549946000218203501e+00
2.285550720687929693e-01,5.174971153727364603e-03,2.800000000000000000e+01,2.800002052171310041e+01,2.531431746522225357e+00,2.549999999999999822e+00,2.800002052171310041e+01,2.531431746522225357e+00,2.800000026731556702e+01,2.549944752310582263e+00
2.347841812234725822e-01,6.229109154679612903e-03,2.800000000000000000e+01,2.800002136469622371e+01,2.531181473594931841e+00,2.549999999999999822e+00,2.800002136469622371e+01,2.531181473594931841e+00,2.800000028205382563e+01,2.549943250342906254e+00
2.410132903781521951e-01,6.229109154679612903e-03,2.800000000000000000e+01,2.800002221884936660e+01,2.530934527891850028e+00,2.549999999999999822e+00,2.800002221884936660e+01,2.530934527891850028e+00,2.800000029718628269e+01,2.549941748523914864e+00
2.472423995328318080e-01,6.229109154679612903e-03,2.800000000000000000e+01,2.800002308402495288e+01,2.530690781206983875e+00,2.549999999999999822e+00,2.800002308402495288e+01,2.530690781206983875e+00,2.800000031271285650e+01,2.549940246851657655e+00
2.534715086875114487e-01,6.229109154679640659e-03,2.800000000000000000e+01,2.800002396008100902e+01,2.530450113362061160e+00,2.549999999999999822e+00,2.800002396008100902e+01,2.530450113362061160e+00,2.800000032863345822e+01,2.549938745324257017e+00
2.597006178421911171e-01,6.229109154679668414e-03,2.800000000000000000e+01,2.800002484688085502e+01,2.530212411519947580e+00,2.549999999999999822e+00,2.800002484688085502e+01,2.530212411519947580e+00,2.800000034494801326e+01,2.549937243939906395e+00
2.659297269968707855e-01,6.229109154679668414e-03,2.800000000000000000e+01,2.800002574429272784e+01,2.529977569571770779e+00,2.549999999999999822e+00,2.800002574429272784e+01,2.529977569571770779e+00,2.800000036165645767e+01,2.549935742696864516e+00
2.721588361515504539e-01,6.229109154679668414e-03,2.800000000000000000e+01,2.800002665218954689e+01,2.529745487588299646e+00,2.549999999999999822e+00,2.800002665218954689e+01,2.529745487588299646e+00,2.800000037875869197e+01,2.549934241593450945e+00
2.783879453062301224e-01,6.229109154679668414e-03,2.800000000000000000e+01,2.800002757044861923e+01,2.529516071327528870e+00,2.549999999999999822e+00,2.800002757044861923e+01,2.529516071327528870e+00,2.800000039625465931e+01,2.549932740628043426e+00
2.846170544609097908e-01,6.229109154679668414e-03,2.800000000000000000e+01,2.800002849895138013e+01,2.529289231791598702e+00,2.549999999999999822e+00,2.800002849895138013e+01,2.529289231791598702e+00,2.800000041414426022e+01,2.549931239799074767e+00
2.908461636155894592e-01,6.229109154679668414e-03,2.800000000000000000e+01,2.800002943758320129e+01,2.529064884827129323e+00,2.549999999999999822e+00,2.800002943758320129e+01,2.529064884827129323e+00,2.800000043242745562e+01,2.549929739105030180e+00
2.984247074728388904e-01,7.578543857249431248e-03,2.800000000000000000e+01,2.800003059305231901e+01,2.528795182924230112e+00,2.549999999999999822e+00,2.800003059305231901e+01,2.528795182924230112e+00,2.800000045520198100e+01,2.549927913489960840e+00
3.060032513300883217e-01,7.578543857249431248e-03,2.800000000000000000e+01,2.800003176315762943e+01,2.528528917592501202e+00,2.549999999999999822e+00,2.800003176315762943e+01,2.528528917592501202e+00,2.800000047855884944e+01,2.549926088069889296e+00
3.135817951873377529e-01,7.578543857249431248e-03,2.800000000000000000e+01,2.800003294771351392e+01,2.528265961912093740e+00,2.549999999999999822e+00,2.800003294771351392e+01,2.528265961912093740e+00,2.800000050249791173e+01,2.549924262842360623e+00
3.211603390445871842e-01,7.578543857249431248e-03,2.800000000000000000e+01,2.800003414654115019e+01,2.528006196588126642e+00,2.549999999999999822e+00,2.800003414654115019e+01,2.528006196588126642e+00,2.800000052701904352e+01,2.549922437805011377e+00
3.287388829018366154e-01,7.578543857249431248e-03,2.800000000000000000e+01,2.800003535946807176e+01,2.527749509324377808e+00,2.549999999999999822e+00,2.800003535946807176e+01,2.527749509324377808e+00,2.800000055212213113e+01,2.549920612955560273e+00
3.363174267590860467e-01,7.578543857249431248e-03,2.800000000000000000e+01,2.800003658632781978e+01,2.527495794261602757e+00,2.549999999999999822e+00,2.800003658632781978e+01,2.527495794261602757e+00,2.800000057780702889e+01,2.549918788291809069e+00
3.438959706163354779e-01,7.578543857249431248e-03,2.800000000000000000e+01,2.800003782695959487e+01,2.527244951472516821e+00,2.549999999999999822e+00,2.800003782695959487e+01,2.527244951472516821e+00,2.800000060407363023e+01,2.549916963811630133e+00
3.514745144735849092e-01,7.578543857249431248e-03,2.800000000000000000e+01,2.800003908120794449e+01,2.526996886506605922e+00,2.549999999999999822e+00,2.800003908120794449e+01,2.526996886506605922e+00,2.800000063092180369e+01,2.549915139512969997e+00
3.590530583308343404e-01,7.578543857249431248e-03,2.800000000000000000e+01,2.800004034892247162e+01,2.526751509978882648e+00,2.549999999999999822e+00,2.800004034892247162e+01,2.526751509978882648e+00,2.800000065835143559e+01,2.549913315393838698e+00
3.666316021880837717e-01,7.578543857249431248e-03,2.800000000000000000e+01,2.800004162995757540e+01,2.526508737197516563e+00,2.549999999999999822e+00,2.800004162995757540e+01,2.526508737197516563e+00,2.800000068636240513e+01,2.549911491452313328e+00
3.757804689522241670e-01,9.148866764140395347e-03,2.800000000000000000e+01,2.800004319397745434e+01,2.526219015128412515e+00,2.549999999999999822e+00,2.800004319397745434e+01,2.526219015128412515e+00,2.800000072095175341e+01,2.549909289812369195e+00
3.849293357163645624e-01,9.148866764140395347e-03,2.800000000000000000e+01,2.800004477696483463e+01,2.525932837233634487e+00,2.549999999999999822e+00,2.800004477696483463e+01,2.525932837233634487e+00,2.800000075638794783e+01,2.549907088425371171e+00
3.940782024805049577e-01,9.148866764140395347e-03,2.800000000000000000e+01,2.800004637868846302e+01,2.525650077868503818e+00,2.549999999999999822e+00,2.800004637868846302e+01,2.525650077868503818e+00,2.800000079267076103e+01,2.549904887288263478e+00
4.032270692446453531e-01,9.148866764140395347e-03,2.800000000000000000e+01,2.800004799892519003e+01,2.525370618640889742e+00,2.549999999999999822e+00,2.800004799892519003e+01,2.525370618640889742e+00,2.800000082980001892e+01,2.549902686398094698e+00
4.123759360087857484e-01,9.148866764140395347e-03,2.800000000000000000e+01,2.800004963745950803e+01,2.525094347838309883e+00,2.549999999999999822e+00,2.800004963745950803e+01,2.525094347838309883e+00,2.800000086777549413e+01,2.549900485752017332e+00
4.215248027729261437e-01,9.148866764140395347e-03,2.800000000000000000e+01,2.800005129408312499e+01,2.524821159911936785e+00,2.549999999999999822e+00,2.800005129408312499e+01,2.524821159911936785e+00,2.800000090659702678e+01,2.549898285347277138e+00
4.306736695370665391e-01,9.148866764140395347e-03,2.800000000000000000e+01,2.800005296859457715e+01,2.524550955010749664e+00,2.549999999999999822e+00,2.800005296859457715e+01,2.524550955010749664e+00,2.800000094626438951e+01,2.549896085181210026e+00
4.398225363012069344e-01,9.148866764140395347e-03,2.800000000000000000e+01,2.800005466079884187e+01,2.524283638559997822e+00,2.549999999999999822e+00,2.800005466079884187e+01,2.524283638559997822e+00,2.800000098677741178e+01,2.549893885251238057e+00
4.489714030653473298e-01,9.148866764140395347e-03,2.800000000000000000e+01,2.800005637050703200e+01,2.524019120878935762e+00,2.549999999999999822e+00,2.800005637050703200e+01,2.524019120878935762e+00,2.800000102813589820e+01,2.549891685554866338e+00
4.581202698294877251e-01,9.148866764140395347e-03,2.800000000000000000e+01,2.800005809753606556e+01,2.523757316833440623e+00,2.549999999999999822e+00,2.800005809753606556e+01,2.523757316833440623e+00,2.800000107033966756e+01,2.549889486089671031e+00
4.672691365936281205e-01,9.148866764140395347e-03,2.800000000000000000e+01,2.800005984170835305e+01,2.523498145519711411e+00,2.549999999999999822e+00,2.800005984170835305e+01,2.523498145519711411e+00,2.800000111338852804e+01,2.549887286853306900e+00
4.784127443992973183e-01,1.114360780566919784e-02,2.800000000000000000e+01,2.800006198907321675e+01,2.523185911811399063e+00,2.549999999999999822e+00,2.800006198907321675e+01,2.523185911811399063e+00,2.800000116696470798e+01,2.549884608419975773e+00
4.895563522049665162e-01,1.114360780566919784e-02,2.800000000000000000e+01,2.800006416131499876e+01,2.522877338306497297e+00,2.549999999999999822e+00,2.800006416131499876e+01,2.522877338306497297e+00,2.800000122179406503e+01,2.549881930318776746e+00
5.006999600106356585e-01,1.114360780566914233e-02,2.800000000000000000e+01,2.800006635814259681e+01,2.522572300704521542e+00,2.549999999999999822e+00,2.800006635814259681e+01,2.522572300704521542e+00,2.800000127787628301e+01,2.549879252545860897e+00
5.118435678163048008e-01,1.114360780566914233e-02,2.800000000000000000e+01,2.800006857927467507e+01,2.522270681584747987e+00,2.549999999999999822e+00,2.800006857927467507e+01,2.522270681584747987e+00,2.800000133521104217e+01,2.549876575097507647e+00
5.229871756219739432e-01,1.114360780566914233e-02,2.800000000000000000e+01,2.800007082443915607e+01,2.521972369884638354e+00,2.549999999999999822e+00,2.800007082443915607e+01,2.521972369884638354e+00,2.800000139379802988e+01,2.549873897970122538e+00
5.341307834276430855e-01,1.114360780566914233e-02,2.800000000000000000e+01,2.800007309337268779e+01,2.521677260428033751e+00,2.549999999999999822e+00,2.800007309337268779e+01,2.521677260428033751e+00,2.800000145363693704e+01,2.549871221160222134e+00
5.452743912333122278e-01,1.114360780566914233e-02,2.800000000000000000e+01,2.800007538582022804e+01,2.521385253497427925e+00,2.549999999999999822e+00,2.800007538582022804e+01,2.521385253497427925e+00,2.800000151472744037e+01,2.549868544664435355e+00
5.564179990389813701e-01,1.114360780566914233e-02,2.800000000000000000e+01,2.800007770153458964e+01,2.521096254445387430e+00,2.549999999999999822e+00,2.800007770153458964e+01,2.521096254445387430e+00,2.800000157706924497e+01,2.549865868479493702e+00
5.675616068446505125e-01,1.114360780566914233e-02,2.800000000000000000e+01,2.800008004027603548e+01,2.520810173340836791e+00,2.549999999999999822e+00,2.800008004027603548e+01,2.520810173340836791e+00,2.800000164066204533e+01,2.549863192602228157e+00
5.787052146503196548e-01,1.114360780566914233e-02,2.800000000000000000e+01,2.800008240181195873e+01,2.520526924646442346e+00,2.549999999999999822e+00,2.800008240181195873e+01,2.520526924646442346e+00,2.800000170550554657e+01,2.549860517029563400e+00
5.898488224559887971e-01,1.114360780566914233e-02,2.800000000000000000e+01,2.800008478591648142e+01,2.520246426923834715e+00,2.549999999999999822e+00,2.800008478591648142e+01,2.520246426923834715e+00,2.800000177159944315e+01,2.549857841758513377e+00
6.033156407538931010e-01,1.346681829790430385e-02,2.800000000000000000e+01,2.800008769686118271e+01,2.519911011801438505e+00,2.549999999999999822e+00,2.800008769686118271e+01,2.519911011801438505e+00,2.800000185314073420e+01,2.549854609147437223e+00
6.167824590517974048e-01,1.346681829790430385e-02,2.800000000000000000e+01,2.800009064007006643e+01,2.519579371079115671e+00,2.549999999999999822e+00,2.800009064007006643e+01,2.519579371079115671e+00,2.800000193650718927e+01,2.549851376967651184e+00
6.302492773497017087e-01,1.346681829790430385e-02,2.800000000000000000e+01,2.800009361518010920e+01,2.519251381780345245e+00,2.549999999999999822e+00,2.800009361518010920e+01,2.519251381780345245e+00,2.800000202169831454e+01,2.549848145214354656e+00
6.437160956476060125e-01,1.346681829790430385e-02,2.800000000000000000e+01,2.800009662184001158e+01,2.518926927464612220e+00,2.549999999999999822e+00,2.800009662184001158e+01,2.518926927464612220e+00,2.800000210871359840e+01,2.549844913882903796e+00
6.571829139455103164e-01,1.346681829790430385e-02,2.800000000000000000e+01,2.800009965970955150e+01,2.518605897751180045e+00,2.549999999999999822e+00,2.800009965970955150e+01,2.518605897751180045e+00,2.800000219755255415e+01,2.549841682968799539e+00
6.706497322434146202e-01,1.346681829790430385e-02,2.800000000000000000e+01,2.800010272845901937e+01,2.518288187886568164e+00,2.549999999999999822e+00,2.800010272845901937e+01,2.518288187886568164e+00,2.800000228821468440e+01,2.549838452467684036e+00
6.841165505413189241e-01,1.346681829790430385e-02,2.800000000000000000e+01,2.800010582776871004e+01,2.517973698350930434e+00,2.549999999999999822e+00,2.800010582776871004e+01,2.517973698350930434e+00,2.800000238069951664e+01,2.549835222375328669e+00
6.975833688392232279e-01,1.346681829790430385e-02,2.800000000000000000e+01,2.800010895732838989e+01,2.517662334499142229e+00,2.549999999999999822e+00,2.800010895732838989e+01,2.517662334499142229e+00,2.800000247500656059e+01,2.549831992687633608e+00
7.110501871371275318e-01,1.346681829790430385e-02,2.800000000000000000e+01,2.800011211683687407e+01,2.517354006232924046e+00,2.549999999999999822e+00,2.800011211683687407e+01,2.517354006232924046e+00,2.800000257113533664e+01,2.549828763400614928e+00
7.245170054350318356e-01,1.346681829790430385e-02,2.800000000000000000e+01,2.800011530600156462e+01,2.517048627700792629e+00,2.549999999999999822e+00,2.800011530600156462e+01,2.517048627700792629e+00,2.800000266908539004e+01,2.549825534510405056e+00
7.379838237329361395e-01,1.346681829790430385e-02,2.800000000000000000e+01,2.800011852453807037e+01,2.516746117022989004e+00,2.549999999999999822e+00,2.800011852453807037e+01,2.516746117022989004e+00,2.800000276885624118e+01,2.549822306013244333e+00
7.514506420308404433e-01,1.346681829790430385e-02,2.800000000000000000e+01,2.800012177216983389e+01,2.516446396038909405e+00,2.549999999999999822e+00,2.800012177216983389e+01,2.516446396038909405e+00,2.800000287044742464e+01,2.549819077905475240e+00
7.678467070609592549e-01,1.639606503011881156e-02,2.800000000000000000e+01,2.800012576510058437e+01,2.516085139022753214e+00,2.549999999999999822e+00,2.800012576510058437e+01,2.516085139022753214e+00,2.800000299659298975e+01,2.549815148153535826e+00
7.842427720910780664e-01,1.639606503011881156e-02,2.800000000000000000e+01,2.800012980029063669e+01,2.515727778533991099e+00,2.549999999999999822e+00,2.800012980029063669e+01,2.515727778533991099e+00,2.800000312543542336e+01,2.549811218967307891e+00
8.006388371211968780e-01,1.639606503011881156e-02,2.800000000000000000e+01,2.800013387728342451e+01,2.515374192979812573e+00,2.549999999999999822e+00,2.800013387728342451e+01,2.515374192979812573e+00,2.800000325697391901e+01,2.549807290340754484e+00
8.170349021513156895e-01,1.639606503011881156e-02,2.800000000000000000e+01,2.800013799563649286e+01,2.515024266962323729e+00,2.549999999999999822e+00,2.800013799563649286e+01,2.515024266962323729e+00,2.800000339120770576e+01,2.549803362268026063e+00
8.334309671814345011e-01,1.639606503011881156e-02,2.800000000000000000e+01,2.800014215492078051e+01,2.514677890845490538e+00,2.549999999999999822e+00,2.800014215492078051e+01,2.514677890845490538e+00,2.800000352813595939e+01,2.549799434743448945e+00
8.498270322115533126e-01,1.639606503011881156e-02,2.800000000000000000e+01,2.800014635471995206e+01,2.514334960360239180e+00,2.549999999999999822e+00,2.800014635471995206e+01,2.514334960360239180e+00,2.800000366775789828e+01,2.549795507761518198e+00
8.662230972416721242e-01,1.639606503011881156e-02,2.800000000000000000e+01,2.800015059462979750e+01,2.513995376243693514e+00,2.549999999999999822e+00,2.800015059462979750e+01,2.513995376243693514e+00,2.800000381007276573e+01,2.549791581316888767e+00
8.826191622717909357e-01,1.639606503011881156e-02,2.800000000000000000e+01,2.800015487425763183e+01,2.513659043908999635e+00,2.549999999999999822e+00,2.800015487425763183e+01,2.513659043908999635e+00,2.800000395507978723e+01,2.549787655404368358e+00
8.990152273019097473e-01,1.639606503011881156e-02,2.800000000000000000e+01,2.800015919322178704e+01,2.513325873142637334e+00,2.549999999999999822e+00,2.800015919322178704e+01,2.513325873142637334e+00,2.800000410277820251e+01,2.549783730018911232e+00
9.154112923320285589e-01,1.639606503011881156e-02,2.800000000000000000e+01,2.800016355115106492e+01,2.512995777826460220e+00,2.549999999999999822e+00,2.800016355115106492e+01,2.512995777826460220e+00,2.800000425316726194e+01,2.549779805155608425e+00
9.318073573621473704e-01,1.639606503011881156e-02,2.800000000000000000e+01,2.800016794768431438e+01,2.512668675682052211e+00,2.549999999999999822e+00,2.800016794768431438e+01,2.512668675682052211e+00,2.800000440624621234e+01,2.549775880809684203e+00
9.482034223922661820e-01,1.639606503011881156e-02,2.800000000000000000e+01,2.800017238246995888e+01,2.512344488035235912e+00,2.549999999999999822e+00,2.800017238246995888e+01,2.512344488035235912e+00,2.800000456201431831e+01,2.549771956976489840e+00
9.680097213076941376e-01,1.980629891542795562e-02,2.800000000000000000e+01,2.800017779017744957e+01,2.511956651972732768e+00,2.549999999999999822e+00,2.800017779017744957e+01,2.511956651972732768e+00,2.800000475376604570e+01,2.549767217698661437e+00
9.878160202231220932e-01,1.980629891542795562e-02,2.800000000000000000e+01,2.800018325261867957e+01,2.511572832634251462e+00,2.549999999999999822e+00,2.800018325261867957e+01,2.511572832634251462e+00,2.800000494943956042e+01,2.549762479154672690e+00
1.007622319138550049e+00,1.980629891542795562e-02,2.800000000000000000e+01,2.800018876922479194e+01,2.511192909783441785e+00,2.549999999999999822e+00,2.800018876922479194e+01,2.511192909783441785e+00,2.800000514903360127e+01,2.549757741337001171e+00
1.027428618053978004e+00,1.980629891542795562e-02,2.800000000000000000e+01,2.800019433944379799e+01,2.510816769064905696e+00,2.549999999999999822e+00,2.800019433944379799e+01,2.510816769064905696e+00,2.800000535254689993e+01,2.549753004238349163e+00
1.047234916969405960e+00,1.980629891542795562e-02,2.800000000000000000e+01,2.800019996273977796e+01,2.510444301609211504e+00,2.549999999999999822e+00,2.800019996273977796e+01,2.510444301609211504e+00,2.800000555997823781e+01,2.549748267851627670e+00
1.067041215884833916e+00,1.980629891542795562e-02,2.800000000000000000e+01,2.800020563859206746e+01,2.510075403671367500e+00,2.549999999999999822e+00,2.800020563859206746e+01,2.510075403671367500e+00,2.800000577132637503e+01,2.549743532169953308e+00
1.086847514800261871e+00,1.980629891542795562e-02,2.800000000000000000e+01,2.800021136649460374e+01,2.509709976299366208e+00,2.549999999999999822e+00,2.800021136649460374e+01,2.509709976299366208e+00,2.800000598659009299e+01,2.549738797186633210e+00
1.106653813715689827e+00,1.980629891542795562e-02,2.800000000000000000e+01,2.800021714595521516e+01,2.509347925029793203e+00,2.549999999999999822e+00,2.800021714595521516e+01,2.509347925029793203e+00,2.800000620576820154e+01,2.549734062895158804e+00
1.126460112631117783e+00,1.980629891542795562e-02,2.800000000000000000e+01,2.800022297649502079e+01,2.508989159607848851e+00,2.549999999999999822e+00,2.800022297649502079e+01,2.508989159607848851e+00,2.800000642885950697e+01,2.549729329289196489e+00
1.146266411546545738e+00,1.980629891542795562e-02,2.800000000000000000e+01,2.800022885764782643e+01,2.508633593729429290e+00,2.549999999999999822e+00,2.800022885764782643e+01,2.508633593729429290e+00,2.800000665586281912e+01,2.549724596362582751e+00
1.166072710461973694e+00,1.980629891542795562e-02,2.800000000000000000e+01,2.800023478895958817e+01,2.508281144803181206e+00,2.549999999999999822e+00,2.800023478895958817e+01,2.508281144803181206e+00,2.800000688677697980e+01,2.549719864109312173e+00
1.185879009377401649e+00,1.980629891542795562e-02,2.800000000000000000e+01,2.800024076998787592e+01,2.507931733730675017e+00,2.549999999999999822e+00,2.800024076998787592e+01,2.507931733730675017e+00,2.800000712160081306e+01,2.549715132523534322e+00
1.205685308292829605e+00,1.980629891542795562e-02,2.800000000000000000e+01,2.800024680030142221e+01,2.507585284703026662e+00,2.549999999999999822e+00,2.800024680030142221e+01,2.507585284703026662e+00,2.800000736033317850e+01,2.549710401599545762e+00
1.229760326988913244e+00,2.407501869608363876e-02,2.800000000000000000e+01,2.800025419604516586e+01,2.507168051540361375e+00,2.549999999999999822e+00,2.800025419604516586e+01,2.507168051540361375e+00,2.800000765577918926e+01,2.549704651934084687e+00
1.253835345684996883e+00,2.407501869608363876e-02,2.800000000000000000e+01,2.800026166325179844e+01,2.506754962745417092e+00,2.549999999999999822e+00,2.800026166325179844e+01,2.506754962745417092e+00,2.800000795699632405e+01,2.549698903228482916e+00
1.277910364381080521e+00,2.407501869608363876e-02,2.800000000000000000e+01,2.800026920120752649e+01,2.506345899489966111e+00,2.549999999999999822e+00,2.800026920120752649e+01,2.506345899489966111e+00,2.800000826398259690e+01,2.549693155473299999e+00
1.301985383077164160e+00,2.407501869608363876e-02,2.800000000000000000e+01,2.800027680921885320e+01,2.505940748517319960e+00,2.549999999999999822e+00,2.800027680921885320e+01,2.505940748517319960e+00,2.800000857673600407e+01,2.549687408659364607e+00
1.326060401773247799e+00,2.407501869608363876e-02,2.800000000000000000e+01,2.800028448661160141e+01,2.505539401783324571e+00,2.549999999999999822e+00,2.800028448661160141e+01,2.505539401783324571e+00,2.800000889525457382e+01,2.549681662777759872e+00
1.350135420469331438e+00,2.407501869608363876e-02,2.800000000000000000e+01,2.800029223273005741e+01,2.505141756126562314e+00,2.549999999999999822e+00,2.800029223273005741e+01,2.505141756126562314e+00,2.800000921953636990e+01,2.549675917819813620e+00
1.374210439165415076e+00,2.407501869608363876e-02,2.800000000000000000e+01,2.800030004693615382e+01,2.504747712964904061e+00,2.549999999999999822e+00,2.800030004693615382e+01,2.504747712964904061e+00,2.800000954957946320e+01,2.549670173777086379e+00
1.398285457861498715e+00,2.407501869608363876e-02,2.800000000000000000e+01,2.800030792860866313e+01,2.504357178015888419e+00,2.549999999999999822e+00,2.800030792860866313e+01,2.504357178015888419e+00,2.800000988538192459e+01,2.549664430641362500e+00
1.422360476557582354e+00,2.407501869608363876e-02,2.800000000000000000e+01,2.800031587714248360e+01,2.503970061038673478e+00,2.549999999999999822e+00,2.800031587714248360e+01,2.503970061038673478e+00,2.800001022694186403e+01,2.549658688404638607e+00
1.446435495253665993e+00,2.407501869608363876e-02,2.800000000000000000e+01,2.800032389194797133e+01,2.503586275595570232e+00,2.549999999999999822e+00,2.800032389194797133e+01,2.503586275595570232e+00,2.800001057425741635e+01,2.549652947059115604e+00
1.470510513949749631e+00,2.407501869608363876e-02,2.800000000000000000e+01,2.800033197245025107e+01,2.503205738831364879e+00,2.549999999999999822e+00,2.800033197245025107e+01,2.503205738831364879e+00,2.800001092732670216e+01,2.549647206597189797e+00
1.494585532645833270e+00,2.407501869608363876e-02,2.800000000000000000e+01,2.800034011808866197e+01,2.502828371268834839e+00,2.549999999999999822e+00,2.800034011808866197e+01,2.502828371268834839e+00,2.800001128614788115e+01,2.549641467011446228e+00
1.518660551341916909e+00,2.407501869608363876e-02,2.800000000000000000e+01,2.800034832831613230e+01,2.502454096619033841e+00,2.549999999999999822e+00,2.800034832831613230e+01,2.502454096619033841e+00,2.800001165071912723e+01,2.549635728294648018e+00
1.547698453181445055e+00,2.903790183952814630e-02,2.800000000000000000e+01,2.800035831619484483e+01,2.502006679098151221e+00,2.549999999999999822e+00,2.800035831619484483e+01,2.502006679098151221e+00,2.800001209809163072e+01,2.549628807730823343e+00
1.576736355020973201e+00,2.903790183952814630e-02,2.800000000000000000e+01,2.800036839634750407e+01,2.501563531543920416e+00,2.549999999999999822e+00,2.800036839634750407e+01,2.501563531543920416e+00,2.800001255382339238e+01,2.549621888408783565e+00
1.605774256860501348e+00,2.903790183952814630e-02,2.800000000000000000e+01,2.800037856788671320e+01,2.501124536504057971e+00,2.549999999999999822e+00,2.800037856788671320e+01,2.501124536504057971e+00,2.800001301791131070e+01,2.549614970316790519e+00
1.634812158700029494e+00,2.903790183952814630e-02,2.800000000000000000e+01,2.800038882994925871e+01,2.500689581813284601e+00,2.549999999999999822e+00,2.800038882994925871e+01,2.500689581813284601e+00,2.800001349035228415e+01,2.549608053443426225e+00
1.663850060539557640e+00,2.903790183952814630e-02,2.800000000000000000e+01,2.800039918169506947e+01,2.500258560266027441e+00,2.549999999999999822e+00,2.800039918169506947e+01,2.500258560266027441e+00,2.800001397114323609e+01,2.549601137777577797e+00
1.692887962379085787e+00,2.903790183952814630e-02,2.800000000000000000e+01,2.800040962230616870e+01,2.499831369314720053e+00,2.549999999999999822e+00,2.800040962230616870e+01,2.499831369314720053e+00,2.800001446028113250e+01,2.549594223308426333e+00
1.721925864218613933e+00,2.903790183952814630e-02,2.800000000000000000e+01,2.800042015098573600e+01,2.499407910791297649e+00,2.549999999999999822e+00,2.800042015098573600e+01,2.499407910791297649e+00,2.800001495776296068e+01,2.549587310025429154e+00
1.750963766058142079e+00,2.903790183952814630e-02,2.800000000000000000e+01,2.800043076695722277e+01,2.498988090649740812e+00,2.549999999999999822e+00,2.800043076695722277e+01,2.498988090649740812e+00,2.800001546358572213e+01,2.549580397918315366e+00
1.780001667897670226e+00,2.903790183952814630e-02,2.800000000000000000e+01,2.800044146946349244e+01,2.498571818727760352e+00,2.549999999999999822e+00,2.800044146946349244e+01,2.498571818727760352e+00,2.800001597774648232e+01,2.549573486977068537e+00
1.809039569737198372e+00,2.903790183952814630e-02,2.800000000000000000e+01,2.800045225776602464e+01,2.498159008525906888e+00,2.549999999999999822e+00,2.800045225776602464e+01,2.498159008525906888e+00,2.800001650024229605e+01,2.549566577191919148e+00
1.838077471576726518e+00,2.903790183952814630e-02,2.800000000000000000e+01,2.800046313114417273e+01,2.497749577002577936e+00,2.549999999999999822e+00,2.800046313114417273e+01,2.497749577002577936e+00,2.800001703107024653e+01,2.549559668553333047e+00
1.867115373416254664e+00,2.903790183952814630e-02,2.800000000000000000e+01,2.800047408889446032e+01,2.497343444383540945e+00,2.549999999999999822e+00,2.800047408889446032e+01,2.497343444383540945e+00,2.800001757022744897e+01,2.549552761052003902e+00
1.896153275255782811e+00,2.903790183952814630e-02,2.800000000000000000e+01,2.800048513032988851e+01,2.496940533984739030e+00,2.549999999999999822e+00,2.800048513032988851e+01,2.496940533984739030e+00,2.800001811771105409e+01,2.549545854678842982e+00
1.925191177095310957e+00,2.903790183952814630e-02,2.800000000000000000e+01,2.800049625477932480e+01,2.496540772047264767e+00,2.549999999999999822e+00,2.800049625477932480e+01,2.496540772047264767e+00,2.800001867351821971e+01,2.549538949424972056e+00
1.960397180804360540e+00,3.520600370904958254e-02,2.800000000000000000e+01,2.800050985263100856e+01,2.496060215376092906e+00,2.549999999999999822e+00,2.800050985263100856e+01,2.496060215376092906e+00,2.800001935854683310e+01,2.549530578876532783e+00
1.995603184513410122e+00,3.520600370904958254e-02,2.800000000000000000e+01,2.800052357040594231e+01,2.495584061231649553e+00,2.549999999999999822e+00,2.800052357040594231e+01,2.495584061231649553e+00,2.800002005580158126e+01,2.549522209945568108e+00
2.030809188222459483e+00,3.520600370904936049e-02,2.800000000000000000e+01,2.800053740699440041e+01,2.495112193582602167e+00,2.549999999999999822e+00,2.800053740699440041e+01,2.495112193582602167e+00,2.800002076527750461e+01,2.549513842617395998e+00
2.066015191931509065e+00,3.520600370904958254e-02,2.800000000000000000e+01,2.800055136131568645e+01,2.494644501405672621e+00,2.549999999999999822e+00,2.800055136131568645e+01,2.494644501405672621e+00,2.800002148696973947e+01,2.549505476877716337e+00
2.101221195640558648e+00,3.520600370904958254e-02,2.800000000000000000e+01,2.800056543231686845e+01,2.494180878388157385e+00,2.549999999999999822e+00,2.800056543231686845e+01,2.494180878388157385e+00,2.800002222087343284e+01,2.549497112712600266e+00
2.136427199349608230e+00,3.520600370904958254e-02,2.800000000000000000e+01,2.800057961897161718e+01,2.493721222652783620e+00,2.549999999999999822e+00,2.800057961897161718e+01,2.493721222652783620e+00,2.800002296698380988e+01,2.549488750108467539e+00
2.171633203058657813e+00,3.520600370904958254e-02,2.800000000000000000e+01,2.800059392027910832e+01,2.493265436502893895e+00,2.549999999999999822e+00,2.800059392027910832e+01,2.493265436502893895e+00,2.800002372529609573e+01,2.549480389052075413e+00
2.206839206767707395e+00,3.520600370904958254e-02,2.800000000000000000e+01,2.800060833526298509e+01,2.492813426186144099e+00,2.549999999999999822e+00,2.800060833526298509e+01,2.492813426186144099e+00,2.800002449580559016e+01,2.549472029530505335e+00
2.242045210476756978e+00,3.520600370904958254e-02,2.800000000000000000e+01,2.800062286297038128e+01,2.492365101675109162e+00,2.549999999999999822e+00,2.800062286297038128e+01,2.492365101675109162e+00,2.800002527850761780e+01,2.549463671531149167e+00
2.277251214185806560e+00,3.520600370904958254e-02,2.800000000000000000e+01,2.800063750247096905e+01,2.491920376463323983e+00,2.549999999999999822e+00,2.800063750247096905e+01,2.491920376463323983e+00,2.800002607339753524e+01,2.549455315041696313e+00
2.312457217894856143e+00,3.520600370904958254e-02,2.800000000000000000e+01,2.800065225285612414e+01,2.491479167375469927e+00,2.549999999999999822e+00,2.800065225285612414e+01,2.491479167375469927e+00,2.800002688047075239e+01,2.549446960050123945e+00
2.347663221603905725e+00,3.520600370904958254e-02,2.800000000000000000e+01,2.800066711323807311e+01,2.491041394390515862e+00,2.549999999999999822e+00,2.800066711323807311e+01,2.491041394390515862e+00,2.800002769972272176e+01,2.549438606544685015e+00
2.382869225312955308e+00,3.520600370904958254e-02,2.800000000000000000e+01,2.800068208274910830e+01,2.490606980476750110e+00,2.549999999999999822e+00,2.800068208274910830e+01,2.490606980476750110e+00,2.800002853114890655e+01,2.549430254513895822e+00
2.418075229022004891e+00,3.520600370904958254e-02,2.800000000000000000e+01,2.800069716054084168e+01,2.490175851437744114e+00,2.549999999999999822e+00,2.800069716054084168e+01,2.490175851437744114e+00,2.800002937474481968e+01,2.549421903946530676e+00
2.460437318460396483e+00,4.236208943839159247e-02,2.800000000000000000e+01,2.800071544545176039e+01,2.489661342975846736e+00,2.549999999999999822e+00,2.800071544545176039e+01,2.489661342975846736e+00,2.800003040593807313e+01,2.549411857940262482e+00
2.502799407898788075e+00,4.236208943839159247e-02,2.800000000000000000e+01,2.800073388452443979e+01,2.489151367414999427e+00,2.549999999999999822e+00,2.800073388452443979e+01,2.489151367414999427e+00,2.800003145473704080e+01,2.549401814018239953e+00
2.545161497337179668e+00,4.236208943839159247e-02,2.800000000000000000e+01,2.800075247638366349e+01,2.488645810109703316e+00,2.549999999999999822e+00,2.800075247638366349e+01,2.488645810109703316e+00,2.800003252113410923e+01,2.549391772162263869e+00
2.587523586775571260e+00,4.236208943839159247e-02,2.800000000000000000e+01,2.800077121968874749e+01,2.488144561166058200e+00,2.549999999999999822e+00,2.800077121968874749e+01,2.488144561166058200e+00,2.800003360512170758e+01,2.549381732354591534e+00
2.629885676213962853e+00,4.236208943839159247e-02,2.800000000000000000e+01,2.800079011313210486e+01,2.487647515170552381e+00,2.549999999999999822e+00,2.800079011313210486e+01,2.487647515170552381e+00,2.800003470669234673e+01,2.549371694577916792e+00
2.672247765652354445e+00,4.236208943839159247e-02,2.800000000000000000e+01,2.800080915543792415e+01,2.487154570938434173e+00,2.549999999999999822e+00,2.800080915543792415e+01,2.487154570938434173e+00,2.800003582583860151e+01,2.549361658815354925e+00
2.714609855090746038e+00,4.236208943839159247e-02,2.800000000000000000e+01,2.800082834536088683e+01,2.486665631279965982e+00,2.549999999999999822e+00,2.800082834536088683e+01,2.486665631279965982e+00,2.800003696255311780e+01,2.549351625050423564e+00
2.756971944529137630e+00,4.236208943839159247e-02,2.800000000000000000e+01,2.800084768168497362e+01,2.486180602783034654e+00,2.549999999999999822e+00,2.800084768168497362e+01,2.486180602783034654e+00,2.800003811682857702e+01,2.549341593267029360e+00
2.799334033967529223e+00,4.236208943839159247e-02,2.800000000000000000e+01,2.800086716322235958e+01,2.485699395610734719e+00,2.549999999999999822e+00,2.800086716322235958e+01,2.485699395610734719e+00,2.800003928865775293e+01,2.549331563449448890e+00
2.841696123405920815e+00,4.236208943839159247e-02,2.800000000000000000e+01,2.800088678881230209e+01,2.485221923312692205e+00,2.549999999999999822e+00,2.800088678881230209e+01,2.485221923312692205e+00,2.800004047803344776e+01,2.549321535582320220e+00
2.884058212844312408e+00,4.236208943839159247e-02,2.800000000000000000e+01,2.800090655732016032e+01,2.484748102648992152e+00,2.549999999999999822e+00,2.800090655732016032e+01,2.484748102648992152e+00,2.800004168494854540e+01,2.549311509650623364e+00
2.926420302282704000e+00,4.236208943839159247e-02,2.800000000000000000e+01,2.800092646763641469e+01,2.484277853425713278e+00,2.549999999999999822e+00,2.800092646763641469e+01,2.484277853425713278e+00,2.800004290939596885e+01,2.549301485639673182e+00
2.968782391721095593e+00,4.236208943839159247e-02,2.800000000000000000e+01,2.800094651867576445e+01,2.483811098341132340e+00,2.549999999999999822e+00,2.800094651867576445e+01,2.483811098341132340e+00,2.800004415136869440e+01,2.549291463535102942e+00
3.011144481159487185e+00,4.236208943839159247e-02,2.800000000000000000e+01,2.800096670937626442e+01,2.483347762841771722e+00,2.549999999999999822e+00,2.800096670937626442e+01,2.483347762841771722e+00,2.800004541085977294e+01,2.549281443322855889e+00
3.053506570597878778e+00,4.236208943839159247e-02,2.800000000000000000e+01,2.800098703869847228e+01,2.482887774987534435e+00,2.549999999999999822e+00,2.800098703869847228e+01,2.482887774987534435e+00,2.800004668786228379e+01,2.549271424989171475e+00
3.104700511929988860e+00,5.119394133211008224e-02,2.800000000000000000e+01,2.800101178990969686e+01,2.482336255008942949e+00,2.549999999999999822e+00,2.800101178990969686e+01,2.482336255008942949e+00,2.800004825445893175e+01,2.549259320472818668e+00
3.155894453262098942e+00,5.119394133211008224e-02,2.800000000000000000e+01,2.800103674032852297e+01,2.481789404764579654e+00,2.549999999999999822e+00,2.800103674032852297e+01,2.481789404764579654e+00,2.800004984660787599e+01,2.549247218657090031e+00
3.207088394594209024e+00,5.119394133211008224e-02,2.800000000000000000e+01,2.800106188824253550e+01,2.481247111034546649e+00,2.549999999999999822e+00,2.800106188824253550e+01,2.481247111034546649e+00,2.800005146429719005e+01,2.549235119519314363e+00
3.258282335926319107e+00,5.119394133211008224e-02,2.800000000000000000e+01,2.800108723198054150e+01,2.480709265100131233e+00,2.549999999999999822e+00,2.800108723198054150e+01,2.480709265100131233e+00,2.800005310751510379e+01,2.549223023037367586e+00
3.309476277258429189e+00,5.119394133211008224e-02,2.800000000000000000e+01,2.800111276991097142e+01,2.480175762497199177e+00,2.549999999999999822e+00,2.800111276991097142e+01,2.480175762497199177e+00,2.800005477624986838e+01,2.549210929189648756e+00
3.360670218590539271e+00,5.119394133211008224e-02,2.800000000000000000e+01,2.800113850044030883e+01,2.479646502786695628e+00,2.549999999999999822e+00,2.800113850044030883e+01,2.479646502786695628e+00,2.800005647048991619e+01,2.549198837955060970e+00
3.411864159922649353e+00,5.119394133211008224e-02,2.800000000000000000e+01,2.800116442201165512e+01,2.479121389340817938e+00,2.549999999999999822e+00,2.800116442201165512e+01,2.479121389340817938e+00,2.800005819022370801e+01,2.549186749312990052e+00
3.463058101254759436e+00,5.119394133211008224e-02,2.800000000000000000e+01,2.800119053310334039e+01,2.478600329143576531e+00,2.549999999999999822e+00,2.800119053310334039e+01,2.478600329143576531e+00,2.800005993543981475e+01,2.549174663243289896e+00
3.514252042586869518e+00,5.119394133211008224e-02,2.800000000000000000e+01,2.800121683222763380e+01,2.478083232604575414e+00,2.549999999999999822e+00,2.800121683222763380e+01,2.478083232604575414e+00,2.800006170612693168e+01,2.549162579726260702e+00
3.565445983918979600e+00,5.119394133211008224e-02,2.800000000000000000e+01,2.800124331792947885e+01,2.477570013384961634e+00,2.549999999999999822e+00,2.800124331792947885e+01,2.477570013384961634e+00,2.800006350227378960e+01,2.549150498742636994e+00
3.616639925251089682e+00,5.119394133211008224e-02,2.800000000000000000e+01,2.800126998878531381e+01,2.477060588234575977e+00,2.549999999999999822e+00,2.800126998878531381e+01,2.477060588234575977e+00,2.800006532386924007e+01,2.549138420273567629e+00
3.667833866583199764e+00,5.119394133211008224e-02,2.800000000000000000e+01,2.800129684340198466e+01,2.476554876839448305e+00,2.549999999999999822e+00,2.800129684340198466e+01,2.476554876839448305e+00,2.800006717090220221e+01,2.549126344300606917e+00
3.719027807915309847e+00,5.119394133211008224e-02,2.800000000000000000e+01,2.800132388041564724e+01,2.476052801678835458e+00,2.549999999999999822e+00,2.800132388041564724e+01,2.476052801678835458e+00,2.800006904336170521e+01,2.549114270805692861e+00
3.770221749247419929e+00,5.119394133211008224e-02,2.800000000000000000e+01,2.800135109849077608e+01,2.475554287891088556e+00,2.549999999999999822e+00,2.800135109849077608e+01,2.475554287891088556e+00,2.800007094123683515e+01,2.549102199771140498e+00
3.821415690579530011e+00,5.119394133211008224e-02,2.800000000000000000e+01,2.800137849631917319e+01,2.475059263147688426e+00,2.549999999999999822e+00,2.800137849631917319e+01,2.475059263147688426e+00,2.800007286451674204e+01,2.549090131179625907e+00
3.872609631911640093e+00,5.119394133211008224e-02,2.800000000000000000e+01,2.800140607261908698e+01,2.474567657534851417e+00,2.549999999999999822e+00,2.800140607261908698e+01,2.474567657534851417e+00,2.800007481319069313e+01,2.549078065014174665e+00
3.934690416122234691e+00,6.208078421059459728e-02,2.800000000000000000e+01,2.800143975089674697e+01,2.473975997794231052e+00,2.549999999999999822e+00,2.800143975089674697e+01,2.473975997794231052e+00,2.800007721032065788e+01,2.549063436103210734e+00
3.996771200332829288e+00,6.208078421059459728e-02,2.800000000000000000e+01,2.800147368758669231e+01,2.473389150478719767e+00,2.549999999999999822e+00,2.800147368758669231e+01,2.473389150478719767e+00,2.800007964475900479e+01,2.549048810706402435e+00
4.058851984543423441e+00,6.208078421059415319e-02,2.800000000000000000e+01,2.800150788054870432e+01,2.472807003835275630e+00,2.549999999999999822e+00,2.800150788054870432e+01,2.472807003835275630e+00,2.800008211648702527e+01,2.549034188795403555e+00
4.120932768754017594e+00,6.208078421059415319e-02,2.800000000000000000e+01,2.800154232769196838e+01,2.472229450368665926e+00,2.549999999999999822e+00,2.800154232769196838e+01,2.472229450368665926e+00,2.800008462548613508e+01,2.549019570342521579e+00
4.183013552964611748e+00,6.208078421059415319e-02,2.800000000000000000e+01,2.800157702697316253e+01,2.471656386617772316e+00,2.549999999999999822e+00,2.800157702697316253e+01,2.471656386617772316e+00,2.800008717173789918e+01,2.549004955320692378e+00
4.245094337175205901e+00,6.208078421059415319e-02,2.800000000000000000e+01,2.800161197639474864e+01,2.471087712946776982e+00,2.549999999999999822e+00,2.800161197639474864e+01,2.471087712946776982e+00,2.800008975522403531e+01,2.548990343703457562e+00
4.307175121385800054e+00,6.208078421059415319e-02,2.800000000000000000e+01,2.800164717400323156e+01,2.470523333350047590e+00,2.549999999999999822e+00,2.800164717400323156e+01,2.470523333350047590e+00,2.800009237592643174e+01,2.548975735464940939e+00
4.369255905596394207e+00,6.208078421059415319e-02,2.800000000000000000e+01,2.800168261788759949e+01,2.469963155269636612e+00,2.549999999999999822e+00,2.800168261788759949e+01,2.469963155269636612e+00,2.800009503382704423e+01,2.548961130579828982e+00
4.431336689806988360e+00,6.208078421059415319e-02,2.800000000000000000e+01,2.800171830617781055e+01,2.469407089424400237e+00,2.549999999999999822e+00,2.800171830617781055e+01,2.469407089424400237e+00,2.800009772890804882e+01,2.548946529023347729e+00
4.493417474017582514e+00,6.208078421059415319e-02,2.800000000000000000e+01,2.800175423704332545e+01,2.468855049649866462e+00,2.549999999999999822e+00,2.800175423704332545e+01,2.468855049649866462e+00,2.800010046115171036e+01,2.548931930771248577e+00
4.555498258228176667e+00,6.208078421059415319e-02,2.800000000000000000e+01,2.800179040869177172e+01,2.468306952748017480e+00,2.549999999999999822e+00,2.800179040869177172e+01,2.468306952748017480e+00,2.800010323054042871e+01,2.548917335799786965e+00
4.617579042438770820e+00,6.208078421059415319e-02,2.800000000000000000e+01,2.800182681936760787e+01,2.467762718346258044e+00,2.549999999999999822e+00,2.800182681936760787e+01,2.467762718346258044e+00,2.800010603705674939e+01,2.548902744085704608e+00
4.679659826649364973e+00,6.208078421059415319e-02,2.800000000000000000e+01,2.800186346735090126e+01,2.467222268764889037e+00,2.549999999999999822e+00,2.800186346735090126e+01,2.467222268764889037e+00,2.800010888068333514e+01,2.548888155606214845e+00
4.741740610859959126e+00,6.208078421059415319e-02,2.800000000000000000e+01,2.800190035095613084e+01,2.466685528892464507e+00,2.549999999999999822e+00,2.800190035095613084e+01,2.466685528892464507e+00,2.800011176140294822e+01,2.548873570338984873e+00
4.803821395070553280e+00,6.208078421059415319e-02,2.800000000000000000e+01,2.800193746853106447e+01,2.466152426068475734e+00,2.549999999999999822e+00,2.800193746853106447e+01,2.466152426068475734e+00,2.800011467919854269e+01,2.548858988262125980e+00
4.865902179281147433e+00,6.208078421059415319e-02,2.800000000000000000e+01,2.800197481845566827e+01,2.465622889972828080e+00,2.549999999999999822e+00,2.800197481845566827e+01,2.465622889972828080e+00,2.800011763405311527e+01,2.548844409354170892e+00
4.940612768494268892e+00,7.471058921312145884e-02,2.800000000000000000e+01,2.800202007271827753e+01,2.464990257017612763e+00,2.549999999999999822e+00,2.800202007271827753e+01,2.464990257017612763e+00,2.800012123915861650e+01,2.548826868663720102e+00
5.015323357707390350e+00,7.471058921312145884e-02,2.800000000000000000e+01,2.800206565847534890e+01,2.464362576587495468e+00,2.549999999999999822e+00,2.800206565847534890e+01,2.464362576587495468e+00,2.800012489788202430e+01,2.548809332496305036e+00
5.090033946920511809e+00,7.471058921312145884e-02,2.800000000000000000e+01,2.800211157307639454e+01,2.463739738357546116e+00,2.549999999999999822e+00,2.800211157307639454e+01,2.463739738357546116e+00,2.800012861019440535e+01,2.548791800816804454e+00
5.164744536133633268e+00,7.471058921312145884e-02,2.800000000000000000e+01,2.800215781392963876e+01,2.463121636037260309e+00,2.549999999999999822e+00,2.800215781392963876e+01,2.463121636037260309e+00,2.800013237606706440e+01,2.548774273590870276e+00
5.239455125346754727e+00,7.471058921312145884e-02,2.800000000000000000e+01,2.800220437849988642e+01,2.462508167167000384e+00,2.549999999999999822e+00,2.800220437849988642e+01,2.462508167167000384e+00,2.800013619547153354e+01,2.548756750784907599e+00
5.314165714559876186e+00,7.471058921312145884e-02,2.800000000000000000e+01,2.800225126430648714e+01,2.461899232927450942e+00,2.549999999999999822e+00,2.800225126430648714e+01,2.461899232927450942e+00,2.800014006837955094e+01,2.548739232366039165e+00
5.388876303772997645e+00,7.471058921312145884e-02,2.800000000000000000e+01,2.800229846892144181e+01,2.461294737961090551e+00,2.549999999999999822e+00,2.800229846892144181e+01,2.461294737961090551e+00,2.800014399476308924e+01,2.548721718302086270e+00
5.463586892986119103e+00,7.471058921312145884e-02,2.800000000000000000e+01,2.800234598996751956e+01,2.460694590204767440e+00,2.549999999999999822e+00,2.800234598996751956e+01,2.460694590204767440e+00,2.800014797459432714e+01,2.548704208561542117e+00
5.538297482199240562e+00,7.471058921312145884e-02,2.800000000000000000e+01,2.800239382511655961e+01,2.460098700732539445e+00,2.549999999999999822e+00,2.800239382511655961e+01,2.460098700732539445e+00,2.800015200784564229e+01,2.548686703113547392e+00
5.613008071412362021e+00,7.471058921312145884e-02,2.800000000000000000e+01,2.800244197208779440e+01,2.459506983608028552e+00,2.549999999999999822e+00,2.800244197208779440e+01,2.459506983608028552e+00,2.800015609448961129e+01,2.548669201927870276e+00
5.687718660625483480e+00,7.471058921312145884e-02,2.800000000000000000e+01,2.800249042864625793e+01,2.458919355745586177e+00,2.549999999999999822e+00,2.800249042864625793e+01,2.458919355745586177e+00,2.800016023449903457e+01,2.548651704974886911e+00
5.762429249838604939e+00,7.471058921312145884e-02,2.800000000000000000e+01,2.800253919260129010e+01,2.458335736779643454e+00,2.549999999999999822e+00,2.800253919260129010e+01,2.458335736779643454e+00,2.800016442784686532e+01,2.548634212225557416e+00
5.837139839051726398e+00,7.471058921312145884e-02,2.800000000000000000e+01,2.800258826180508365e+01,2.457756048941657223e+00,2.549999999999999822e+00,2.800258826180508365e+01,2.457756048941657223e+00,2.800016867450628055e+01,2.548616723651409011e+00
5.911850428264847856e+00,7.471058921312145884e-02,2.800000000000000000e+01,2.800263763415131280e+01,2.457180216944124140e+00,2.549999999999999822e+00,2.800263763415131280e+01,2.457180216944124140e+00,2.800017297445061715e+01,2.548599239224518254e+00
5.986561017477969315e+00,7.471058921312145884e-02,2.800000000000000000e+01,2.800268730757381164e+01,2.456608167871171755e+00,2.549999999999999822e+00,2.800268730757381164e+01,2.456608167871171755e+00,2.800017732765342160e+01,2.548581758917492834e+00
6.061271606691090774e+00,7.471058921312145884e-02,2.800000000000000000e+01,2.800273728004533069e+01,2.456039831075272240e+00,2.549999999999999822e+00,2.800273728004533069e+01,2.456039831075272240e+00,2.800018173408840738e+01,2.548564282703456918e+00
6.135982195904212233e+00,7.471058921312145884e-02,2.800000000000000000e+01,2.800278754957632188e+01,2.455475138079669328e+00,2.549999999999999822e+00,2.800278754957632188e+01,2.455475138079669328e+00,2.800018619372945849e+01,2.548546810556031605e+00
6.226150167562820137e+00,9.016797165860790386e-02,2.800000000000000000e+01,2.800284861254362312e+01,2.454798370154280818e+00,2.549999999999999822e+00,2.800284861254362312e+01,2.454798370154280818e+00,2.800019164687617490e+01,2.548525728855943306e+00
6.316318139221428041e+00,9.016797165860790386e-02,2.800000000000000000e+01,2.800291010200018960e+01,2.454126700303001840e+00,2.549999999999999822e+00,2.800291010200018960e+01,2.454126700303001840e+00,2.800019717743981218e+01,2.548504652996971931e+00
6.406486110880035945e+00,9.016797165860790386e-02,2.800000000000000000e+01,2.800297201465378549e+01,2.453460019661254599e+00,2.549999999999999822e+00,2.800297201465378549e+01,2.453460019661254599e+00,2.800020278537543206e+01,2.548483582935461289e+00
6.496654082538643848e+00,9.016797165860790386e-02,2.800000000000000000e+01,2.800303434728212792e+01,2.452798223182506732e+00,2.549999999999999822e+00,2.800303434728212792e+01,2.452798223182506732e+00,2.800020847063846574e+01,2.548462518628682894e+00
6.586822054197251752e+00,9.016797165860790386e-02,2.800000000000000000e+01,2.800309709673046754e+01,2.452141209453408077e+00,2.549999999999999822e+00,2.800309709673046754e+01,2.452141209453408077e+00,2.800021423318468194e+01,2.548441460034797768e+00
6.676990025855859656e+00,9.016797165860790386e-02,2.800000000000000000e+01,2.800316025990925084e+01,2.451488880520282354e+00,2.549999999999999822e+00,2.800316025990925084e+01,2.451488880520282354e+00,2.800022007297015492e+01,2.548420407112833797e+00
6.767157997514467560e+00,9.016797165860790386e-02,2.800000000000000000e+01,2.800322383379190683e+01,2.450841141726126882e+00,2.549999999999999822e+00,2.800322383379190683e+01,2.450841141726126882e+00,2.800022598995132128e+01,2.548399359822650201e+00
6.857325969173075464e+00,9.016797165860790386e-02,2.800000000000000000e+01,2.800328781541275092e+01,2.450197901557352953e+00,2.549999999999999822e+00,2.800328781541275092e+01,2.450197901557352953e+00,2.800023198408490899e+01,2.548378318124913555e+00
6.947493940831683368e+00,9.016797165860790386e-02,2.800000000000000000e+01,2.800335220186497054e+01,2.449559071499571861e+00,2.549999999999999822e+00,2.800335220186497054e+01,2.449559071499571861e+00,2.800023805532796572e+01,2.548357281981067146e+00
7.037661912490291272e+00,9.016797165860790386e-02,2.800000000000000000e+01,2.800341699029871734e+01,2.448924565901771100e+00,2.549999999999999822e+00,2.800341699029871734e+01,2.448924565901771100e+00,2.800024420363781985e+01,2.548336251353309656e+00
7.127829884148899175e+00,9.016797165860790386e-02,2.800000000000000000e+01,2.800348217791925620e+01,2.448294301848303434e+00,2.549999999999999822e+00,2.800348217791925620e+01,2.448294301848303434e+00,2.800025042897213368e+01,2.548315226204568962e+00
7.217997855807507079e+00,9.016797165860790386e-02,2.800000000000000000e+01,2.800354776198522444e+01,2.447668199038138592e+00,2.549999999999999822e+00,2.800354776198522444e+01,2.447668199038138592e+00,2.800025673128884662e+01,2.548294206498479042e+00
7.308165827466114983e+00,9.016797165860790386e-02,2.800000000000000000e+01,2.800361373980696911e+01,2.447046179670879784e+00,2.549999999999999822e+00,2.800361373980696911e+01,2.447046179670879784e+00,2.800026311054617523e+01,2.548273192199358661e+00
7.398333799124722887e+00,9.016797165860790386e-02,2.800000000000000000e+01,2.800368010874492342e+01,2.446428168339098708e+00,2.549999999999999822e+00,2.800368010874492342e+01,2.446428168339098708e+00,2.800026956670263445e+01,2.548252183272188276e+00
7.488501770783330791e+00,9.016797165860790386e-02,2.800000000000000000e+01,2.800374686620810039e+01,2.445814091926547640e+00,2.549999999999999822e+00,2.800374686620810039e+01,2.445814091926547640e+00,2.800027609971700215e+01,2.548231179682591385e+00
7.578669742441938695e+00,9.016797165860790386e-02,2.800000000000000000e+01,2.800381400965259715e+01,2.445203879511880007e+00,2.549999999999999822e+00,2.800381400965259715e+01,2.445203879511880007e+00,2.800028270954834042e+01,2.548210181396816765e+00
7.668837714100546599e+00,9.016797165860790386e-02,2.800000000000000000e+01,2.800388153658021650e+01,2.444597462277504185e+00,2.549999999999999822e+00,2.800388153658021650e+01,2.444597462277504185e+00,2.800028939615596357e+01,2.548189188381715820e+00
7.759005685759154503e+00,9.016797165860790386e-02,2.800000000000000000e+01,2.800394944453709911e+01,2.443994773423252997e+00,2.549999999999999822e+00,2.800394944453709911e+01,2.443994773423252997e+00,2.800029615949945949e+01,2.548168200604727041e+00
7.868065621740473858e+00,1.090599359813193558e-01,2.800000000000000000e+01,2.800403208624622664e+01,2.443270698776323080e+00,2.549999999999999822e+00,2.800403208624622664e+01,2.443270698776323080e+00,2.800030444237579630e+01,2.548142822429103838e+00
7.977125557721793214e+00,1.090599359813193558e-01,2.800000000000000000e+01,2.800411527766865660e+01,2.442551872571883997e+00,2.549999999999999822e+00,2.800411527766865660e+01,2.442551872571883997e+00,2.800031283738265131e+01,2.548117451814214451e+00
8.086185493703112570e+00,1.090599359813193558e-01,2.800000000000000000e+01,2.800419901470648654e+01,2.441838187439406838e+00,2.549999999999999822e+00,2.800419901470648654e+01,2.441838187439406838e+00,2.800032134444997567e+01,2.548092088705675273e+00
8.195245429684431926e+00,1.090599359813193558e-01,2.800000000000000000e+01,2.800428329334530630e+01,2.441129539617526767e+00,2.549999999999999822e+00,2.800428329334530630e+01,2.441129539617526767e+00,2.800032996350825343e+01,2.548066733050207588e+00
8.304305365665751282e+00,1.090599359813193558e-01,2.800000000000000000e+01,2.800436810965140566e+01,2.440425828786465079e+00,2.549999999999999822e+00,2.800436810965140566e+01,2.440425828786465079e+00,2.800033869448848023e+01,2.548041384795599384e+00
8.413365301647070638e+00,1.090599359813193558e-01,2.800000000000000000e+01,2.800445345976910261e+01,2.439726957910322902e+00,2.549999999999999822e+00,2.800445345976910261e+01,2.439726957910322902e+00,2.800034753732213844e+01,2.548016043890672044e+00
8.522425237628389993e+00,1.090599359813193558e-01,2.800000000000000000e+01,2.800453933991823519e+01,2.439032833088547125e+00,2.549999999999999822e+00,2.800453933991823519e+01,2.439032833088547125e+00,2.800035649194120424e+01,2.547990710285247484e+00
8.631485173609709349e+00,1.090599359813193558e-01,2.800000000000000000e+01,2.800462574639170654e+01,2.438343363415923282e+00,2.549999999999999822e+00,2.800462574639170654e+01,2.438343363415923282e+00,2.800036555827814411e+01,2.547965383930113514e+00
8.740545109591028705e+00,1.090599359813193558e-01,2.800000000000000000e+01,2.800471267555317922e+01,2.437658460850507414e+00,2.549999999999999822e+00,2.800471267555317922e+01,2.437658460850507414e+00,2.800037473626586504e+01,2.547940064776994973e+00
8.849605045572348061e+00,1.090599359813193558e-01,2.800000000000000000e+01,2.800480012383485473e+01,2.436978040088948472e+00,2.549999999999999822e+00,2.800480012383485473e+01,2.436978040088948472e+00,2.800038402583775721e+01,2.547914752778524416e+00
8.958664981553667417e+00,1.090599359813193558e-01,2.800000000000000000e+01,2.800488808773536675e+01,2.436302018448705198e+00,2.549999999999999822e+00,2.800488808773536675e+01,2.436302018448705198e+00,2.800039342692766908e+01,2.547889447888215031e+00
9.067724917534986773e+00,1.090599359813193558e-01,2.800000000000000000e+01,2.800497656381772060e+01,2.435630315756700970e+00,2.549999999999999822e+00,2.800497656381772060e+01,2.435630315756700970e+00,2.800040293946987546e+01,2.547864150060428656e+00
9.176784853516306129e+00,1.090599359813193558e-01,2.800000000000000000e+01,2.800506554870738896e+01,2.434962854243980512e+00,2.549999999999999822e+00,2.800506554870738896e+01,2.434962854243980512e+00,2.800041256339909523e+01,2.547838859250357135e+00
9.285844789497625484e+00,1.090599359813193558e-01,2.800000000000000000e+01,2.800515503909041470e+01,2.434299558445992329e+00,2.549999999999999822e+00,2.800515503909041470e+01,2.434299558445992329e+00,2.800042229865045584e+01,2.547813575413993892e+00
9.394904725478944840e+00,1.090599359813193558e-01,2.800000000000000000e+01,2.800524503171164525e+01,2.433640355108119380e+00,2.549999999999999822e+00,2.800524503171164525e+01,2.433640355108119380e+00,2.800043214515952883e+01,2.547788298508109062e+00
9.503964661460264196e+00,1.090599359813193558e-01,2.800000000000000000e+01,2.800533552337302012e+01,2.432985173096138265e+00,2.549999999999999822e+00,2.800533552337302012e+01,2.432985173096138265e+00,2.800044210286230495e+01,2.547763028490231285e+00
9.613024597441583552e+00,1.090599359813193558e-01,2.800000000000000000e+01,2.800542651093190827e+01,2.432333943311282720e+00,2.549999999999999822e+00,2.800542651093190827e+01,2.432333943311282720e+00,2.800045217169515865e+01,2.547737765318620617e+00
9.722084533422902908e+00,1.090599359813193558e-01,2.800000000000000000e+01,2.800551799129955199e+01,2.431686598609638317e+00,2.549999999999999822e+00,2.800551799129955199e+01,2.431686598609638317e+00,2.800046235159487296e+01,2.547712508952252097e+00
9.847084533422902908e+00,1.250000000000000000e-01,2.800000000000000000e+01,2.800562344452438168e+01,2.430949333057299988e+00,2.549999999999999822e+00,2.800562344452438168e+01,2.430949333057299988e+00,2.800047415589825661e+01,2.547683569464829212e+00
9.972084533422902908e+00,1.250000000000000000e-01,2.800000000000000000e+01,2.800572953666519638e+01,2.430216990224045137e+00,2.549999999999999822e+00,2.800572953666519638e+01,2.430216990224045137e+00,2.800048610593142939e+01,2.547654638804713212e+00
1.009708453342290291e+01,1.250000000000000000e-01,2.800000000000000000e+01,2.800583626331722797e+01,2.429489477729396274e+00,2.549999999999999822e+00,2.800583626331722797e+01,2.429489477729396274e+00,2.800049820160107572e+01,2.547625716913387794e+00
1.022208453342290291e+01,1.250000000000000000e-01,2.800000000000000000e+01,2.800594362015812067e+01,2.428766706044090284e+00,2.549999999999999822e+00,2.800594362015812067e+01,2.428766706044090284e+00,2.800051044281450885e+01,2.547596803733430004e+00
1.034708453342290291e+01,1.250000000000000000e-01,2.800000000000000000e+01,2.800605160294542273e+01,2.428048588368393990e+00,2.549999999999999822e+00,2.800605160294542273e+01,2.428048588368393990e+00,2.800052282947965665e+01,2.547567899208473374e+00
1.047208453342290291e+01,1.250000000000000000e-01,2.800000000000000000e+01,2.800616020751414581e+01,2.427335040517021536e+00,2.549999999999999822e+00,2.800616020751414581e+01,2.427335040517021536e+00,2.800053536150509004e+01,2.547539003283175507e+00
1.059708453342290291e+01,1.250000000000000000e-01,2.800000000000000000e+01,2.800626942977443790e+01,2.426625980810209082e+00,2.549999999999999822e+00,2.800626942977443790e+01,2.426625980810209082e+00,2.800054803879996612e+01,2.547510115903192762e+00
1.072208453342290291e+01,1.250000000000000000e-01,2.800000000000000000e+01,2.800637926570937353e+01,2.425921329970561757e+00,2.549999999999999822e+00,2.800637926570937353e+01,2.425921329970561757e+00,2.800056086127403887e+01,2.547481237015146061e+00
1.084708453342290291e+01,1.250000000000000000e-01,2.800000000000000000e+01,2.800648971137281151e+01,2.425221011025291862e+00,2.549999999999999822e+00,2.800648971137281151e+01,2.425221011025291862e+00,2.800057382883765555e+01,2.547452366566591575e+00
1.097208453342290291e+01,1.250000000000000000e-01,2.800000000000000000e+01,2.800660076288735567e+01,2.424524949213517910e+00,2.549999999999999822e+00,2.800660076288735567e+01,2.424524949213517910e+00,2.800058694140172477e+01,2.547423504505998082e+00
1.109708453342290291e+01,1.250000000000000000e-01,2.800000000000000000e+01,2.800671241644237597e+01,2.423833071898300329e+00,2.549999999999999822e+00,2.800671241644237597e+01,2.423833071898300329e+00,2.800060019887772000e+01,2.547394650782718095e+00
1.122208453342290291e+01,1.250000000000000000e-01,2.800000000000000000e+01,2.800682466829213269e+01,2.423145308483122928e+00,2.549999999999999822e+00,2.800682466829213269e+01,2.423145308483122928e+00,2.800061360117767251e+01,2.547365805346962553e+00
1.134708453342290291e+01,1.250000000000000000e-01,2.800000000000000000e+01,2.800693751475395032e+01,2.422461590332554149e+00,2.549999999999999822e+00,2.800693751475395032e+01,2.422461590332554149e+00,2.800062714821416776e+01,2.547336968149778613e+00
1.147208453342290291e+01,1.250000000000000000e-01,2.800000000000000000e+01,2.800705095220648033e+01,2.421781850696826943e+00,2.549999999999999822e+00,2.800705095220648033e+01,2.421781850696826943e+00,2.800064083990030994e+01,2.547308139143025674e+00
1.159708453342290291e+01,1.250000000000000000e-01,2.800000000000000000e+01,2.800716497708803843e+01,2.421106024640111265e+00,2.549999999999999822e+00,2.800716497708803843e+01,2.421106024640111265e+00,2.800065467614972903e+01,2.547279318279352722e+00
1.172208453342290291e+01,1.250000000000000000e-01,2.800000000000000000e+01,2.800727958589496680e+01,2.420434048972249563e+00,2.549999999999999822e+00,2.800727958589496680e+01,2.420434048972249563e+00,2.800066865687658080e+01,2.547250505512178353e+00
1.184708453342290291e+01,1.250000000000000000e-01,2.800000000000000000e+01,2.800739477518007803e+01,2.419765862183768768e+00,2.549999999999999822e+00,2.800739477518007803e+01,2.419765862183768768e+00,2.800068278199554683e+01,2.547221700795667676e+00
1.197208453342290291e+01,1.250000000000000000e-01,2.800000000000000000e+01,2.800751054155120201e+01,2.419101404383964926e+00,2.549999999999999822e+00,2.800751054155120201e+01,2.419101404383964926e+00,2.800069705142176701e+01,2.547192904084715437e+00
1.209708453342290291e+01,1.250000000000000000e-01,2.800000000000000000e+01,2.800762688166968317e+01,2.418440617241889079e+00,2.549999999999999822e+00,2.800762688166968317e+01,2.418440617241889079e+00,2.800071146507092124e+01,2.547164115334925594e+00
1.222208453342290291e+01,1.250000000000000000e-01,2.800000000000000000e+01,2.800774379224904820e+01,2.417783443930074938e+00,2.549999999999999822e+00,2.800774379224904820e+01,2.417783443930074938e+00,2.800072602285914414e+01,2.547135334502591775e+00
1.234708453342290291e+01,1.250000000000000000e-01,2.800000000000000000e+01,2.800786127005363113e+01,2.417129829070845393e+00,2.549999999999999822e+00,2.800786127005363113e+01,2.417129829070845393e+00,2.800074072470304287e+01,2.547106561544682624e+00
1.247208453342290291e+01,1.250000000000000000e-01,2.800000000000000000e+01,2.800797931189729084e+01,2.416479718685063283e+00,2.549999999999999822e+00,2.800797931189729084e+01,2.416479718685063283e+00,2.800075557051973618e+01,2.547077796418820927e+00
1.259708453342290291e+01,1.250000000000000000e-01,2.800000000000000000e+01,2.800809791464218534e+01,2.415833060143184330e+00,2.549999999999999822e+00,2.800809791464218534e+01,2.415833060143184330e+00,2.800077056022677269e+01,2.547049039083272071e+00
1.272208453342290291e+01,1.250000000000000000e-01,2.800000000000000000e+01,2.800821707519753190e+01,2.415189802118494100e+00,2.549999999999999822e+00,2.800821707519753190e+01,2.415189802118494100e+00,2.800078569374214155e+01,2.547020289496920942e+00
1.284708453342290291e+01,1.250000000000000000e-01,2.800000000000000000e+01,2.800833679051848080e+01,2.414549894542405539e+00,2.549999999999999822e+00,2.800833679051848080e+01,2.414549894542405539e+00,2.800080097098433640e+01,2.546991547619264828e+00
1.297208453342290291e+01,1.250000000000000000e-01,2.800000000000000000e+01,2.800845705760497495e+01,2.413913288561710058e+00,2.549999999999999822e+00,2.800845705760497495e+01,2.413913288561710058e+00,2.800081639187224170e+01,2.546962813410391657e+00
1.309708453342290291e+01,1.250000000000000000e-01,2.800000000000000000e+01,2.800857787350068051e+01,2.413279936497678690e+00,2.549999999999999822e+00,2.800857787350068051e+01,2.413279936497678690e+00,2.800083195632522148e+01,2.546934086830968891e+00
1.322208453342290291e+01,1.250000000000000000e-01,2.800000000000000000e+01,2.800869923529191396e+01,2.412649791806914301e+00,2.549999999999999822e+00,2.800869923529191396e+01,2.412649791806914301e+00,2.800084766426302707e+01,2.546905367842231094e+00
1.334708453342290291e+01,1.250000000000000000e-01,2.800000000000000000e+01,2.800882114010666157e+01,2.412022809043866900e+00,2.549999999999999822e+00,2.800882114010666157e+01,2.412022809043866900e+00,2.800086351560585385e+01,2.546876656405963502e+00
1.347208453342290291e+01,1.250000000000000000e-01,2.800000000000000000e+01,2.800894358511358107e+01,2.411398943824925922e+00,2.549999999999999822e+00,2.800894358511358107e+01,2.411398943824925922e+00,2.800087951027432709e+01,2.546847952484489142e+00
1.359708453342290291e+01,1.250000000000000000e-01,2.800000000000000000e+01,2.800906656752106372e+01,2.410778152794004647e+00,2.549999999999999822e+00,2.800906656752106372e+01,2.410778152794004647e+00,2.800089564818946286e+01,2.546819256040659507e+00
1.372208453342290291e+01,1.250000000000000000e-01,2.800000000000000000e+01,2.800919008457631065e+01,2.410160393589551031e+00,2.549999999999999822e+00,2.800919008457631065e+01,2.410160393589551031e+00,2.800091192927270356e+01,2.546790567037839459e+00
1.384708453342290291e+01,1.250000000000000000e-01,2.800000000000000000e+01,2.800931413356445177e+01,2.409545624812904130e+00,2.549999999999999822e+00,2.800931413356445177e+01,2.409545624812904130e+00,2.800092835344588593e+01,2.546761885439897011e+00
1.397208453342290291e+01,1.250000000000000000e-01,2.800000000000000000e+01,2.800943871180767175e+01,2.408933805997932165e+00,2.549999999999999822e+00,2.800943871180767175e+01,2.408933805997932165e+00,2.800094492063121265e+01,2.546733211211190451e+00
1.409708453342290291e+01,1.250000000000000000e-01,2.800000000000000000e+01,2.800956381666441430e+01,2.408324897581896273e+00,2.549999999999999822e+00,2.800956381666441430e+01,2.408324897581896273e+00,2.800096163075131983e+01,2.546704544316556795e+00
1.422208453342290291e+01,1.250000000000000000e-01,2.800000000000000000e+01,2.800968944552852591e+01,2.407718860877465339e+00,2.549999999999999822e+00,2.800968944552852591e+01,2.407718860877465339e+00,2.800097848372921661e+01,2.546675884721306460e+00
1.434708453342290291e+01,1.250000000000000000e-01,2.800000000000000000e+01,2.800981559582852043e+01,2.407115658045845041e+00,2.549999999999999822e+00,2.800981559582852043e+01,2.407115658045845041e+00,2.800099547948825673e+01,2.546647232391205939e+00
1.447208453342290291e+01,1.250000000000000000e-01,2.800000000000000000e+01,2.800994226502678686e+01,2.406515252070951405e+00,2.549999999999999822e+00,2.800994226502678686e+01,2.406515252070951405e+00,2.800101261795222740e+01,2.546618587292471148e+00
1.459708453342290291e+01,1.250000000000000000e-01,2.800000000000000000e+01,2.801006945061887166e+01,2.405917606734589764e+00,2.549999999999999822e+00,2.801006945061887166e+01,2.405917606734589764e+00,2.800102989904524975e+01,2.546589949391758534e+00
1.472208453342290291e+01,1.250000000000000000e-01,2.800000000000000000e+01,2.801019715013277889e+01,2.405322686592584525e+00,2.549999999999999822e+00,2.801019715013277889e+01,2.405322686592584525e+00,2.800104732269180730e+01,2.546561318656153983e+00
1.484708453342290291e+01,1.250000000000000000e-01,2.800000000000000000e+01,2.801032536112824545e+01,2.404730456951825968e+00,2.549999999999999822e+00,2.801032536112824545e+01,2.404730456951825968e+00,2.800106488881674949e+01,2.546532695053163931e+00
1.497208453342290291e+01,1.250000000000000000e-01,2.800000000000000000e+01,2.801045408119610158e+01,2.404140883848175481e+00,2.549999999999999822e+00,2.801045408119610158e+01,2.404140883848175481e+00,2.800108259734527749e+01,2.546504078550706485e+00
1.509708453342290291e+01,1.250000000000000000e-01,2.800000000000000000e+01,2.801058330795760654e+01,2.403553934025209227e+00,2.549999999999999822e+00,2.801058330795760654e+01,2.403553934025209227e+00,2.800110044820296196e+01,2.546475469117103874e+00
1.522208453342290291e+01,1.250000000000000000e-01,2.800000000000000000e+01,2.801071303906380550e+01,2.402969574913744299e+00,2.549999999999999822e+00,2.801071303906380550e+01,2.402969574913744299e+00,2.800111844131568972e+01,2.546446866721072677e+00
1.534708453342290291e+01,1.250000000000000000e-01,2.800000000000000000e+01,2.801084327219493630e+01,2.402387774612124272e+00,2.549999999999999822e+00,2.801084327219493630e+01,2.402387774612124272e+00,2.800113657660972066e+01,2.546418271331715832e+00
1.547208453342290291e+01,1.250000000000000000e-01,2.800000000000000000e+01,2.801097400505983614e+01,2.401808501867225054e+00,2.549999999999999822e+00,2.801097400505983614e+01,2.401808501867225054e+00,2.800115485401163085e+01,2.546389682918516861e+00
1.559708453342290291e+01,1.250000000000000000e-01,2.800000000000000000e+01,2.801110523539532693e+01,2.401231726056149096e+00,2.549999999999999822e+00,2.801110523539532693e+01,2.401231726056149096e+00,2.800117327344834806e+01,2.546361101451328324e+00
1.572208453342290291e+01,1.250000000000000000e-01,2.800000000000000000e+01,2.801123696096569660e+01,2.400657417168579499e+00,2.549999999999999822e+00,2.801123696096569660e+01,2.400657417168579499e+00,2.800119183484710561e+01,2.546332526900369153e+00
1.584708453342290291e+01,1.250000000000000000e-01,2.800000000000000000e+01,2.801136917956210937e+01,2.400085545789765629e+00,2.549999999999999822e+00,2.801136917956210937e+01,2.400085545789765629e+00,2.800121053813548500e+01,2.546303959236211778e+00
1.597208453342290291e+01,1.250000000000000000e-01,2.800000000000000000e+01,2.801150188900211546e+01,2.399516083084106910e+00,2.549999999999999822e+00,2.801150188900211546e+01,2.399516083084106910e+00,2.800122938324137323e+01,2.546275398429780346e+00
1.609708453342290113e+01,1.249999999999982236e-01,2.800000000000000000e+01,2.801163508712909689e+01,2.398949000779319274e+00,2.549999999999999822e+00,2.801163508712909689e+01,2.398949000779319274e+00,2.800124837009298773e+01,2.546246844452341840e+00
1.622208453342290113e+01,1.250000000000000000e-01,2.800000000000000000e+01,2.801176877181178781e+01,2.398384271151150493e+00,2.549999999999999822e+00,2.801176877181178781e+01,2.398384271151150493e+00,2.800126749861885855e+01,2.546218297275496312e+00
1.634708453342290113e+01,1.250000000000000000e-01,2.800000000000000000e+01,2.801190294094378075e+01,2.397821867008624874e+00,2.549999999999999822e+00,2.801190294094378075e+01,2.397821867008624874e+00,2.800128676874781419e+01,2.546189756871177323e+00
1.647208453342290113e+01,1.250000000000000000e-01,2.800000000000000000e+01,2.801203759244302205e+01,2.397261761679797321e+00,2.549999999999999822e+00,2.801203759244302205e+01,2.397261761679797321e+00,2.800130618040900643e+01,2.546161223211637736e+00
1.659708453342290113e+01,1.250000000000000000e-01,2.800000000000000000e+01,2.801217272425140337e+01,2.396703928997988786e+00,2.549999999999999822e+00,2.801217272425140337e+01,2.396703928997988786e+00,2.800132573353187482e+01,2.546132696269451934e+00
1.672208453342290113e+01,1.250000000000000000e-01,2.800000000000000000e+01,2.801230833433425360e+01,2.396148343288490246e+00,2.549999999999999822e+00,2.801230833433425360e+01,2.396148343288490246e+00,2.800134542804618576e+01,2.546104176017498943e+00
1.684708453342290113e+01,1.250000000000000000e-01,2.800000000000000000e+01,2.801244442067993390e+01,2.395594979355714749e+00,2.549999999999999822e+00,2.801244442067993390e+01,2.395594979355714749e+00,2.800136526388196145e+01,2.546075662428971320e+00
1.697208453342290113e+01,1.250000000000000000e-01,2.800000000000000000e+01,2.801258098129939000e+01,2.395043812470772249e+00,2.549999999999999822e+00,2.801258098129939000e+01,2.395043812470772249e+00,2.800138524096953674e+01,2.546047155477352053e+00
1.709708453342290113e+01,1.250000000000000000e-01,2.800000000000000000e+01,2.801271801422574370e+01,2.394494818359461430e+00,2.549999999999999822e+00,2.801271801422574370e+01,2.394494818359461430e+00,2.800140535923956620e+01,2.546018655136425668e+00
1.722208453342290113e+01,1.250000000000000000e-01,2.800000000000000000e+01,2.801285551751389846e+01,2.393947973190651446e+00,2.549999999999999822e+00,2.801285551751389846e+01,2.393947973190651446e+00,2.800142561862293888e+01,2.545990161380260908e+00
1.734708453342290113e+01,1.250000000000000000e-01,2.800000000000000000e+01,2.801299348924011667e+01,2.393403253565047351e+00,2.549999999999999822e+00,2.801299348924011667e+01,2.393403253565047351e+00,2.800144601905087427e+01,2.545961674183211620e+00
1.747208453342290113e+01,1.250000000000000000e-01,2.800000000000000000e+01,2.801313192750164305e+01,2.392860636504311689e+00,2.549999999999999822e+00,2.801313192750164305e+01,2.392860636504311689e+00,2.800146656045481564e+01,2.545933193519910986e+00
1.759708453342290113e+01,1.250000000000000000e-01,2.800000000000000000e+01,2.801327083041634580e+01,2.392320099440545356e+00,2.549999999999999822e+00,2.801327083041634580e+01,2.392320099440545356e+00,2.800148724276655088e+01,2.545904719365261304e+00
1.772208453342290113e+01,1.250000000000000000e-01,2.800000000000000000e+01,2.801341019612231875e+01,2.391781620206094860e+00,2.549999999999999822e+00,2.801341019612231875e+01,2.391781620206094860e+00,2.800150806591809172e+01,2.545876251694437098e+00
1.784708453342290113e+01,1.250000000000000000e-01,2.800000000000000000e+01,2.801355002277754735e+01,2.391245177023689994e+00,2.549999999999999822e+00,2.801355002277754735e+01,2.391245177023689994e+00,2.800152902984175896e+01,2.545847790482877571e+00
1.797208453342290113e+01,1.250000000000000000e-01,2.800000000000000000e+01,2.801369030855954989e+01,2.390710748496887028e+00,2.549999999999999822e+00,2.801369030855954989e+01,2.390710748496887028e+00,2.800155013447010788e+01,2.545819335706275499e+00
1.809708453342290113e+01,1.250000000000000000e-01,2.800000000000000000e+01,2.801383105166504350e+01,2.390178313600813009e+00,2.549999999999999822e+00,2.801383105166504350e+01,2.390178313600813009e+00,2.800157137973596733e+01,2.545790887340583897e+00
1.822208453342290113e+01,1.250000000000000000e-01,2.800000000000000000e+01,2.801397225030959248e+01,2.389647851673194712e+00,2.549999999999999822e+00,2.801397225030959248e+01,2.389647851673194712e+00,2.800159276557244681e+01,2.545762445362003135e+00
1.834708453342290113e+01,1.250000000000000000e-01,2.800000000000000000e+01,2.801411390272730983e+01,2.389119342405668700e+00,2.549999999999999822e+00,2.801411390272730983e+01,2.389119342405668700e+00,2.800161429191289741e+01,2.545734009746978721e+00
1.847208453342290113e+01,1.250000000000000000e-01,2.800000000000000000e+01,2.801425600717051623e+01,2.388592765835352516e+00,2.549999999999999822e+00,2.801425600717051623e+01,2.388592765835352516e+00,2.800163595869094380e+01,2.545705580472199081e+00
1.859708453342290113e+01,1.250000000000000000e-01,2.800000000000000000e+01,2.801439856190945221e+01,2.388068102336675214e+00,2.549999999999999822e+00,2.801439856190945221e+01,2.388068102336675214e+00,2.800165776584045219e+01,2.545677157514591560e+00
1.872208453342290113e+01,1.250000000000000000e-01,2.800000000000000000e+01,2.801454156523196204e+01,2.387545332613452143e+00,2.549999999999999822e+00,2.801454156523196204e+01,2.387545332613452143e+00,2.800167971329554106e+01,2.545648740851313985e+00
1.884708453342290113e+01,1.250000000000000000e-01,2.800000000000000000e+01,2.801468501544319878e+01,2.387024437691201317e+00,2.549999999999999822e+00,2.801468501544319878e+01,2.387024437691201317e+00,2.800170180099059536e+01,2.545620330459754665e+00
1.897208453342290113e+01,1.250000000000000000e-01,2.800000000000000000e+01,2.801482891086535432e+01,2.386505398909683606e+00,2.549999999999999822e+00,2.801482891086535432e+01,2.386505398909683606e+00,2.800172402886023093e+01,2.545591926317529285e+00
1.909708453342290113e+01,1.250000000000000000e-01,2.800000000000000000e+01,2.801497324983733961e+01,2.385988197915668074e+00,2.549999999999999822e+00,2.801497324983733961e+01,2.385988197915668074e+00,2.800174639683930522e+01,2.545563528402475129e+00
1.922208453342290113e+01,1.250000000000000000e-01,2.800000000000000000e+01,2.801511803071455731e+01,2.385472816655909600e+00,2.549999999999999822e+00,2.801511803071455731e+01,2.385472816655909600e+00,2.800176890486293146e+01,2.545535136692646194e+00
1.934708453342290113e+01,1.250000000000000000e-01,2.800000000000000000e+01,2.801526325186859268e+01,2.384959237370328555e+00,2.549999999999999822e+00,2.801526325186859268e+01,2.384959237370328555e+00,2.800179155286645383e+01,2.545506751166312309e+00
1.947208453342290113e+01,1.250000000000000000e-01,2.800000000000000000e+01,2.801540891168697911e+01,2.384447442585390764e+00,2.549999999999999822e+00,2.801540891168697911e+01,2.384447442585390764e+00,2.800181434078545806e+01,2.545478371801956463e+00
1.959708453342290113e+01,1.250000000000000000e-01,2.800000000000000000e+01,2.801555500857293168e+01,2.383937415107679758e+00,2.549999999999999822e+00,2.801555500857293168e+01,2.383937415107679758e+00,2.800183726855575728e+01,2.545449998578266371e+00
1.972208453342290113e+01,1.250000000000000000e-01,2.800000000000000000e+01,2.801570154094508069e+01,2.383429138017650217e+00,2.549999999999999822e+00,2.801570154094508069e+01,2.383429138017650217e+00,2.800186033611341330e+01,2.545421631474137580e+00
1.984708453342290113e+01,1.250000000000000000e-01,2.800000000000000000e+01,2.801584850723725850e+01,2.382922594663562599e+00,2.549999999999999822e+00,2.801584850723725850e+01,2.382922594663562599e+00,2.800188354339470465e+01,2.545393270468664149e+00
1.997208453342290113e+01,1.250000000000000000e-01,2.800000000000000000e+01,2.801599590589822597e+01,2.382417768655584744e+00,2.549999999999999822e+00,2.801599590589822597e+01,2.382417768655584744e+00,2.800190689033615143e+01,2.545364915541140860e+00
2.009708453342290113e+01,1.250000000000000000e-01,2.800000000000000000e+01,2.801614373539145930e+01,2.381914643860064906e+00,2.549999999999999822e+00,2.801614373539145930e+01,2.381914643860064906e+00,2.800193037687447628e+01,2.545336566671056566e+00
2.022208453342290113e+01,1.250000000000000000e-01,2.800000000000000000e+01,2.801629199419492267e+01,2.381413204393961536e+00,2.549999999999999822e+00,2.801629199419492267e+01,2.381413204393961536e+00,2.800195400294665760e+01,2.545308223838092410e+00
2.034708453342290113e+01,1.250000000000000000e-01,2.800000000000000000e+01,2.801644068080082306e+01,2.380913434619428060e+00,2.549999999999999822e+00,2.801644068080082306e+01,2.380913434619428060e+00,2.800197776848986209e+01,2.545279887022118270e+00
2.047208453342290113e+01,1.250000000000000000e-01,2.800000000000000000e+01,2.801658979371540781e+01,2.380415319138547758e+00,2.549999999999999822e+00,2.801658979371540781e+01,2.380415319138547758e+00,2.800200167344150870e+01,2.545251556203189214e+00
2.059708453342290113e+01,1.250000000000000000e-01,2.800000000000000000e+01,2.801673933145874784e+01,2.379918842788212974e+00,2.549999999999999822e+00,2.801673933145874784e+01,2.379918842788212974e+00,2.800202571773921179e+01,2.545223231361547711e+00
2.072208453342290113e+01,1.250000000000000000e-01,2.800000000000000000e+01,2.801688929256452099e+01,2.379423990635143760e+00,2.549999999999999822e+00,2.801688929256452099e+01,2.379423990635143760e+00,2.800204990132080596e+01,2.545194912477611204e+00
2.084708453342290113e+01,1.250000000000000000e-01,2.800000000000000000e+01,2.801703967557980945e+01,2.378930747971041537e+00,2.549999999999999822e+00,2.801703967557980945e+01,2.378930747971041537e+00,2.800207422412435676e+01,2.545166599531979656e+00
2.097208453342290113e+01,1.250000000000000000e-01,2.800000000000000000e+01,2.801719047906490090e+01,2.378439100307874199e+00,2.549999999999999822e+00,2.801719047906490090e+01,2.378439100307874199e+00,2.800209868608810737e+01,2.545138292505425337e+00
2.109708453342290113e+01,1.250000000000000000e-01,2.800000000000000000e+01,2.801734170159308590e+01,2.377949033373287335e+00,2.549999999999999822e+00,2.801734170159308590e+01,2.377949033373287335e+00,2.800212328715056387e+01,2.545109991378894154e+00
2.122208453342290113e+01,1.250000000000000000e-01,2.800000000000000000e+01,2.801749334175046258e+01,2.377460533106134477e+00,2.549999999999999822e+00,2.801749334175046258e+01,2.377460533106134477e+00,2.800214802725037799e+01,2.545081696133502547e+00
2.134708453342290113e+01,1.250000000000000000e-01,2.800000000000000000e+01,2.801764539813575539e+01,2.376973585652131238e+00,2.549999999999999822e+00,2.801764539813575539e+01,2.376973585652131238e+00,2.800217290632644307e+01,2.545053406750533931e+00
2.147208453342290113e+01,1.250000000000000000e-01,2.800000000000000000e+01,2.801779786936013039e+01,2.376488177359620035e+00,2.549999999999999822e+00,2.801779786936013039e+01,2.376488177359620035e+00,2.800219792431786203e+01,2.545025123211435591e+00
2.159708453342290113e+01,1.250000000000000000e-01,2.800000000000000000e+01,2.801795075404700697e+01,2.376004294775446279e+00,2.549999999999999822e+00,2.801795075404700697e+01,2.376004294775446279e+00,2.800222308116392611e+01,2.544996845497819127e+00
2.172208453342290113e+01,1.250000000000000000e-01,2.800000000000000000e+01,2.801810405083187305e+01,2.375521924640940696e+00,2.549999999999999822e+00,2.801810405083187305e+01,2.375521924640940696e+00,2.800224837680413614e+01,2.544968573591456451e+00
2.184708453342290113e+01,1.250000000000000000e-01,2.800000000000000000e+01,2.801825775836212884e+01,2.375041053888009568e+00,2.549999999999999822e+00,2.801825775836212884e+01,2.375041053888009568e+00,2.800227381117817416e+01,2.544940307474275798e+00
2.197208453342290113e+01,1.250000000000000000e-01,2.800000000000000000e+01,2.801841187529690202e+01,2.374561669635321337e+00,2.549999999999999822e+00,2.801841187529690202e+01,2.374561669635321337e+00,2.800229938422595310e+01,2.544912047128362165e+00
2.209708453342290113e+01,1.250000000000000000e-01,2.800000000000000000e+01,2.801856640030689505e+01,2.374083759184591802e+00,2.549999999999999822e+00,2.801856640030689505e+01,2.374083759184591802e+00,2.800232509588753516e+01,2.544883792535954647e+00
2.222208453342290113e+01,1.250000000000000000e-01,2.800000000000000000e+01,2.801872133207418969e+01,2.373607310016965233e+00,2.549999999999999822e+00,2.801872133207418969e+01,2.373607310016965233e+00,2.800235094610323472e+01,2.544855543679442444e+00
2.234708453342290113e+01,1.250000000000000000e-01,2.800000000000000000e+01,2.801887666929212628e+01,2.373132309789485639e+00,2.549999999999999822e+00,2.801887666929212628e+01,2.373132309789485639e+00,2.800237693481351187e+01,2.544827300541363524e+00
2.247208453342290113e+01,1.250000000000000000e-01,2.800000000000000000e+01,2.801903241066512606e+01,2.372658746331655966e+00,2.549999999999999822e+00,2.801903241066512606e+01,2.372658746331655966e+00,2.800240306195901141e+01,2.544799063104405068e+00
2.259708453342290113e+01,1.250000000000000000e-01,2.800000000000000000e+01,2.801918855490852422e+01,2.372186607642085221e+00,2.549999999999999822e+00,2.801918855490852422e+01,2.372186607642085221e+00,2.800242932748062685e+01,2.544770831351397700e+00
2.272208453342290113e+01,1.250000000000000000e-01,2.800000000000000000e+01,2.801934510074844553e+01,2.371715881885219535e+00,2.549999999999999822e+00,2.801934510074844553e+01,2.371715881885219535e+00,2.800245573131936894e+01,2.544742605265315483e+00
2.284708453342290113e+01,1.250000000000000000e-01,2.800000000000000000e+01,2.801950204692163382e+01,2.371246557388149157e+00,2.549999999999999822e+00,2.801950204692163382e+01,2.371246557388149157e+00,2.800248227341648999e+01,2.544714384829272369e+00
2.297208453342290113e+01,1.250000000000000000e-01,2.800000000000000000e+01,2.801965939217531343e+01,2.370778622637501609e+00,2.549999999999999822e+00,2.801965939217531343e+01,2.370778622637501609e+00,2.800250895371338800e+01,2.544686170026523975e+00
2.309708453342290113e+01,1.250000000000000000e-01,2.800000000000000000e+01,2.801981713526704709e+01,2.370312066276401897e+00,2.549999999999999822e+00,2.801981713526704709e+01,2.370312066276401897e+00,2.800253577215165635e+01,2.544657960840460920e+00
2.322208453342290113e+01,1.250000000000000000e-01,2.800000000000000000e+01,2.801997527496460449e+01,2.369846877101516647e+00,2.549999999999999822e+00,2.801997527496460449e+01,2.369846877101516647e+00,2.800256272867308738e+01,2.544629757254610158e+00
2.334708453342290113e+01,1.250000000000000000e-01,2.800000000000000000e+01,2.802013381004580239e+01,2.369383044060159982e+00,2.549999999999999822e+00,2.802013381004580239e+01,2.369383044060159982e+00,2.800258982321962975e+01,2.544601559252630985e+00
2.347208453342290113e+01,1.250000000000000000e-01,2.800000000000000000e+01,2.802029273929838737e+01,2.368920556247476661e+00,2.549999999999999822e+00,2.802029273929838737e+01,2.368920556247476661e+00,2.800261705573340976e+01,2.544573366818317250e+00
2.359708453342290113e+01,1.250000000000000000e-01,2.800000000000000000e+01,2.802045206151990087e+01,2.368459402903687394e+00,2.549999999999999822e+00,2.802045206151990087e+01,2.368459402903687394e+00,2.800264442615673133e+01,2.544545179935588930e+00
2.372208453342290113e+01,1.250000000000000000e-01,2.800000000000000000e+01,2.802061177551753701e+01,2.367999573411403880e+00,2.549999999999999822e+00,2.802061177551753701e+01,2.367999573411403880e+00,2.800267193443211866e+01,2.544516998588496559e+00
2.384708453342290113e+01,1.250000000000000000e-01,2.800000000000000355e+01,2.802077188010803255e+01,2.367541057293003792e+00,2.549999999999999822e+00,2.802077188010803255e+01,2.367541057293003792e+00,2.800269958050221319e+01,2.544488822761219016e+00
2.397208453342290113e+01,1.250000000000000000e-01,2.800000000000000355e+01,2.802093237411753179e+01,2.367083844208070165e+00,2.549999999999999822e+00,2.802093237411753179e+01,2.367083844208070165e+00,2.800272736430984466e+01,2.544460652438055082e+00
2.409708453342290113e+01,1.250000000000000000e-01,2.800000000000000355e+01,2.802109325638145521e+01,2.366627923950889389e+00,2.549999999999999822e+00,2.802109325638145521e+01,2.366627923950889389e+00,2.800275528579802398e+01,2.544432487603431436e+00
2.422208453342290113e+01,1.250000000000000000e-01,2.800000000000000711e+01,2.802125452574441056e+01,2.366173286448009616e+00,2.549999999999999822e+00,2.802125452574441056e+01,2.366173286448009616e+00,2.800278334490992549e+01,2.544404328241894220e+00
2.434708453342290113e+01,1.250000000000000000e-01,2.800000000000000711e+01,2.802141618106002241e+01,2.365719921755851995e+00,2.549999999999999822e+00,2.802141618106002241e+01,2.365719921755851995e+00,2.800281154158889763e+01,2.544376174338110808e+00
2.447208453342290113e+01,1.250000000000000000e-01,2.800000000000000711e+01,2.802157822119086106e+01,2.365267820058380988e+00,2.549999999999999822e+00,2.802157822119086106e+01,2.365267820058380988e+00,2.800283987577844869e+01,2.544348025876865371e+00
2.459708453342290113e+01,1.250000000000000000e-01,2.800000000000001066e+01,2.802174064500832174e+01,2.364816971664825296e+00,2.549999999999999822e+00,2.802174064500832174e+01,2.364816971664825296e+00,2.800286834742225750e+01,2.544319882843061098e+00
2.472208453342290113e+01,1.250000000000000000e-01,2.800000000000001066e+01,2.802190345139247540e+01,2.364367367007453424e+00,2.549999999999999822e+00,2.802190345139247540e+01,2.364367367007453424e+00,2.800289695646416277e+01,2.544291745221715306e+00
2.484708453342290113e+01,1.250000000000000000e-01,2.800000000000001421e+01,2.802206663923200836e+01,2.363918996639397641e+00,2.549999999999999822e+00,2.802206663923200836e+01,2.363918996639397641e+00,2.800292570284818083e+01,2.544263612997961221e+00
2.497208453342290113e+01,1.250000000000000000e-01,2.800000000000001776e+01,2.802223020742408366e+01,2.363471851232526344e+00,2.549999999999999822e+00,2.802223020742408366e+01,2.363471851232526344e+00,2.800295458651848080e+01,2.544235486157041759e+00
2.509708453342290113e+01,1.250000000000000000e-01,2.800000000000002132e+01,2.802239415487423457e+01,2.363025921575370170e+00,2.549999999999999822e+00,2.802239415487423457e+01,2.363025921575370170e+00,2.800298360741937387e+01,2.544207364684313966e+00
2.522208453342290113e+01,1.250000000000000000e-01,2.800000000000002487e+01,2.802255848049627573e+01,2.362581198571085395e+00,2.549999999999999822e+00,2.802255848049627573e+01,2.362581198571085395e+00,2.800301276549538088e+01,2.544179248565242801e+00
2.534708453342290113e+01,1.250000000000000000e-01,2.800000000000003197e+01,2.802272318321218947e+01,2.362137673235470636e+00,2.549999999999999822e+00,2.802272318321218947e+01,2.362137673235470636e+00,2.800304206069110791e+01,2.544151137785402472e+00
2.547208453342290113e+01,1.250000000000000000e-01,2.800000000000003553e+01,2.802288826195202276e+01,2.361695336695023073e+00,2.549999999999999822e+00,2.802288826195202276e+01,2.361695336695023073e+00,2.800307149295140974e+01,2.544123032330474654e+00
2.559708453342290113e+01,1.250000000000000000e-01,2.800000000000003908e+01,2.802305371565379843e+01,2.361254180185039964e+00,2.549999999999999822e+00,2.802305371565379843e+01,2.361254180185039964e+00,2.800310106222120154e+01,2.544094932186246716e+00
2.572208453342290113e+01,1.250000000000000000e-01,2.800000000000004619e+01,2.802321954326340503e+01,2.360814195047759689e+00,2.549999999999999822e+00,2.802321954326340503e+01,2.360814195047759689e+00,2.800313076844563298e+01,2.544066837338609943e+00
2.584708453342290113e+01,1.250000000000000000e-01,2.800000000000005329e+01,2.802338574373450797e+01,2.360375372730545873e+00,2.549999999999999822e+00,2.802338574373450797e+01,2.360375372730545873e+00,2.800316061156997094e+01,2.544038747773560427e+00
2.597208453342290113e+01,1.250000000000000000e-01,2.800000000000006040e+01,2.802355231602845009e+01,2.359937704784107027e+00,2.549999999999999822e+00,2.802355231602845009e+01,2.359937704784107027e+00,2.800319059153962442e+01,2.544010663477191958e+00
2.609708453342290113e+01,1.250000000000000000e-01,2.800000000000006750e+01,2.802371925911417350e+01,2.359501182860760604e+00,2.549999999999999822e+00,2.802371925911417350e+01,2.359501182860760604e+00,2.800322070830017296e+01,2.543982584435706240e+00
2.622208453342290113e+01,1.250000000000000000e-01,2.800000000000007816e+01,2.802388657196810939e+01,2.359065798712729478e+00,2.549999999999999822e+00,2.802388657196810939e+01,2.359065798712729478e+00,2.800325096179735240e+01,2.543954510635398236e+00
2.634708453342290113e+01,1.250000000000000000e-01,2.800000000000008882e+01,2.802405425357409641e+01,2.358631544190475715e+00,2.549999999999999822e+00,2.802405425357409641e+01,2.358631544190475715e+00,2.800328135197701940e+01,2.543926442062664162e+00
2.647208453342290113e+01,1.250000000000000000e-01,2.800000000000009948e+01,2.802422230292328820e+01,2.358198411241072101e+00,2.549999999999999822e+00,2.802422230292328820e+01,2.358198411241072101e+00,2.800331187878521888e+01,2.543898378703996155e+00
2.659708453342290113e+01,1.250000000000000000e-01,2.800000000000011369e+01,2.802439071901408241e+01,2.357766391906606529e+00,2.549999999999999822e+00,2.802439071901408241e+01,2.357766391906606529e+00,2.800334254216811303e+01,2.543870320545984498e+00
2.672208453342290113e+01,1.250000000000000000e-01,2.800000000000012790e+01,2.802455950085202119e+01,2.357335478322621469e+00,2.549999999999999822e+00,2.802455950085202119e+01,2.357335478322621469e+00,2.800337334207201323e+01,2.543842267575313176e+00
2.684708453342290113e+01,1.250000000000000000e-01,2.800000000000014211e+01,2.802472864744970238e+01,2.356905662716582306e+00,2.549999999999999822e+00,2.802472864744970238e+01,2.356905662716582306e+00,2.800340427844338720e+01,2.543814219778758545e+00
2.697208453342290113e+01,1.250000000000000000e-01,2.800000000000015987e+01,2.802489815782670490e+01,2.356476937406382977e+00,2.549999999999999822e+00,2.802489815782670490e+01,2.356476937406382977e+00,2.800343535122885186e+01,2.543786177143191551e+00
2.709708453342290113e+01,1.250000000000000000e-01,2.800000000000018119e+01,2.802506803100951771e+01,2.356049294798881810e+00,2.549999999999999822e+00,2.802506803100951771e+01,2.356049294798881810e+00,2.800346656037514848e+01,2.543758139655575068e+00
2.722208453342290113e+01,1.250000000000000000e-01,2.800000000000020250e+01,2.802523826603144030e+01,2.355622727388461790e+00,2.549999999999999822e+00,2.802523826603144030e+01,2.355622727388461790e+00,2.800349790582916043e+01,2.543730107302960786e+00
2.734708453342290113e+01,1.250000000000000000e-01,2.800000000000022737e+01,2.802540886193252234e+01,2.355197227755629452e+00,2.549999999999999822e+00,2.802540886193252234e+01,2.355197227755629452e+00,2.800352938753793808e+01,2.543702080072491434e+00
2.747208453342290113e+01,1.250000000000000000e-01,2.800000000000025580e+01,2.802557981775946061e+01,2.354772788565636876e+00,2.549999999999999822e+00,2.802557981775946061e+01,2.354772788565636876e+00,2.800356100544864901e+01,2.543674057951398115e+00
2.759708453342290113e+01,1.250000000000000000e-01,2.800000000000028777e+01,2.802575113256556349e+01,2.354349402567132099e+00,2.549999999999999822e+00,2.802575113256556349e+01,2.354349402567132099e+00,2.800359275950859939e+01,2.543646040926998086e+00
2.772208453342290113e+01,1.250000000000000000e-01,2.800000000000031974e+01,2.802592280541062308e+01,2.353927062590838837e+00,2.549999999999999822e+00,2.802592280541062308e+01,2.353927062590838837e+00,2.800362464966524101e+01,2.543618028986697865e+00
2.784708453342290113e+01,1.250000000000000000e-01,2.800000000000035882e+01,2.802609483536090096e+01,2.353505761548263298e+00,2.549999999999999822e+00,2.802609483536090096e+01,2.353505761548263298e+00,2.800365667586617491e+01,2.543590022117985683e+00
2.797208453342290113e+01,1.250000000000000000e-01,2.800000000000039790e+01,2.802626722148900029e+01,2.353085492430424530e+00,2.549999999999999822e+00,2.802626722148900029e+01,2.353085492430424530e+00,2.800368883805911580e+01,2.543562020308437255e+00
2.809708453342290113e+01,1.250000000000000000e-01,2.800000000000044409e+01,2.802643996287383388e+01,2.352666248306612751e+00,2.549999999999999822e+00,2.802643996287383388e+01,2.352666248306612751e+00,2.800372113619191339e+01,2.543534023545712675e+00
2.822208453342290113e+01,1.250000000000000000e-01,2.800000000000049383e+01,2.802661305860054242e+01,2.352248022323170762e+00,2.549999999999999822e+00,2.802661305860054242e+01,2.352248022323170762e+00,2.800375357021259859e+01,2.543506031817551083e+00
2.834708453342290113e+01,1.250000000000000000e-01,2.800000000000055067e+01,2.802678650776040570e+01,2.351830807702300685e+00,2.549999999999999822e+00,2.802678650776040570e+01,2.351830807702300685e+00,2.800378614006925915e+01,2.543478045111776442e+00
2.847208453342290113e+01,1.250000000000000000e-01,2.800000000000061107e+01,2.802696030945080352e+01,2.351414597740896006e+00,2.549999999999999822e+00,2.802696030945080352e+01,2.351414597740896006e+00,2.800381884571018531e+01,2.543450063416292206e+00
2.859708453342290113e+01,1.250000000000000000e-01,2.800000000000067857e+01,2.802713446277513398e+01,2.350999385809391384e+00,2.549999999999999822e+00,2.802713446277513398e+01,2.350999385809391384e+00,2.800385168708375261e+01,2.543422086719083985e+00
2.872208453342290113e+01,1.250000000000000000e-01,2.800000000000074962e+01,2.802730896684274597e+01,2.350585165350640438e+00,2.549999999999999822e+00,2.802730896684274597e+01,2.350585165350640438e+00,2.800388466413849642e+01,2.543394115008211998e+00
2.884708453342290113e+01,1.250000000000000000e-01,2.800000000000083134e+01,2.802748382076888944e+01,2.350171929878813515e+00,2.549999999999999822e+00,2.802748382076888944e+01,2.350171929878813515e+00,2.800391777682306582e+01,2.543366148271820837e+00
2.897208453342290113e+01,1.250000000000000000e-01,2.800000000000092015e+01,2.802765902367462658e+01,2.349759672978316338e+00,2.549999999999999822e+00,2.802765902367462658e+01,2.349759672978316338e+00,2.800395102508624845e+01,2.543338186498126596e+00
2.909708453342290113e+01,1.250000000000000000e-01,2.800000000000101608e+01,2.802783457468678563e+01,2.349348388302730850e+00,2.549999999999999822e+00,2.802783457468678563e+01,2.349348388302730850e+00,2.800398440887695273e+01,2.543310229675425305e+00
2.922208453342290113e+01,1.250000000000000000e-01,2.800000000000112266e+01,2.802801047293789338e+01,2.348938069573774268e+00,2.549999999999999822e+00,2.802801047293789338e+01,2.348938069573774268e+00,2.800401792814421498e+01,2.543282277792088930e+00
2.934708453342290113e+01,1.250000000000000000e-01,2.800000000000123990e+01,2.802818671756612900e+01,2.348528710580283008e+00,2.549999999999999822e+00,2.802818671756612900e+01,2.348528710580283008e+00,2.800405158283720652e+01,2.543254330836562271e+00
2.947208453342290113e+01,1.250000000000000000e-01,2.800000000000136779e+01,2.802836330771522810e+01,2.348120305177209044e+00,2.549999999999999822e+00,2.802836330771522810e+01,2.348120305177209044e+00,2.800408537290522304e+01,2.543226388797365622e+00
2.959708453342290113e+01,1.250000000000000000e-01,2.800000000000150635e+01,2.802854024253445786e+01,2.347712847284641580e+00,2.549999999999999822e+00,2.802854024253445786e+01,2.347712847284641580e+00,2.800411929829766677e+01,2.543198451663092996e+00
2.972208453342290113e+01,1.250000000000000000e-01,2.800000000000165912e+01,2.802871752117855308e+01,2.347306330886844261e+00,2.549999999999999822e+00,2.802871752117855308e+01,2.347306330886844261e+00,2.800415335896409630e+01,2.543170519422409903e+00
2.984708453342290113e+01,1.250000000000000000e-01,2.800000000000182609e+01,2.802889514280763450e+01,2.346900750031311045e+00,2.549999999999999822e+00,2.802889514280763450e+01,2.346900750031311045e+00,2.800418755485418032e+01,2.543142592064055130e+00
2.997208453342290113e+01,1.250000000000000000e-01,2.800000000000200728e+01,2.802907310658718387e+01,2.346496098827839827e+00,2.549999999999999822e+00,2.802907310658718387e+01,2.346496098827839827e+00,2.800422188591768347e+01,2.543114669576835851e+00
3.009708453342290113e+01,1.250000000000000000e-01,2.800000000000220624e+01,2.802925141168797296e+01,2.346092371447625169e+00,2.549999999999999822e+00,2.802925141168797296e+01,2.346092371447625169e+00,2.800425635210453734e+01,2.543086751949632074e+00
3.022208453342290113e+01,1.250000000000000000e-01,2.800000000000241940e+01,2.802943005728599246e+01,2.345689562122363903e+00,2.549999999999999822e+00,2.802943005728599246e+01,2.345689562122363903e+00,2.800429095336475882e+01,2.543058839171393970e+00
3.034708453342290113e+01,1.250000000000000000e-01,2.800000000000265388e+01,2.802960904256243779e+01,2.345287665143382494e+00,2.549999999999999822e+00,2.802960904256243779e+01,2.345287665143382494e+00,2.800432568964850333e+01,2.543030931231137881e+00
3.047208453342290113e+01,1.250000000000000000e-01,2.800000000000290967e+01,2.802978836670361318e+01,2.344886674860775511e+00,2.549999999999999822e+00,2.802978836670361318e+01,2.344886674860775511e+00,2.800436056090604708e+01,2.543003028117948983e+00
3.059708453342290113e+01,1.250000000000000000e-01,2.800000000000318678e+01,2.802996802890089967e+01,2.344486585682564517e+00,2.549999999999999822e+00,2.802996802890089967e+01,2.344486585682564517e+00,2.800439556708777644e+01,2.542975129820981728e+00
3.072208453342290113e+01,1.250000000000000000e-01,2.800000000000348876e+01,2.803014802835070896e+01,2.344087392073870735e+00,2.549999999999999822e+00,2.803014802835070896e+01,2.344087392073870735e+00,2.800443070814420210e+01,2.542947236329455407e+00
3.084708453342290113e+01,1.250000000000000000e-01,2.800000000000381561e+01,2.803032836425441943e+01,2.343689088556098366e+00,2.549999999999999822e+00,2.803032836425441943e+01,2.343689088556098366e+00,2.800446598402594134e+01,2.542919347632656812e+00
3.097208453342290113e+01,1.250000000000000000e-01,2.800000000000417089e+01,2.803050903581833353e+01,2.343291669706142333e+00,2.549999999999999822e+00,2.803050903581833353e+01,2.343291669706142333e+00,2.800450139468374289e+01,2.542891463719936684e+00
3.109708453342290113e+01,1.250000000000000000e-01,2.800000000000455458e+01,2.803069004225361738e+01,2.342895130155600913e+00,2.549999999999999822e+00,2.803069004225361738e+01,2.342895130155600913e+00,2.800453694006846916e+01,2.542863584580711489e+00
3.122208453342290113e+01,1.250000000000000000e-01,2.800000000000497380e+01,2.803087138277626167e+01,2.342499464590009239e+00,2.549999999999999822e+00,2.803087138277626167e+01,2.342499464590009239e+00,2.800457262013107851e+01,2.542835710204462085e+00
3.134708453342290113e+01,1.250000000000000000e-01,2.800000000000542499e+01,2.803105305660703195e+01,2.342104667748082569e+00,2.549999999999999822e+00,2.803105305660703195e+01,2.342104667748082569e+00,2.800460843482268558e+01,2.542807840580731948e+00
3.147208453342290113e+01,1.250000000000000000e-01,2.800000000000591527e+01,2.803123506297141887e+01,2.341710734420975548e+00,2.549999999999999822e+00,2.803123506297141887e+01,2.341710734420975548e+00,2.800464438409445478e+01,2.542779975699127615e+00
3.159708453342290113e+01,1.250000000000000000e-01,2.800000000000644107e+01,2.803141740109959557e+01,2.341317659451550792e+00,2.549999999999999822e+00,2.803141740109959557e+01,2.341317659451550792e+00,2.800468046789773879e+01,2.542752115549317793e+00
3.172208453342290113e+01,1.250000000000000000e-01,2.800000000000701306e+01,2.803160007022635725e+01,2.340925437733667902e+00,2.549999999999999822e+00,2.803160007022635725e+01,2.340925437733667902e+00,2.800471668618394361e+01,2.542724260121032920e+00
3.184708453342290113e+01,1.250000000000000000e-01,2.800000000000763123e+01,2.803178306959108923e+01,2.340534064211477805e+00,2.549999999999999822e+00,2.803178306959108923e+01,2.340534064211477805e+00,2.800475303890461376e+01,2.542696409404063829e+00
3.197208453342290113e+01,1.250000000000000000e-01,2.800000000000829914e+01,2.803196639843772076e+01,2.340143533878732640e+00,2.549999999999999822e+00,2.803196639843772076e+01,2.340143533878732640e+00,2.800478952601138616e+01,2.542668563388263969e+00
3.209708453342290113e+01,1.250000000000000000e-01,2.800000000000901679e+01,2.803215005601467524e+01,2.339753841778107635e+00,2.549999999999999822e+00,2.803215005601467524e+01,2.339753841778107635e+00,2.800482614745605048e+01,2.542640722063543191e+00
3.222208453342290113e+01,1.250000000000000000e-01,2.800000000000979483e+01,2.803233404157482767e+01,2.339364983000534970e+00,2.549999999999999822e+00,2.803233404157482767e+01,2.339364983000534970e+00,2.800486290319044613e+01,2.542612885419873514e+00
3.234708453342290113e+01,1.250000000000000000e-01,2.800000000001062972e+01,2.803251835437546191e+01,2.338976952684548305e+00,2.549999999999999822e+00,2.803251835437546191e+01,2.338976952684548305e+00,2.800489979316657951e+01,2.542585053447283361e+00
3.247208453342290113e+01,1.250000000000000000e-01,2.800000000001152856e+01,2.803270299367823171e+01,2.338589746015639736e+00,2.549999999999999822e+00,2.803270299367823171e+01,2.338589746015639736e+00,2.800493681733652096e+01,2.542557226135859327e+00
3.259708453342290113e+01,1.250000000000000000e-01,2.800000000001249845e+01,2.803288795874911088e+01,2.338203358225627859e+00,2.549999999999999822e+00,2.803288795874911088e+01,2.338203358225627859e+00,2.800497397565248647e+01,2.542529403475747962e+00
3.272208453342290113e+01,1.250000000000000000e-01,2.800000000001354294e+01,2.803307324885835428e+01,2.337817784592036485e+00,2.549999999999999822e+00,2.803307324885835428e+01,2.337817784592036485e+00,2.800501126806675956e+01,2.542501585457150881e+00
3.284708453342290113e+01,1.250000000000000000e-01,2.800000000001466560e+01,2.803325886328046224e+01,2.337433020437482689e+00,2.549999999999999822e+00,2.803325886328046224e+01,2.337433020437482689e+00,2.800504869453176227e+01,2.542473772070325211e+00
3.297208453342290113e+01,1.250000000000000000e-01,2.800000000001586997e+01,2.803344480129413796e+01,2.337049061129076843e+00,2.549999999999999822e+00,2.803344480129413796e+01,2.337049061129076843e+00,2.800508625500000903e+01,2.542445963305585810e+00
3.309708453342290113e+01,1.250000000000000000e-01,2.800000000001716671e+01,2.803363106218223422e+01,2.336665902077834645e+00,2.549999999999999822e+00,2.803363106218223422e+01,2.336665902077834645e+00,2.800512394942410310e+01,2.542418159153302160e+00
3.322208453342290113e+01,1.250000000000000000e-01,2.800000000001855582e+01,2.803381764523173558e+01,2.336283538738093579e+00,2.549999999999999822e+00,2.803381764523173558e+01,2.336283538738093579e+00,2.800516177775681115e+01,2.542390359603898364e+00
3.334708453342290113e+01,1.250000000000000000e-01,2.800000000002005152e+01,2.803400454973370870e+01,2.335901966606947155e+00,2.549999999999999822e+00,2.803400454973370870e+01,2.335901966606947155e+00,2.800519973995092471e+01,2.542362564647852707e+00
3.347208453342290113e+01,1.250000000000000000e-01,2.800000000002165024e+01,2.803419177498325610e+01,2.335521181223679132e+00,2.549999999999999822e+00,2.803419177498325610e+01,2.335521181223679132e+00,2.800523783595940941e+01,2.542334774275698095e+00
3.359708453342290113e+01,1.250000000000000000e-01,2.800000000002336620e+01,2.803437932027949486e+01,2.335141178169217291e+00,2.549999999999999822e+00,2.803437932027949486e+01,2.335141178169217291e+00,2.800527606573528416e+01,2.542306988478018948e+00
3.372208453342290113e+01,1.250000000000000000e-01,2.800000000002520650e+01,2.803456718492550337e+01,2.334761953065587647e+00,2.549999999999999822e+00,2.803456718492550337e+01,2.334761953065587647e+00,2.800531442923167802e+01,2.542279207245455197e+00
3.384708453342290113e+01,1.250000000000000000e-01,2.800000000002717471e+01,2.803475536822829994e+01,2.334383501575384212e+00,2.549999999999999822e+00,2.803475536822829994e+01,2.334383501575384212e+00,2.800535292640186569e+01,2.542251430568696069e+00
3.397208453342290113e+01,1.250000000000000000e-01,2.800000000002928147e+01,2.803494386949879669e+01,2.334005819401242743e+00,2.549999999999999822e+00,2.803494386949879669e+01,2.334005819401242743e+00,2.800539155719916451e+01,2.542223658438485856e+00
3.409708453342290113e+01,1.250000000000000000e-01,2.800000000003153744e+01,2.803513268805176040e+01,2.333628902285327822e+00,2.549999999999999822e+00,2.803513268805176040e+01,2.333628902285327822e+00,2.800543032157703394e+01,2.542195890845615924e+00
3.422208453342290113e+01,1.250000000000000000e-01,2.800000000003394973e+01,2.803532182320577704e+01,2.333252746008823486e+00,2.549999999999999822e+00,2.803532182320577704e+01,2.333252746008823486e+00,2.800546921948900092e+01,2.542168127780932263e+00
3.434708453342290113e+01,1.250000000000000000e-01,2.800000000003652900e+01,2.803551127428323397e+01,2.332877346391436291e+00,2.549999999999999822e+00,2.803551127428323397e+01,2.332877346391436291e+00,2.800550825088872031e+01,2.542140369235330599e+00
3.447208453342290113e+01,1.250000000000000000e-01,2.800000000003928236e+01,2.803570104061027024e+01,2.332502699290904147e+00,2.549999999999999822e+00,2.803570104061027024e+01,2.332502699290904147e+00,2.800554741572992867e+01,2.542112615199754178e+00
3.459708453342290113e+01,1.250000000000000000e-01,2.800000000004222400e+01,2.803589112151673390e+01,2.332128800602513596e+00,2.549999999999999822e+00,2.803589112151673390e+01,2.332128800602513596e+00,2.800558671396647270e+01,2.542084865665198645e+00
3.472208453342290113e+01,1.250000000000000000e-01,2.800000000004536105e+01,2.803608151633617140e+01,2.331755646258626413e+00,2.549999999999999822e+00,2.803608151633617140e+01,2.331755646258626413e+00,2.800562614555229501e+01,2.542057120622708055e+00
3.484708453342290113e+01,1.250000000000000000e-01,2.800000000004871126e+01,2.803627222440577071e+01,2.331383232228212865e+00,2.549999999999999822e+00,2.803627222440577071e+01,2.331383232228212865e+00,2.800566571044142705e+01,2.542029380063372646e+00
3.497208453342290113e+01,1.250000000000000000e-01,2.800000000005228173e+01,2.803646324506635423e+01,2.331011554516388973e+00,2.549999999999999822e+00,2.803646324506635423e+01,2.331011554516388973e+00,2.800570540858799617e+01,2.542001643978334613e+00
3.509708453342290113e+01,1.250000000000000000e-01,2.800000000005609024e+01,2.803665457766231484e+01,2.330640609163969756e+00,2.549999999999999822e+00,2.803665457766231484e+01,2.330640609163969756e+00,2.800574523994624698e+01,2.541973912358779675e+00
3.522208453342290113e+01,1.250000000000000000e-01,2.800000000006014389e+01,2.803684622154161943e+01,2.330270392247020261e+00,2.549999999999999822e+00,2.803684622154161943e+01,2.330270392247020261e+00,2.800578520447048803e+01,2.541946185195945507e+00
3.534708453342290113e+01,1.250000000000000000e-01,2.800000000006446399e+01,2.803703817605573789e+01,2.329900899876419018e+00,2.549999999999999822e+00,2.803703817605573789e+01,2.329900899876419018e+00,2.800582530211515220e+01,2.541918462481113306e+00
3.547208453342290113e+01,1.250000000000000000e-01,2.800000000006906120e+01,2.803723044055965019e+01,2.329532128197430385e+00,2.549999999999999822e+00,2.803723044055965019e+01,2.329532128197430385e+00,2.800586553283475055e+01,2.541890744205611341e+00
3.559708453342290113e+01,1.250000000000000000e-01,2.800000000007395329e+01,2.803742301441179308e+01,2.329164073389275114e+00,2.549999999999999822e+00,2.803742301441179308e+01,2.329164073389275114e+00,2.800590589658389007e+01,2.541863030360813624e+00
3.572208453342290113e+01,1.250000000000000000e-01,2.800000000007915801e+01,2.803761589697402812e+01,2.328796731664716901e+00,2.549999999999999822e+00,2.803761589697402812e+01,2.328796731664716901e+00,2.800594639331729141e+01,2.541835320938142573e+00
3.584708453342290113e+01,1.250000000000000000e-01,2.800000000008469314e+01,2.803780908761162394e+01,2.328430099269652498e+00,2.549999999999999822e+00,2.803780908761162394e+01,2.328430099269652498e+00,2.800598702298972498e+01,2.541807615929061903e+00
3.597208453342290113e+01,1.250000000000000000e-01,2.800000000009056933e+01,2.803800258569321358e+01,2.328064172482704919e+00,2.549999999999999822e+00,2.803800258569321358e+01,2.328064172482704919e+00,2.800602778555611039e+01,2.541779915325082406e+00
3.609708453342290113e+01,1.250000000000000000e-01,2.800000000009681855e+01,2.803819639059078028e+01,2.327698947614826874e+00,2.549999999999999822e+00,2.803819639059078028e+01,2.327698947614826874e+00,2.800606868097138857e+01,2.541752219117759726e+00
3.622208453342290113e+01,1.250000000000000000e-01,2.800000000010344792e+01,2.803839050167961844e+01,2.327334421008909526e+00,2.549999999999999822e+00,2.803839050167961844e+01,2.327334421008909526e+00,2.800610970919068166e+01,2.541724527298691694e+00
3.634708453342290113e+01,1.250000000000000000e-01,2.800000000011048940e+01,2.803858491833829447e+01,2.326970589039394799e+00,2.549999999999999822e+00,2.803858491833829447e+01,2.326970589039394799e+00,2.800615087016911886e+01,2.541696839859521884e+00
3.647208453342290113e+01,1.250000000000000000e-01,2.800000000011795720e+01,2.803877963994865041e+01,2.326607448111899235e+00,2.549999999999999822e+00,2.803877963994865041e+01,2.326607448111899235e+00,2.800619216386197152e+01,2.541669156791936057e+00
3.659708453342290113e+01,1.250000000000000000e-01,2.800000000012587975e+01,2.803897466589573995e+01,2.326244994662838295e+00,2.549999999999999822e+00,2.803897466589573995e+01,2.326244994662838295e+00,2.800623359022459624e+01,2.541641478087662609e+00
3.672208453342290113e+01,1.250000000000000000e-01,2.800000000013427837e+01,2.803916999556782130e+01,2.325883225159057321e+00,2.549999999999999822e+00,2.803916999556782130e+01,2.325883225159057321e+00,2.800627514921240646e+01,2.541613803738473454e+00
3.684708453342290113e+01,1.250000000000000000e-01,2.800000000014317791e+01,2.803936562835632529e+01,2.325522136097470494e+00,2.549999999999999822e+00,2.803936562835632529e+01,2.325522136097470494e+00,2.800631684078094352e+01,2.541586133736182251e+00
3.697208453342290113e+01,1.250000000000000000e-01,2.800000000015260326e+01,2.803956156365582686e+01,2.325161724004704222e+00,2.549999999999999822e+00,2.803956156365582686e+01,2.325161724004704222e+00,2.800635866488581271e+01,2.541558468072644406e+00
3.709708453342290113e+01,1.250000000000000000e-01,2.800000000016258994e+01,2.803975780086402736e+01,2.324801985436744989e+00,2.549999999999999822e+00,2.803975780086402736e+01,2.324801985436744989e+00,2.800640062148272591e+01,2.541530806739757509e+00
3.722208453342290113e+01,1.250000000000000000e-01,2.800000000017315571e+01,2.803995433938171189e+01,2.324442916978593399e+00,2.549999999999999822e+00,2.803995433938171189e+01,2.324442916978593399e+00,2.800644271052746603e+01,2.541503149729459121e+00
3.734708453342290113e+01,1.250000000000000000e-01,2.800000000018433965e+01,2.804015117861273154e+01,2.324084515243923565e+00,2.549999999999999822e+00,2.804015117861273154e+01,2.324084515243923565e+00,2.800648493197591549e+01,2.541475497033728104e+00
3.747208453342290113e+01,1.250000000000000000e-01,2.800000000019617019e+01,2.804034831796397853e+01,2.323726776874747380e+00,2.549999999999999822e+00,2.804034831796397853e+01,2.323726776874747380e+00,2.800652728578404549e+01,2.541447848644585061e+00
3.759708453342290113e+01,1.250000000000000000e-01,2.800000000020867574e+01,2.804054575684537198e+01,2.323369698541082329e+00,2.549999999999999822e+00,2.804054575684537198e+01,2.323369698541082329e+00,2.800656977190790897e+01,2.541420204554088791e+00
3.772208453342290113e+01,1.250000000000000000e-01,2.800000000022189894e+01,2.804074349466980465e+01,2.323013276940629090e+00,2.549999999999999822e+00,2.804074349466980465e+01,2.323013276940629090e+00,2.800661239030364413e+01,2.541392564754338057e+00
3.784708453342290113e+01,1.250000000000000000e-01,2.800000000023586466e+01,2.804094153085313934e+01,2.322657508798446457e+00,2.549999999999999822e+00,2.804094153085313934e+01,2.322657508798446457e+00,2.800665514092746022e+01,2.541364929237473369e+00
3.797208453342290113e+01,1.250000000000000000e-01,2.800000000025062263e+01,2.804113986481418763e+01,2.322302390866639143e+00,2.549999999999999822e+00,2.804113986481418763e+01,2.322302390866639143e+00,2.800669802373568018e+01,2.541337297995671207e+00
3.809708453342290113e+01,1.250000000000000000e-01,2.800000000026620128e+01,2.804133849597466366e+01,2.321947919924042925e+00,2.549999999999999822e+00,2.804133849597466366e+01,2.321947919924042925e+00,2.800674103868471931e+01,2.541309671021148908e+00
3.822208453342290113e+01,1.250000000000000000e-01,2.800000000028264679e+01,2.804153742375918412e+01,2.321594092775920437e+00,2.549999999999999822e+00,2.804153742375918412e+01,2.321594092775920437e+00,2.800678418573102846e+01,2.541282048306163333e+00
3.834708453342290113e+01,1.250000000000000000e-01,2.800000000029999470e+01,2.804173664759522566e+01,2.321240906253655645e+00,2.549999999999999822e+00,2.804173664759522566e+01,2.321240906253655645e+00,2.800682746483117569e+01,2.541254429843005536e+00
3.847208453342290113e+01,1.250000000000000000e-01,2.800000000031829828e+01,2.804193616691312485e+01,2.320888357214461628e+00,2.549999999999999822e+00,2.804193616691312485e+01,2.320888357214461628e+00,2.800687087594181435e+01,2.541226815624008317e+00
3.859708453342290113e+01,1.250000000000000000e-01,2.800000000033759662e+01,2.804213598114601780e+01,2.320536442541079492e+00,2.549999999999999822e+00,2.804213598114601780e+01,2.320536442541079492e+00,2.800691441901968304e+01,2.541199205641540448e+00
3.872208453342290113e+01,1.250000000000000000e-01,2.800000000035793946e+01,2.804233608972985081e+01,2.320185159141495479e+00,2.549999999999999822e+00,2.804233608972985081e+01,2.320185159141495479e+00,2.800695809402158076e+01,2.541171599888007560e+00
3.884708453342290113e+01,1.250000000000000000e-01,2.800000000037937298e+01,2.804253649210335908e+01,2.319834503948652316e+00,2.549999999999999822e+00,2.804253649210335908e+01,2.319834503948652316e+00,2.800700190090440600e+01,2.541143998355852585e+00
3.897208453342290113e+01,1.250000000000000000e-01,2.800000000040195047e+01,2.804273718770800272e+01,2.319484473920169432e+00,2.549999999999999822e+00,2.804273718770800272e+01,2.319484473920169432e+00,2.800704583962515670e+01,2.541116401037557537e+00
3.909708453342290113e+01,1.250000000000000000e-01,2.800000000042572879e+01,2.804293817598800231e+01,2.319135066038064963e+00,2.549999999999999822e+00,2.804293817598800231e+01,2.319135066038064963e+00,2.800708991014086635e+01,2.541088807925635518e+00
3.922208453342290113e+01,1.250000000000000000e-01,2.800000000045076121e+01,2.804313945639026073e+01,2.318786277308485744e+00,2.549999999999999822e+00,2.804313945639026073e+01,2.318786277308485744e+00,2.800713411240869277e+01,2.541061219012640482e+00
3.934708453342290113e+01,1.250000000000000000e-01,2.800000000047710103e+01,2.804334102836439513e+01,2.318438104761434637e+00,2.549999999999999822e+00,2.804334102836439513e+01,2.318438104761434637e+00,2.800717844638585419e+01,2.541033634291160137e+00
3.947208453342290113e+01,1.250000000000000000e-01,2.800000000050481574e+01,2.804354289136267298e+01,2.318090545450507634e+00,2.549999999999999822e+00,2.804354289136267298e+01,2.318090545450507634e+00,2.800722291202966119e+01,2.541006053753819049e+00
3.959708453342290113e+01,1.250000000000000000e-01,2.800000000053395866e+01,2.804374504484000852e+01,2.317743596452631394e+00,2.549999999999999822e+00,2.804374504484000852e+01,2.317743596452631394e+00,2.800726750929747766e+01,2.540978477393274204e+00
3.972208453342290113e+01,1.250000000000000000e-01,2.800000000056460081e+01,2.804394748825393435e+01,2.317397254867806566e+00,2.549999999999999822e+00,2.804394748825393435e+01,2.317397254867806566e+00,2.800731223814678472e+01,2.540950905202219889e+00
3.984708453342290113e+01,1.250000000000000000e-01,2.800000000059680971e+01,2.804415022106460498e+01,2.317051517818852435e+00,2.549999999999999822e+00,2.804415022106460498e+01,2.317051517818852435e+00,2.800735709853510969e+01,2.540923337173383700e+00
3.997208453342290113e+01,1.250000000000000000e-01,2.800000000063065286e+01,2.804435324273474350e+01,2.316706382451158230e+00,2.549999999999999822e+00,2.804435324273474350e+01,2.316706382451158230e+00,2.800740209042008289e+01,2.540895773299530092e+00
4.009708453342290113e+01,1.250000000000000000e-01,2.800000000066620132e+01,2.804455655272964165e+01,2.316361845932433994e+00,2.549999999999999822e+00,2.804455655272964165e+01,2.316361845932433994e+00,2.800744721375940927e+01,2.540868213573455048e+00
4.022208453342290113e+01,1.250000000000000000e-01,2.800000000070352968e+01,2.804476015051711713e+01,2.316017905452468550e+00,2.549999999999999822e+00,2.804476015051711713e+01,2.316017905452468550e+00,2.800749246851084706e+01,2.540840657987988749e+00
4.034708453342290113e+01,1.250000000000000000e-01,2.800000000074271966e+01,2.804496403556753847e+01,2.315674558222890145e+00,2.549999999999999822e+00,2.804496403556753847e+01,2.315674558222890145e+00,2.800753785463226109e+01,2.540813106535996457e+00
4.047208453342290113e+01,1.250000000000000000e-01,2.800000000078384943e+01,2.804516820735376115e+01,2.315331801476927520e+00,2.549999999999999822e+00,2.804516820735376115e+01,2.315331801476927520e+00,2.800758337208159787e+01,2.540785559210374966e+00
4.059708453342290113e+01,1.250000000000000000e-01,2.800000000082700424e+01,2.804537266535111684e+01,2.314989632469178105e+00,2.549999999999999822e+00,2.804537266535111684e+01,2.314989632469178105e+00,2.800762902081684302e+01,2.540758016004055264e+00
4.072208453342290113e+01,1.250000000000000000e-01,2.800000000087226937e+01,2.804557740903741703e+01,2.314648048475377973e+00,2.549999999999999822e+00,2.804557740903741703e+01,2.314648048475377973e+00,2.800767480079609939e+01,2.540730476910001201e+00
4.084708453342290113e+01,1.250000000000000000e-01,2.800000000091973007e+01,2.804578243789291037e+01,2.314307046792173139e+00,2.549999999999999822e+00,2.804578243789291037e+01,2.314307046792173139e+00,2.800772071197752666e+01,2.540702941921207714e+00
4.097208453342290113e+01,1.250000000000000000e-01,2.800000000096948582e+01,2.804598775140027556e+01,2.313966624736897515e+00,2.549999999999999822e+00,2.804598775140027556e+01,2.313966624736897515e+00,2.800776675431936269e+01,2.540675411030704378e+00
4.109708453342290113e+01,1.250000000000000000e-01,2.800000000102163256e+01,2.804619334904459649e+01,2.313626779647351306e+00,2.549999999999999822e+00,2.804619334904459649e+01,2.313626779647351306e+00,2.800781292777992704e+01,2.540647884231551412e+00
4.122208453342290113e+01,1.250000000000000000e-01,2.800000000107626263e+01,2.804639923031334803e+01,2.313287508881582966e+00,2.549999999999999822e+00,2.804639923031334803e+01,2.313287508881582966e+00,2.800785923231760677e+01,2.540620361516841008e+00
4.134708453342290113e+01,1.250000000000000000e-01,2.800000000113348975e+01,2.804660539469637826e+01,2.312948809817675144e+00,2.549999999999999822e+00,2.804660539469637826e+01,2.312948809817675144e+00,2.800790566789084934e+01,2.540592842879696001e+00
4.147208453342290113e+01,1.250000000000000000e-01,2.800000000119341337e+01,2.804681184168588004e+01,2.312610679853531526e+00,2.549999999999999822e+00,2.804681184168588004e+01,2.312610679853531526e+00,2.800795223445821946e+01,2.540565328313273863e+00
4.159708453342290113e+01,1.250000000000000000e-01,2.800000000125614008e+01,2.804701857077639815e+01,2.312273116406668994e+00,2.549999999999999822e+00,2.804701857077639815e+01,2.312273116406668994e+00,2.800799893197832446e+01,2.540537817810759158e+00
4.172208453342290113e+01,1.250000000000000000e-01,2.800000000132179068e+01,2.804722558146477596e+01,2.311936116914010686e+00,2.549999999999999822e+00,2.804722558146477596e+01,2.311936116914010686e+00,2.800804576040984983e+01,2.540510311365368867e+00
4.184708453342290113e+01,1.250000000000000000e-01,2.800000000139048595e+01,2.804743287325017320e+01,2.311599678831683491e+00,2.549999999999999822e+00,2.804743287325017320e+01,2.311599678831683491e+00,2.800809271971155212e+01,2.540482808970352835e+00
4.197208453342290113e+01,1.250000000000000000e-01,2.800000000146233958e+01,2.804764044563402337e+01,2.311263799634815097e+00,2.549999999999999822e+00,2.804764044563402337e+01,2.311263799634815097e+00,2.800813980984226603e+01,2.540455310618987106e+00
4.209708453342290113e+01,1.250000000000000000e-01,2.800000000153748303e+01,2.804784829812003366e+01,2.310928476817339927e+00,2.549999999999999822e+00,2.804784829812003366e+01,2.310928476817339927e+00,2.800818703076091865e+01,2.540427816304580588e+00
4.222208453342290113e+01,1.250000000000000000e-01,2.800000000161604063e+01,2.804805643021415662e+01,2.310593707891798854e+00,2.549999999999999822e+00,2.804805643021415662e+01,2.310593707891798854e+00,2.800823438242646191e+01,2.540400326020473276e+00
4.234708453342290113e+01,1.250000000000000000e-01,2.800000000169815451e+01,2.804826484142457232e+01,2.310259490389151349e+00,2.549999999999999822e+00,2.804826484142457232e+01,2.310259490389151349e+00,2.800828186479795789e+01,2.540372839760031809e+00
4.247208453342290113e+01,1.250000000000000000e-01,2.800000000178395965e+01,2.804847353126168130e+01,2.309925821858580974e+00,2.549999999999999822e+00,2.804847353126168130e+01,2.309925821858580974e+00,2.800832947783454330e+01,2.540345357516653468e+00
4.259708453342290113e+01,1.250000000000000000e-01,2.800000000187360172e+01,2.804868249923809032e+01,2.309592699867310195e+00,2.549999999999999822e+00,2.804868249923809032e+01,2.309592699867310195e+00,2.800837722149538678e+01,2.540317879283765734e+00
4.272208453342290113e+01,1.250000000000000000e-01,2.800000000196722638e+01,2.804889174486857684e+01,2.309260122000415194e+00,2.549999999999999822e+00,2.804889174486857684e+01,2.309260122000415194e+00,2.800842509573978489e+01,2.540290405054825396e+00
4.284708453342290113e+01,1.250000000000000000e-01,2.800000000206498285e+01,2.804910126767009615e+01,2.308928085860642021e+00,2.549999999999999822e+00,2.804910126767009615e+01,2.308928085860642021e+00,2.800847310052705907e+01,2.540262934823315444e+00
4.297208453342290113e+01,1.250000000000000000e-01,2.800000000216703810e+01,2.804931106716174938e+01,2.308596589068225846e+00,2.549999999999999822e+00,2.804931106716174938e+01,2.308596589068225846e+00,2.800852123581661957e+01,2.540235468582752176e+00
4.309708453342290113e+01,1.250000000000000000e-01,2.800000000227354846e+01,2.804952114286477638e+01,2.308265629260715102e+00,2.549999999999999822e+00,2.804952114286477638e+01,2.308265629260715102e+00,2.800856950156794412e+01,2.540208006326675427e+00
4.322208453342290113e+01,1.250000000000000000e-01,2.800000000238468090e+01,2.804973149430253088e+01,2.307935204092794290e+00,2.549999999999999822e+00,2.804973149430253088e+01,2.307935204092794290e+00,2.800861789774060284e+01,2.540180548048656561e+00
4.334708453342290113e+01,1.250000000000000000e-01,2.800000000250061305e+01,2.804994212100048401e+01,2.307605311236110346e+00,2.549999999999999822e+00,2.804994212100048401e+01,2.307605311236110346e+00,2.800866642429417652e+01,2.540153093742293589e+00
4.347208453342290113e+01,1.250000000000000000e-01,2.800000000262152255e+01,2.805015302248618170e+01,2.307275948379101216e+00,2.549999999999999822e+00,2.805015302248618170e+01,2.307275948379101216e+00,2.800871508118838804e+01,2.540125643401212052e+00
4.359708453342290113e+01,1.250000000000000000e-01,2.800000000274759415e+01,2.805036419828925176e+01,2.306947113226828439e+00,2.549999999999999822e+00,2.805036419828925176e+01,2.306947113226828439e+00,2.800876386838297449e+01,2.540098197019066362e+00
4.372208453342290113e+01,1.250000000000000000e-01,2.800000000287901258e+01,2.805057564794138614e+01,2.306618803500810166e+00,2.549999999999999822e+00,2.805057564794138614e+01,2.306618803500810166e+00,2.800881278583776179e+01,2.540070754589538016e+00
4.384708453342290113e+01,1.250000000000000000e-01,2.800000000301597680e+01,2.805078737097631247e+01,2.306291016938853744e+00,2.549999999999999822e+00,2.805078737097631247e+01,2.306291016938853744e+00,2.800886183351266467e+01,2.540043316106335602e+00
4.397208453342290113e+01,1.250000000000000000e-01,2.800000000315868220e+01,2.805099936692979057e+01,2.305963751294897168e+00,2.549999999999999822e+00,2.805099936692979057e+01,2.305963751294897168e+00,2.800891101136761918e+01,2.540015881563193023e+00
4.409708453342290113e+01,1.250000000000000000e-01,2.800000000330734906e+01,2.805121163533960527e+01,2.305637004338845664e+00,2.549999999999999822e+00,2.805121163533960527e+01,2.305637004338845664e+00,2.800896031936267150e+01,2.539988450953874821e+00
4.422208453342290113e+01,1.250000000000000000e-01,2.800000000346218343e+01,2.805142417574552383e+01,2.305310773856415363e+00,2.549999999999999822e+00,2.805142417574552383e+01,2.305310773856415363e+00,2.800900975745791399e+01,2.539961024272168189e+00
4.434708453342290113e+01,1.250000000000000000e-01,2.800000000362340202e+01,2.805163698768932079e+01,2.304985057648976099e+00,2.549999999999999822e+00,2.805163698768932079e+01,2.304985057648976099e+00,2.800905932561352074e+01,2.539933601511890071e+00
4.447208453342290113e+01,1.250000000000000000e-01,2.800000000379123577e+01,2.805185007071472469e+01,2.304659853533395975e+00,2.549999999999999822e+00,2.805185007071472469e+01,2.304659853533395975e+00,2.800910902378970135e+01,2.539906182666882284e+00
4.459708453342290113e+01,1.250000000000000000e-01,2.800000000396591915e+01,2.805206342436744649e+01,2.304335159341889927e+00,2.549999999999999822e+00,2.805206342436744649e+01,2.304335159341889927e+00,2.800915885194680399e+01,2.539878767731011067e+00
4.472208453342290113e+01,1.250000000000000000e-01,2.800000000414768309e+01,2.805227704819511203e+01,2.304010972921869183e+00,2.549999999999999822e+00,2.805227704819511203e+01,2.304010972921869183e+00,2.800920881004514129e+01,2.539851356698171525e+00
4.484708453342290113e+01,1.250000000000000000e-01,2.800000000433678693e+01,2.805249094174731184e+01,2.303687292135794262e+00,2.549999999999999822e+00,2.805249094174731184e+01,2.303687292135794262e+00,2.800925889804516089e+01,2.539823949562282746e+00
4.497208453342290113e+01,1.250000000000000000e-01,2.800000000453347937e+01,2.805270510457552291e+01,2.303364114861023992e+00,2.549999999999999822e+00,2.805270510457552291e+01,2.303364114861023992e+00,2.800930911590737082e+01,2.539796546317291792e+00
4.509708453342290113e+01,1.250000000000000000e-01,2.800000000473801620e+01,2.805291953623315138e+01,2.303041438989675171e+00,2.549999999999999822e+00,2.805291953623315138e+01,2.303041438989675171e+00,2.800935946359232531e+01,2.539769146957166157e+00
4.522208453342290113e+01,1.250000000000000000e-01,2.800000000495067098e+01,2.805313423627548275e+01,2.302719262428475577e+00,2.549999999999999822e+00,2.805313423627548275e+01,2.302719262428475577e+00,2.800940994106067450e+01,2.539741751475903531e+00
4.534708453342290113e+01,1.250000000000000000e-01,2.800000000517172083e+01,2.805334920425967837e+01,2.302397583098626299e+00,2.549999999999999822e+00,2.805334920425967837e+01,2.302397583098626299e+00,2.800946054827308274e+01,2.539714359867524696e+00
4.547208453342290113e+01,1.250000000000000000e-01,2.800000000540144640e+01,2.805356443974477187e+01,2.302076398935659185e+00,2.549999999999999822e+00,2.805356443974477187e+01,2.302076398935659185e+00,2.800951128519031741e+01,2.539686972126074416e+00
4.559708453342290113e+01,1.250000000000000000e-01,2.800000000564014258e+01,2.805377994229165139e+01,2.301755707889299618e+00,2.549999999999999822e+00,2.805377994229165139e+01,2.301755707889299618e+00,2.800956215177321340e+01,2.539659588245622324e+00
4.572208453342290113e+01,1.250000000000000000e-01,2.800000000588810423e+01,2.805399571146303828e+01,2.301435507923332402e+00,2.549999999999999822e+00,2.805399571146303828e+01,2.301435507923332402e+00,2.800961314798263402e+01,2.539632208220265586e+00
4.584708453342290113e+01,1.250000000000000000e-01,2.800000000614564399e+01,2.805421174682347640e+01,2.301115797015464981e+00,2.549999999999999822e+00,2.805421174682347640e+01,2.301115797015464981e+00,2.800966427377956336e+01,2.539604832044121352e+00
4.597208453342290113e+01,1.250000000000000000e-01,2.800000000641307807e+01,2.805442804793933931e+01,2.300796573157194214e+00,2.549999999999999822e+00,2.805442804793933931e+01,2.300796573157194214e+00,2.800971552912498908e+01,2.539577459711333418e+00
4.609708453342290113e+01,1.250000000000000000e-01,2.800000000669072975e+01,2.805464461437878398e+01,2.300477834353678031e+00,2.549999999999999822e+00,2.805464461437878398e+01,2.300477834353678031e+00,2.800976691398000185e+01,2.539550091216070005e+00
4.622208453342290113e+01,1.250000000000000000e-01,2.800000000697893299e+01,2.805486144571177576e+01,2.300159578623602652e+00,2.549999999999999822e+00,2.805486144571177576e+01,2.300159578623602652e+00,2.800981842830573498e+01,2.539522726552521981e+00
4.634708453342290113e+01,1.250000000000000000e-01,2.800000000727802529e+01,2.805507854151003500e+01,2.299841803999056911e+00,2.549999999999999822e+00,2.805507854151003500e+01,2.299841803999056911e+00,2.800987007206340351e+01,2.539495365714904640e+00
4.647208453342290113e+01,1.250000000000000000e-01,2.800000000758836549e+01,2.805529590134707618e+01,2.299524508525404354e+00,2.549999999999999822e+00,2.805529590134707618e+01,2.299524508525404354e+00,2.800992184521426509e+01,2.539468008697454593e+00
4.659708453342290113e+01,1.250000000000000000e-01,2.800000000791031241e+01,2.805551352479814042e+01,2.299207690261158454e+00,2.549999999999999822e+00,2.805551352479814042e+01,2.299207690261158454e+00,2.800997374771965909e+01,2.539440655494435983e+00
4.672208453342290113e+01,1.250000000000000000e-01,2.800000000824423552e+01,2.805573141144023097e+01,2.298891347277860486e+00,2.549999999999999822e+00,2.805573141144023097e+01,2.298891347277860486e+00,2.801002577954096751e+01,2.539413306100132495e+00
4.684708453342290113e+01,1.250000000000000000e-01,2.800000000859051497e+01,2.805594956085206704e+01,2.298575477659955624e+00,2.549999999999999822e+00,2.805594956085206704e+01,2.298575477659955624e+00,2.801007794063963985e+01,2.539385960508852680e+00
4.697208453342290113e+01,1.250000000000000000e-01,2.800000000894954155e+01,2.805616797261409090e+01,2.298260079504673037e+00,2.549999999999999822e+00,2.805616797261409090e+01,2.298260079504673037e+00,2.801013023097720378e+01,2.539358618714928184e+00
4.709708453342290113e+01,1.250000000000000000e-01,2.800000000932171318e+01,2.805638664630845724e+01,2.297945150921907764e+00,2.549999999999999822e+00,2.805638664630845724e+01,2.297945150921907764e+00,2.801018265051523670e+01,2.539331280712711525e+00
4.722208453342290113e+01,1.250000000000000000e-01,2.800000000970744196e+01,2.805660558151900474e+01,2.297630690034102585e+00,2.549999999999999822e+00,2.805660558151900474e+01,2.297630690034102585e+00,2.801023519921536220e+01,2.539303946496580977e+00
4.734708453342290113e+01,1.250000000000000000e-01,2.800000001010714712e+01,2.805682477783127027e+01,2.297316694976131668e+00,2.549999999999999822e+00,2.805682477783127027e+01,2.297316694976131668e+00,2.801028787703928558e+01,2.539276616060933023e+00
4.747208453342290113e+01,1.250000000000000000e-01,2.800000001052126208e+01,2.805704423483244980e+01,2.297003163895185551e+00,2.549999999999999822e+00,2.805704423483244980e+01,2.297003163895185551e+00,2.801034068394877607e+01,2.539249289400190346e+00
4.759708453342290113e+01,1.250000000000000000e-01,2.800000001095022029e+01,2.805726395211141266e+01,2.296690094950657457e+00,2.549999999999999822e+00,2.805726395211141266e+01,2.296690094950657457e+00,2.801039361990563137e+01,2.539221966508796058e+00
4.772208453342290113e+01,1.250000000000000000e-01,2.800000001139448713e+01,2.805748392925867307e+01,2.296377486314030936e+00,2.549999999999999822e+00,2.805748392925867307e+01,2.296377486314030936e+00,2.801044668487175215e+01,2.539194647381215475e+00
4.784708453342290113e+01,1.250000000000000000e-01,2.800000001185451737e+01,2.805770416586639016e+01,2.296065336168771953e+00,2.549999999999999822e+00,2.805770416586639016e+01,2.296065336168771953e+00,2.801049987880906755e+01,2.539167332011936118e+00
4.797208453342290113e+01,1.250000000000000000e-01,2.800000001233079416e+01,2.805792466152835019e+01,2.295753642710214315e+00,2.549999999999999822e+00,2.805792466152835019e+01,2.295753642710214315e+00,2.801055320167958484e+01,2.539140020395465491e+00
4.809708453342290113e+01,1.250000000000000000e-01,2.800000001282379714e+01,2.805814541583995236e+01,2.295442404145456639e+00,2.549999999999999822e+00,2.805814541583995236e+01,2.295442404145456639e+00,2.801060665344533618e+01,2.539112712526336413e+00
4.822208453342290113e+01,1.250000000000000000e-01,2.800000001333403077e+01,2.805836642839821238e+01,2.295131618693249997e+00,2.549999999999999822e+00,2.805836642839821238e+01,2.295131618693249997e+00,2.801066023406848160e+01,2.539085408399099020e+00
4.834708453342290113e+01,1.250000000000000000e-01,2.800000001386200310e+01,2.805858769880173753e+01,2.294821284583897558e+00,2.549999999999999822e+00,2.805858769880173753e+01,2.294821284583897558e+00,2.801071394351116339e+01,2.539058108008326986e+00
4.847208453342290113e+01,1.250000000000000000e-01,2.800000001440823993e+01,2.805880922665073385e+01,2.294511400059146222e+00,2.549999999999999822e+00,2.805880922665073385e+01,2.294511400059146222e+00,2.801076778173562687e+01,2.539030811348615746e+00
4.859708453342290113e+01,1.250000000000000000e-01,2.800000001497327418e+01,2.805903101154696699e+01,2.294201963372084929e+00,2.549999999999999822e+00,2.805903101154696699e+01,2.294201963372084929e+00,2.801082174870417774e+01,2.539003518414579830e+00
4.872208453342290113e+01,1.250000000000000000e-01,2.800000001555765650e+01,2.805925305309378004e+01,2.293892972787042961e+00,2.549999999999999822e+00,2.805925305309378004e+01,2.293892972787042961e+00,2.801087584437915012e+01,2.538976229200856416e+00
4.884708453342290113e+01,1.250000000000000000e-01,2.800000001616194467e+01,2.805947535089607570e+01,2.293584426579487801e+00,2.549999999999999822e+00,2.805947535089607570e+01,2.293584426579487801e+00,2.801093006872296698e+01,2.538948943702100447e+00
4.897208453342290113e+01,1.250000000000000000e-01,2.800000001678672135e+01,2.805969790456030211e+01,2.293276323035924769e+00,2.549999999999999822e+00,2.805969790456030211e+01,2.293276323035924769e+00,2.801098442169809033e+01,2.538921661912993066e+00
4.909708453342290113e+01,1.250000000000000000e-01,2.800000001743256206e+01,2.805992071369442797e+01,2.292968660453802876e+00,2.549999999999999822e+00,2.805992071369442797e+01,2.292968660453802876e+00,2.801103890326704260e+01,2.538894383828229184e+00
4.922208453342290113e+01,1.250000000000000000e-01,2.800000001810008143e+01,2.806014377790797099e+01,2.292661437141410463e+00,2.549999999999999822e+00,2.806014377790797099e+01,2.292661437141410463e+00,2.801109351339241016e+01,2.538867109442529912e+00
4.934708453342290113e+01,1.250000000000000000e-01,2.800000001878989053e+01,2.806036709681195873e+01,2.292354651417784606e+00,2.549999999999999822e+00,2.806036709681195873e+01,2.292354651417784606e+00,2.801114825203684333e+01,2.538839838750632794e+00
4.947208453342290113e+01,1.250000000000000000e-01,2.800000001950261463e+01,2.806059067001892160e+01,2.292048301612612971e+00,2.549999999999999822e+00,2.806059067001892160e+01,2.292048301612612971e+00,2.801120311916301020e+01,2.538812571747296687e+00
4.959708453342290113e+01,1.250000000000000000e-01,2.800000002023890744e+01,2.806081449714289633e+01,2.291742386066141002e+00,2.549999999999999822e+00,2.806081449714289633e+01,2.291742386066141002e+00,2.801125811473371030e+01,2.538785308427302212e+00
4.972208453342290113e+01,1.250000000000000000e-01,2.800000002099941199e+01,2.806103857779939759e+01,2.291436903129077773e+00,2.549999999999999822e+00,2.806103857779939759e+01,2.291436903129077773e+00,2.801131323871170764e+01,2.538758048785445975e+00
4.984708453342290113e+01,1.250000000000000000e-01,2.800000002178481395e+01,2.806126291160542152e+01,2.291131851162503175e+00,2.549999999999999822e+00,2.806126291160542152e+01,2.291131851162503175e+00,2.801136849105990123e+01,2.538730792816548121e+00
4.997208453342290113e+01,1.250000000000000000e-01,2.800000002259579546e+01,2.806148749817944577e+01,2.290827228537779536e+00,2.549999999999999822e+00,2.806148749817944577e+01,2.290827228537779536e+00,2.801142387174119719e+01,2.538703540515446555e+00
5.009708453342290113e+01,1.250000000000000000e-01,2.800000002343306349e+01,2.806171233714139746e+01,2.290523033636459704e+00,2.549999999999999822e+00,2.806171233714139746e+01,2.290523033636459704e+00,2.801147938071856558e+01,2.538676291876997837e+00
5.022208453342290113e+01,1.250000000000000000e-01,2.800000002429733925e+01,2.806193742811264968e+01,2.290219264850198222e+00,2.549999999999999822e+00,2.806193742811264968e+01,2.290219264850198222e+00,2.801153501795506173e+01,2.538649046896079398e+00
5.034708453342290113e+01,1.250000000000000000e-01,2.800000002518934750e+01,2.806216277071603926e+01,2.289915920580664732e+00,2.549999999999999822e+00,2.806216277071603926e+01,2.289915920580664732e+00,2.801159078341375519e+01,2.538621805567588208e+00
5.047208453342290113e+01,1.250000000000000000e-01,2.800000002610984851e+01,2.806238836457581698e+01,2.289612999239453384e+00,2.549999999999999822e+00,2.806238836457581698e+01,2.289612999239453384e+00,2.801164667705781142e+01,2.538594567886439002e+00
5.059708453342290113e+01,1.250000000000000000e-01,2.800000002705960966e+01,2.806261420931765826e+01,2.289310499248001562e+00,2.549999999999999822e+00,2.806261420931765826e+01,2.289310499248001562e+00,2.801170269885040298e+01,2.538567333847566054e+00
5.072208453342290113e+01,1.250000000000000000e-01,2.800000002803940546e+01,2.806284030456866674e+01,2.289008419037500630e+00,2.549999999999999822e+00,2.806284030456866674e+01,2.289008419037500630e+00,2.801175884875481259e+01,2.538540103445922735e+00
5.084708453342290113e+01,1.250000000000000000e-01,2.800000002905004237e+01,2.806306664995734579e+01,2.288706757048815543e+00,2.549999999999999822e+00,2.806306664995734579e+01,2.288706757048815543e+00,2.801181512673433005e+01,2.538512876676481955e+00
5.097208453342290113e+01,1.250000000000000000e-01,2.800000003009233396e+01,2.806329324511359147e+01,2.288405511732398256e+00,2.549999999999999822e+00,2.806329324511359147e+01,2.288405511732398256e+00,2.801187153275231978e+01,2.538485653534232611e+00
5.109708453342290113e+01,1.250000000000000000e-01,2.800000003116712222e+01,2.806352008966869604e+01,2.288104681548206898e+00,2.549999999999999822e+00,2.806352008966869604e+01,2.288104681548206898e+00,2.801192806677221370e+01,2.538458434014184917e+00
5.122208453342290113e+01,1.250000000000000000e-01,2.800000003227524914e+01,2.806374718325534090e+01,2.287804264965625389e+00,2.549999999999999822e+00,2.806374718325534090e+01,2.287804264965625389e+00,2.801198472875745793e+01,2.538431218111366849e+00
5.134708453342290113e+01,1.250000000000000000e-01,2.800000003341759580e+01,2.806397452550755744e+01,2.287504260463380845e+00,2.549999999999999822e+00,2.806397452550755744e+01,2.287504260463380845e+00,2.801204151867160164e+01,2.538404005820822817e+00
5.147208453342290113e+01,1.250000000000000000e-01,2.800000003459503972e+01,2.806420211606075554e+01,2.287204666529465413e+00,2.549999999999999822e+00,2.806420211606075554e+01,2.287204666529465413e+00,2.801209843647820108e+01,2.538376797137618102e+00
5.159708453342290113e+01,1.250000000000000000e-01,2.800000003580849395e+01,2.806442995455170930e+01,2.286905481661058115e+00,2.549999999999999822e+00,2.806442995455170930e+01,2.286905481661058115e+00,2.801215548214090845e+01,2.538349592056833970e+00
5.172208453342290113e+01,1.250000000000000000e-01,2.800000003705887863e+01,2.806465804061851799e+01,2.286606704364444020e+00,2.549999999999999822e+00,2.806465804061851799e+01,2.286606704364444020e+00,2.801221265562339369e+01,2.538322390573573006e+00
5.184708453342290113e+01,1.250000000000000000e-01,2.800000003834713880e+01,2.806488637390064511e+01,2.286308333154940975e+00,2.549999999999999822e+00,2.806488637390064511e+01,2.286308333154940975e+00,2.801226995688940846e+01,2.538295192682951118e+00
5.197208453342290113e+01,1.250000000000000000e-01,2.800000003967424433e+01,2.806511495403886158e+01,2.286010366556820550e+00,2.549999999999999822e+00,2.806511495403886158e+01,2.286010366556820550e+00,2.801232738590273286e+01,2.538267998380104196e+00
5.209708453342290113e+01,1.250000000000000000e-01,2.800000004104116513e+01,2.806534378067527413e+01,2.285712803103234325e+00,2.549999999999999822e+00,2.806534378067527413e+01,2.285712803103234325e+00,2.801238494262720735e+01,2.538240807660186782e+00
5.222208453342290113e+01,1.250000000000000000e-01,2.800000004244891016e+01,2.806557285345330399e+01,2.285415641336138393e+00,2.549999999999999822e+00,2.806557285345330399e+01,2.285415641336138393e+00,2.801244262702672572e+01,2.538213620518368074e+00
5.234708453342290113e+01,1.250000000000000000e-01,2.800000004389850616e+01,2.806580217201768335e+01,2.285118879806220082e+00,2.549999999999999822e+00,2.806580217201768335e+01,2.285118879806220082e+00,2.801250043906525278e+01,2.538186436949838143e+00
5.247208453342290113e+01,1.250000000000000000e-01,2.800000004539098697e+01,2.806603173601443402e+01,2.284822517072825132e+00,2.549999999999999822e+00,2.806603173601443402e+01,2.284822517072825132e+00,2.801255837870677468e+01,2.538159256949802600e+00
5.259708453342290113e+01,1.250000000000000000e-01,2.800000004692741484e+01,2.806626154509087812e+01,2.284526551703884856e+00,2.549999999999999822e+00,2.806626154509087812e+01,2.284526551703884856e+00,2.801261644591534861e+01,2.538132080513483935e+00
5.272208453342290113e+01,1.250000000000000000e-01,2.800000004850888047e+01,2.806649159889560963e+01,2.284230982275844202e+00,2.549999999999999822e+00,2.806649159889560963e+01,2.284230982275844202e+00,2.801267464065506374e+01,2.538104907636122398e+00
5.284708453342290113e+01,1.250000000000000000e-01,2.800000005013648519e+01,2.806672189707851572e+01,2.283935807373594695e+00,2.549999999999999822e+00,2.806672189707851572e+01,2.283935807373594695e+00,2.801273296289010517e+01,2.538077738312976450e+00
5.297208453342290113e+01,1.250000000000000000e-01,2.800000005181135521e+01,2.806695243929073769e+01,2.283641025590398055e+00,2.549999999999999822e+00,2.806695243929073769e+01,2.283641025590398055e+00,2.801279141258463312e+01,2.538050572539318761e+00
5.309708453342290113e+01,1.250000000000000000e-01,2.800000005353463450e+01,2.806718322518468511e+01,2.283346635527824464e+00,2.549999999999999822e+00,2.806718322518468511e+01,2.283346635527824464e+00,2.801284998970294993e+01,2.538023410310440653e+00
5.322208453342290113e+01,1.250000000000000000e-01,2.800000005530749903e+01,2.806741425441402527e+01,2.283052635795677521e+00,2.549999999999999822e+00,2.806741425441402527e+01,2.283052635795677521e+00,2.801290869420932594e+01,2.537996251621649879e+00
5.334708453342290113e+01,1.250000000000000000e-01,2.800000005713113893e+01,2.806764552663365819e+01,2.282759025011931175e+00,2.549999999999999822e+00,2.806764552663365819e+01,2.282759025011931175e+00,2.801296752606815588e+01,2.537969096468271069e+00
5.347208453342290113e+01,1.250000000000000000e-01,2.800000005900676925e+01,2.806787704149973095e+01,2.282465801802660899e+00,2.549999999999999822e+00,2.806787704149973095e+01,2.282465801802660899e+00,2.801302648524380601e+01,2.537941944845644837e+00
5.359708453342290113e+01,1.250000000000000000e-01,2.800000006093562277e+01,2.806810879866963049e+01,2.282172964801977511e+00,2.549999999999999822e+00,2.806810879866963049e+01,2.282172964801977511e+00,2.801308557170077762e+01,2.537914796749128676e+00
5.372208453342290113e+01,1.250000000000000000e-01,2.800000006291896426e+01,2.806834079780195168e+01,2.281880512651960569e+00,2.549999999999999822e+00,2.806834079780195168e+01,2.281880512651960569e+00,2.801314478540354358e+01,2.537887652174095177e+00
5.384708453342290113e+01,1.250000000000000000e-01,2.800000006495807625e+01,2.806857303855651864e+01,2.281588444002596194e+00,2.549999999999999822e+00,2.806857303855651864e+01,2.281588444002596194e+00,2.801320412631669399e+01,2.537860511115936024e+00
5.397208453342290113e+01,1.250000000000000000e-01,2.800000006705427325e+01,2.806880552059435630e+01,2.281296757511710460e+00,2.549999999999999822e+00,2.806880552059435630e+01,2.281296757511710460e+00,2.801326359440481539e+01,2.537833373570055784e+00
5.409708453342290113e+01,1.250000000000000000e-01,2.800000006920887330e+01,2.806903824357770461e+01,2.281005451844905885e+00,2.549999999999999822e+00,2.806903824357770461e+01,2.281005451844905885e+00,2.801332318963257961e+01,2.537806239531877672e+00
5.422208453342290113e+01,1.250000000000000000e-01,2.800000007142324421e+01,2.806927120716998658e+01,2.280714525675499704e+00,2.549999999999999822e+00,2.806927120716998658e+01,2.280714525675499704e+00,2.801338291196468333e+01,2.537779108996838229e+00
5.434708453342290113e+01,1.250000000000000000e-01,2.800000007369876442e+01,2.806950441103582250e+01,2.280423977684461700e+00,2.549999999999999822e+00,2.806950441103582250e+01,2.280423977684461700e+00,2.801344276136588718e+01,2.537751981960393532e+00
5.447208453342290113e+01,1.250000000000000000e-01,2.800000007603684082e+01,2.806973785484101924e+01,2.280133806560351584e+00,2.549999999999999822e+00,2.806973785484101924e+01,2.280133806560351584e+00,2.801350273780100153e+01,2.537724858418012541e+00
5.459708453342290113e+01,1.250000000000000000e-01,2.800000007843890160e+01,2.806997153825254898e+01,2.279844010999258153e+00,2.549999999999999822e+00,2.806997153825254898e+01,2.279844010999258153e+00,2.801356284123488649e+01,2.537697738365178868e+00
5.472208453342290113e+01,1.250000000000000000e-01,2.800000008090639980e+01,2.807020546093854918e+01,2.279554589704739787e+00,2.549999999999999822e+00,2.807020546093854918e+01,2.279554589704739787e+00,2.801362307163242704e+01,2.537670621797396553e+00
5.484708453342290113e+01,1.250000000000000000e-01,2.800000008344082403e+01,2.807043962256834035e+01,2.279265541387764049e+00,2.549999999999999822e+00,2.807043962256834035e+01,2.279265541387764049e+00,2.801368342895860053e+01,2.537643508710179407e+00
5.497208453342290113e+01,1.250000000000000000e-01,2.800000008604368418e+01,2.807067402281237634e+01,2.278976864766648180e+00,2.549999999999999822e+00,2.807067402281237634e+01,2.278976864766648180e+00,2.801374391317838786e+01,2.537616399099061670e+00
5.509708453342290113e+01,1.250000000000000000e-01,2.800000008871651502e+01,2.807090866134226559e+01,2.278688558567002698e+00,2.549999999999999822e+00,2.807090866134226559e+01,2.278688558567002698e+00,2.801380452425684453e+01,2.537589292959588683e+00
5.522208453342290113e+01,1.250000000000000000e-01,2.800000009146087621e+01,2.807114353783076766e+01,2.278400621521670555e+00,2.549999999999999822e+00,2.807114353783076766e+01,2.278400621521670555e+00,2.801386526215906159e+01,2.537562190287323993e+00
5.534708453342290113e+01,1.250000000000000000e-01,2.800000009427835934e+01,2.807137865195176829e+01,2.278113052370671188e+00,2.549999999999999822e+00,2.807137865195176829e+01,2.278113052370671188e+00,2.801392612685020467e+01,2.537535091077845806e+00
5.547208453342290113e+01,1.250000000000000000e-01,2.800000009717057736e+01,2.807161400338028656e+01,2.277825849861145002e+00,2.549999999999999822e+00,2.807161400338028656e+01,2.277825849861145002e+00,2.801398711829543586e+01,2.537507995326746535e+00
5.559708453342290113e+01,1.250000000000000000e-01,2.800000010013917873e+01,2.807184959179246420e+01,2.277539012747295200e+00,2.549999999999999822e+00,2.807184959179246420e+01,2.277539012747295200e+00,2.801404823646002029e+01,2.537480903029632806e+00
5.572208453342290113e+01,1.250000000000000000e-01,2.800000010318583676e+01,2.807208541686555137e+01,2.277252539790333152e+00,2.549999999999999822e+00,2.807208541686555137e+01,2.277252539790333152e+00,2.801410948130923018e+01,2.537453814182128564e+00
5.584708453342290113e+01,1.250000000000000000e-01,2.800000010631225322e+01,2.807232147827792090e+01,2.276966429758424226e+00,2.549999999999999822e+00,2.807232147827792090e+01,2.276966429758424226e+00,2.801417085280841235e+01,2.537426728779871077e+00
5.597208453342290113e+01,1.250000000000000000e-01,2.800000010952015472e+01,2.807255777570905053e+01,2.276680681426630493e+00,2.549999999999999822e+00,2.807255777570905053e+01,2.276680681426630493e+00,2.801423235092294206e+01,2.537399646818512711e+00
5.609708453342290113e+01,1.250000000000000000e-01,2.800000011281129986e+01,2.807279430883949800e+01,2.276395293576859657e+00,2.549999999999999822e+00,2.807279430883949800e+01,2.276395293576859657e+00,2.801429397561825141e+01,2.537372568293720043e+00
5.622208453342290113e+01,1.250000000000000000e-01,2.800000011618748275e+01,2.807303107735092595e+01,2.276110264997812216e+00,2.549999999999999822e+00,2.807303107735092595e+01,2.276110264997812216e+00,2.801435572685979736e+01,2.537345493201175195e+00
5.634708453342290113e+01,1.250000000000000000e-01,2.800000011965051883e+01,2.807326808092608417e+01,2.275825594484923720e+00,2.549999999999999822e+00,2.807326808092608417e+01,2.275825594484923720e+00,2.801441760461313635e+01,2.537318421536573609e+00
5.647208453342290113e+01,1.250000000000000000e-01,2.800000012320225551e+01,2.807350531924879888e+01,2.275541280840319480e+00,2.549999999999999822e+00,2.807350531924879888e+01,2.275541280840319480e+00,2.801447960884380706e+01,2.537291353295624496e+00
5.659708453342290113e+01,1.250000000000000000e-01,2.800000012684457573e+01,2.807374279200396217e+01,2.275257322872755950e+00,2.549999999999999822e+00,2.807374279200396217e+01,2.275257322872755950e+00,2.801454173951743343e+01,2.537264288474055718e+00
5.672208453342290113e+01,1.250000000000000000e-01,2.800000013057938375e+01,2.807398049887754965e+01,2.274973719397575422e+00,2.549999999999999822e+00,2.807398049887754965e+01,2.274973719397575422e+00,2.801460399659968914e+01,2.537237227067603573e+00
5.684708453342290113e+01,1.250000000000000000e-01,2.800000013440862645e+01,2.807421843955658147e+01,2.274690469236649637e+00,2.549999999999999822e+00,2.807421843955658147e+01,2.274690469236649637e+00,2.801466638005626564e+01,2.537210169072021682e+00
5.697208453342290113e+01,1.250000000000000000e-01,2.800000013833427204e+01,2.807445661372914358e+01,2.274407571218334034e+00,2.549999999999999822e+00,2.807445661372914358e+01,2.274407571218334034e+00,2.801472888985292187e+01,2.537183114483078317e+00
5.709708453342290113e+01,1.250000000000000000e-01,2.800000014235832069e+01,2.807469502108436643e+01,2.274125024177416243e+00,2.549999999999999822e+00,2.807469502108436643e+01,2.274125024177416243e+00,2.801479152595545941e+01,2.537156063296554187e+00
5.722208453342290113e+01,1.250000000000000000e-01,2.800000014648281876e+01,2.807493366131243206e+01,2.273842826955065899e+00,2.549999999999999822e+00,2.807493366131243206e+01,2.273842826955065899e+00,2.801485428832970825e+01,2.537129015508243768e+00
5.734708453342290113e+01,1.250000000000000000e-01,2.800000015070982329e+01,2.807517253410455282e+01,2.273560978398787125e+00,2.549999999999999822e+00,2.807517253410455282e+01,2.273560978398787125e+00,2.801491717694155525e+01,2.537101971113957521e+00
5.747208453342290113e+01,1.250000000000000000e-01,2.800000015504144457e+01,2.807541163915298199e+01,2.273279477362371015e+00,2.549999999999999822e+00,2.807541163915298199e+01,2.273279477362371015e+00,2.801498019175696896e+01,2.537074930109517457e+00
5.759708453342290113e+01,1.250000000000000000e-01,2.800000015947981069e+01,2.807565097615098537e+01,2.272998322705844121e+00,2.549999999999999822e+00,2.807565097615098537e+01,2.272998322705844121e+00,2.801504333274189307e+01,2.537047892490760237e+00
5.772208453342290113e+01,1.250000000000000000e-01,2.800000016402709591e+01,2.807589054479286972e+01,2.272717513295424929e+00,2.549999999999999822e+00,2.807589054479286972e+01,2.272717513295424929e+00,2.801510659986236007e+01,2.537020858253536737e+00
5.784708453342290113e+01,1.250000000000000000e-01,2.800000016868549579e+01,2.807613034477394010e+01,2.272437048003475901e+00,2.549999999999999822e+00,2.807613034477394010e+01,2.272437048003475901e+00,2.801516999308444866e+01,2.536993827393709822e+00
5.797208453342290113e+01,1.250000000000000000e-01,2.800000017345724501e+01,2.807637037579052119e+01,2.272156925708456399e+00,2.549999999999999822e+00,2.807637037579052119e+01,2.272156925708456399e+00,2.801523351237427306e+01,2.536966799907157899e+00
5.809708453342290113e+01,1.250000000000000000e-01,2.800000017834462085e+01,2.807661063753994313e+01,2.271877145294876055e+00,2.549999999999999822e+00,2.807661063753994313e+01,2.271877145294876055e+00,2.801529715769797946e+01,2.536939775789770479e+00
5.822208453342290113e+01,1.250000000000000000e-01,2.800000018334992546e+01,2.807685112972052721e+01,2.271597705653250365e+00,2.549999999999999822e+00,2.807685112972052721e+01,2.271597705653250365e+00,2.801536092902176378e+01,2.536912755037453060e+00
5.834708453342290113e+01,1.250000000000000000e-01,2.800000018847549299e+01,2.807709185203159308e+01,2.271318605680056280e+00,2.549999999999999822e+00,2.807709185203159308e+01,2.271318605680056280e+00,2.801542482631189657e+01,2.536885737646122241e+00
5.847208453342290113e+01,1.250000000000000000e-01,2.800000019372370730e+01,2.807733280417345867e+01,2.271039844277685127e+00,2.549999999999999822e+00,2.807733280417345867e+01,2.271039844277685127e+00,2.801548884953465901e+01,2.536858723611707944e+00
5.859708453342290113e+01,1.250000000000000000e-01,2.800000019909697002e+01,2.807757398584741537e+01,2.270761420354400428e+00,2.549999999999999822e+00,2.807757398584741537e+01,2.270761420354400428e+00,2.801555299865637849e+01,2.536831712930154303e+00
5.872208453342290113e+01,1.250000000000000000e-01,2.800000020459773964e+01,2.807781539675572446e+01,2.270483332824292599e+00,2.549999999999999822e+00,2.807781539675572446e+01,2.270483332824292599e+00,2.801561727364342147e+01,2.536804705597418330e+00
5.884708453342290113e+01,1.250000000000000000e-01,2.800000021022849950e+01,2.807805703660163843e+01,2.270205580607237206e+00,2.549999999999999822e+00,2.807805703660163843e+01,2.270205580607237206e+00,2.801568167446224322e+01,2.536777701609470359e+00
5.897208453342290113e+01,1.250000000000000000e-01,2.800000021599176137e+01,2.807829890508936543e+01,2.269928162628850554e+00,2.549999999999999822e+00,2.807829890508936543e+01,2.269928162628850554e+00,2.801574620107928482e+01,2.536750700962292271e+00
5.909708453342290113e+01,1.250000000000000000e-01,2.800000022189009030e+01,2.807854100192407287e+01,2.269651077820447060e+00,2.549999999999999822e+00,2.807854100192407287e+01,2.269651077820447060e+00,2.801581085346105482e+01,2.536723703651880157e+00
5.922208453342290113e+01,1.250000000000000000e-01,2.800000022792608334e+01,2.807878332681190514e+01,2.269374325118997948e+00,2.549999999999999822e+00,2.807878332681190514e+01,2.269374325118997948e+00,2.801587563157411154e+01,2.536696709674241657e+00
5.934708453342290113e+01,1.250000000000000000e-01,2.800000023410236594e+01,2.807902587945993389e+01,2.269097903467089061e+00,2.549999999999999822e+00,2.807902587945993389e+01,2.269097903467089061e+00,2.801594053538504880e+01,2.536669719025397729e+00
5.947208453342290113e+01,1.250000000000000000e-01,2.800000024042162039e+01,2.807926865957619000e+01,2.268821811812880007e+00,2.549999999999999822e+00,2.807926865957619000e+01,2.268821811812880007e+00,2.801600556486049953e+01,2.536642731701383102e+00
5.959708453342290113e+01,1.250000000000000000e-01,2.800000024688655742e+01,2.807951166686964939e+01,2.268546049110061080e+00,2.549999999999999822e+00,2.807951166686964939e+01,2.268546049110061080e+00,2.801607071996715348e+01,2.536615747698244050e+00
5.972208453342290113e+01,1.250000000000000000e-01,2.800000025349991617e+01,2.807975490105022232e+01,2.268270614317815514e+00,2.549999999999999822e+00,2.807975490105022232e+01,2.268270614317815514e+00,2.801613600067170395e+01,2.536588767012038836e+00
5.984708453342290113e+01,1.250000000000000000e-01,2.800000026026449618e+01,2.807999836182874986e+01,2.267995506400776851e+00,2.549999999999999822e+00,2.807999836182874986e+01,2.267995506400776851e+00,2.801620140694096506e+01,2.536561789638837716e+00
5.997208453342290113e+01,1.250000000000000000e-01,2.800000026718312185e+01,2.808024204891699682e+01,2.267720724328991189e+00,2.549999999999999822e+00,2.808024204891699682e+01,2.267720724328991189e+00,2.801626693874170471e+01,2.536534815574726487e+00
6.000000000000000000e+01,2.791546657709886858e-02,2.800000026874954884e+01,2.808029650091162210e+01,2.267659403377245031e+00,2.549999999999999822e+00,2.808029650091162210e+01,2.267659403377245031e+00,2.801628159069211677e+01,2.536528792077666683e+00
6.000299166532930428e+01,2.991665329304282750e-03,2.800000026891788707e+01,2.808030234509724821e+01,2.267652832652236938e+00,2.549999999999999822e+00,2.808030234509724821e+01,2.267652832652236938e+00,2.801628316130635099e+01,2.536528146556865870e+00
6.000826214531317504e+01,5.270479983870757223e-03,2.800000026921467011e+01,2.808031265573778867e+01,2.267641257325811122e+00,2.549999999999999822e+00,2.808031265573778867e+01,2.267641257325811122e+00,2.801628592852324218e+01,2.536527009333848781e+00
6.001940030639902801e+01,1.113816108585297115e-02,2.800000026984278634e+01,2.808033448110028374e+01,2.267616796978833893e+00,2.549999999999999822e+00,2.808033448110028374e+01,2.267616796978833893e+00,2.801629177748797161e+01,2.536524606047759534e+00
6.003776313363614037e+01,1.836282723711235576e-02,2.800000027088106691e+01,2.808037053594800980e+01,2.267576476305374733e+00,2.549999999999999822e+00,2.808037053594800980e+01,2.267576476305374733e+00,2.801630142322191475e+01,2.536520643949486953e+00
6.006499505219514390e+01,2.723191855900353175e-02,2.800000027242712974e+01,2.808042412786606334e+01,2.267516694018189671e+00,2.549999999999999822e+00,2.808042412786606334e+01,2.267516694018189671e+00,2.801631573438940848e+01,2.536514768322382984e+00
6.010242834001100931e+01,3.743328781586541254e-02,2.800000027456468388e+01,2.808049798333107461e+01,2.267434541817365812e+00,2.549999999999999822e+00,2.808049798333107461e+01,2.267434541817365812e+00,2.801633541958320706e+01,2.536506691878260611e+00
6.015121125008958813e+01,4.878291007857882278e-02,2.800000027737188546e+01,2.808059449738400914e+01,2.267327525071664240e+00,2.549999999999999822e+00,2.808059449738400914e+01,2.267327525071664240e+00,2.801636109566566546e+01,2.536496167133452495e+00
6.021233884610089859e+01,6.112759601131045883e-02,2.800000028092410886e+01,2.808071579278283636e+01,2.267193497012325754e+00,2.549999999999999822e+00,2.808071579278283636e+01,2.267193497012325754e+00,2.801639330495788371e+01,2.536482979775187552e+00
6.028668641310595433e+01,7.434756700505573690e-02,2.800000028529698426e+01,2.808086378455676169e+01,2.267030587133211483e+00,2.549999999999999822e+00,2.808086378455676169e+01,2.267030587133211483e+00,2.801643253371967290e+01,2.536466941471080982e+00
6.036103398011101007e+01,7.434756700505573690e-02,2.800000028972799626e+01,2.808101222793997920e+01,2.266867791421604217e+00,2.549999999999999822e+00,2.808101222793997920e+01,2.266867791421604217e+00,2.801647182128979097e+01,2.536450904333825029e+00
6.046226598682300590e+01,1.012320067119958367e-01,2.800000029585587313e+01,2.808121500193837861e+01,2.266646311137247238e+00,2.549999999999999822e+00,2.808121500193837861e+01,2.266646311137247238e+00,2.801652540991951668e+01,2.536429069964776239e+00
6.056349799353500174e+01,1.012320067119958367e-01,2.800000030209429980e+01,2.808141846324876312e+01,2.266425041525413242e+00,2.549999999999999822e+00,2.808141846324876312e+01,2.266425041525413242e+00,2.801657910742328639e+01,2.536407237755470501e+00
6.069387720764041916e+01,1.303792141054174181e-01,2.800000031029444614e+01,2.808168143532126848e+01,2.266140372399330971e+00,2.549999999999999822e+00,2.808168143532126848e+01,2.266140372399330971e+00,2.801664842605365280e+01,2.536379122689944143e+00
6.082425642174583658e+01,1.303792141054174181e-01,2.800000031868419015e+01,2.808194537817940883e+01,2.265856050644968978e+00,2.549999999999999822e+00,2.808194537817940883e+01,2.265856050644968978e+00,2.801671792499501734e+01,2.536351011199147187e+00
6.098604222815544773e+01,1.617858064096111548e-01,2.800000032936390681e+01,2.808227415873054866e+01,2.265503720859827208e+00,2.549999999999999822e+00,2.808227415873054866e+01,2.265503720859827208e+00,2.801680441577247294e+01,2.536316132993359673e+00
6.114782803456505889e+01,1.617858064096111548e-01,2.800000034034802354e+01,2.808260424741839856e+01,2.265151922017853092e+00,2.549999999999999822e+00,2.808260424741839856e+01,2.265151922017853092e+00,2.801689118371592002e+01,2.536281260276992633e+00
6.134299599568955585e+01,1.951679611244969692e-01,2.800000035401370724e+01,2.808300408543260573e+01,2.264728238107347469e+00,2.549999999999999822e+00,2.808300408543260573e+01,2.264728238107347469e+00,2.801699622347390672e+01,2.536239199374939801e+00
6.153816395681405282e+01,1.951679611244969692e-01,2.800000036814528670e+01,2.808340562418959863e+01,2.264305319991537058e+00,2.549999999999999822e+00,2.808340562418959863e+01,2.264305319991537058e+00,2.801710166582599015e+01,2.536197146434984173e+00
6.173333191793854979e+01,1.951679611244969692e-01,2.800000038275565828e+01,2.808380878358516952e+01,2.263883163975245694e+00,2.549999999999999822e+00,2.808380878358516952e+01,2.263883163975245694e+00,2.801720751039243851e+01,2.536155101442810977e+00
6.197991406607133769e+01,2.465821481327878928e-01,2.800000040192003681e+01,2.808432036484009231e+01,2.263350881039854379e+00,2.549999999999999822e+00,2.808432036484009231e+01,2.263350881039854379e+00,2.801734181272864888e+01,2.536101991645323572e+00
6.222649621420412558e+01,2.465821481327878928e-01,2.800000042189690319e+01,2.808483431713503009e+01,2.262819801473677117e+00,2.549999999999999822e+00,2.808483431713503009e+01,2.262819801473677117e+00,2.801747675582779351e+01,2.536048894483334148e+00
6.247307836233691347e+01,2.465821481327878928e-01,2.800000044271412136e+01,2.808535054824848842e+01,2.262289918049884552e+00,2.549999999999999822e+00,2.808535054824848842e+01,2.262289918049884552e+00,2.801761233901801873e+01,2.535995809928443201e+00
6.277423512990573329e+01,3.011567675688198165e-01,2.800000046932029107e+01,2.808598401187939686e+01,2.261644370685825134e+00,2.549999999999999822e+00,2.808598401187939686e+01,2.261644370685825134e+00,2.801777879739066890e+01,2.535930993532162780e+00
6.307539189747455310e+01,3.011567675688198165e-01,2.800000049727615448e+01,2.808662063701116551e+01,2.261000583991974011e+00,2.549999999999999822e+00,2.808662063701116551e+01,2.261000583991974011e+00,2.801794620844276906e+01,2.535866195847859661e+00
6.337654866504337292e+01,3.011567675688198165e-01,2.800000052663684613e+01,2.808726031999751882e+01,2.260358545254289364e+00,2.549999999999999822e+00,2.808726031999751882e+01,2.260358545254289364e+00,2.801811457107660530e+01,2.535801416824813970e+00
6.367770543261219274e+01,3.011567675688198165e-01,2.800000055745918104e+01,2.808790297097526079e+01,2.259718241915250836e+00,2.549999999999999822e+00,2.808790297097526079e+01,2.259718241915250836e+00,2.801828388422860172e+01,2.535736656412674428e+00
6.405346032949428547e+01,3.757548968820927371e-01,2.800000059805491759e+01,2.808870885280493823e+01,2.258921746665108810e+00,2.549999999999999822e+00,2.808870885280493823e+01,2.258921746665108810e+00,2.801849646843140462e+01,2.535655880523860706e+00
6.442921522637638532e+01,3.757548968820998425e-01,2.800000064113468312e+01,2.808951909814344816e+01,2.258127909958997481e+00,2.549999999999999822e+00,2.808951909814344816e+01,2.258127909958997481e+00,2.801871052881169888e+01,2.535575133433789041e+00
6.480497012325848516e+01,3.757548968820998425e-01,2.800000068682013321e+01,2.809033358908541800e+01,2.257336708380471624e+00,2.549999999999999822e+00,2.809033358908541800e+01,2.257336708380471624e+00,2.801892606347340120e+01,2.535494415046983807e+00
6.518072502014058500e+01,3.757548968820998425e-01,2.800000073523725064e+01,2.809115222112864174e+01,2.256548118857636620e+00,2.549999999999999822e+00,2.809115222112864174e+01,2.256548118857636620e+00,2.801914307056929587e+01,2.535413725268805596e+00
6.563219526662768999e+01,4.514702464871049870e-01,2.800000079720769008e+01,2.809214115455788985e+01,2.255604049518550536e+00,2.549999999999999822e+00,2.809214115455788985e+01,2.255604049518550536e+00,2.801940574985276555e+01,2.535316814045991851e+00
6.608366551311479498e+01,4.514702464871049870e-01,2.800000086354495465e+01,2.809313578618978369e+01,2.254663679350994876e+00,2.549999999999999822e+00,2.809313578618978369e+01,2.254663679350994876e+00,2.801967054909651367e+01,2.535219943826241717e+00
6.653513575960189996e+01,4.514702464871049870e-01,2.800000093449352789e+01,2.809413598605951989e+01,2.253726970216233916e+00,2.549999999999999822e+00,2.809413598605951989e+01,2.253726970216233916e+00,2.801993746531892882e+01,2.535123114450058779e+00
6.698660600608900495e+01,4.514702464871049870e-01,2.800000101030773081e+01,2.809514163686206700e+01,2.252793884627014354e+00,2.549999999999999822e+00,2.809514163686206700e+01,2.252793884627014354e+00,2.802020649560375176e+01,2.535026325759583088e+00
6.743807625257610994e+01,4.514702464871049870e-01,2.800000109125195635e+01,2.809615263188305434e+01,2.251864385731444873e+00,2.549999999999999822e+00,2.809615263188305434e+01,2.251864385731444873e+00,2.802047763709395056e+01,2.534929577598568962e+00
6.788954649906321492e+01,4.514702464871049870e-01,2.800000117760085061e+01,2.809716887337756575e+01,2.250938437297532513e+00,2.549999999999999822e+00,2.809716887337756575e+01,2.250938437297532513e+00,2.802075088698656558e+01,2.534832869812350342e+00
6.843894697022622609e+01,5.494004711630111615e-01,2.800000129038364705e+01,2.809841249910552463e+01,2.249816375390623957e+00,2.549999999999999822e+00,2.809841249910552463e+01,2.249816375390623957e+00,2.802108624864954578e+01,2.534715238991856801e+00
6.898834744138923725e+01,5.494004711630111615e-01,2.800000141212823834e+01,2.809966361200428153e+01,2.248699455539551639e+00,2.549999999999999822e+00,2.809966361200428153e+01,2.248699455539551639e+00,2.802142472365747849e+01,2.534597667462077819e+00
6.953774791255224841e+01,5.494004711630111615e-01,2.800000154339386071e+01,2.810092207518098917e+01,2.247587615976254671e+00,2.549999999999999822e+00,2.810092207518098917e+01,2.247587615976254671e+00,2.802176630723156947e+01,2.534480154953443254e+00
7.008714838371525957e+01,5.494004711630111615e-01,2.800000168476428897e+01,2.810218776231133830e+01,2.246480796155855497e+00,2.549999999999999822e+00,2.810218776231133830e+01,2.246480796155855497e+00,2.802211099467776378e+01,2.534362701199607937e+00
7.063654885487827073e+01,5.494004711630111615e-01,2.800000183684836941e+01,2.810346055620447459e+01,2.245378936722639995e+00,2.549999999999999822e+00,2.810346055620447459e+01,2.245378936722639995e+00,2.802245878138037938e+01,2.534245305937387727e+00
7.118594932604128189e+01,5.494004711630111615e-01,2.800000200028053499e+01,2.810474034763081264e+01,2.244281979477329880e+00,2.549999999999999822e+00,2.810474034763081264e+01,2.244281979477329880e+00,2.802280966279659680e+01,2.534127968906700445e+00
7.173534979720429305e+01,5.494004711630111615e-01,2.800000217572134176e+01,2.810602703435378658e+01,2.243189867345550592e+00,2.549999999999999822e+00,2.810602703435378658e+01,2.243189867345550592e+00,2.802316363445165948e+01,2.534010689850503706e+00
7.228475026836730422e+01,5.494004711630111615e-01,2.800000236385797692e+01,2.810732052032197714e+01,2.242102544347445381e+00,2.549999999999999822e+00,2.810732052032197714e+01,2.242102544347445381e+00,2.802352069193467443e+01,2.533893468514733627e+00
7.283415073953031538e+01,5.494004711630111615e-01,2.800000256540473842e+01,2.810862071498883097e+01,2.241019955568364974e+00,2.549999999999999822e+00,2.810862071498883097e+01,2.241019955568364974e+00,2.802388083089478243e+01,2.533776304648254207e+00
7.338355121069332654e+01,5.494004711630111615e-01,2.800000278110353591e+01,2.810992753273513856e+01,2.239942047130593750e+00,2.549999999999999822e+00,2.810992753273513856e+01,2.239942047130593750e+00,2.802424404703786820e+01,2.533659198002794710e+00
7.393295168185633770e+01,5.494004711630111615e-01,2.800000301172438100e+01,2.811124089237502588e+01,2.238868766166042690e+00,2.549999999999999822e+00,2.811124089237502588e+01,2.238868766166042690e+00,2.802461033612351216e+01,2.533542148332902144e+00
7.448235215301934886e+01,5.494004711630111615e-01,2.800000325806582424e+01,2.811256071673053114e+01,2.237800060789889578e+00,2.549999999999999822e+00,2.811256071673053114e+01,2.237800060789889578e+00,2.802497969396227973e+01,2.533425155395884421e+00
7.514214843580683123e+01,6.597962827874823688e-01,2.800000357585212996e+01,2.811415418514843267e+01,2.236522586487818209e+00,2.549999999999999822e+00,2.811415418514843267e+01,2.236522586487818209e+00,2.802542731989843361e+01,2.533284728690962773e+00
7.580194471859431360e+01,6.597962827874823688e-01,2.800000391899628127e+01,2.811575675033691724e+01,2.235251551510647694e+00,2.549999999999999822e+00,2.811575675033691724e+01,2.235251551510647694e+00,2.802587935870106861e+01,2.533144383052674087e+00
7.646174100138179597e+01,6.597962827874823688e-01,2.800000428905024563e+01,2.811736829740297594e+01,2.233986871305843280e+00,2.549999999999999822e+00,2.811736829740297594e+01,2.233986871305843280e+00,2.802633580337698405e+01,2.533004118075835365e+00
7.712153728416927834e+01,6.597962827874823688e-01,2.800000468762935668e+01,2.811898871706664593e+01,2.232728463145866815e+00,2.549999999999999822e+00,2.811898871706664593e+01,2.232728463145866815e+00,2.802679664701971163e+01,2.532863933360562925e+00
7.778133356695676071e+01,6.597962827874823688e-01,2.800000511641332679e+01,2.812061790514353632e+01,2.231476246073446745e+00,2.549999999999999822e+00,2.812061790514353632e+01,2.231476246073446745e+00,2.802726188280525577e+01,2.532723828512154718e+00
7.844112984974424307e+01,6.597962827874823688e-01,2.800000557714721339e+01,2.812225576209442934e+01,2.230230140848953990e+00,2.549999999999999822e+00,2.812225576209442934e+01,2.230230140848953990e+00,2.802773150398845914e+01,2.532583803140983747e+00
7.910092613253172544e+01,6.597962827874823688e-01,2.800000607164231425e+01,2.812390219263115654e+01,2.228990069899791315e+00,2.549999999999999822e+00,2.812390219263115654e+01,2.228990069899791315e+00,2.802820550389949616e+01,2.532443856862388376e+00
7.976072241531920781e+01,6.597962827874823688e-01,2.800000660177708411e+01,2.812555710536983966e+01,2.227755957271680742e+00,2.549999999999999822e+00,2.812555710536983966e+01,2.227755957271680742e+00,2.802868387594071464e+01,2.532303989296568414e+00
8.042051869810669018e+01,6.597962827874823688e-01,2.800000716949793755e+01,2.812722041252440874e+01,2.226527728581783716e+00,2.549999999999999822e+00,2.812722041252440874e+01,2.226527728581783716e+00,2.802916661358378292e+01,2.532164200068485638e+00
8.108031498089417255e+01,6.597962827874823688e-01,2.800000777682007680e+01,2.812889202963446067e+01,2.225305310973554551e+00,2.549999999999999822e+00,2.812889202963446067e+01,2.225305310973554551e+00,2.802965371036694364e+01,2.532024488807763873e+00
8.174011126368165492e+01,6.597962827874823688e-01,2.800000842582822003e+01,2.813057187532264791e+01,2.224088633073256105e+00,2.549999999999999822e+00,2.813057187532264791e+01,2.224088633073256105e+00,2.803014515989263344e+01,2.531884855148593960e+00
8.239990754646913729e+01,6.597962827874823688e-01,2.800000911867734033e+01,2.813225987107747272e+01,2.222877624948054631e+00,2.549999999999999822e+00,2.813225987107747272e+01,2.222877624948054631e+00,2.803064095582507420e+01,2.531745298729644045e+00
8.305970382925661966e+01,6.597962827874823688e-01,2.800000985759332650e+01,2.813395594105819697e+01,2.221672218065634752e+00,2.549999999999999822e+00,2.813395594105819697e+01,2.221672218065634752e+00,2.803114109188822667e+01,2.531605819193963658e+00
8.371950011204410202e+01,6.597962827874823688e-01,2.800001064487361191e+01,2.813566001191893662e+01,2.220472345255256830e+00,2.549999999999999822e+00,2.813566001191893662e+01,2.220472345255256830e+00,2.803164556186371570e+01,2.531466416188904667e+00
8.437929639483158439e+01,6.597962827874823688e-01,2.800001148288776776e+01,2.813737201264959964e+01,2.219277940670198124e+00,2.549999999999999822e+00,2.813737201264959964e+01,2.219277940670198124e+00,2.803215435958902901e+01,2.531327089366026240e+00
8.503909267761906676e+01,6.597962827874823688e-01,2.800001237407802890e+01,2.813909187443156767e+01,2.218088939751523991e+00,2.549999999999999822e+00,2.813909187443156767e+01,2.218088939751523991e+00,2.803266747895571598e+01,2.531187838381021571e+00
8.569888896040654913e+01,6.597962827874823688e-01,2.800001332095983386e+01,2.814081953050639839e+01,2.216905279193114087e+00,2.549999999999999822e+00,2.814081953050639839e+01,2.216905279193114087e+00,2.803318491390777822e+01,2.531048662893630841e+00
8.635868524319403150e+01,6.597962827874823688e-01,2.800001432612225472e+01,2.814255491605601733e+01,2.215726896907912913e+00,2.549999999999999822e+00,2.814255491605601733e+01,2.215726896907912913e+00,2.803370665844011356e+01,2.530909562567566162e+00
8.701848152598151387e+01,6.597962827874823688e-01,2.800001539222842339e+01,2.814429796809318418e+01,2.214553731995336339e+00,2.549999999999999822e+00,2.814429796809318418e+01,2.214553731995336339e+00,2.803423270659703093e+01,2.530770537070433424e+00
8.767827780876899624e+01,6.597962827874823688e-01,2.800001652201590474e+01,2.814604862536099361e+01,2.213385724709789670e+00,2.549999999999999822e+00,2.814604862536099361e+01,2.213385724709789670e+00,2.803476305247091460e+01,2.530631586073661676e+00
8.833807409155647861e+01,6.597962827874823688e-01,2.800001771829705532e+01,2.814780682824053670e+01,2.212222816430256422e+00,2.549999999999999822e+00,2.814780682824053670e+01,2.212222816430256422e+00,2.803529769020090612e+01,2.530492709252425421e+00
8.899787037434396098e+01,6.597962827874823688e-01,2.800001898395928990e+01,2.814957251866584897e+01,2.211064949630907162e+00,2.549999999999999822e+00,2.814957251866584897e+01,2.211064949630907162e+00,2.803583661397165372e+01,2.530353906285580212e+00
8.965766665713144334e+01,6.597962827874823688e-01,2.800002032196535495e+01,2.815134564004537410e+01,2.209912067852690232e+00,2.549999999999999822e+00,2.815134564004537410e+01,2.209912067852690232e+00,2.803637981801214707e+01,2.530215176855588055e+00
9.031746293991892571e+01,6.597962827874823688e-01,2.800002173535354899e+01,2.815312613718933932e+01,2.208764115675863948e+00,2.549999999999999822e+00,2.815312613718933932e+01,2.208764115675863948e+00,2.803692729659464788e+01,2.530076520648459670e+00
9.097725922270640808e+01,6.597962827874823688e-01,2.800002322723787884e+01,2.815491395624243154e+01,2.207621038693428073e+00,2.549999999999999822e+00,2.815491395624243154e+01,2.207621038693428073e+00,2.803747904403356017e+01,2.529937937353675892e+00
9.176968673028234491e+01,7.924275075759368292e-01,2.800002512727338200e+01,2.815707076343622717e+01,2.206254550580359908e+00,2.549999999999999822e+00,2.815707076343622717e+01,2.206254550580359908e+00,2.803814733721253205e+01,2.529771592197761265e+00
9.256211423785828174e+01,7.924275075759368292e-01,2.800002715081152971e+01,2.815923796750758612e+01,2.204894926949276801e+00,2.549999999999999822e+00,2.815923796750758612e+01,2.204894926949276801e+00,2.803882177014191157e+01,2.529605351245482137e+00
9.335454174543421857e+01,7.924275075759368292e-01,2.800002930368153287e+01,2.816141548205630230e+01,2.203542079027191569e+00,2.549999999999999822e+00,2.816141548205630230e+01,2.203542079027191569e+00,2.803950233320116681e+01,2.529439213978026846e+00
9.414696925301015540e+01,7.924275075759368292e-01,2.800003159187087931e+01,2.816360322294997687e+01,2.202195919925586498e+00,2.549999999999999822e+00,2.816360322294997687e+01,2.202195919925586498e+00,2.804018901684898779e+01,2.529273179883261058e+00
9.493939676058609223e+01,7.924275075759368292e-01,2.800003402152525567e+01,2.816580110820975236e+01,2.200856364584939495e+00,2.549999999999999822e+00,2.816580110820975236e+01,2.200856364584939495e+00,2.804088181162123661e+01,2.529107248455594981e+00
9.573182426816202906e+01,7.924275075759368292e-01,2.800003659894846919e+01,2.816800905790467269e+01,2.199523329721325471e+00,2.549999999999999822e+00,2.816800905790467269e+01,2.199523329721325471e+00,2.804158070812899695e+01,2.528941419195837703e+00
9.652425177573796589e+01,7.924275075759368292e-01,2.800003933060214223e+01,2.817022699405377750e+01,2.198196733775010792e+00,2.549999999999999822e+00,2.817022699405377750e+01,2.198196733775010792e+00,2.804228569705670182e+01,2.528775691611070631e+00
9.731667928331390272e+01,7.924275075759368292e-01,2.800004222310546709e+01,2.817245484053519888e+01,2.196876496860944883e+00,2.549999999999999822e+00,2.817245484053519888e+01,2.196876496860944883e+00,2.804299676916037498e+01,2.528610065214514702e+00
9.810910679088983954e+01,7.924275075759368292e-01,2.800004528323474062e+01,2.817469252300165650e+01,2.195562540721062827e+00,2.549999999999999822e+00,2.817469252300165650e+01,2.195562540721062827e+00,2.804371391526593982e+01,2.528444539525406043e+00
9.890153429846577637e+01,7.924275075759368292e-01,2.800004851792294147e+01,2.817693996880169749e+01,2.194254788678321688e+00,2.549999999999999822e+00,2.817693996880169749e+01,2.194254788678321688e+00,2.804443712626763840e+01,2.528279114068871625e+00
9.969396180604171320e+01,7.924275075759368292e-01,2.800005193425914030e+01,2.817919710690620860e+01,2.192953165592392839e+00,2.549999999999999822e+00,2.817919710690620860e+01,2.192953165592392839e+00,2.804516639312641857e+01,2.528113788375816906e+00
1.004863893136176500e+02,7.924275075759368292e-01,2.800005553948792780e+01,2.818146386783969959e+01,2.191657597816937475e+00,2.549999999999999822e+00,2.818146386783969959e+01,2.191657597816937475e+00,2.804590170686852346e+01,2.527948561982803710e+00
1.012788168211935869e+02,7.924275075759368292e-01,2.800005934100869354e+01,2.818374018361600264e+01,2.190368013158396465e+00,2.549999999999999822e+00,2.818374018361600264e+01,2.190368013158396465e+00,2.804664305858405982e+01,2.527783434431939202e+00
1.020712443287695237e+02,7.924275075759368292e-01,2.800006334637492600e+01,2.818602598767796863e+01,2.189084340836233711e+00,2.549999999999999822e+00,2.818602598767796863e+01,2.189084340836233711e+00,2.804739043942563015e+01,2.527618405270773749e+00
1.028636718363454605e+02,7.924275075759368292e-01,2.800006756329340973e+01,2.818832121484083686e+01,2.187806511444560620e+00,2.549999999999999822e+00,2.818832121484083686e+01,2.187806511444560620e+00,2.804814384060703958e+01,2.527453474052183235e+00
1.036560993439213973e+02,7.924275075759368292e-01,2.800007199962341531e+01,2.819062580123902606e+01,2.186534456915095959e+00,2.549999999999999822e+00,2.819062580123902606e+01,2.186534456915095959e+00,2.804890325340207724e+01,2.527288640334278469e+00
1.044485268514973342e+02,7.924275075759368292e-01,2.800007666337580048e+01,2.819293968427601271e+01,2.185268110481397130e+00,2.549999999999999822e+00,2.819293968427601271e+01,2.185268110481397130e+00,2.804966866914321955e+01,2.527123903680294159e+00
1.052409543590732710e+02,7.924275075759368292e-01,2.800008156271211490e+01,2.819526280257708706e+01,2.184007406644309146e+00,2.549999999999999822e+00,2.819526280257708706e+01,2.184007406644309146e+00,2.805044007922061056e+01,2.526959263658497878e+00
1.060333818666492078e+02,7.924275075759368292e-01,2.800008670594366222e+01,2.819759509594479496e+01,2.182752281138587769e+00,2.549999999999999822e+00,2.819759509594479496e+01,2.182752281138587769e+00,2.805121747508081498e+01,2.526794719842091919e+00
1.068258093742251447e+02,7.924275075759368292e-01,2.800009210153048755e+01,2.819993650531680984e+01,2.181502670900639984e+00,2.549999999999999822e+00,2.819993650531680984e+01,2.181502670900639984e+00,2.805200084822583406e+01,2.526630271809122696e+00
1.076182368818010815e+02,7.924275075759368292e-01,2.800009775808042889e+01,2.820228697272609253e+01,2.180258514037341833e+00,2.549999999999999822e+00,2.820228697272609253e+01,2.180258514037341833e+00,2.805279019021202913e+01,2.526465919142387495e+00
1.084106643893770183e+02,7.924275075759368292e-01,2.800010368434804420e+01,2.820464644126316500e+01,2.179019749795891414e+00,2.549999999999999822e+00,2.820464644126316500e+01,2.179019749795891414e+00,2.805358549264912682e+01,2.526301661429350531e+00
1.092030918969529552e+02,7.924275075759368292e-01,2.800010988923359889e+01,2.820701485504036299e+01,2.177786318534647769e+00,2.549999999999999822e+00,2.820701485504036299e+01,2.177786318534647769e+00,2.805438674719927761e+01,2.526137498262052805e+00
1.099955194045288920e+02,7.924275075759368292e-01,2.800011638178197515e+01,2.820939215915790044e+01,2.176558161694924554e+00,2.549999999999999822e+00,2.820939215915790044e+01,2.176558161694924554e+00,2.805519394557607527e+01,2.525973429237033496e+00
1.107879469121048288e+02,7.924275075759368292e-01,2.800012317118161320e+01,2.821177829967164286e+01,2.175335221773697203e+00,2.549999999999999822e+00,2.821177829967164286e+01,2.175335221773697203e+00,2.805600707954368644e+01,2.525809453955246031e+00
1.115803744196807656e+02,7.924275075759368292e-01,2.800013026676339933e+01,2.821417322356247226e+01,2.174117442297186731e+00,2.549999999999999822e+00,2.821417322356247226e+01,2.174117442297186731e+00,2.805682614091597671e+01,2.525645572021976371e+00
1.123728019272567025e+02,7.924275075759368292e-01,2.800013767799958941e+01,2.821657687870714426e+01,2.172904767795286851e+00,2.549999999999999822e+00,2.821657687870714426e+01,2.172904767795286851e+00,2.805765112155566499e+01,2.525481783046769735e+00
1.131652294348326393e+02,7.924275075759368292e-01,2.800014541450266137e+01,2.821898921385052006e+01,2.171697143776803784e+00,2.549999999999999822e+00,2.821898921385052006e+01,2.171697143776803784e+00,2.805848201337348513e+01,2.525318086643355997e+00
1.139576569424085761e+02,7.924275075759368292e-01,2.800015348602421383e+01,2.822141017857910583e+01,2.170494516705473664e+00,2.549999999999999822e+00,2.822141017857910583e+01,2.170494516705473664e+00,2.805931880832741498e+01,2.525154482429571523e+00
1.149088799709984272e+02,9.512230285898510829e-01,2.800016363139801001e+01,2.822432761037389781e+01,2.169057418963830752e+00,2.549999999999999822e+00,2.822432761037389781e+01,2.169057418963830752e+00,2.806033107445403374e+01,2.524958214585722782e+00
1.158601029995882783e+02,9.512230285898510829e-01,2.800017429113664491e+01,2.822725732116673569e+01,2.167627356503261993e+00,2.549999999999999822e+00,2.822725732116673569e+01,2.167627356503261993e+00,2.806135182137859374e+01,2.524762078390363040e+00
1.168113260281781294e+02,9.512230285898510829e-01,2.800018548288744569e+01,2.823019922826144423e+01,2.166204241893795679e+00,2.549999999999999822e+00,2.823019922826144423e+01,2.166204241893795679e+00,2.806238103545121731e+01,2.524566073205053662e+00
1.177625490567679805e+02,9.512230285898510829e-01,2.800019722457614435e+01,2.823315325049582114e+01,2.164787989486883113e+00,2.549999999999999822e+00,2.823315325049582114e+01,2.164787989486883113e+00,2.806341870311339903e+01,2.524370198399258580e+00
1.187137720853578315e+02,9.512230285898510829e-01,2.800020953440392191e+01,2.823611930819021509e+01,2.163378515365063315e+00,2.549999999999999822e+00,2.823611930819021509e+01,2.163378515365063315e+00,2.806446481089636436e+01,2.524174453350183089e+00
1.196649951139476826e+02,9.512230285898510829e-01,2.800022243084452001e+01,2.823909732309879317e+01,2.161975737293447608e+00,2.549999999999999822e+00,2.823909732309879317e+01,2.161975737293447608e+00,2.806551934541938209e+01,2.523978837442620637e+00
1.200000000000000000e+02,3.350048860523173744e-01,2.800022711592426461e+01,2.824014896300286992e+01,2.161483281541149548e+00,2.549999999999999822e+00,2.824014896300286992e+01,2.161483281541149548e+00,2.806589273888218727e+01,2.523909975418449303e+00
1.200031153308905232e+02,3.115330890523182461e-03,2.800022715984745147e+01,2.824015873878026994e+01,2.161478705856524574e+00,2.549999999999999822e+00,2.824015873878026994e+01,2.161478705856524574e+00,2.806589621608141272e+01,2.523909335120460007e+00
1.200082078403411003e+02,5.092509450577153984e-03,2.800022723166111049e+01,2.824017470163296650e+01,2.161471226314109817e+00,2.549999999999999822e+00,2.824017470163296650e+01,2.161471226314109817e+00,2.806590190024696696e+01,2.523908288453364790e+00
1.200187269403677561e+02,1.051910002665579213e-02,2.800022738005512579e+01,2.824020763618494101e+01,2.161455777146089385e+00,2.549999999999999822e+00,2.824020763618494101e+01,2.161455777146089385e+00,2.806591364196122029e+01,2.523906126466879840e+00
1.200357750493292741e+02,1.704810896151798261e-02,2.800022762071358073e+01,2.824026093875458088e+01,2.161430740669427308e+00,2.549999999999999822e+00,2.824026093875458088e+01,2.161430740669427308e+00,2.806593267293565575e+01,2.523902622609067947e+00
1.200607674749650897e+02,2.499242563581560717e-02,2.800022797387321560e+01,2.824033896148990408e+01,2.161394041152918444e+00,2.549999999999999822e+00,2.824033896148990408e+01,2.161394041152918444e+00,2.806596057535718103e+01,2.523897486048956917e+00
1.200948489541223552e+02,3.408147915726544852e-02,2.800022845614952871e+01,2.824044518708079821e+01,2.161344002339414594e+00,2.549999999999999822e+00,2.824044518708079821e+01,2.161344002339414594e+00,2.806599863111481596e+01,2.523890481606745340e+00
1.201390076249490875e+02,4.415867082673230470e-02,2.800022908219718332e+01,2.824058258953970935e+01,2.161279180610556239e+00,2.549999999999999822e+00,2.824058258953970935e+01,2.161279180610556239e+00,2.806604794947902093e+01,2.523881406339950839e+00
1.201941014633526237e+02,5.509383840353621054e-02,2.800022986513311096e+01,2.824075372059178690e+01,2.161198326678662962e+00,2.549999999999999822e+00,2.824075372059178690e+01,2.161198326678662962e+00,2.806610949704681346e+01,2.523870084120094948e+00
1.202608865842171895e+02,6.678512086456578345e-02,2.800023081698381944e+01,2.824096080138166442e+01,2.161100344506436954e+00,2.549999999999999822e+00,2.824096080138166442e+01,2.161100344506436954e+00,2.806618412974512111e+01,2.523856359825516815e+00
1.203276717050817552e+02,6.678512086456578345e-02,2.800023177187701506e+01,2.824116754237598315e+01,2.161002394652895564e+00,2.549999999999999822e+00,2.824116754237598315e+01,2.161002394652895564e+00,2.806625878912703342e+01,2.523842636162389130e+00
1.204182144591365642e+02,9.054275405480893824e-02,2.800023307132693162e+01,2.824144736202196171e+01,2.160869652429079579e+00,2.549999999999999822e+00,2.824144736202196171e+01,2.160869652429079579e+00,2.806636004992624578e+01,2.523824031555232938e+00
1.205087572131913731e+02,9.054275405480893824e-02,2.800023437639754675e+01,2.824172671402028456e+01,2.160736969507491168e+00,2.549999999999999822e+00,2.824172671402028456e+01,2.160736969507491168e+00,2.806646135986889945e+01,2.523805428107793070e+00
1.206250210905291027e+02,1.162638773377295820e-01,2.800023606047784952e+01,2.824208482476299764e+01,2.160566681271955947e+00,2.549999999999999822e+00,2.824208482476299764e+01,2.160566681271955947e+00,2.806659152178792027e+01,2.523781541546753271e+00
1.207412849678668323e+02,1.162638773377295820e-01,2.800023775388795144e+01,2.824244234082830118e+01,2.160396490582874307e+00,2.549999999999999822e+00,2.824244234082830118e+01,2.160396490582874307e+00,2.806672176490033621e+01,2.523757656895977419e+00
1.208852347807976741e+02,1.439498129308418584e-01,2.800023986352928773e+01,2.824288426413292896e+01,2.160185907311013231e+00,2.549999999999999822e+00,2.824288426413292896e+01,2.160185907311013231e+00,2.806688313543676472e+01,2.523728087234651252e+00
1.210291845937285160e+02,1.439498129308418584e-01,2.800024198759306415e+01,2.824332546941590394e+01,2.159975473108252775e+00,2.549999999999999822e+00,2.824332546941590394e+01,2.159975473108252775e+00,2.806704463068542310e+01,2.523698520497966946e+00
1.212025425522053297e+02,1.733579584768136783e-01,2.800024456482882229e+01,2.824385596124872677e+01,2.159722245860432821e+00,2.549999999999999822e+00,2.824385596124872677e+01,2.159722245860432821e+00,2.806723928420806047e+01,2.523662917320534493e+00
1.213759005106821434e+02,1.733579584768136783e-01,2.800024716319520834e+01,2.824438562089483540e+01,2.159469233976407665e+00,2.549999999999999822e+00,2.824438562089483540e+01,2.159469233976407665e+00,2.806743411894894180e+01,2.523627318378209416e+00
1.215492584691589570e+02,1.733579584768136783e-01,2.800024978280922383e+01,2.824491453066559288e+01,2.159216436998738331e+00,2.549999999999999822e+00,2.824491453066559288e+01,2.159216436998738331e+00,2.806762913506858226e+01,2.523591723667411468e+00
1.217679141030396863e+02,2.186556338807292832e-01,2.800025311739961253e+01,2.824558067700923303e+01,2.158897891042616646e+00,2.549999999999999822e+00,2.824558067700923303e+01,2.158897891042616646e+00,2.806787536693111562e+01,2.523546834243515669e+00
1.219865697369204156e+02,2.186556338807292832e-01,2.800025648621474872e+01,2.824624585044043457e+01,2.158579685329412357e+00,2.549999999999999822e+00,2.824624585044043457e+01,2.158579685329412357e+00,2.806812188783669626e+01,2.523501951538579924e+00
1.222052253708011449e+02,2.186556338807292832e-01,2.800025988949135680e+01,2.824691014433615521e+01,2.158261818944296362e+00,2.549999999999999822e+00,2.824691014433615521e+01,2.158261818944296362e+00,2.806836869802247136e+01,2.523457075545471717e+00
1.224720443994251298e+02,2.668190286239848774e-01,2.800026408943862677e+01,2.824771968494920671e+01,2.157874394308171073e+00,2.549999999999999822e+00,2.824771968494920671e+01,2.157874394308171073e+00,2.806867026541049981e+01,2.523402323775026712e+00
1.227388634280491146e+02,2.668190286239848774e-01,2.800026834148761168e+01,2.824852815421850849e+01,2.157487471941663237e+00,2.549999999999999822e+00,2.824852815421850849e+01,2.157487471941663237e+00,2.806897226422699276e+01,2.523347581975420084e+00
1.230056824566730995e+02,2.668190286239848774e-01,2.800027264607280131e+01,2.824933565509745037e+01,2.157101050199746517e+00,2.549999999999999822e+00,2.824933565509745037e+01,2.157101050199746517e+00,2.806927469479061088e+01,2.523292850133806997e+00
1.232725014852970844e+02,2.668190286239848774e-01,2.800027700363029126e+01,2.825014227622599350e+01,2.156715127444753577e+00,2.549999999999999822e+00,2.825014227622599350e+01,2.156715127444753577e+00,2.806957755739015781e+01,2.523238128237384803e+00
1.236058562066492357e+02,3.333547213521512731e-01,2.800028252291589936e+01,2.825114892215527007e+01,2.156233667200184279e+00,2.549999999999999822e+00,2.825114892215527007e+01,2.156233667200184279e+00,2.806995655120632804e+01,2.523169774495252149e+00
1.239392109280013869e+02,3.333547213521512731e-01,2.800028812642711173e+01,2.825215444612808469e+01,2.155752980127076057e+00,2.549999999999999822e+00,2.825215444612808469e+01,2.155752980127076057e+00,2.807033622026670017e+01,2.523101436232022543e+00
1.242725656493535382e+02,3.333547213521512731e-01,2.800029381502474379e+01,2.825315896187297682e+01,2.155273063083216201e+00,2.549999999999999822e+00,2.825315896187297682e+01,2.155273063083216201e+00,2.807071656498709444e+01,2.523033113423001517e+00
1.246059203707056895e+02,3.333547213521512731e-01,2.800029958957344434e+01,2.825416256912421176e+01,2.154793912945994094e+00,2.549999999999999822e+00,2.825416256912421176e+01,2.154793912945994094e+00,2.807109758574172531e+01,2.522964806043599850e+00
1.250098301383000603e+02,4.039097675943708055e-01,2.800030670272408173e+01,2.825537750011714877e+01,2.154214373045677533e+00,2.549999999999999822e+00,2.825537750011714877e+01,2.154214373045677533e+00,2.807156015641616875e+01,2.522882061939544673e+00
1.254137399058944311e+02,4.039097675943708055e-01,2.800031394488684100e+01,2.825659136539675487e+01,2.153635949005645145e+00,2.549999999999999822e+00,2.825659136539675487e+01,2.153635949005645145e+00,2.807202372060672246e+01,2.522799340408376167e+00
1.258176496734888019e+02,4.039097675943708055e-01,2.800032131762205978e+01,2.825780428736415217e+01,2.153058635387638642e+00,2.549999999999999822e+00,2.825780428736415217e+01,2.153058635387638642e+00,2.807248827878855479e+01,2.522716641406934190e+00
1.262215594410831727e+02,4.039097675943708055e-01,2.800032882249814392e+01,2.825901637485484130e+01,2.152482426795701898e+00,2.549999999999999822e+00,2.825901637485484130e+01,2.152482426795701898e+00,2.807295383138217559e+01,2.522633964892263769e+00
1.266254692086775435e+02,4.039097675943708055e-01,2.800033646109152130e+01,2.826022772539138117e+01,2.151907317875945580e+00,2.549999999999999822e+00,2.826022772539138117e+01,2.151907317875945580e+00,2.807342037875933016e+01,2.522551310821622650e+00
1.271207543059303333e+02,4.952850972527897966e-01,2.800034601258269618e+01,2.826171223877722127e+01,2.151203596922800276e+00,2.549999999999999822e+00,2.826171223877722127e+01,2.151203596922800276e+00,2.807399383007777871e+01,2.522449988733556747e+00
1.276160394031831231e+02,4.952850972527897966e-01,2.800035577045602508e+01,2.826319592156294291e+01,2.150501511778655228e+00,2.549999999999999822e+00,2.826319592156294291e+01,2.150501511778655228e+00,2.807456877819981855e+01,2.522348700251113574e+00
1.281113245004358987e+02,4.952850972527755857e-01,2.800036573766689330e+01,2.826467890409432471e+01,2.149801052826917136e+00,2.549999999999999822e+00,2.826467890409432471e+01,2.149801052826917136e+00,2.807514522356929021e+01,2.522247445296744495e+00
1.286066095976886743e+02,4.952850972527755857e-01,2.800037591718837149e+01,2.826616130372613966e+01,2.149102210542795710e+00,2.549999999999999822e+00,2.826616130372613966e+01,2.149102210542795710e+00,2.807572316655824807e+01,2.522146223793356512e+00
1.291018946949414499e+02,4.952850972527755857e-01,2.800038631201108430e+01,2.826764322673509966e+01,2.148404975492260949e+00,2.549999999999999822e+00,2.826764322673509966e+01,2.148404975492260949e+00,2.807630260747387041e+01,2.522045035664303825e+00
1.295971797921942255e+02,4.952850972527755857e-01,2.800039692514308598e+01,2.826912476986194989e+01,2.147709338330989759e+00,2.549999999999999822e+00,2.826912476986194989e+01,2.147709338330989759e+00,2.807688354656442087e+01,2.521943880833390050e+00
1.302061018887801822e+02,6.089220965859567514e-01,2.800041027697869467e+01,2.827094584387961973e+01,2.146856272106920649e+00,2.549999999999999822e+00,2.827094584387961973e+01,2.146856272106920649e+00,2.807759982839399271e+01,2.521819562808501392e+00
1.308150239853661390e+02,6.089220965859567514e-01,2.800042396902400554e+01,2.827276662655662776e+01,2.146005590115780848e+00,2.549999999999999822e+00,2.827276662655662776e+01,2.146005590115780848e+00,2.807831837529145602e+01,2.521695294859958025e+00
1.314239460819520957e+02,6.089220965859567514e-01,2.800043800697548591e+01,2.827458725332647660e+01,2.145157275535725550e+00,2.549999999999999822e+00,2.827458725332647660e+01,2.145157275535725550e+00,2.807903918741568106e+01,2.521571076848879933e+00
1.320328681785380525e+02,6.089220965859567514e-01,2.800045239656810026e+01,2.827640784738748891e+01,2.144311311738940073e+00,2.549999999999999822e+00,2.827640784738748891e+01,2.144311311738940073e+00,2.807976226483333804e+01,2.521446908637360984e+00
1.326417902751240092e+02,6.089220965859567514e-01,2.800046714357493371e+01,2.827822852129331466e+01,2.143467682288664022e+00,2.549999999999999822e+00,2.827822852129331466e+01,2.143467682288664022e+00,2.808048760752700446e+01,2.521322790088465826e+00
1.332507123717099660e+02,6.089220965859567514e-01,2.800048225380681899e+01,2.828004937827080667e+01,2.142626370936254077e+00,2.549999999999999822e+00,2.828004937827080667e+01,2.142626370936254077e+00,2.808121521540229182e+01,2.521198721066213455e+00
1.338596344682959227e+02,6.089220965859567514e-01,2.800049773311196333e+01,2.828187051332252722e+01,2.141787361618281871e+00,2.549999999999999822e+00,2.828187051332252722e+01,2.141787361618281871e+00,2.808194508829413039e+01,2.521074701435563448e+00
1.346042691137409122e+02,7.446346454449894736e-01,2.800051717256340211e+01,2.828409803643812381e+01,2.140764465054247001e+00,2.549999999999999822e+00,2.828409803643812381e+01,2.140764465054247001e+00,2.808284070859983217e+01,2.520923108060641571e+00
1.353489037591859017e+02,7.446346454449894736e-01,2.800053718357382593e+01,2.828632625348364726e+01,2.139744958581830225e+00,2.549999999999999822e+00,2.828632625348364726e+01,2.139744958581830225e+00,2.808373971516452983e+01,2.520771588103034144e+00
1.360935384046308911e+02,7.446346454449894736e-01,2.800055777706060667e+01,2.828855529905596455e+01,2.138728813917440963e+00,2.549999999999999822e+00,2.828855529905596455e+01,2.138728813917440963e+00,2.808464210732268995e+01,2.520620141321414653e+00
1.368381730500758806e+02,7.446346454449894736e-01,2.800057896402081070e+01,2.829078529654331575e+01,2.137716003164057188e+00,2.549999999999999822e+00,2.829078529654331575e+01,2.137716003164057188e+00,2.808554788429622207e+01,2.520468767476463423e+00
1.375828076955208701e+02,7.446346454449894736e-01,2.800060075553008687e+01,2.829301635941149584e+01,2.136706498803981447e+00,2.549999999999999822e+00,2.829301635941149584e+01,2.136706498803981447e+00,2.808645704520373343e+01,2.520317466330841416e+00
1.383274423409658596e+02,7.446346454449894736e-01,2.800062316274158292e+01,2.829524859229611877e+01,2.135700273691760742e+00,2.549999999999999822e+00,2.829524859229611877e+01,2.135700273691760742e+00,2.808736958906869319e+01,2.520166237649164920e+00
1.390720769864108490e+02,7.446346454449894736e-01,2.800064619688482637e+01,2.829748209193689945e+01,2.134697301047259632e+00,2.549999999999999822e+00,2.829748209193689945e+01,2.134697301047259632e+00,2.808828551482668345e+01,2.520015081197975793e+00
1.398167116318558385e+02,7.446346454449894736e-01,2.800066986926456636e+01,2.829971694798211246e+01,2.133697554448886979e+00,2.549999999999999822e+00,2.829971694798211246e+01,2.133697554448886979e+00,2.808920482133202157e+01,2.519863996745718815e+00
1.407127709878875237e+02,8.960593560316851836e-01,2.800069921775433457e+01,2.830240818739939002e+01,2.132498744925811707e+00,2.549999999999999822e+00,2.830240818739939002e+01,2.132498744925811707e+00,2.809031555298454208e+01,2.519682283734144601e+00
1.416088303439192089e+02,8.960593560316851836e-01,2.800072952689900418e+01,2.830510164528405781e+01,2.131304524419638913e+00,2.549999999999999822e+00,2.830510164528405781e+01,2.131304524419638913e+00,2.809143117613426455e+01,2.519500674252303174e+00
1.425048896999508941e+02,8.960593560316851836e-01,2.800076081681638129e+01,2.830779744488019745e+01,2.130114848873573496e+00,2.549999999999999822e+00,2.830779744488019745e+01,2.130114848873573496e+00,2.809255168838454964e+01,2.519319167907339008e+00
1.434009490559825792e+02,8.960593560316851836e-01,2.800079310777130104e+01,2.831049569974707225e+01,2.128929674923811799e+00,2.549999999999999822e+00,2.831049569974707225e+01,2.128929674923811799e+00,2.809367708721444856e+01,2.519137764310158012e+00
1.442970084120142644e+02,8.960593560316851836e-01,2.800082642017260426e+01,2.831319651474087706e+01,2.127748959884474989e+00,2.549999999999999822e+00,2.831319651474087706e+01,2.127748959884474989e+00,2.809480736998832384e+01,2.518956463075365360e+00
1.451930677680459496e+02,8.960593560316851836e-01,2.800086077457007860e+01,2.831589998686711596e+01,2.126572661732949232e+00,2.549999999999999822e+00,2.831589998686711596e+01,2.126572661732949232e+00,2.809594253396456409e+01,2.518775263821209087e+00
1.460891271240776348e+02,8.960593560316851836e-01,2.800089619165140675e+01,2.831860620602451561e+01,2.125400739095625102e+00,2.549999999999999822e+00,2.831860620602451561e+01,2.125400739095625102e+00,2.809708257630343908e+01,2.518594166169527249e+00
1.469851864801093200e+02,8.960593560316851836e-01,2.800093269223903292e+01,2.832131525565757713e+01,2.124233151234022010e+00,2.549999999999999822e+00,2.832131525565757713e+01,2.124233151234022010e+00,2.809822749407418030e+01,2.518413169745685298e+00
1.478812458361410052e+02,8.960593560316851836e-01,2.800097029728704356e+01,2.832402721333144768e+01,2.123069858031284785e+00,2.549999999999999822e+00,2.832402721333144768e+01,2.123069858031284785e+00,2.809937728426151082e+01,2.518232274178529906e+00
1.487773051921726903e+02,8.960593560316851836e-01,2.800100902787799839e+01,2.832674215124063011e+01,2.121910819979045293e+00,2.549999999999999822e+00,2.832674215124063011e+01,2.121910819979045293e+00,2.810053194377147534e+01,2.518051479100329892e+00
1.496733645482043755e+02,8.960593560316851836e-01,2.800104890521972933e+01,2.832946013666087026e+01,2.120755998164629563e+00,2.549999999999999822e+00,2.832946013666087026e+01,2.120755998164629563e+00,2.810169146943691842e+01,2.517870784146728713e+00
1.505694239042360607e+02,8.960593560316851836e-01,2.800108995064212536e+01,2.833218123235198149e+01,2.119605354258612184e+00,2.549999999999999822e+00,2.833218123235198149e+01,2.119605354258612184e+00,2.810285585802239083e+01,2.517690188956689834e+00
1.516538817876071334e+02,1.084457883371072739e+00,2.800114121895106933e+01,2.833547868814386916e+01,2.118218318718640525e+00,2.549999999999999822e+00,2.833547868814386916e+01,2.118218318718640525e+00,2.810427156130779736e+01,2.517471756135358785e+00
1.527383396709782062e+02,1.084457883371072739e+00,2.800119426782989507e+01,2.833878088164336972e+01,2.116837281492489620e+00,2.549999999999999822e+00,2.833878088164336972e+01,2.116837281492489620e+00,2.810569437656377545e+01,2.517253468287051099e+00
1.538227975543492789e+02,1.084457883371072739e+00,2.800124913576491181e+01,2.834208790181271453e+01,2.115462177910810038e+00,2.549999999999999822e+00,2.834208790181271453e+01,2.115462177910810038e+00,2.810712429770831733e+01,2.517035324790669382e+00
1.549072554377203517e+02,1.084457883371072739e+00,2.800130586147294309e+01,2.834539983079881864e+01,2.114092944445694844e+00,2.549999999999999822e+00,2.834539983079881864e+01,2.114092944445694844e+00,2.810856131855071638e+01,2.516817325031791786e+00
1.559917133210914244e+02,1.084457883371072739e+00,2.800136448389247334e+01,2.834871674452108081e+01,2.112729518682766372e+00,2.549999999999999822e+00,2.834871674452108081e+01,2.112729518682766372e+00,2.811000543279979169e+01,2.516599468402549000e+00
1.570761712044624971e+02,1.084457883371072739e+00,2.800142504217472350e+01,2.835203871319491142e+01,2.111371839294124086e+00,2.549999999999999822e+00,2.835203871319491142e+01,2.111371839294124086e+00,2.811145663407150508e+01,2.516381754301519003e+00
1.581606290878335699e+02,1.084457883371072739e+00,2.800148757567450630e+01,2.835536580179977051e+01,2.110019846012129108e+00,2.549999999999999822e+00,2.835536580179977051e+01,2.110019846012129108e+00,2.811291491589592795e+01,2.516164182133600491e+00
1.592450869712046426e+02,1.084457883371072739e+00,2.800155212394097148e+01,2.835869807049877522e+01,2.108673479603995649e+00,2.549999999999999822e+00,2.835869807049877522e+01,2.108673479603995649e+00,2.811438027172357934e+01,2.515946751309918739e+00
1.603295448545757154e+02,1.084457883371072739e+00,2.800161872670812357e+01,2.836203557501614725e+01,2.107332681847150724e+00,2.549999999999999822e+00,2.836203557501614725e+01,2.107332681847150724e+00,2.811585269493134831e+01,2.515729461247710574e+00
1.614140027379467881e+02,1.084457883371072739e+00,2.800168742388521892e+01,2.836537836697755921e+01,2.105997395505350145e+00,2.549999999999999822e+00,2.836537836697755921e+01,2.105997395505350145e+00,2.811733217882787628e+01,2.515512311370222687e+00
1.624984606213178608e+02,1.084457883371072739e+00,2.800175825554684650e+01,2.836872649421792403e+01,2.104667564305503724e+00,2.549999999999999822e+00,2.836872649421792403e+01,2.104667564305503724e+00,2.811881871665863741e+01,2.515295301106609482e+00
1.635829185046889336e+02,1.084457883371072739e+00,2.800183126192286664e+01,2.837208000106046413e+01,2.103343132915200364e+00,2.549999999999999822e+00,2.837208000106046413e+01,2.103343132915200364e+00,2.812031230161052164e+01,2.515078429891837608e+00
1.646673763880600063e+02,1.084457883371072739e+00,2.800190648338808330e+01,2.837543892857020111e+01,2.102024046920899281e+00,2.549999999999999822e+00,2.837543892857020111e+01,2.102024046920899281e+00,2.812181292681611922e+01,2.514861697166583365e+00
1.657518342714310791e+02,1.084457883371072739e+00,2.800198396045162852e+01,2.837880331478489992e+01,2.100710252806763823e+00,2.549999999999999822e+00,2.837880331478489992e+01,2.100710252806763823e+00,2.812332058535780632e+01,2.514645102377141228e+00
1.668362921548021518e+02,1.084457883371072739e+00,2.800206373374615509e+01,2.838217319492576962e+01,2.099401697934117905e+00,2.549999999999999822e+00,2.838217319492576962e+01,2.099401697934117905e+00,2.812483527027136176e+01,2.514428644975332361e+00
1.679207500381732245e+02,1.084457883371072739e+00,2.800214584401671303e+01,2.838554860159019810e+01,2.098098330521502852e+00,2.549999999999999822e+00,2.838554860159019810e+01,2.098098330521502852e+00,2.812635697454947348e+01,2.514212324418413580e+00
1.690052079215442973e+02,1.084457883371072739e+00,2.800223033210939860e+01,2.838892956492829001e+01,2.096800099625310665e+00,2.549999999999999822e+00,2.838892956492829001e+01,2.096800099625310665e+00,2.812788569114495019e+01,2.513996140168986759e+00
1.700896658049153700e+02,1.084457883371072739e+00,2.800231723895974412e+01,2.839231611280494150e+01,2.095506955120975068e+00,2.549999999999999822e+00,2.839231611280494150e+01,2.095506955120975068e+00,2.812942141297373055e+01,2.513780091694916230e+00
1.711741236882864428e+02,1.084457883371072739e+00,2.800240660558084471e+01,2.839570827094887662e+01,2.094218847684701235e+00,2.549999999999999822e+00,2.839570827094887662e+01,2.094218847684701235e+00,2.813096413291769338e+01,2.513564178469243071e+00
1.722585815716575155e+02,1.084457883371072739e+00,2.800249847305128625e+01,2.839910606308985308e+01,2.092935728775715987e+00,2.549999999999999822e+00,2.839910606308985308e+01,2.092935728775715987e+00,2.813251384382727593e+01,2.513348399970101621e+00
1.733430394550285882e+02,1.084457883371072739e+00,2.800259288250283518e+01,2.840250951108528454e+01,2.091657550619018480e+00,2.549999999999999822e+00,2.840250951108528454e+01,2.091657550619018480e+00,2.813407053852396800e+01,2.513132755680640429e+00
1.745930394550285882e+02,1.250000000000000000e+00,2.800270491085071356e+01,2.840643953714905479e+01,2.090190327363005363e+00,2.549999999999999822e+00,2.840643953714905479e+01,2.090190327363005363e+00,2.813587351699055716e+01,2.512884359202580242e+00
1.758430394550285882e+02,1.250000000000000000e+00,2.800282043427701950e+01,2.841037713231774475e+01,2.088729535133929893e+00,2.549999999999999822e+00,2.841037713231774475e+01,2.088729535133929893e+00,2.813768575347721068e+01,2.512636139579747852e+00
1.770930394550285882e+02,1.250000000000000000e+00,2.800293951590155217e+01,2.841432232196802232e+01,2.087275104382613211e+00,2.549999999999999822e+00,2.841432232196802232e+01,2.087275104382613211e+00,2.813950723687052502e+01,2.512388096044604779e+00
1.783430394550285882e+02,1.250000000000000000e+00,2.800306221884099855e+01,2.841827512895720176e+01,2.085826966789971593e+00,2.549999999999999822e+00,2.841827512895720176e+01,2.085826966789971593e+00,2.814133795602175070e+01,2.512140227837885931e+00
1.795930394550285882e+02,1.250000000000000000e+00,2.800318860618243377e+01,2.842223557379422161e+01,2.084385055236851247e+00,2.549999999999999822e+00,2.842223557379422161e+01,2.084385055236851247e+00,2.814317789975040895e+01,2.511892534208449490e+00
1.800000000000000000e+02,4.069605449714117640e-01,2.800323055948308593e+01,2.842352662085585635e+01,2.083916946748798793e+00,2.549999999999999822e+00,2.842352662085585635e+01,2.083916946748798793e+00,2.814377891597250425e+01,2.511811930526950842e+00
1.800031826846316108e+02,3.182684631610754877e-03,2.800323088915508762e+01,2.842353671191355957e+01,2.083913288417657217e+00,2.549999999999999822e+00,2.842353671191355957e+01,2.083913288417657217e+00,2.814378362012704571e+01,2.511811300228563137e+00
1.800086279812303758e+02,5.445296598765025919e-03,2.800323145325186047e+01,2.842355396136000323e+01,2.083907029425787538e+00,2.549999999999999822e+00,2.842355396136000323e+01,2.083907029425787538e+00,2.814379166860109294e+01,2.511810221845452773e+00
1.800200312392345268e+02,1.140325800415098456e-02,2.800323263478578539e+01,2.842359004844959358e+01,2.083893922551902200e+00,2.549999999999999822e+00,2.842359004844959358e+01,2.083893922551902200e+00,2.814380852360455521e+01,2.511807963562095569e+00
1.800387035166166640e+02,1.867227738213728117e-02,2.800323457016713746e+01,2.842364906893980603e+01,2.083872461800080345e+00,2.549999999999999822e+00,2.842364906893980603e+01,2.083872461800080345e+00,2.814383612374438570e+01,2.511804265764734367e+00
1.800662680249369032e+02,2.756450832023915609e-02,2.800323742876569355e+01,2.842373608159082821e+01,2.083840783391957885e+00,2.549999999999999822e+00,2.842373608159082821e+01,2.083840783391957885e+00,2.814387686983479497e+01,2.511798807049575810e+00
1.801040384296938726e+02,3.777040475696935573e-02,2.800324134875281601e+01,2.842385514176815065e+01,2.083797380765491702e+00,2.549999999999999822e+00,2.842385514176815065e+01,2.083797380765491702e+00,2.814393270631658694e+01,2.511791327355081815e+00
1.801531474843086187e+02,4.910905461474612821e-02,2.800324645066920226e+01,2.842400971187804615e+01,2.083740957108529468e+00,2.549999999999999822e+00,2.842400971187804615e+01,2.083740957108529468e+00,2.814400531171058972e+01,2.511781602498436516e+00
1.802145773293574393e+02,6.142984504882065266e-02,2.800325284079132970e+01,2.842420276035808158e+01,2.083670390894506230e+00,2.549999999999999822e+00,2.842420276035808158e+01,2.083670390894506230e+00,2.814409614370784851e+01,2.511769438185426750e+00
1.802891923656788435e+02,7.461503632140420450e-02,2.800326061475306716e+01,2.842443686833374272e+01,2.083584698436986127e+00,2.549999999999999822e+00,2.842443686833374272e+01,2.083584698436986127e+00,2.814420648804901148e+01,2.511754663509975671e+00
1.803638074020002477e+02,7.461503632140420450e-02,2.800326840219241120e+01,2.842467062248237042e+01,2.083499027854276431e+00,2.549999999999999822e+00,2.842467062248237042e+01,2.083499027854276431e+00,2.814431685033157393e+01,2.511739889452809127e+00
1.804652263401675327e+02,1.014189381672849777e-01,2.800327900874115272e+01,2.842498785511276083e+01,2.083382616932300202e+00,2.549999999999999822e+00,2.842498785511276083e+01,2.083382616932300202e+00,2.814446688678981090e+01,2.511719809113555080e+00
1.805666452783348177e+02,1.014189381672849777e-01,2.800328964024817324e+01,2.842530458628736056e+01,2.083266246342375005e+00,2.549999999999999822e+00,2.842530458628736056e+01,2.083266246342375005e+00,2.814461695651181472e+01,2.511699729915900292e+00
1.806971054184760419e+02,1.304601401412242012e-01,2.800330335283141991e+01,2.842571136024592704e+01,2.083116612402858614e+00,2.549999999999999822e+00,2.842571136024592704e+01,2.083116612402858614e+00,2.814481004753963944e+01,2.511673902740080067e+00
1.808275655586172661e+02,1.304601401412242012e-01,2.800331710684010034e+01,2.842611747591462645e+01,2.082967045045685417e+00,2.549999999999999822e+00,2.842611747591462645e+01,2.082967045045685417e+00,2.814500319380828941e+01,2.511648077451773098e+00
1.809893024280196698e+02,1.617368694024037268e-01,2.800333421587777849e+01,2.842662013376627428e+01,2.082781712480170189e+00,2.549999999999999822e+00,2.842662013376627428e+01,2.082781712480170189e+00,2.814524272211833988e+01,2.511616063385514241e+00
1.811510392974220736e+02,1.617368694024037268e-01,2.800335138883083985e+01,2.842712196836465921e+01,2.082596481970608870e+00,2.549999999999999822e+00,2.842712196836465921e+01,2.082596481970608870e+00,2.814548233564225654e+01,2.511584052217419316e+00
1.813460099846896867e+02,1.949706872676131297e-01,2.800337217565390446e+01,2.842772592718547742e+01,2.082373325606476033e+00,2.549999999999999822e+00,2.842772592718547742e+01,2.082373325606476033e+00,2.814577129862797378e+01,2.511545467219951089e+00
1.815409806719572998e+02,1.949706872676131297e-01,2.800339305579424831e+01,2.842832889377587691e+01,2.082150317075200707e+00,2.549999999999999822e+00,2.842832889377587691e+01,2.082150317075200707e+00,2.814606038589887405e+01,2.511506886428977126e+00
1.817359513592249129e+02,1.949706872676131297e-01,2.800341402949034375e+01,2.842893094849333835e+01,2.081927456123517484e+00,2.549999999999999822e+00,2.842893094849333835e+01,2.081927456123517484e+00,2.814634959767230526e+01,2.511468309841732527e+00
1.819821175511117133e+02,2.461661918868003340e-01,2.800344064447068959e+01,2.842968989050234541e+01,2.081646286632585774e+00,2.549999999999999822e+00,2.842968989050234541e+01,2.081646286632585774e+00,2.814671492896669491e+01,2.511419609794205865e+00
1.822282837429985136e+02,2.461661918868003340e-01,2.800346740944883450e+01,2.843044759441568559e+01,2.081365351500740424e+00,2.549999999999999822e+00,2.843044759441568559e+01,2.081365351500740424e+00,2.814708045942334280e+01,2.511370916437941858e+00
1.824744499348853140e+02,2.461661918868003340e-01,2.800349432490422430e+01,2.843120415185958194e+01,2.081084650232709166e+00,2.549999999999999822e+00,2.843120415185958194e+01,2.081084650232709166e+00,2.814744618938605925e+01,2.511322229767407155e+00
1.827750602323246483e+02,3.006102974393343175e-01,2.800352739797593671e+01,2.843212659279400967e+01,2.080742183255186895e+00,2.549999999999999822e+00,2.843212659279400967e+01,2.080742183255186895e+00,2.814789307818025677e+01,2.511262784218338595e+00
1.830756705297639826e+02,3.006102974393343175e-01,2.800356069703401474e+01,2.843304755882123658e+01,2.080400063405558164e+00,2.549999999999999822e+00,2.843304755882123658e+01,2.080400063405558164e+00,2.814834026550368762e+01,2.511203348621112053e+00
1.833762808272033169e+02,3.006102974393343175e-01,2.800359422295024814e+01,2.843396715165052058e+01,2.080058289801076654e+00,2.549999999999999822e+00,2.843396715165052058e+01,2.080058289801076654e+00,2.814878775185788129e+01,2.511143922965723085e+00
1.836768911246426512e+02,3.006102974393343175e-01,2.800362797659588665e+01,2.843488545903187514e+01,2.079716861564569808e+00,2.549999999999999822e+00,2.843488545903187514e+01,2.079716861564569808e+00,2.814923553771103926e+01,2.511084507242191233e+00
1.840527152524789756e+02,3.758241278363243509e-01,2.800367049718354551e+01,2.843603183830698811e+01,2.079290491163751309e+00,2.549999999999999822e+00,2.843603183830698811e+01,2.079290491163751309e+00,2.814979578321806741e+01,2.511010239435549796e+00
1.844285393803152999e+02,3.758241278363243509e-01,2.800371337677552219e+01,2.843717645848688846e+01,2.078864657520137271e+00,2.549999999999999822e+00,2.843717645848688846e+01,2.078864657520137271e+00,2.815035649833294329e+01,2.510935987117542734e+00
1.848043635081516243e+02,3.758241278363243509e-01,2.800375661707057517e+01,2.843831943329015388e+01,2.078439358951189142e+00,2.549999999999999822e+00,2.843831943329015388e+01,2.078439358951189142e+00,2.815091768380529658e+01,2.510861750268834403e+00
1.851801876359879486e+02,3.758241278363243509e-01,2.800380021976594236e+01,2.843946086277222207e+01,2.078014593784829334e+00,2.549999999999999822e+00,2.843946086277222207e+01,2.078014593784829334e+00,2.815147934033771904e+01,2.510787528870150442e+00
1.856357747100993549e+02,4.555870741114063094e-01,2.800385356483675281e+01,2.844084259814771798e+01,2.077500391522402179e+00,2.549999999999999822e+00,2.844084259814771798e+01,2.077500391522402179e+00,2.815216083249194412e+01,2.510697575799148318e+00
1.860913617842107612e+02,4.555870741114063094e-01,2.800390744796870024e+01,2.844222233339017691e+01,2.076986967718548183e+00,2.549999999999999822e+00,2.844222233339017691e+01,2.076986967718548183e+00,2.815284301894971364e+01,2.510607645369816510e+00
1.865469488583221676e+02,4.555870741114063094e-01,2.800396187217550548e+01,2.844360019294541786e+01,2.076474319451826922e+00,2.549999999999999822e+00,2.844360019294541786e+01,2.076474319451826922e+00,2.815352590074564176e+01,2.510517737548169759e+00
1.870025359324335739e+02,4.555870741114063094e-01,2.800401684046700979e+01,2.844497628798616162e+01,2.075962443820492886e+00,2.549999999999999822e+00,2.844497628798616162e+01,2.075962443820492886e+00,2.815420947885154135e+01,2.510427852300353813e+00
1.874581230065449802e+02,4.555870741114063094e-01,2.800407235584905052e+01,2.844635071861196352e+01,2.075451337942022967e+00,2.549999999999999822e+00,2.844635071861196352e+01,2.075451337942022967e+00,2.815489375418289342e+01,2.510337989592639207e+00
1.880170273525483537e+02,5.589043460033735755e-01,2.800414121258662448e+01,2.844803469955268227e+01,2.074825371516147321e+00,2.549999999999999822e+00,2.844803469955268227e+01,2.074825371516147321e+00,2.815573416191888256e+01,2.510227778708672641e+00
1.885759316985517273e+02,5.589043460033735755e-01,2.800421090273734137e+01,2.844971646303203983e+01,2.074200553998923002e+00,2.549999999999999822e+00,2.844971646303203983e+01,2.074200553998923002e+00,2.815657562176892270e+01,2.510117601634871409e+00
1.891348360445551009e+02,5.589043460033735755e-01,2.800428143182385909e+01,2.845139614531229810e+01,2.073576880182125937e+00,2.549999999999999822e+00,2.845139614531229810e+01,2.073576880182125937e+00,2.815741813514085479e+01,2.510007458309732264e+00
1.896937403905584745e+02,5.589043460033735755e-01,2.800435280535811344e+01,2.845307386988007181e+01,2.072954344897830481e+00,2.549999999999999822e+00,2.845307386988007181e+01,2.072954344897830481e+00,2.815826170335754952e+01,2.509897348672027739e+00
1.902526447365618480e+02,5.589043460033735755e-01,2.800442502884091667e+01,2.845474974931532230e+01,2.072332943017742846e+00,2.549999999999999822e+00,2.845474974931532230e+01,2.072332943017742846e+00,2.815910632766459543e+01,2.509787272660807034e+00
1.908115490825652216e+02,5.589043460033735755e-01,2.800449810776152759e+01,2.845642388679774726e+01,2.071712669452594024e+00,2.549999999999999822e+00,2.845642388679774726e+01,2.071712669452594024e+00,2.815995200923695307e+01,2.509677230215396460e+00
1.914991146921923928e+02,6.875656096271711704e-01,2.800458919122295143e+01,2.845848116527388427e+01,2.070951147632703382e+00,2.549999999999999822e+00,2.845848116527388427e+01,2.070951147632703382e+00,2.816099382094322223e+01,2.509541901663430608e+00
1.921866803018195640e+02,6.875656096271711704e-01,2.800468158776295979e+01,2.846053611304113673e+01,2.070191316436708728e+00,2.549999999999999822e+00,2.846053611304113673e+01,2.070191316436708728e+00,2.816203723633291034e+01,2.509406623706615935e+00
1.928742459114467351e+02,6.875656096271711704e-01,2.800477530752376865e+01,2.846258887825979400e+01,2.069433166625217702e+00,2.549999999999999822e+00,2.846258887825979400e+01,2.069433166625217702e+00,2.816308225722459824e+01,2.509271396233665019e+00
1.935618115210739063e+02,6.875656096271711704e-01,2.800487036061696244e+01,2.846463959691546464e+01,2.068676689043017269e+00,2.549999999999999822e+00,2.846463959691546464e+01,2.068676689043017269e+00,2.816412888532233794e+01,2.509136219133899726e+00
1.942493771307010775e+02,6.875656096271711704e-01,2.800496675712241057e+01,2.846668839437781173e+01,2.067921874617828060e+00,2.549999999999999822e+00,2.846668839437781173e+01,2.067921874617828060e+00,2.816517712222496073e+01,2.509001092297241442e+00
1.949369427403282486e+02,6.875656096271711704e-01,2.800506450708716244e+01,2.846873538669239423e+01,2.067168714359109316e+00,2.549999999999999822e+00,2.846873538669239423e+01,2.067168714359109316e+00,2.816622696943404947e+01,2.508866015614208411e+00
1.956245083499554198e+02,6.875656096271711704e-01,2.800516362052440655e+01,2.847078068166184295e+01,2.066417199356909151e+00,2.549999999999999822e+00,2.847078068166184295e+01,2.066417199356909151e+00,2.816727842836102269e+01,2.508730988975909071e+00
1.964669135725967521e+02,8.424052226413323297e-01,2.800528692753165672e+01,2.847328440951871897e+01,2.065498673162270205e+00,2.549999999999999822e+00,2.847328440951871897e+01,2.065498673162270205e+00,2.816856887455378455e+01,2.508565622430697584e+00
1.973093187952380845e+02,8.424052226413323297e-01,2.800541231452155344e+01,2.847578591140678839e+01,2.064582587354863552e+00,2.549999999999999822e+00,2.847578591140678839e+01,2.064582587354863552e+00,2.816986174438984136e+01,2.508400330647813092e+00
1.981517240178794168e+02,8.424052226413323297e-01,2.800553979968854179e+01,2.847828534588004246e+01,2.063668926028016770e+00,2.549999999999999822e+00,2.847828534588004246e+01,2.063668926028016770e+00,2.817115703998867104e+01,2.508235113430543617e+00
1.989941292405207491e+02,8.424052226413323297e-01,2.800566940114081049e+01,2.848078286003066495e+01,2.062757673446096618e+00,2.549999999999999822e+00,2.848078286003066495e+01,2.062757673446096618e+00,2.817245476331899567e+01,2.508069970583456598e+00
1.998365344631620815e+02,8.424052226413323297e-01,2.800580113689778017e+01,2.848327859076590229e+01,2.061848814041814748e+00,2.549999999999999822e+00,2.848327859076590229e+01,2.061848814041814748e+00,2.817375491620928329e+01,2.507904901912384243e+00
2.006789396858034138e+02,8.424052226413323297e-01,2.800593502488762354e+01,2.848577266589332524e+01,2.060942332413609801e+00,2.549999999999999822e+00,2.848577266589332524e+01,2.060942332413609801e+00,2.817505750035740775e+01,2.507739907224414644e+00
2.015213449084447461e+02,8.424052226413323297e-01,2.800607108294489578e+01,2.848826520505006599e+01,2.060038213323094336e+00,2.549999999999999822e+00,2.848826520505006599e+01,2.060038213323094336e+00,2.817636251733904729e+01,2.507574986327869571e+00
2.023637501310860785e+02,8.424052226413323297e-01,2.800620932880823588e+01,2.849075632050378815e+01,2.059136441692570152e+00,2.549999999999999822e+00,2.849075632050378815e+01,2.059136441692570152e+00,2.817766996861542594e+01,2.507410139032300478e+00
2.033845165405425064e+02,1.020766409456427937e+00,2.800637980223472567e+01,2.849377311931563739e+01,2.058046863537325244e+00,2.549999999999999822e+00,2.849377311931563739e+01,2.058046863537325244e+00,2.817925750848465682e+01,2.507210487222007345e+00
2.044052829499989343e+02,1.020766409456427937e+00,2.800655354506948669e+01,2.849678815845568991e+01,2.056960683989616179e+00,2.549999999999999822e+00,2.849678815845568991e+01,2.056960683989616179e+00,2.818084862678679769e+01,2.507010942866882974e+00
2.054260493594553623e+02,1.020766409456427937e+00,2.800673058827896966e+01,2.849980160223775982e+01,2.055877877141601751e+00,2.549999999999999822e+00,2.849980160223775982e+01,2.055877877141601751e+00,2.818244332552863440e+01,2.506811505635155424e+00
2.064468157689117902e+02,1.020766409456427937e+00,2.800691096260328194e+01,2.850281360442918199e+01,2.054798417409602340e+00,2.549999999999999822e+00,2.850281360442918199e+01,2.054798417409602340e+00,2.818404160652672630e+01,2.506612175197580061e+00
2.074675821783682181e+02,1.020766409456427937e+00,2.800709469855146949e+01,2.850582430926880662e+01,2.053722279528372052e+00,2.549999999999999822e+00,2.850582430926880662e+01,2.053722279528372052e+00,2.818564347141937887e+01,2.506412951227401376e+00
2.084883485878246461e+02,1.020766409456427937e+00,2.800728182639705111e+01,2.850883385235205836e+01,2.052649438545504523e+00,2.549999999999999822e+00,2.850883385235205836e+01,2.052649438545504523e+00,2.818724892167749019e+01,2.506213833400323221e+00
2.095091149972810740e+02,1.020766409456427937e+00,2.800747237617379781e+01,2.851184236140467476e+01,2.051579869815981727e+00,2.549999999999999822e+00,2.851184236140467476e+01,2.051579869815981727e+00,2.818885795861443100e+01,2.506014821394482173e+00
2.105298814067375019e+02,1.020766409456427937e+00,2.800766637767183553e+01,2.851484995696255709e+01,2.050513548996848456e+00,2.549999999999999822e+00,2.851484995696255709e+01,2.050513548996848456e+00,2.819047058339508283e+01,2.505815914890411999e+00
2.115506478161939299e+02,1.020766409456427937e+00,2.800786386043389697e+01,2.851785675297197642e+01,2.049450452042016035e+00,2.549999999999999822e+00,2.851785675297197642e+01,2.049450452042016035e+00,2.819208679704403764e+01,2.505617113571020127e+00
2.125714142256503578e+02,1.020766409456427937e+00,2.800806485375190746e+01,2.852086285732182702e+01,2.048390555197182827e+00,2.549999999999999822e+00,2.852086285732182702e+01,2.048390555197182827e+00,2.819370660045317578e+01,2.505418417121554775e+00
2.138023032964952392e+02,1.230889070844881417e+00,2.800831193127446994e+01,2.852448698719332398e+01,2.047116703453648157e+00,2.549999999999999822e+00,2.852448698719332398e+01,2.047116703453648157e+00,2.819566461236778920e+01,2.505178958446305337e+00
2.150331923673401207e+02,1.230889070844881417e+00,2.800856420601429875e+01,2.852811042929796059e+01,2.045847430180657955e+00,2.549999999999999822e+00,2.852811042929796059e+01,2.045847430180657955e+00,2.819762784626346885e+01,2.504939651261599121e+00
2.162640814381850021e+02,1.230889070844881417e+00,2.800882172783765611e+01,2.853173334315706100e+01,2.044582695359176139e+00,2.549999999999999822e+00,2.853173334315706100e+01,2.044582695359176139e+00,2.819959630301664788e+01,2.504700495028791885e+00
2.174949705090298835e+02,1.230889070844881417e+00,2.800908454605358244e+01,2.853535587918019090e+01,2.043322459542581182e+00,2.549999999999999822e+00,2.853535587918019090e+01,2.043322459542581182e+00,2.820156998328017650e+01,2.504461489213930303e+00
2.187258595798747649e+02,1.230889070844881417e+00,2.800935270940779986e+01,2.853897817941379600e+01,2.042066683845243702e+00,2.549999999999999822e+00,2.853897817941379600e+01,2.042066683845243702e+00,2.820354888749592703e+01,2.504222633287693345e+00
2.199567486507196463e+02,1.230889070844881417e+00,2.800962626607701722e+01,2.854260037820682783e+01,2.040815329931393585e+00,2.549999999999999822e+00,2.854260037820682783e+01,2.040815329931393585e+00,2.820553301590636863e+01,2.503983926725317666e+00
2.211876377215645277e+02,1.230889070844881417e+00,2.800990526366357614e+01,2.854622260280481783e+01,2.039568360004282876e+00,2.549999999999999822e+00,2.854622260280481783e+01,2.039568360004282876e+00,2.820752236856528938e+01,2.503745369006540766e+00
2.224185267924094092e+02,1.230889070844881417e+00,2.801018974919036353e+01,2.854984497388218756e+01,2.038325736795624010e+00,2.549999999999999822e+00,2.854984497388218756e+01,2.038325736795624010e+00,2.820951694534757337e+01,2.503506959615533933e+00
2.236494158632542906e+02,1.230889070844881417e+00,2.801047976909594084e+01,2.855346760602071754e+01,2.037087423555294929e+00,2.549999999999999822e+00,2.855346760602071754e+01,2.037087423555294929e+00,2.821151674595840575e+01,2.503268698040843621e+00
2.248803049340991720e+02,1.230889070844881417e+00,2.801077536922977629e+01,2.855709060814111311e+01,2.035853384041304004e+00,2.549999999999999822e+00,2.855709060814111311e+01,2.035853384041304004e+00,2.821352176994172112e+01,2.503030583775324391e+00
2.261111940049440534e+02,1.230889070844881417e+00,2.801107659484756951e+01,2.856071408389339084e+01,2.034623582510012074e+00,2.549999999999999822e+00,2.856071408389339084e+01,2.034623582510012074e+00,2.821553201668810829e+01,2.502792616316088292e+00
2.273420830757889348e+02,1.230889070844881417e+00,2.801138349060662591e+01,2.856433813201108052e+01,2.033397983706588974e+00,2.549999999999999822e+00,2.856433813201108052e+01,2.033397983706588974e+00,2.821754748544210045e+01,2.502554795164441348e+00
2.285729721466338162e+02,1.230889070844881417e+00,2.801169610056116355e+01,2.856796284663341368e+01,2.032176552855713858e+00,2.549999999999999822e+00,2.856796284663341368e+01,2.032176552855713858e+00,2.821956817530913497e+01,2.502317119825823610e+00
2.298038612174786977e+02,1.230889070844881417e+00,2.801201446815760221e+01,2.857158831759917561e+01,2.030959255652497131e+00,2.549999999999999822e+00,2.857158831759917561e+01,2.030959255652497131e+00,2.822159408526185231e+01,2.502079589809760307e+00
2.310347502883235791e+02,1.230889070844881417e+00,2.801233863622979214e+01,2.857521463071537937e+01,2.029746058253631080e+00,2.549999999999999822e+00,2.857521463071537937e+01,2.029746058253631080e+00,2.822362521414618186e+01,2.501842204629801891e+00
2.322847502883235791e+02,1.250000000000000000e+00,2.801267381706273696e+01,2.857889819262397069e+01,2.028518186041070148e+00,2.549999999999999822e+00,2.857889819262397069e+01,2.028518186041070148e+00,2.822569321837064749e+01,2.501601281509852726e+00
2.335347502883235791e+02,1.250000000000000000e+00,2.801301506697971533e+01,2.858258278976148148e+01,2.027294472994356944e+00,2.549999999999999822e+00,2.858258278976148148e+01,2.027294472994356944e+00,2.822776660207130206e+01,2.501360506759675140e+00
2.347847502883235791e+02,1.250000000000000000e+00,2.801336242886975469e+01,2.858626850071284053e+01,2.026074885076545318e+00,2.549999999999999822e+00,2.858626850071284053e+01,2.026074885076545318e+00,2.822984536367272312e+01,2.501119879882219177e+00
2.360347502883235791e+02,1.250000000000000000e+00,2.801371594494891681e+01,2.858995540070838359e+01,2.024859388705892105e+00,2.549999999999999822e+00,2.858995540070838359e+01,2.024859388705892105e+00,2.823192950148682101e+01,2.500879400384486750e+00
2.372847502883235791e+02,1.250000000000000000e+00,2.801407565675467026e+01,2.859364356181470868e+01,2.023647950747400337e+00,2.549999999999999822e+00,2.859364356181470868e+01,2.023647950747400337e+00,2.823401901371754619e+01,2.500639067777484126e+00
2.385347502883235791e+02,1.250000000000000000e+00,2.801444160514030202e+01,2.859733305311098306e+01,2.022440538504552965e+00,2.549999999999999822e+00,2.859733305311098306e+01,2.022440538504552965e+00,2.823611389846541186e+01,2.500398881576169519e+00
2.397847502883235791e+02,1.250000000000000000e+00,2.801481383026930061e+01,2.860102394085229349e+01,2.021237119711247310e+00,2.549999999999999822e+00,2.860102394085229349e+01,2.021237119711247310e+00,2.823821415373179988e+01,2.500158841299397139e+00
2.400000000000000000e+02,2.152497116764209295e-01,2.801487856373371343e+01,2.860165965649347442e+01,2.021030291983207050e+00,2.549999999999999822e+00,2.860165965649347442e+01,2.021030291983207050e+00,2.823857635907899777e+01,2.500117521111785202e+00
2.400032295185717146e+02,3.229518571714606878e-03,2.801487953639526651e+01,2.860166922400900447e+01,2.021027189714694750e+00,2.549999999999999822e+00,2.860166922400900447e+01,2.021027189714694750e+00,2.823858179471704588e+01,2.500116901193429442e+00
2.400073428933577020e+02,4.113374785987389259e-03,2.801488077531642062e+01,2.860168144350273423e+01,2.021023238449866533e+00,2.549999999999999822e+00,2.860168144350273423e+01,2.021023238449866533e+00,2.823858871816585037e+01,2.500116111616918602e+00
2.400152399065961504e+02,7.897013238448380434e-03,2.801488315403625506e+01,2.860170496587452860e+01,2.021015652773720639e+00,2.549999999999999822e+00,2.860170496587452860e+01,2.021015652773720639e+00,2.823860201063918396e+01,2.500114595762329639e+00
2.400273707460897583e+02,1.213083949360793667e-02,2.801488680855094060e+01,2.860174121386278401e+01,2.021004000481790630e+00,2.549999999999999822e+00,2.860174121386278401e+01,2.021004000481790630e+00,2.823862243107427261e+01,2.500112267223794760e+00
2.400444918637844296e+02,1.712111769467128397e-02,2.801489196744127952e+01,2.860179255053705205e+01,2.020987555384219814e+00,2.549999999999999822e+00,2.860179255053705205e+01,2.020987555384219814e+00,2.823865125490998551e+01,2.500108980814780502e+00
2.400672275537707208e+02,2.273568998629116322e-02,2.801489881993376230e+01,2.860186097458369758e+01,2.020965718518842102e+00,2.549999999999999822e+00,2.860186097458369758e+01,2.020965718518842102e+00,2.823868953648156932e+01,2.500104616727249152e+00
2.400961187576258453e+02,2.889120385512455869e-02,2.801490753070508433e+01,2.860194826235465726e+01,2.020937971334819228e+00,2.549999999999999822e+00,2.860194826235465726e+01,2.020937971334819228e+00,2.823873819147439335e+01,2.500099071165693410e+00
2.401316388052946706e+02,3.552004766882532749e-02,2.801491824472111247e+01,2.860205601188740232e+01,2.020903860633269211e+00,2.549999999999999822e+00,2.860205601188740232e+01,2.020903860633269211e+00,2.823879802370307601e+01,2.500092253327862224e+00
2.401671588529634960e+02,3.552004766882532749e-02,2.801492896384608855e+01,2.860216417400874178e+01,2.020869753072178643e+00,2.549999999999999822e+00,2.860216417400874178e+01,2.020869753072178643e+00,2.823885787108708101e+01,2.500085435607148909e+00
2.402161973651352014e+02,4.903851217170540622e-02,2.801494377092672039e+01,2.860231409373232836e+01,2.020822669790469650e+00,2.549999999999999822e+00,2.860231409373232836e+01,2.020822669790469650e+00,2.823894052047614167e+01,2.500076023343745124e+00
2.402652358773069068e+02,4.903851217170540622e-02,2.801495858774916670e+01,2.860246462474700380e+01,2.020775592513008423e+00,2.549999999999999822e+00,2.860246462474700380e+01,2.020775592513008423e+00,2.823902319868359001e+01,2.500066611303521480e+00
2.403290026495084533e+02,6.376677220154647330e-02,2.801497786923997069e+01,2.860266118275174207e+01,2.020714385003139046e+00,2.549999999999999822e+00,2.860266118275174207e+01,2.020714385003139046e+00,2.823913075156670516e+01,2.500054372778489409e+00
2.403927694217099997e+02,6.376677220154647330e-02,2.801499716721218647e+01,2.860285857574349322e+01,2.020653187663044026e+00,2.549999999999999822e+00,2.860285857574349322e+01,2.020653187663044026e+00,2.823923835305649277e+01,2.500042134630718671e+00
2.404724668981129412e+02,7.969747640294144730e-02,2.801502130953172554e+01,2.860310634841497901e+01,2.020576715839283555e+00,2.549999999999999822e+00,2.860310634841497901e+01,2.020576715839283555e+00,2.823937290462406935e+01,2.500026839585301364e+00
2.405521643745158826e+02,7.969747640294144730e-02,2.801504547761446062e+01,2.860335520595556247e+01,2.020500259914003838e+00,2.549999999999999822e+00,2.860335520595556247e+01,2.020500259914003838e+00,2.823950753191969554e+01,2.500011545128971502e+00
2.406488431245554125e+02,9.667875003952985935e-02,2.801507482982727026e+01,2.860365842601247266e+01,2.020407534741396560e+00,2.549999999999999822e+00,2.860365842601247266e+01,2.020407534741396560e+00,2.823967094598765470e+01,2.499992992647995571e+00
2.407455218745949423e+02,9.667875003952985935e-02,2.801510421998438716e+01,2.860396300406025460e+01,2.020314832967212926e+00,2.549999999999999822e+00,2.860396300406025460e+01,2.020314832967212926e+00,2.823983447118950352e+01,2.499974441033490979e+00
2.408422006246344722e+02,9.667875003952985935e-02,2.801513364810366724e+01,2.860426884685927718e+01,2.020222154588539709e+00,2.549999999999999822e+00,2.860426884685927718e+01,2.020222154588539709e+00,2.823999810737677763e+01,2.499955890285238347e+00
2.409650889634421276e+02,1.228883388076553729e-01,2.801517110900243068e+01,2.860465930996967288e+01,2.020104384881954651e+00,2.549999999999999822e+00,2.860465930996967288e+01,2.020104384881954651e+00,2.824020626527825328e+01,2.499932311683050745e+00
2.410879773022497830e+02,1.228883388076553729e-01,2.801520863130185646e+01,2.860505156414706462e+01,2.019986652953616346e+00,2.549999999999999822e+00,2.860505156414706462e+01,2.019986652953616346e+00,2.824041460200737319e+01,2.499908734479665551e+00
2.412108656410574383e+02,1.228883388076553729e-01,2.801524621503843449e+01,2.860544550251670515e+01,2.019868958787133906e+00,2.549999999999999822e+00,2.860544550251670515e+01,2.019868958787133906e+00,2.824062311731400854e+01,2.499885158674639563e+00
2.413617037460188044e+02,1.508381049613660707e-01,2.801529243087274779e+01,2.860593120936081846e+01,2.019724547812988824e+00,2.549999999999999822e+00,2.860593120936081846e+01,2.019724547812988824e+00,2.824087930118771439e+01,2.499856222691326568e+00
2.415125418509801705e+02,1.508381049613660707e-01,2.801533873939103714e+01,2.860641917793721944e+01,2.019580193666123069e+00,2.549999999999999822e+00,2.860641917793721944e+01,2.019580193666123069e+00,2.824113575334106585e+01,2.499827288813299297e+00
2.416633799559415365e+02,1.508381049613660707e-01,2.801538514066040264e+01,2.860690928919537157e+01,2.019435896306699618e+00,2.549999999999999822e+00,2.860690928919537157e+01,2.019435896306699618e+00,2.824139247338482051e+01,2.499798357039737073e+00
2.418142180609029026e+02,1.508381049613660707e-01,2.801543163474778808e+01,2.860740144076021352e+01,2.019291655692896814e+00,2.549999999999999822e+00,2.860740144076021352e+01,2.019291655692896814e+00,2.824164946094927586e+01,2.499769427369816555e+00
2.420037468250487507e+02,1.895287641458480721e-01,2.801549018646645806e+01,2.860802258759575523e+01,2.019110497085170763e+00,2.549999999999999822e+00,2.860802258759575523e+01,2.019110497085170763e+00,2.824197274570188654e+01,2.499733080089107329e+00
2.421932755891945988e+02,1.895287641458480721e-01,2.801554888496419338e+01,2.860864666149064561e+01,2.018929427910390206e+00,2.549999999999999822e+00,2.860864666149064561e+01,2.018929427910390206e+00,2.824229645159406132e+01,2.499696736126711283e+00
2.423828043533404468e+02,1.895287641458480721e-01,2.801560773037281038e+01,2.860927352893207143e+01,2.018748448077525293e+00,2.549999999999999822e+00,2.860927352893207143e+01,2.018748448077525293e+00,2.824262057799043646e+01,2.499660395481002162e+00
2.425723331174862949e+02,1.895287641458480721e-01,2.801566672282373816e+01,2.860990307275935152e+01,2.018567557493725406e+00,2.549999999999999822e+00,2.860990307275935152e+01,2.018567557493725406e+00,2.824294512428346948e+01,2.499624058150354600e+00
2.428029996743836989e+02,2.306665568974040070e-01,2.801573871833452145e+01,2.861067272236710579e+01,2.018347524332988918e+00,2.549999999999999822e+00,2.861067272236710579e+01,2.018347524332988918e+00,2.824334067998889708e+01,2.499579838162067080e+00
2.430336662312811029e+02,2.306665568974040070e-01,2.801581093207662931e+01,2.861144601722870107e+01,2.018127623057636377e+00,2.549999999999999822e+00,2.861144601722870107e+01,2.018127623057636377e+00,2.824373685578260407e+01,2.499535623078783964e+00
2.432643327881785069e+02,2.306665568974040070e-01,2.801588336428472203e+01,2.861222281093292352e+01,2.017907853493501324e+00,2.549999999999999822e+00,2.861222281093292352e+01,2.017907853493501324e+00,2.824413365069881365e+01,2.499491412897584475e+00
2.434949993450759109e+02,2.306665568974040070e-01,2.801595601519264633e+01,2.861300297296907047e+01,2.017688215464900736e+00,2.549999999999999822e+00,2.861300297296907047e+01,2.017688215464900736e+00,2.824453106380914136e+01,2.499447207615556721e+00
2.437256659019733149e+02,2.306665568974040070e-01,2.801602888503341404e+01,2.861378638604852043e+01,2.017468708794964094e+00,2.549999999999999822e+00,2.861378638604852043e+01,2.017468708794964094e+00,2.824492909421863729e+01,2.499403007229788365e+00
2.440097641700722306e+02,2.840982680989156961e-01,2.801611893569956990e+01,2.861475558086403481e+01,2.017198535756905553e+00,2.549999999999999822e+00,2.861475558086403481e+01,2.017198535756905553e+00,2.824542017165181917e+01,2.499348574970165604e+00
2.442938624381711463e+02,2.840982680989156961e-01,2.801620931925754476e+01,2.861572936801783840e+01,2.016928561378431795e+00,2.549999999999999822e+00,2.861572936801783840e+01,2.016928561378431795e+00,2.824591218262061076e+01,2.499294150128035241e+00
2.445779607062700620e+02,2.840982680989156961e-01,2.801630003613748698e+01,2.861670758681460569e+01,2.016658785324674685e+00,2.549999999999999822e+00,2.861670758681460569e+01,2.016658785324674685e+00,2.824640512562238825e+01,2.499239732697982941e+00
2.448620589743689777e+02,2.840982680989156961e-01,2.801639108676760870e+01,2.861769009187049662e+01,2.016389207259901895e+00,2.549999999999999822e+00,2.861769009187049662e+01,2.016389207259901895e+00,2.824689899920539915e+01,2.499185322674605469e+00
2.451461572424678934e+02,2.840982680989156961e-01,2.801648247157421423e+01,2.861867675083526308e+01,2.016119826847795338e+00,2.549999999999999822e+00,2.861867675083526308e+01,2.016119826847795338e+00,2.824739380196411531e+01,2.499130920052507143e+00
2.454302555105668091e+02,2.840982680989156961e-01,2.801657419098168234e+01,2.861966744256219286e+01,2.015850643751671001e+00,2.549999999999999822e+00,2.861966744256219286e+01,2.015850643751671001e+00,2.824788953253522550e+01,2.499076524826300272e+00
2.457812503901889727e+02,3.509948796221635803e-01,2.801668797024424507e+01,2.862089681619767845e+01,2.015518348096628998e+00,2.549999999999999822e+00,2.862089681619767845e+01,2.015518348096628998e+00,2.824850327204295652e+01,2.499009331362836761e+00
2.461322452698111363e+02,3.509948796221635803e-01,2.801680226167416521e+01,2.862213198335723163e+01,2.015186352472457365e+00,2.549999999999999822e+00,2.862213198335723163e+01,2.015186352472457365e+00,2.824911842330753586e+01,2.498942149170033211e+00
2.464832401494332998e+02,3.509948796221635803e-01,2.801691706605952703e+01,2.862337276846470857e+01,2.014854656244109421e+00,2.549999999999999822e+00,2.862337276846470857e+01,2.014854656244109421e+00,2.824973498398113492e+01,2.498874978237791034e+00
2.468342350290554634e+02,3.509948796221635803e-01,2.801703238418389930e+01,2.862461901054246738e+01,2.014523258777080272e+00,2.549999999999999822e+00,2.862461901054246738e+01,2.014523258777080272e+00,2.825035295178509642e+01,2.498807818556034288e+00
2.471852299086776270e+02,3.509948796221635803e-01,2.801714821682632461e+01,2.862587056130600516e+01,2.014192159437624863e+00,2.549999999999999822e+00,2.862587056130600516e+01,2.014192159437624863e+00,2.825097232450438867e+01,2.498740670114703466e+00
2.475362247882997906e+02,3.509948796221635803e-01,2.801726456476132654e+01,2.862712728358935266e+01,2.013861357592947154e+00,2.549999999999999822e+00,2.862712728358935266e+01,2.013861357592947154e+00,2.825159309998264234e+01,2.498673532903767036e+00
2.479579227139817874e+02,4.216979256819968214e-01,2.801740503190380238e+01,2.862864381505999489e+01,2.013464312837110359e+00,2.549999999999999822e+00,2.862864381505999489e+01,2.013464312837110359e+00,2.825234077416875778e+01,2.498592886671091140e+00
2.483796206396637842e+02,4.216979256819968214e-01,2.801754624528254212e+01,2.863016742352483845e+01,2.013067695494837217e+00,2.549999999999999822e+00,2.863016742352483845e+01,2.013067695494837217e+00,2.825309046658481549e+01,2.498512256617133165e+00
2.488013185653457811e+02,4.216979256819968214e-01,2.801768820621472855e+01,2.863169792035733252e+01,2.012671504475795903e+00,2.549999999999999822e+00,2.863169792035733252e+01,2.012671504475795903e+00,2.825384217377860097e+01,2.498431642724613155e+00
2.492230164910277779e+02,4.216979256819968214e-01,2.801783091600804454e+01,2.863323513083086524e+01,2.012275738692672178e+00,2.549999999999999822e+00,2.863323513083086524e+01,2.012275738692672178e+00,2.825459589238763414e+01,2.498351044976293345e+00
2.496447144167097747e+02,4.216979256819968214e-01,2.801797437596066231e+01,2.863477889250527042e+01,2.011880397061342585e+00,2.549999999999999822e+00,2.863477889250527042e+01,2.011880397061342585e+00,2.825535161913277094e+01,2.498270463354982596e+00
2.500664123423917715e+02,4.216979256819968214e-01,2.801811858736124350e+01,2.863632905386356597e+01,2.011485478501015667e+00,2.549999999999999822e+00,2.863632905386356597e+01,2.011485478501015667e+00,2.825610935081239461e+01,2.498189897843530183e+00
2.504881102680737683e+02,4.216979256819968214e-01,2.801826355148889647e+01,2.863788547315117583e+01,2.011090981934348321e+00,2.549999999999999822e+00,2.863788547315117583e+01,2.011090981934348321e+00,2.825686908429740285e+01,2.498109348424832898e+00
2.509954641883691409e+02,5.073539202953725180e-01,2.801843896036875137e+01,2.863976614105324714e+01,2.010616912312973792e+00,2.549999999999999822e+00,2.863976614105324714e+01,2.010616912312973792e+00,2.825778578481954284e+01,2.498012458975992445e+00
2.515028181086645134e+02,5.073539202953725180e-01,2.801861546285222460e+01,2.864165545866882567e+01,2.010143450110974062e+00,2.549999999999999822e+00,2.864165545866882567e+01,2.010143450110974062e+00,2.825870537332124499e+01,2.497915592767117499e+00
2.520101720289598859e+02,5.073539202953725180e-01,2.801879306111188939e+01,2.864355322414938243e+01,2.009670593473025679e+00,2.549999999999999822e+00,2.864355322414938243e+01,2.009670593473025679e+00,2.825962784471728639e+01,2.497818749768667246e+00
2.525175259492552584e+02,5.073539202953725180e-01,2.801897175730023193e+01,2.864545924879508831e+01,2.009198340551687334e+00,2.549999999999999822e+00,2.864545924879508831e+01,2.009198340551687334e+00,2.826055319403856814e+01,2.497721929951193243e+00
2.530248798695506309e+02,5.073539202953725180e-01,2.801915155354961229e+01,2.864737335570192656e+01,2.008726689507501106e+00,2.549999999999999822e+00,2.864737335570192656e+01,2.008726689507501106e+00,2.826148141642465106e+01,2.497625133285334975e+00
2.535322337898460034e+02,5.073539202953725180e-01,2.801933245197225730e+01,2.864929537859556419e+01,2.008255638509070184e+00,2.549999999999999822e+00,2.864929537859556419e+01,2.008255638509070184e+00,2.826241250711715125e+01,2.497528359741820747e+00
2.540395877101413760e+02,5.073539202953725180e-01,2.801951445466022506e+01,2.865122516082003301e+01,2.007785185733119260e+00,2.549999999999999822e+00,2.865122516082003301e+01,2.007785185733119260e+00,2.826334646145367557e+01,2.497431609291472565e+00
2.545469416304367485e+02,5.073539202953725180e-01,2.801969756368540487e+01,2.865316255445588567e+01,2.007315329364537160e+00,2.549999999999999822e+00,2.865316255445588567e+01,2.007315329364537160e+00,2.826428327486240377e+01,2.497334881905194148e+00
2.551560593214188373e+02,6.091176909820887886e-01,2.801991886459880021e+01,2.865549840344258925e+01,2.006752015687113477e+00,2.549999999999999822e+00,2.865549840344258925e+01,2.006752015687113477e+00,2.826541176240957753e+01,2.497218783609902015e+00
2.557651770124009261e+02,6.091176909820887886e-01,2.802014176663961820e+01,2.865784479362524451e+01,2.006189555947860637e+00,2.549999999999999822e+00,2.865784479362524451e+01,2.006189555947860637e+00,2.826654435691229494e+01,2.497102718467017368e+00
2.563742947033830433e+02,6.091176909821172103e-01,2.802036627327778007e+01,2.866020151021617934e+01,2.005627947052667448e+00,2.549999999999999822e+00,2.866020151021617934e+01,2.005627947052667448e+00,2.826768105091890604e+01,2.496986686426698743e+00
2.569834123943651321e+02,6.091176909820887886e-01,2.802059238794117135e+01,2.866256835079227727e+01,2.005067185924523265e+00,2.549999999999999822e+00,2.866256835079227727e+01,2.005067185924523265e+00,2.826882183712669416e+01,2.496870687439281866e+00
2.575925300853472208e+02,6.091176909820887886e-01,2.802082011401561701e+01,2.866494512416808860e+01,2.004507269503505551e+00,2.549999999999999822e+00,2.866494512416808860e+01,2.004507269503505551e+00,2.826996670837346315e+01,2.496754721455281878e+00
2.582016477763293096e+02,6.091176909820887886e-01,2.802104945484487430e+01,2.866733164940706047e+01,2.003948194746743905e+00,2.549999999999999822e+00,2.866733164940706047e+01,2.003948194746743905e+00,2.827111565762985990e+01,2.496638788425394662e+00
2.588107654673113984e+02,6.091176909820887886e-01,2.802128041373062572e+01,2.866972775495001002e+01,2.003389958628383649e+00,2.549999999999999822e+00,2.866972775495001002e+01,2.003389958628383649e+00,2.827226867799234000e+01,2.496522888300491516e+00
2.594198831582934872e+02,6.091176909820887886e-01,2.802151299393250383e+01,2.867213327784337551e+01,2.002832558139524544e+00,2.549999999999999822e+00,2.867213327784337551e+01,2.002832558139524544e+00,2.827342576267681196e+01,2.496407021031621376e+00
2.600290008492755760e+02,6.091176909820887886e-01,2.802174719866808772e+01,2.867454806305322990e+01,2.002275990288162166e+00,2.549999999999999822e+00,2.867454806305322990e+01,2.002275990288162166e+00,2.827458690501269345e+01,2.496291186570007259e+00
2.606381185402576648e+02,6.091176909820887886e-01,2.802198303111292788e+01,2.867697196285305949e+01,2.001720252099117303e+00,2.549999999999999822e+00,2.867697196285305949e+01,2.001720252099117303e+00,2.827575209843749349e+01,2.496175384867048930e+00
2.613787042291062335e+02,7.405856888485686795e-01,2.802227196121234698e+01,2.867993109609074054e+01,2.001045680316151376e+00,2.549999999999999822e+00,2.867993109609074054e+01,2.001045680316151376e+00,2.827717422729588748e+01,2.496034633335618924e+00
2.621192899179548021e+02,7.405856888485686795e-01,2.802256330765284531e+01,2.868290325398487539e+01,2.000372325326022604e+00,2.549999999999999822e+00,2.868290325398487539e+01,2.000372325326022604e+00,2.827860232372348293e+01,2.495893930071430233e+00
2.628598756068033708e+02,7.405856888485686795e-01,2.802285707589125963e+01,2.868588820808925988e+01,1.999700181880860628e+00,2.549999999999999822e+00,2.868588820808925988e+01,1.999700181880860628e+00,2.828003637650948576e+01,2.495753274988159909e+00
2.636004612956519395e+02,7.405856888485686795e-01,2.802315327129296563e+01,2.868888574145682924e+01,1.999029244768732116e+00,2.549999999999999822e+00,2.868888574145682924e+01,1.999029244768732116e+00,2.828147637463647612e+01,2.495612667999857592e+00
2.643410469845005082e+02,7.405856888485686795e-01,2.802345189913206980e+01,2.869189564772024781e+01,1.998359508813386309e+00,2.549999999999999822e+00,2.869189564772024781e+01,1.998359508813386309e+00,2.828292230727075207e+01,2.495472109020941076e+00
2.650816326733490769e+02,7.405856888485686795e-01,2.802375296459157994e+01,2.869491773027159454e+01,1.997690968873993667e+00,2.549999999999999822e+00,2.869491773027159454e+01,1.997690968873993667e+00,2.828437416375351177e+01,2.495331597966195858e+00
2.658222183621976455e+02,7.405856888485686795e-01,2.802405647276362188e+01,2.869795180152782166e+01,1.997023619844877862e+00,2.549999999999999822e+00,2.869795180152782166e+01,1.997023619844877862e+00,2.828583193359276038e+01,2.495191134750771589e+00
2.665628040510462142e+02,7.405856888485686795e-01,2.802436242864967042e+01,2.870099768227084525e+01,1.996357456655243556e+00,2.549999999999999822e+00,2.870099768227084525e+01,1.996357456655243556e+00,2.828729560645571794e+01,2.495050719290180297e+00
2.673033897398947829e+02,7.405856888485686795e-01,2.802467083716079799e+01,2.870405520105281738e+01,1.995692474268900174e+00,2.549999999999999822e+00,2.870405520105281738e+01,1.995692474268900174e+00,2.828876517216179565e+01,2.494910351500290613e+00
2.680439754287433516e+02,7.405856888485686795e-01,2.802498170311796599e+01,2.870712419365850110e+01,1.995028667683983015e+00,2.549999999999999822e+00,2.870712419365850110e+01,1.995028667683983015e+00,2.829024062067615120e+01,2.494770031297331325e+00
2.687845611175919203e+02,7.405856888485686795e-01,2.802529503125232679e+01,2.871020450261796952e+01,1.994366031932672811e+00,2.549999999999999822e+00,2.871020450261796952e+01,1.994366031932672811e+00,2.829172194210354974e+01,2.494629758597884717e+00
2.696766187795334986e+02,8.920576619415783171e-01,2.802567572001922258e+01,2.871392963798639286e+01,1.993569414840835385e+00,2.549999999999999822e+00,2.871392963798639286e+01,1.993569414840835385e+00,2.829351402186508224e+01,2.494460858879763432e+00
2.705686764414750769e+02,8.920576619415783171e-01,2.802605999581051321e+01,2.871767072026404932e+01,1.992774480787161906e+00,2.549999999999999822e+00,2.871767072026404932e+01,1.992774480787161906e+00,2.829531459162417306e+01,2.494292027819131174e+00
2.714607341034166552e+02,8.920576619415783171e-01,2.802644786637993590e+01,2.872142750805036471e+01,1.991981221282881576e+00,2.549999999999999822e+00,2.872142750805036471e+01,1.991981221282881576e+00,2.829712363482706294e+01,2.494123265272221168e+00
2.723527917653582335e+02,8.920576619415783171e-01,2.802683933929565185e+01,2.872519977060727570e+01,1.991189627908268811e+00,2.549999999999999822e+00,2.872519977060727570e+01,1.991189627908268811e+00,2.829894113516682452e+01,2.493954571095988726e+00
2.732448494272998119e+02,8.920576619415783171e-01,2.802723442194140091e+01,2.872898728710712390e+01,1.990399692311927371e+00,2.549999999999999822e+00,2.872898728710712390e+01,1.990399692311927371e+00,2.830076707657265089e+01,2.493785945148109473e+00
2.741369070892413902e+02,8.920576619415783171e-01,2.802763312151780895e+01,2.873278984595213004e+01,1.989611406210078925e+00,2.549999999999999822e+00,2.873278984595213004e+01,1.989611406210078925e+00,2.830260144319985116e+01,2.493617387286970910e+00
2.750289647511829685e+02,8.920576619415783171e-01,2.802803544504370237e+01,2.873660724415697132e+01,1.988824761385854956e+00,2.549999999999999822e+00,2.873660724415697132e+01,1.988824761385854956e+00,2.830444421942049615e+01,2.493448897371666195e+00
2.759210224131245468e+02,8.920576619415783171e-01,2.802844139935767132e+01,2.874043928678721116e+01,1.988039749688593316e+00,2.549999999999999822e+00,2.874043928678721116e+01,1.988039749688593316e+00,2.830629538981477111e+01,2.493280475261989704e+00
2.768130800750661251e+02,8.920576619415783171e-01,2.802885099111966483e+01,2.874428578644717902e+01,1.987256363033139239e+00,2.549999999999999822e+00,2.874428578644717902e+01,1.987256363033139239e+00,2.830815493916275116e+01,2.493112120818431254e+00
2.777051377370077034e+02,8.920576619415783171e-01,2.802926422681281693e+01,2.874814656281194658e+01,1.986474593399154331e+00,2.549999999999999822e+00,2.874814656281194658e+01,1.986474593399154331e+00,2.831002285243679140e+01,2.492943833902171225e+00
2.785971953989492818e+02,8.920576619415783171e-01,2.802968111274537577e+01,2.875202144219859335e+01,1.985694432830426681e+00,2.549999999999999822e+00,2.875202144219859335e+01,1.985694432830426681e+00,2.831189911479438592e+01,2.492775614375071225e+00
2.794892530608908601e+02,8.920576619415783171e-01,2.803010165505283879e+01,2.875591025717266902e+01,1.984915873434193623e+00,2.549999999999999822e+00,2.875591025717266902e+01,1.984915873434193623e+00,2.831378371157139640e+01,2.492607462099674542e+00
2.803813107228324384e+02,8.920576619415783171e-01,2.803052585970028332e+01,2.875981284618627143e+01,1.984138907380465833e+00,2.549999999999999822e+00,2.875981284618627143e+01,1.984138907380465833e+00,2.831567662827571397e+01,2.492439376939196372e+00
2.814598226404325487e+02,1.078511917600110337e+00,2.803104362871264499e+01,2.876454930942354693e+01,1.983201659656854243e+00,2.549999999999999822e+00,2.876454930942354693e+01,1.983201659656854243e+00,2.831797628442323500e+01,2.492236248732456083e+00
2.825383345580326591e+02,1.078511917600110337e+00,2.803156676942665726e+01,2.876930541321569024e+01,1.982266715994121409e+00,2.549999999999999822e+00,2.876930541321569024e+01,1.982266715994121409e+00,2.832028805603351529e+01,2.492033218190715438e+00
2.836168464756327694e+02,1.078511917600110337e+00,2.803209529142057121e+01,2.877408090254155226e+01,1.981334062913946426e+00,2.549999999999999822e+00,2.877408090254155226e+01,1.981334062913946426e+00,2.832261191843003445e+01,2.491830285076115370e+00
2.846953583932328797e+02,1.078511917600110337e+00,2.803262920393612845e+01,2.877887553219422756e+01,1.980403687065948937e+00,2.549999999999999822e+00,2.877887553219422756e+01,1.980403687065948937e+00,2.832494784725250270e+01,2.491627449152187701e+00
2.857738703108329901e+02,1.078511917600110337e+00,2.803316851588788694e+01,2.878368906617225420e+01,1.979475575226048667e+00,2.549999999999999822e+00,2.878368906617225420e+01,1.979475575226048667e+00,2.832729581844487043e+01,2.491424710183841373e+00
2.868523822284331004e+02,1.078511917600110337e+00,2.803371323587336406e+01,2.878852127712190168e+01,1.978549714294848272e+00,2.549999999999999822e+00,2.878852127712190168e+01,1.978549714294848272e+00,2.832965580824402352e+01,2.491222067937345575e+00
2.879308941460332107e+02,1.078511917600110337e+00,2.803426337218402153e+01,2.879337194582516091e+01,1.977626091296038613e+00,2.549999999999999822e+00,2.879337194582516091e+01,1.977626091296038613e+00,2.833202779316918196e+01,2.491019522180320411e+00
2.890094060636333211e+02,1.078511917600110337e+00,2.803481893281709958e+01,2.879824086072881428e+01,1.976704693374827126e+00,2.549999999999999822e+00,2.879824086072881428e+01,1.976704693374827126e+00,2.833441175001189904e+01,2.490817072681724031e+00
2.900879179812334314e+02,1.078511917600110337e+00,2.803537992548826097e+01,2.880312781751040774e+01,1.975785507796388840e+00,2.549999999999999822e+00,2.880312781751040774e+01,1.975785507796388840e+00,2.833680765582665728e+01,2.490614719211837524e+00
2.911664298988335418e+02,1.078511917600110337e+00,2.803594635764509491e+01,2.880803261867752596e+01,1.974868521944339816e+00,2.549999999999999822e+00,2.880803261867752596e+01,1.974868521944339816e+00,2.833921548792199374e+01,2.490412461542255596e+00
2.922449418164336521e+02,1.078511917600110337e+00,2.803651823648138475e+01,2.881295507319718752e+01,1.973953723319235243e+00,2.549999999999999822e+00,2.881295507319718752e+01,1.973953723319235243e+00,2.834163522385208722e+01,2.490210299445873687e+00
2.933234537340337624e+02,1.078511917600110337e+00,2.803709556895215371e+01,2.881789499615253547e+01,1.973041099537085064e+00,2.549999999999999822e+00,2.881789499615253547e+01,1.973041099537085064e+00,2.834406684140880728e+01,2.490008232696875545e+00
2.944019656516338728e+02,1.078511917600110337e+00,2.803767836178943185e+01,2.882285220842426554e+01,1.972130638327898033e+00,2.549999999999999822e+00,2.882285220842426554e+01,1.972130638327898033e+00,2.834651031861416115e+01,2.489806261070717230e+00
2.954804775692339831e+02,1.078511917600110337e+00,2.803826662151869797e+01,2.882782653639462112e+01,1.971222327534242647e+00,2.549999999999999822e+00,2.882782653639462112e+01,1.971222327534242647e+00,2.834896563371319544e+01,2.489604384344125343e+00
2.965589894868340934e+02,1.078511917600110337e+00,2.803886035447590075e+01,2.883281781167188029e+01,1.970316155109831380e+00,2.549999999999999822e+00,2.883281781167188029e+01,1.970316155109831380e+00,2.835143276516720690e+01,2.489402602295074818e+00
2.978089894868340934e+02,1.250000000000000000e+00,2.803955534948305583e+01,2.883862370994303603e+01,1.969268557027029853e+00,2.549999999999999822e+00,2.883862370994303603e+01,1.969268557027029853e+00,2.835430693716136119e+01,2.489168854188009927e+00
2.990589894868340934e+02,1.250000000000000000e+00,2.804025771424313973e+01,2.884445190752793309e+01,1.968223796964677641e+00,2.549999999999999822e+00,2.884445190752793309e+01,1.968223796964677641e+00,2.835719692045145379e+01,2.488935232622251359e+00
3.000000000000000000e+02,9.410105131659065592e-01,2.804079132816078967e+01,2.884885399134108397e+01,1.967439154196845230e+00,2.549999999999999822e+00,2.884885399134108397e+01,1.967439154196845230e+00,2.835938293621519435e+01,2.488759443624525947e+00
3.000032121143587460e+02,3.212114358746021026e-03,2.804079315680358775e+01,2.884886901700973993e+01,1.967436478568200586e+00,2.549999999999999822e+00,2.884886901700973993e+01,1.967436478568200586e+00,2.835939041338607680e+01,2.488758843695776601e+00
3.000076117373117199e+02,4.399622952973913925e-03,2.804079566156903169e+01,2.884888956983275676e+01,1.967432813798960733e+00,2.549999999999999822e+00,2.884888956983275676e+01,1.967432813798960733e+00,2.835940065490198592e+01,2.488758021976603896e+00
3.000162373959240085e+02,8.625658612288589211e-03,2.804080057253984037e+01,2.884892980984226440e+01,1.967425628956639416e+00,2.549999999999999822e+00,2.884892980984226440e+01,1.967425628956639416e+00,2.835942073405083974e+01,2.488756410963748333e+00
3.000296872468526317e+02,1.344985092862316378e-02,2.804080823083947749e+01,2.884899245452768923e+01,1.967414426017090490e+00,2.549999999999999822e+00,2.884899245452768923e+01,1.967414426017090490e+00,2.835945204366548111e+01,2.488753898949250587e+00
3.000488795947946414e+02,1.919234794200974648e-02,2.804081916037814892e+01,2.884908168840417986e+01,1.967398440480552901e+00,2.549999999999999822e+00,2.884908168840417986e+01,1.967398440480552901e+00,2.835949672221445894e+01,2.488750314439888367e+00
3.000745631626903105e+02,2.568356789566905718e-02,2.804083378922041092e+01,2.884920087837609870e+01,1.967377049370833353e+00,2.549999999999999822e+00,2.884920087837609870e+01,1.967377049370833353e+00,2.835955651393595289e+01,2.488745517627218184e+00
3.001073862004802777e+02,3.282303778996720212e-02,2.804085248909962758e+01,2.884935289991523888e+01,1.967349713733858474e+00,2.549999999999999822e+00,2.884935289991523888e+01,1.967349713733858474e+00,2.835963292984147444e+01,2.488739387482998389e+00
3.001479145193796398e+02,4.052831889936214793e-02,2.804087558584371109e+01,2.884954022452743416e+01,1.967315963675498214e+00,2.549999999999999822e+00,2.884954022452743416e+01,1.967315963675498214e+00,2.835972728982061142e+01,2.488731818393624895e+00
3.001966491220450735e+02,4.873460266543361286e-02,2.804090336956176444e+01,2.884976500479199046e+01,1.967275383732464578e+00,2.549999999999999822e+00,2.884976500479199046e+01,1.967275383732464578e+00,2.835984076379984486e+01,2.488722716869875118e+00
3.002453837247105071e+02,4.873460266543361286e-02,2.804093116450830792e+01,2.884998933751774786e+01,1.967234808065115192e+00,2.549999999999999822e+00,2.884998933751774786e+01,1.967234808065115192e+00,2.835995424625209793e+01,2.488713615537567758e+00
3.003107651182052678e+02,6.538139349476068674e-02,2.804096847130471559e+01,2.885028968326319188e+01,1.967180379251651345e+00,2.549999999999999822e+00,2.885028968326319188e+01,1.967180379251651345e+00,2.836010650544947609e+01,2.488701405668114930e+00
3.003761465117000284e+02,6.538139349476068674e-02,2.804100579831280626e+01,2.885058940369538760e+01,1.967125958123870477e+00,2.549999999999999822e+00,2.885058940369538760e+01,1.967125958123870477e+00,2.836025877999099620e+01,2.488689196143140325e+00
3.004594903346086880e+02,8.334382290865960385e-02,2.804105340958921033e+01,2.885097066023044832e+01,1.967056596849833916e+00,2.549999999999999822e+00,2.885097066023044832e+01,1.967056596849833916e+00,2.836045291169904203e+01,2.488673632757532950e+00
3.005428341575173476e+02,8.334382290865960385e-02,2.804110105371312756e+01,2.885135110244331713e+01,1.966987248049106185e+00,2.549999999999999822e+00,2.885135110244331713e+01,1.966987248049106185e+00,2.836064706849798256e+01,2.488658069931503736e+00
3.006454633558650471e+02,1.026291983476994574e-01,2.804115976759903006e+01,2.885181856785921539e+01,1.966901869381917134e+00,2.549999999999999822e+00,2.885181856785921539e+01,1.966901869381917134e+00,2.836088618686594032e+01,2.488638906708094733e+00
3.007480925542127466e+02,1.026291983476994574e-01,2.804121853130155273e+01,2.885228501943377566e+01,1.966816509603897867e+00,2.549999999999999822e+00,2.885228501943377566e+01,1.966816509603897867e+00,2.836112534352282921e+01,2.488619744332854378e+00
3.008507217525604460e+02,1.026291983476994574e-01,2.804127734482555567e+01,2.885275054215190949e+01,1.966731168702620325e+00,2.549999999999999822e+00,2.885275054215190949e+01,1.966731168702620325e+00,2.836136453858533812e+01,2.488600582805598371e+00
3.009832226834322455e+02,1.325009308717994827e-01,2.804135335057945255e+01,2.885335029880122448e+01,1.966621015979639564e+00,2.549999999999999822e+00,2.885335029880122448e+01,1.966621015979639564e+00,2.836167341185067770e+01,2.488575845288793165e+00
3.011157236143040450e+02,1.325009308717994827e-01,2.804142943939665500e+01,2.885394874205291771e+01,1.966510894676586352e+00,2.549999999999999822e+00,2.885394874205291771e+01,1.966510894676586352e+00,2.836198234952394870e+01,2.488551109184739207e+00
3.012482245451758445e+02,1.325009308717994827e-01,2.804150561128755825e+01,2.885454597042713942e+01,1.966400804769295796e+00,2.549999999999999822e+00,2.885454597042713942e+01,1.966400804769295796e+00,2.836229135180133909e+01,2.488526374493035931e+00
3.014127428254655570e+02,1.645182802897124930e-01,2.804160030487861377e+01,2.885528594410666514e+01,1.966264156539098584e+00,2.549999999999999822e+00,2.885528594410666514e+01,1.966264156539098584e+00,2.836267511115906359e+01,2.488495664908096927e+00
3.015772611057552695e+02,1.645182802897124930e-01,2.804169512657744079e+01,2.885602430269645424e+01,1.966127556629786000e+00,2.549999999999999822e+00,2.885602430269645424e+01,1.966127556629786000e+00,2.836305897071873616e+01,2.488464957499151975e+00
3.017417793860449819e+02,1.645182802897124930e-01,2.804179007640381727e+01,2.885676115667247288e+01,1.965991004997582836e+00,2.549999999999999822e+00,2.885676115667247288e+01,1.965991004997582836e+00,2.836344293078099810e+01,2.488434252265440794e+00
3.019402971393398616e+02,1.985177532948796397e-01,2.804190481924371880e+01,2.885764841949324122e+01,1.965826297713166193e+00,2.549999999999999822e+00,2.885764841949324122e+01,1.965826297713166193e+00,2.836390637452409536e+01,2.488397204359665604e+00
3.021388148926347412e+02,1.985177532948796397e-01,2.804201974870460390e+01,2.885853376986448993e+01,1.965661660583603698e+00,2.549999999999999822e+00,2.885853376986448993e+01,1.965661660583603698e+00,2.836436996547135436e+01,2.488360159618646872e+00
3.023373326459296209e+02,1.985177532948796397e-01,2.804213486482104400e+01,2.885941732907775048e+01,1.965497093534477546e+00,2.549999999999999822e+00,2.885941732907775048e+01,1.965497093534477546e+00,2.836483370405346349e+01,2.488323118041048776e+00
3.025358503992245005e+02,1.985177532948796397e-01,2.804225016762754308e+01,2.886029920244487101e+01,1.965332596491963901e+00,2.549999999999999822e+00,2.886029920244487101e+01,1.965332596491963901e+00,2.836529759067489209e+01,2.488286079625537717e+00
3.027812128949681210e+02,2.453624957436204568e-01,2.804239293675219713e+01,2.886138698121500923e+01,1.965129379287127387e+00,2.549999999999999822e+00,2.886138698121500923e+01,1.965129379287127387e+00,2.836587114693736211e+01,2.488240305527683827e+00
3.030265753907117414e+02,2.453624957436204568e-01,2.804253599118738549e+01,2.886247247854268849e+01,1.964926268776816753e+00,2.549999999999999822e+00,2.886247247854268849e+01,1.964926268776816753e+00,2.836644493060810746e+01,2.488194536255770473e+00
3.032719378864553619e+02,2.453624957436204568e-01,2.804267933099790611e+01,2.886355582835152234e+01,1.964723264824317805e+00,2.549999999999999822e+00,2.886355582835152234e+01,1.964723264824317805e+00,2.836701894232383125e+01,2.488148771807284998e+00
3.035173003821989823e+02,2.453624957436204568e-01,2.804282295624846455e+01,2.886463714896630606e+01,1.964520367293650649e+00,2.549999999999999822e+00,2.886463714896630606e+01,1.964520367293650649e+00,2.836759318268505581e+01,2.488103012179719187e+00
3.038121888125829173e+02,2.948884303839349741e-01,2.804299594974117937e+01,2.886593419530858995e+01,1.964276655917858827e+00,2.549999999999999822e+00,2.886593419530858995e+01,1.964276655917858827e+00,2.836828363565914302e+01,2.488048022437035822e+00
3.041070772429668523e+02,2.948884303839349741e-01,2.804316935573982761e+01,2.886722862550915991e+01,1.964033097832617480e+00,2.549999999999999822e+00,2.886722862550915991e+01,1.964033097832617480e+00,2.836897442064930530e+01,2.487993039649914806e+00
3.044019656733507873e+02,2.948884303839349741e-01,2.804334317435625579e+01,2.886852058439114899e+01,1.963789692805211429e+00,2.549999999999999822e+00,2.886852058439114899e+01,1.963789692805211429e+00,2.836966553853467943e+01,2.487938063814019163e+00
3.046968541037347222e+02,2.948884303839349741e-01,2.804351740570219675e+01,2.886981020165169554e+01,1.963546440603932464e+00,2.549999999999999822e+00,2.886981020165169554e+01,1.963546440603932464e+00,2.837035699014698054e+01,2.487883094925019467e+00
3.049917425341186572e+02,2.948884303839349741e-01,2.804369204988931585e+01,2.887109759428564004e+01,1.963303340998006297e+00,2.549999999999999822e+00,2.887109759428564004e+01,1.963303340998006297e+00,2.837104877627536581e+01,2.487828132978592954e+00
3.053507267869305792e+02,3.589842528119220333e-01,2.804390521142475023e+01,2.887266196016429731e+01,1.963007607809193811e+00,2.549999999999999822e+00,2.887266196016429731e+01,1.963007607809193811e+00,2.837189137895853719e+01,2.487761234077344952e+00
3.057097110397425013e+02,3.589842528119220333e-01,2.804411898513933821e+01,2.887422335944958007e+01,1.962712100006222427e+00,2.549999999999999822e+00,2.887422335944958007e+01,1.962712100006222427e+00,2.837273447977473850e+01,2.487694345450514266e+00
3.060686952925544233e+02,3.589842528119220333e-01,2.804433337123438719e+01,2.887578194839758794e+01,1.962416817177691897e+00,2.549999999999999822e+00,2.887578194839758794e+01,1.962416817177691897e+00,2.837357807993928915e+01,2.487627467090341327e+00
3.064276795453663453e+02,3.589842528119220333e-01,2.804454836991130051e+01,2.887733786873947039e+01,1.962121758913835112e+00,2.549999999999999822e+00,2.887733786873947039e+01,1.962121758913835112e+00,2.837442218060490262e+01,2.487560598989078109e+00
3.067866637981782674e+02,3.589842528119220333e-01,2.804476398137166626e+01,2.887889124974959287e+01,1.961826924806449712e+00,2.549999999999999822e+00,2.887889124974959287e+01,1.961826924806449712e+00,2.837526678286730686e+01,2.487493741138994352e+00
3.071456480509901894e+02,3.589842528119220333e-01,2.804498020581732121e+01,2.888044220992433253e+01,1.961532314448843684e+00,2.549999999999999822e+00,2.888044220992433253e+01,1.961532314448843684e+00,2.837611188777013993e+01,2.487426893532370897e+00
3.075846175549664281e+02,4.389695039762386841e-01,2.804524544057840885e+01,2.888233560799528732e+01,1.961172365474971535e+00,2.549999999999999822e+00,2.888233560799528732e+01,1.961172365474971535e+00,2.837714597498236557e+01,2.487345165526135826e+00
3.080235870589426668e+02,4.389695039762386841e-01,2.804551159258721071e+01,2.888422573182102582e+01,1.960812749722235626e+00,2.549999999999999822e+00,2.888422573182102582e+01,1.960812749722235626e+00,2.837818081699272099e+01,2.487263452811004250e+00
3.084625565629189055e+02,4.389695039762386841e-01,2.804577866221534777e+01,2.888611274841620613e+01,1.960453466455693849e+00,2.549999999999999822e+00,2.888611274841620613e+01,1.960453466455693849e+00,2.837921641544297913e+01,2.487181755372946945e+00
3.089015260668951441e+02,4.389695039762386841e-01,2.804604664983575191e+01,2.888799681099351702e+01,1.960094514943425459e+00,2.549999999999999822e+00,2.888799681099351702e+01,1.960094514943425459e+00,2.838025277189255391e+01,2.487100073197970218e+00
3.093404955708713828e+02,4.389695039762386841e-01,2.804631555582289337e+01,2.888987806070002051e+01,1.959735894456468008e+00,2.549999999999999822e+00,2.888987806070002051e+01,1.959735894456468008e+00,2.838128988782517936e+01,2.487018406272108795e+00
3.097794650748476215e+02,4.389695039762386841e-01,2.804658538055296546e+01,2.889175662806347944e+01,1.959377604268759399e+00,2.549999999999999822e+00,2.889175662806347944e+01,1.959377604268759399e+00,2.838232776465475027e+01,2.486936754581426268e+00
3.102184345788238602e+02,4.389695039762386841e-01,2.804685612440410125e+01,2.889363263420817418e+01,1.959019643657088583e+00,2.549999999999999822e+00,2.889363263420817418e+01,1.959019643657088583e+00,2.838336640373039188e+01,2.486855118112021756e+00
3.107547896949467372e+02,5.363551161228770070e-01,2.804718818107433620e+01,2.889592152047904250e+01,1.958582715609537672e+00,2.549999999999999822e+00,2.889592152047904250e+01,1.958582715609537672e+00,2.838463650195927102e+01,2.486755391190439202e+00
3.112911448110696142e+02,5.363551161228770070e-01,2.804752161118381437e+01,2.889820694158767722e+01,1.958146277208385300e+00,2.549999999999999822e+00,2.889820694158767722e+01,1.958146277208385300e+00,2.838590774231902714e+01,2.486655686947028876e+00
3.118274999271924912e+02,5.363551161228770070e-01,2.804785641543663743e+01,2.890048907350251994e+01,1.957710327151213958e+00,2.549999999999999822e+00,2.890048907350251994e+01,1.957710327151213958e+00,2.838718012693292536e+01,2.486556005356612697e+00
3.123638550433153682e+02,5.363551161228770070e-01,2.804819259454315983e+01,2.890276807920560742e+01,1.957274864141598902e+00,2.549999999999999822e+00,2.890276807920560742e+01,1.957274864141598902e+00,2.838845365781778440e+01,2.486456346394077865e+00
3.129002101594382452e+02,5.363551161228770070e-01,2.804853014922046128e+01,2.890504411013461095e+01,1.956839886889034430e+00,2.549999999999999822e+00,2.890504411013461095e+01,1.956839886889034430e+00,2.838972833689159359e+01,2.486356710034381301e+00
3.134365652755611222e+02,5.363551161228770070e-01,2.804886908019290459e+01,2.890731730741199001e+01,1.956405394108861495e+00,2.549999999999999822e+00,2.890731730741199001e+01,1.956405394108861495e+00,2.839100416598038024e+01,2.486257096252543430e+00
3.139729203916839992e+02,5.363551161228770070e-01,2.804920938819257614e+01,2.890958780289995289e+01,1.955971384522203982e+00,2.549999999999999822e+00,2.890958780289995289e+01,1.955971384522203982e+00,2.839228114682440207e+01,2.486157505023652625e+00
3.145092755078068762e+02,5.363551161228770070e-01,2.804955107395981884e+01,2.891185572011172411e+01,1.955537856855908752e+00,2.549999999999999822e+00,2.891185572011172411e+01,1.955537856855908752e+00,2.839355928108366811e+01,2.486057936322860318e+00
3.151621638159958820e+02,6.528883081890057838e-01,2.804996885774826865e+01,2.891461307267352510e+01,1.955010785706909449e+00,2.549999999999999822e+00,2.891461307267352510e+01,1.955010785706909449e+00,2.839511667277200857e+01,2.485936764823372336e+00
3.158150521241848878e+02,6.528883081890057838e-01,2.805038868551438114e+01,2.891736697185320537e+01,1.954484424487424876e+00,2.549999999999999822e+00,2.891736697185320537e+01,1.954484424487424876e+00,2.839667577858721259e+01,2.485815626623456787e+00
3.164679404323738936e+02,6.528883081890057838e-01,2.805081055864911477e+01,2.892011759971752838e+01,1.953958770934723033e+00,2.549999999999999822e+00,2.892011759971752838e+01,1.953958770934723033e+00,2.839823660110262793e+01,2.485694521678690094e+00
3.171208287405628994e+02,6.528883081890057838e-01,2.805123447856602681e+01,2.892286512622566974e+01,1.953433822798136932e+00,2.549999999999999822e+00,2.892286512622566974e+01,1.953433822798136932e+00,2.839979914275690476e+01,2.485573449944787239e+00
3.177737170487519052e+02,6.528883081890057838e-01,2.805166044670243863e+01,2.892560971042006202e+01,1.952909577838946920e+00,2.549999999999999822e+00,2.892560971042006202e+01,1.952909577838946920e+00,2.840136340586285257e+01,2.485452411377604864e+00
3.184266053569409110e+02,6.528883081890057838e-01,2.805208846452059035e+01,2.892835150146181533e+01,1.952386033830265211e+00,2.549999999999999822e+00,2.892835150146181533e+01,1.952386033830265211e+00,2.840292939261535210e+01,2.485331405933139504e+00
3.190794936651299167e+02,6.528883081890057838e-01,2.805251853350871016e+01,2.893109063953567883e+01,1.951863188556926421e+00,2.549999999999999822e+00,2.893109063953567883e+01,1.951863188556926421e+00,2.840449710509859926e+01,2.485210433567527577e+00
3.197323819733189225e+02,6.528883081890057838e-01,2.805295065518209796e+01,2.893382725664492838e+01,1.951341039815381651e+00,2.549999999999999822e+00,2.893382725664492838e+01,1.951341039815381651e+00,2.840606654529261377e+01,2.485089494237042285e+00
3.203852702815079283e+02,6.528883081890057838e-01,2.805338483108415559e+01,2.893656147731273975e+01,1.950819585413597901e+00,2.549999999999999822e+00,2.893656147731273975e+01,1.950819585413597901e+00,2.840763771507928581e+01,2.484968587898096271e+00
3.211761680295553560e+02,7.908977480474277399e-01,2.805391353808121124e+01,2.893987062393233956e+01,1.950188831339371820e+00,2.549999999999999822e+00,2.893987062393233956e+01,1.950188831339371820e+00,2.840954332253243564e+01,2.484822168150750965e+00
3.219670657776027838e+02,7.908977480474277399e-01,2.805444526471708144e+01,2.894317662307881989e+01,1.949559089119622390e+00,2.549999999999999822e+00,2.894317662307881989e+01,1.949559089119622390e+00,2.841145147370374602e+01,2.484675796676066639e+00
3.227579635256502115e+02,7.908977480474277399e-01,2.805498001391345753e+01,2.894647965931309486e+01,1.948930354924352626e+00,2.549999999999999822e+00,2.894647965931309486e+01,1.948930354924352626e+00,2.841336217142575293e+01,2.484529473397363297e+00
3.235488612736976393e+02,7.908977480474277399e-01,2.805551778866142243e+01,2.894977990599872086e+01,1.948302624947461981e+00,2.549999999999999822e+00,2.894977990599872086e+01,1.948302624947461981e+00,2.841527541836507709e+01,2.484383198238248269e+00
3.243397590217450670e+02,7.908977480474277399e-01,2.805605859202362851e+01,2.895307752628484366e+01,1.947675895406514535e+00,2.549999999999999822e+00,2.895307752628484366e+01,1.947675895406514535e+00,2.841719121703237505e+01,2.484236971122621984e+00
3.251306567697924947e+02,7.908977480474277399e-01,2.805660242713635100e+01,2.895637267397515657e+01,1.947050162542513618e+00,2.549999999999999822e+00,2.895637267397515657e+01,1.947050162542513618e+00,2.841910956979138447e+01,2.484090791974665091e+00
3.259215545178399225e+02,7.908977480474277399e-01,2.805714929721143136e+01,2.895966549429925152e+01,1.946425422619682655e+00,2.549999999999999822e+00,2.895966549429925152e+01,1.946425422619682655e+00,2.842103047886727296e+01,2.483944660718847341e+00
3.267124522658873502e+02,7.908977480474277399e-01,2.805769920553809982e+01,2.896295612459985591e+01,1.945801671925249332e+00,2.549999999999999822e+00,2.896295612459985591e+01,1.945801671925249332e+00,2.842295394635416272e+01,2.483798577279919595e+00
3.275033500139347780e+02,7.908977480474277399e-01,2.805825215548470908e+01,2.896624469494739884e+01,1.945178906769234217e+00,2.549999999999999822e+00,2.896624469494739884e+01,1.945178906769234217e+00,2.842487997422226798e+01,2.483652541582912043e+00
3.282942477619822057e+02,7.908977480474277399e-01,2.805880815050030819e+01,2.896953132869137448e+01,1.944557123484244254e+00,2.549999999999999822e+00,2.896953132869137448e+01,1.944557123484244254e+00,2.842680856432432535e+01,2.483506553553138652e+00
3.292480074785791544e+02,9.537597165969486923e-01,2.805948269144074203e+01,2.897349233752953168e+01,1.943808603135835034e+00,2.549999999999999822e+00,2.897349233752953168e+01,1.943808603135835034e+00,2.842913770089105086e+01,2.483330566907699044e+00
3.302017671951761031e+02,9.537597165969486923e-01,2.806016167214890800e+01,2.897745089439322541e+01,1.943061499018537308e+00,2.549999999999999822e+00,2.897745089439322541e+01,1.943061499018537308e+00,2.843147056894726177e+01,2.483154649343888298e+00
3.311555269117730518e+02,9.537597165969486923e-01,2.806084509915927327e+01,2.898140718239280389e+01,1.942315804829366499e+00,2.549999999999999822e+00,2.898140718239280389e+01,1.942315804829366499e+00,2.843380717113180722e+01,2.482978800732321023e+00
3.321092866283700005e+02,9.537597165969486923e-01,2.806153297918898559e+01,2.898536137435156235e+01,1.941571514311258406e+00,2.549999999999999822e+00,2.898536137435156235e+01,1.941571514311258406e+00,2.843614750988461282e+01,2.482803020944191363e+00
3.330630463449669492e+02,9.537597165969486923e-01,2.806222531914027840e+01,2.898931363362043712e+01,1.940828621252586039e+00,2.549999999999999822e+00,2.898931363362043712e+01,1.940828621252586039e+00,2.843849158745765493e+01,2.482627309851262343e+00
3.340168060615638979e+02,9.537597165969486923e-01,2.806292212610257053e+01,2.899326411480814869e+01,1.940087119486685996e+00,2.549999999999999822e+00,2.899326411480814869e+01,1.940087119486685996e+00,2.844083940592519255e+01,2.482451667325863198e+00
3.349705657781608465e+02,9.537597165969486923e-01,2.806362340735417149e+01,2.899721296443764729e+01,1.939347002891392391e+00,2.549999999999999822e+00,2.899721296443764729e+01,1.939347002891392391e+00,2.844319096719314999e+01,2.482276093240887604e+00
3.359243254947577952e+02,9.537597165969486923e-01,2.806432917036358532e+01,2.900116032153804468e+01,1.938608265388576335e+00,2.549999999999999822e+00,2.900116032153804468e+01,1.938608265388576335e+00,2.844554627300781746e+01,2.482100587469784791e+00
3.368780852113547439e+02,9.537597165969486923e-01,2.806503942279045916e+01,2.900510631817981633e+01,1.937870900943697183e+00,2.549999999999999822e+00,2.900510631817981633e+01,1.937870900943697183e+00,2.844790532496395485e+01,2.481925149886563098e+00
3.378318449279516926e+02,9.537597165969486923e-01,2.806575417248609838e+01,2.900905107996007715e+01,1.937134903565356447e+00,2.549999999999999822e+00,2.900905107996007715e+01,1.937134903565356447e+00,2.845026812451224174e+01,2.481749780365776648e+00
3.387856046445486413e+02,9.537597165969486923e-01,2.806647342749359453e+01,2.901299472644356925e+01,1.936400267304860146e+00,2.549999999999999822e+00,2.901299472644356925e+01,1.936400267304860146e+00,2.845263467296635085e+01,2.481574478782527571e+00
3.399317242380759012e+02,1.146119593527259894e+00,2.806734371765664804e+01,2.901773243586052331e+01,1.935519257519372482e+00,2.549999999999999822e+00,2.901773243586052331e+01,1.935519257519372482e+00,2.845548348181755571e+01,2.481363911040342263e+00
3.410778438316031611e+02,1.146119593527259894e+00,2.806822054026554270e+01,2.902246888669880676e+01,1.934640194558283621e+00,2.549999999999999822e+00,2.902246888669880676e+01,1.934640194558283621e+00,2.845833770779062633e+01,2.481153441008981719e+00
3.422239634251304210e+02,1.146119593527259894e+00,2.806910391036842967e+01,2.902720425653081548e+01,1.933763068338304469e+00,2.549999999999999822e+00,2.902720425653081548e+01,1.933763068338304469e+00,2.846119735245660465e+01,2.480943068474796398e+00
3.433700830186576809e+02,1.146119593527259894e+00,2.806999384340363690e+01,2.903193871353431987e+01,1.932887868861336234e+00,2.549999999999999822e+00,2.903193871353431987e+01,1.932887868861336234e+00,2.846406241715426688e+01,2.480732793225244315e+00
3.445162026121849408e+02,1.146119593527259894e+00,2.807089035519383202e+01,2.903667241717225878e+01,1.932014586213455676e+00,2.549999999999999822e+00,2.903667241717225878e+01,1.932014586213455676e+00,2.846693290300234125e+01,2.480522615048876389e+00
3.456623222057122007e+02,1.146119593527259894e+00,2.807179346193878899e+01,2.904140551880867704e+01,1.931143210563921908e+00,2.549999999999999822e+00,2.904140551880867704e+01,1.931143210563921908e+00,2.846980881091070970e+01,2.480312533735328451e+00
3.468084417992394606e+02,1.146119593527259894e+00,2.807270318020673727e+01,2.904613816226831702e+01,1.930273732164193845e+00,2.549999999999999822e+00,2.904613816226831702e+01,1.930273732164193845e+00,2.847269014159095946e+01,2.480102549075318574e+00
3.479545613927667205e+02,1.146119593527259894e+00,2.807361952692430052e+01,2.905087048434603503e+01,1.929406141346968306e+00,2.549999999999999822e+00,2.905087048434603503e+01,1.929406141346968306e+00,2.847557689556619209e+01,2.479892660860627540e+00
3.491006809862939804e+02,1.146119593527259894e+00,2.807454251936505685e+01,2.905560261527176280e+01,1.928540428525229000e+00,2.549999999999999822e+00,2.905560261527176280e+01,1.928540428525229000e+00,2.847846907318010068e+01,2.479682868884098390e+00
3.502468005798212403e+02,1.146119593527259894e+00,2.807547217513670645e+01,2.906033467913559676e+01,1.927676584191314602e+00,2.549999999999999822e+00,2.906033467913559676e+01,1.927676584191314602e+00,2.848136667460552829e+01,2.479473172939622660e+00
3.513929201733485002e+02,1.146119593527259894e+00,2.807640851216693889e+01,2.906506679427737083e+01,1.926814598915998600e+00,2.549999999999999822e+00,2.906506679427737083e+01,1.926814598915998600e+00,2.848426969985247581e+01,2.479263572822136830e+00
3.525390397668757601e+02,1.146119593527259894e+00,2.807735154868804273e+01,2.906979907364425131e+01,1.925954463347584689e+00,2.549999999999999822e+00,2.906979907364425131e+01,1.925954463347584689e+00,2.848717814877550936e+01,2.479054068327606775e+00
3.536851593604030199e+02,1.146119593527259894e+00,2.807830130322027884e+01,2.907453162511964351e+01,1.925096168211015035e+00,2.549999999999999822e+00,2.907453162511964351e+01,1.925096168211015035e+00,2.849009202108090477e+01,2.478844659253025551e+00
3.549351593604030199e+02,1.250000000000000000e+00,2.807934482132192144e+01,2.907969355028477665e+01,1.924162167508570276e+00,2.549999999999999822e+00,2.907969355028477665e+01,1.924162167508570276e+00,2.849327617940349811e+01,2.478616378595138503e+00
3.561851593604030199e+02,1.250000000000000000e+00,2.808039637749133632e+01,2.908485604941911618e+01,1.923230333204381415e+00,2.549999999999999822e+00,2.908485604941911618e+01,1.923230333204381415e+00,2.849646678750657713e+01,2.478388210937235048e+00
3.574351593604030199e+02,1.250000000000000000e+00,2.808145599677046889e+01,2.909001924429933084e+01,1.922300653570378826e+00,2.549999999999999822e+00,2.909001924429933084e+01,1.922300653570378826e+00,2.849966384445890100e+01,2.478160156020051019e+00
3.586851593604030199e+02,1.250000000000000000e+00,2.808252370449460145e+01,2.909518325112401627e+01,1.921373116981861306e+00,2.549999999999999822e+00,2.909518325112401627e+01,1.921373116981861306e+00,2.850286734915484743e+01,2.477932213585724242e+00
3.599351593604030199e+02,1.250000000000000000e+00,2.808359952625914602e+01,2.910034818085035013e+01,1.920447711916222433e+00,2.549999999999999822e+00,2.910034818085035013e+01,1.920447711916222433e+00,2.850607730032234599e+01,2.477704383377782094e+00
3.600000000000000000e+02,6.484063959698005419e-02,2.808365555368138189e+01,2.910061612590556734e+01,1.920399766769010252e+00,2.549999999999999822e+00,2.910061612590556734e+01,1.920399766769010252e+00,2.850624398439603624e+01,2.477692568309613375e+00
3.600032197143041230e+02,3.219714304123044712e-03,2.808365833633911990e+01,2.910062943545270997e+01,1.920397386163642084e+00,2.549999999999999822e+00,2.910062943545270997e+01,1.920397386163642084e+00,2.850625226168709858e+01,2.477691981630716800e+00
3.600098120289268309e+02,6.592314622707817762e-03,2.808366403395578104e+01,2.910065669662907695e+01,1.920392511957565329e+00,2.549999999999999822e+00,2.910065669662907695e+01,1.920392511957565329e+00,2.850626920948723964e+01,2.477690780417181493e+00
3.600244121859988127e+02,1.460015707198181190e-02,2.808367665340995956e+01,2.910071709925725258e+01,1.920381717152435774e+00,2.549999999999999822e+00,2.910071709925725258e+01,1.920381717152435774e+00,2.850630674502911077e+01,2.477688120071888545e+00
3.600493402578435962e+02,2.492807184478351701e-02,2.808369820222896962e+01,2.910082028553873812e+01,1.920363286957573301e+00,2.549999999999999822e+00,2.910082028553873812e+01,1.920363286957573301e+00,2.850637083528915738e+01,2.477683577876724552e+00
3.600871690394363895e+02,3.782878159279334795e-02,2.808373090912132852e+01,2.910097696828555769e+01,1.920335320448151029e+00,2.549999999999999822e+00,2.910097696828555769e+01,1.920335320448151029e+00,2.850646809983285124e+01,2.477676685101845244e+00
3.601399966997936986e+02,5.282766035730901422e-02,2.808377659657452341e+01,2.910119592118740428e+01,1.920296268669540396e+00,2.549999999999999822e+00,2.910119592118740428e+01,1.920296268669540396e+00,2.850660394219717020e+01,2.477667059555871631e+00
3.602096248213175045e+02,6.962812152380593034e-02,2.808383683595297597e+01,2.910148471292419714e+01,1.920244803315182214e+00,2.549999999999999822e+00,2.910148471292419714e+01,1.920244803315182214e+00,2.850678300886750804e+01,2.477654373161346957e+00
3.602976077019627041e+02,8.798288064519965701e-02,2.808391299125795726e+01,2.910184990875836775e+01,1.920179780569642780e+00,2.549999999999999822e+00,2.910184990875836775e+01,1.920179780569642780e+00,2.850700931721043219e+01,2.477638342986907993e+00
3.604053064501351855e+02,1.076987481724813733e-01,2.808400626696402469e+01,2.910229729235416229e+01,1.920100201389553618e+00,2.549999999999999822e+00,2.910229729235416229e+01,1.920100201389553618e+00,2.850728639565322098e+01,2.477618721405185909e+00
3.605130051983076669e+02,1.076987481724813733e-01,2.808409960316769016e+01,2.910274501106337297e+01,1.920020637989775514e+00,2.549999999999999822e+00,2.910274501106337297e+01,1.920020637989775514e+00,2.850756353703802759e+01,2.477599100654509723e+00
3.606608471664184208e+02,1.478419681107538963e-01,2.808422782770636772e+01,2.910336008963654209e+01,1.919911444103430176e+00,2.549999999999999822e+00,2.910336008963654209e+01,1.919911444103430176e+00,2.850794408147716297e+01,2.477572167893302257e+00
3.608086891345291747e+02,1.478419681107538963e-01,2.808435616632139187e+01,2.910397566292811788e+01,1.919802279890533425e+00,2.549999999999999822e+00,2.910397566292811788e+01,1.919802279890533425e+00,2.850832474435885189e+01,2.477545236697391573e+00
3.610001536495479968e+02,1.914645150188221123e-01,2.808452254238683565e+01,2.910477352761818892e+01,1.919660949517363102e+00,2.549999999999999822e+00,2.910477352761818892e+01,1.919660949517363102e+00,2.850881790228030255e+01,2.477510361454470900e+00
3.611916181645668189e+02,1.914645150188221123e-01,2.808468910994539414e+01,2.910557206773282601e+01,1.919519668805443668e+00,2.549999999999999822e+00,2.910557206773282601e+01,1.919519668805443668e+00,2.850931125855632686e+01,2.477475488835223061e+00
3.614301626613008693e+02,2.385444967340504263e-01,2.808489690352741874e+01,2.910656782515212626e+01,1.919343717408996008e+00,2.549999999999999822e+00,2.910656782515212626e+01,1.919343717408996008e+00,2.850992620549062195e+01,2.477432044916329179e+00
3.616687071580349198e+02,2.385444967340504263e-01,2.808510499468202681e+01,2.910756446151408028e+01,1.919167842919935696e+00,2.549999999999999822e+00,2.910756446151408028e+01,1.919167842919935696e+00,2.851054145983990651e+01,2.477388605066859650e+00
3.619573441616035439e+02,2.886370035686240954e-01,2.808535718150165295e+01,2.910877146819488459e+01,1.918955138838599472e+00,2.549999999999999822e+00,2.910877146819488459e+01,1.918955138838599472e+00,2.851128632355129255e+01,2.477336048622066134e+00
3.622459811651721679e+02,2.886370035686240954e-01,2.808560980457999889e+01,2.910997957881436449e+01,1.918742547061939918e+00,2.549999999999999822e+00,2.910997957881436449e+01,1.918742547061939918e+00,2.851203163660963114e+01,2.477283498129549955e+00
3.625346181687407920e+02,2.886370035686240954e-01,2.808586286423966527e+01,2.911118872201488372e+01,1.918530067435822550e+00,2.549999999999999822e+00,2.911118872201488372e+01,1.918530067435822550e+00,2.851277739865378180e+01,2.477230953586201601e+00
3.629004508566183063e+02,3.658326878775142177e-01,2.808618423230360506e+01,2.911272264260824372e+01,1.918260921258860829e+00,2.549999999999999822e+00,2.911272264260824372e+01,1.918260921258860829e+00,2.851372325866300272e+01,2.477164364599850899e+00
3.632662835444958205e+02,3.658326878775142177e-01,2.808650630288074268e+01,2.911425803073595020e+01,1.917991954699177048e+00,2.549999999999999822e+00,2.911425803073595020e+01,1.917991954699177048e+00,2.851466983874176009e+01,2.477097785159102727e+00
3.636321162323733347e+02,3.658326878775142177e-01,2.808682907663018469e+01,2.911579480585826118e+01,1.917723167459357336e+00,2.549999999999999822e+00,2.911579480585826118e+01,1.917723167459357336e+00,2.851561713827835121e+01,2.477031215257653241e+00
3.640801014260245552e+02,4.479851936512204702e-01,2.808722529216673180e+01,2.911767847489450034e+01,1.917394264350301913e+00,2.549999999999999822e+00,2.911767847489450034e+01,1.917394264350301913e+00,2.851677814538913225e+01,2.476949709199682825e+00
3.645280866196757756e+02,4.479851936512204702e-01,2.808762256435085902e+01,2.911956401844976838e+01,1.917065629167098439e+00,2.549999999999999822e+00,2.911956401844976838e+01,1.917065629167098439e+00,2.851794022948671881e+01,2.476868217425443497e+00
3.649760718133269961e+02,4.479851936512204702e-01,2.808802089439655347e+01,2.912145134857730611e+01,1.916737261381371793e+00,2.549999999999999822e+00,2.912145134857730611e+01,1.916737261381371793e+00,2.851910338961011249e+01,2.476786739923424019e+00
3.654240570069782166e+02,4.479851936512204702e-01,2.808842028351878284e+01,2.912334039007023989e+01,1.916409160469183748e+00,2.549999999999999822e+00,2.912334039007023989e+01,1.916409160469183748e+00,2.852026762484106115e+01,2.476705276682136692e+00
3.659855752332551333e+02,5.615182262769167210e-01,2.808892238750780734e+01,2.912571048982574951e+01,1.915998284934907314e+00,2.549999999999999822e+00,2.912571048982574951e+01,1.915998284934907314e+00,2.852172842956679588e+01,2.476603188307530345e+00
3.665470934595320500e+02,5.615182262769167210e-01,2.808942615970395806e+01,2.912808306556931015e+01,1.915587826848580422e+00,2.549999999999999822e+00,2.912808306556931015e+01,1.915587826848580422e+00,2.852319092033229353e+01,2.476501122297239288e+00
3.671086116858089667e+02,5.615182262769167210e-01,2.808993160250299681e+01,2.913045802194787015e+01,1.915177785200688820e+00,2.549999999999999822e+00,2.913045802194787015e+01,1.915177785200688820e+00,2.852465509553941203e+01,2.476399078628787720e+00
3.676701299120858835e+02,5.615182262769167210e-01,2.809043871830066763e+01,2.913283527598672151e+01,1.914768158988322533e+00,2.549999999999999822e+00,2.913283527598672151e+01,1.914768158988322533e+00,2.852612095364859002e+01,2.476297057279755798e+00
3.683522447323682627e+02,6.821148202823792417e-01,2.809105700074517387e+01,2.913572607638006673e+01,1.914271115261052758e+00,2.549999999999999822e+00,2.913572607638006673e+01,1.914271115261052758e+00,2.852790389406543525e+01,2.476173154920514818e+00
3.690343595526506419e+02,6.821148202823792417e-01,2.809167775979701531e+01,2.913862004555685914e+01,1.913774681330217886e+00,2.549999999999999822e+00,2.913862004555685914e+01,1.913774681330217886e+00,2.852968931310591572e+01,2.476049285424225310e+00
3.697164743729330212e+02,6.821148202823792417e-01,2.809230099974211470e+01,2.914151708340529012e+01,1.913278855431463032e+00,2.549999999999999822e+00,2.914151708340529012e+01,1.913278855431463032e+00,2.853147720827640299e+01,2.475925448751015168e+00
3.703985891932154004e+02,6.821148202823792417e-01,2.809292672486002829e+01,2.914441710168895838e+01,1.912783635811241112e+00,2.549999999999999822e+00,2.914441710168895838e+01,1.912783635811241112e+00,2.853326757715839790e+01,2.475801644861125972e+00
3.710807040134977797e+02,6.821148202823792417e-01,2.809355493942225834e+01,2.914732002201996508e+01,1.912289020726305910e+00,2.549999999999999822e+00,2.914732002201996508e+01,1.912289020726305910e+00,2.853506041739996490e+01,2.475677873714912547e+00
3.719199042111504809e+02,8.392001976527012630e-01,2.809433124827977935e+01,2.915089533929397803e+01,1.911681326730846786e+00,2.549999999999999822e+00,2.915089533929397803e+01,1.911681326730846786e+00,2.853726952106856984e+01,2.475525643966241862e+00
3.727591044088031822e+02,8.392001976527012630e-01,2.809511133956638318e+01,2.915447482722763795e+01,1.911074541939602467e+00,2.549999999999999822e+00,2.915447482722763795e+01,1.911074541939602467e+00,2.853948235780368847e+01,2.475373463645774041e+00
3.735983046064558835e+02,8.392001976527012630e-01,2.809589522116365501e+01,2.915805838290877716e+01,1.910468663165664216e+00,2.549999999999999822e+00,2.915805838290877716e+01,1.910468663165664216e+00,2.854169892355281846e+01,2.475221332680390240e+00
3.744375048041085847e+02,8.392001976527012630e-01,2.809668290091800102e+01,2.916164591459469335e+01,1.909863687242632224e+00,2.549999999999999822e+00,2.916164591459469335e+01,1.909863687242632224e+00,2.854391921435906454e+01,2.475069250997225634e+00
3.752767050017612860e+02,8.392001976527012630e-01,2.809747438663622177e+01,2.916523733999654411e+01,1.909259611024086922e+00,2.549999999999999822e+00,2.916523733999654411e+01,1.909259611024086922e+00,2.854614322635102752e+01,2.474917218523672080e+00
3.762837458261096799e+02,1.007040824348393926e+00,2.809842920485552042e+01,2.916955208871120675e+01,1.908535902348855506e+00,2.549999999999999822e+00,2.916955208871120675e+01,1.908535902348855506e+00,2.854881694892933197e+01,2.474734844303917214e+00
3.772907866504580738e+02,1.007040824348393926e+00,2.809938952816720459e+01,2.917387222269170977e+01,1.907813479380911836e+00,2.549999999999999822e+00,2.917387222269170977e+01,1.907813479380911836e+00,2.855149601813491955e+01,2.474552540717346538e+00
3.782978274748064678e+02,1.007040824348393926e+00,2.810035536978319115e+01,2.917819763894585350e+01,1.907092336792123977e+00,2.549999999999999822e+00,2.917819763894585350e+01,1.907092336792123977e+00,2.855418042767044540e+01,2.474370307639921496e+00
3.793048682991548617e+02,1.007040824348393926e+00,2.810132674279545739e+01,2.918252824487347041e+01,1.906372469292445748e+00,2.549999999999999822e+00,2.918252824487347041e+01,1.906372469292445748e+00,2.855687017135386796e+01,2.474188144948116008e+00
3.803119091235032556e+02,1.007040824348393926e+00,2.810230366016646641e+01,2.918686395679896606e+01,1.905653871629249263e+00,2.549999999999999822e+00,2.918686395679896606e+01,1.905653871629249263e+00,2.855956524310712297e+01,2.474006052518913812e+00
3.813189499478516495e+02,1.007040824348393926e+00,2.810328613471997983e+01,2.919120469876711610e+01,1.904936538586719408e+00,2.549999999999999822e+00,2.919120469876711610e+01,1.904936538586719408e+00,2.856226563694626108e+01,2.473824030229804016e+00
3.825406775511924025e+02,1.221727603340752921e+00,2.810448553762113377e+01,2.919647747893339584e+01,1.904067970655067388e+00,2.549999999999999822e+00,2.919647747893339584e+01,1.904067970655067388e+00,2.856554885277970257e+01,2.473603297365722042e+00
3.837624051545331554e+02,1.221727603340752921e+00,2.810569316066582246e+01,2.920175744871862733e+01,1.903201247217711556e+00,2.549999999999999822e+00,2.920175744871862733e+01,1.903201247217711556e+00,2.856883988270860542e+01,2.473382667338797969e+00
3.849841327578739083e+02,1.221727603340752921e+00,2.810690902581963968e+01,2.920704450693775200e+01,1.902336359172794422e+00,2.549999999999999822e+00,2.920704450693775200e+01,1.902336359172794422e+00,2.857213871650676751e+01,2.473162139933233306e+00
3.862058603612146612e+02,1.221727603340752921e+00,2.810813315466925744e+01,2.921233856186247735e+01,1.901473297493470938e+00,2.549999999999999822e+00,2.921233856186247735e+01,1.901473297493470938e+00,2.857544534408597414e+01,2.472941714934290491e+00
3.874275879645554141e+02,1.221727603340752921e+00,2.810936556840373513e+01,2.921763952998036018e+01,1.900612053226810927e+00,2.549999999999999822e+00,2.921763952998036018e+01,1.900612053226810927e+00,2.857875975548346403e+01,2.472721392128291118e+00
3.886493155678961671e+02,1.221727603340752921e+00,2.811060628779704373e+01,2.922294733495718333e+01,1.899752617492756368e+00,2.549999999999999822e+00,2.922294733495718333e+01,1.899752617492756368e+00,2.858208194085079867e+01,2.472501171302598610e+00
3.898710431712369200e+02,1.221727603340752921e+00,2.811185533319187257e+01,2.922826190676269675e+01,1.898894981483129074e+00,2.549999999999999822e+00,2.922826190676269675e+01,1.898894981483129074e+00,2.858541189044432684e+01,2.472281052245614674e+00
3.911210431712369200e+02,1.250000000000000000e+00,2.811314192114467758e+01,2.923370640112961638e+01,1.898019352205206900e+00,2.549999999999999822e+00,2.923370640112961638e+01,1.898019352205206900e+00,2.858882692524222691e+01,2.472055944450733733e+00
3.923710431712369200e+02,1.250000000000000000e+00,2.811443726654445996e+01,2.923915784795401862e+01,1.897145588483367007e+00,2.549999999999999822e+00,2.923915784795401862e+01,1.897145588483367007e+00,2.859225006743778508e+01,2.471830942744341009e+00
3.936210431712369200e+02,1.250000000000000000e+00,2.811574138968427050e+01,2.924461618831296761e+01,1.896273681111212195e+00,2.549999999999999822e+00,2.924461618831296761e+01,1.896273681111212195e+00,2.859568130688407095e+01,2.471606046903121801e+00
3.948710431712369200e+02,1.250000000000000000e+00,2.811705431032625313e+01,2.925008136755168309e+01,1.895403620957116120e+00,2.549999999999999822e+00,2.925008136755168309e+01,1.895403620957116120e+00,2.859912063351740485e+01,2.471381256704863638e+00
3.961210431712369200e+02,1.250000000000000000e+00,2.811837604769031884e+01,2.925555333482992282e+01,1.894535398963293815e+00,2.549999999999999822e+00,2.925555333482992282e+01,1.894535398963293815e+00,2.860256803735130759e+01,2.471156571928443402e+00
3.973710431712369200e+02,1.250000000000000000e+00,2.811970662044420166e+01,2.926103204272776637e+01,1.893669006144893974e+00,2.549999999999999822e+00,2.926103204272776637e+01,1.893669006144893974e+00,2.860602350847129216e+01,2.470931992353823325e+00
3.986210431712369200e+02,1.250000000000000000e+00,2.812104604669480779e+01,2.926651744690140688e+01,1.892804433589117430e+00,2.549999999999999822e+00,2.926651744690140688e+01,1.892804433589117430e+00,2.860948703703009954e+01,2.470707517762035899e+00
3.998710431712369200e+02,1.250000000000000000e+00,2.812239434398095383e+01,2.927200950578142269e+01,1.891941672454357404e+00,2.549999999999999822e+00,2.927200950578142269e+01,1.891941672454357404e+00,2.861295861324336798e+01,2.470483147935182533e+00
4.011210431712369200e+02,1.250000000000000000e+00,2.812375152926736632e+01,2.927750818030731139e+01,1.891080713969356175e+00,2.549999999999999822e+00,2.927750818030731139e+01,1.891080713969356175e+00,2.861643822738582088e+01,2.470258882656418464e+00
4.023710431712369200e+02,1.250000000000000000e+00,2.812511761894001694e+01,2.928301343369308540e+01,1.890221549432383741e+00,2.549999999999999822e+00,2.928301343369308540e+01,1.890221549432383741e+00,2.861992586978773545e+01,2.470034721709949643e+00
4.036210431712369200e+02,1.250000000000000000e+00,2.812649262880270840e+01,2.928852523121955898e+01,1.889364170210430238e+00,2.549999999999999822e+00,2.928852523121955898e+01,1.889364170210430238e+00,2.862342153083177010e+01,2.469810664881020301e+00
4.048710431712369200e+02,1.250000000000000000e+00,2.812787657407493924e+01,2.929404354004984512e+01,1.888508567738418353e+00,2.549999999999999822e+00,2.929404354004984512e+01,1.888508567738418353e+00,2.862692520095006188e+01,2.469586711955906733e+00
4.061210431712369200e+02,1.250000000000000000e+00,2.812926946939098372e+01,2.929956832906481523e+01,1.887654733518426164e+00,2.549999999999999822e+00,2.929956832906481523e+01,1.887654733518426164e+00,2.863043687062162235e+01,2.469362862721910634e+00
4.073710431712369200e+02,1.250000000000000000e+00,2.813067132880015109e+01,2.930509956871615174e+01,1.886802659118928416e+00,2.549999999999999822e+00,2.930509956871615174e+01,1.886802659118928416e+00,2.863395653036989330e+01,2.469139116967347558e+00
4.086210431712369200e+02,1.250000000000000000e+00,2.813208216576824938e+01,2.931063723089463124e+01,1.885952336174050892e+00,2.549999999999999822e+00,2.931063723089463124e+01,1.885952336174050892e+00,2.863748417076054409e+01,2.468915474481541583e+00
4.098710431712369200e+02,1.250000000000000000e+00,2.813350199318012201e+01,2.931618128881183338e+01,1.885103756382833895e+00,2.549999999999999822e+00,2.931618128881183338e+01,1.885103756382833895e+00,2.864101978239951052e+01,2.468691935054817765e+00
4.111210431712369200e+02,1.250000000000000000e+00,2.813493082334327511e+01,2.932173171689365532e+01,1.884256911508515042e+00,2.549999999999999822e+00,2.932173171689365532e+01,1.884256911508515042e+00,2.864456335593103375e+01,2.468468498478491036e+00
4.123710431712369200e+02,1.250000000000000000e+00,2.813636866799255642e+01,2.932728849068424637e+01,1.883411793377818721e+00,2.549999999999999822e+00,2.932728849068424637e+01,1.883411793377818721e+00,2.864811488203604384e+01,2.468245164544863535e+00
4.136210431712369200e+02,1.250000000000000000e+00,2.813781553829572957e+01,2.933285158675915838e+01,1.882568393880259539e+00,2.549999999999999822e+00,2.933285158675915838e+01,1.882568393880259539e+00,2.865167435143053964e+01,2.468021933047212624e+00
4.148710431712369200e+02,1.250000000000000000e+00,2.813927144486005005e+01,2.933842098264668152e+01,1.881726704967455754e+00,2.549999999999999822e+00,2.933842098264668152e+01,1.881726704967455754e+00,2.865524175486416425e+01,2.467798803779785999e+00
4.161210431712369200e+02,1.250000000000000000e+00,2.814073639773960522e+01,2.934399665675645608e+01,1.880886718652456047e+00,2.549999999999999822e+00,2.934399665675645608e+01,1.880886718652456047e+00,2.865881708311882292e+01,2.467575776537794141e+00
4.173710431712369200e+02,1.250000000000000000e+00,2.814221040644350325e+01,2.934957858831453947e+01,1.880048427009074041e+00,2.549999999999999822e+00,2.934957858831453947e+01,1.880048427009074041e+00,2.866240032700748230e+01,2.467352851117400991e+00
4.186210431712369200e+02,1.250000000000000000e+00,2.814369347994474424e+01,2.935516675730435665e+01,1.879211822171233726e+00,2.549999999999999822e+00,2.935516675730435665e+01,1.879211822171233726e+00,2.866599147737296605e+01,2.467130027315717733e+00
4.198710431712369200e+02,1.250000000000000000e+00,2.814518562668976287e+01,2.936076114441274143e+01,1.878376896332327517e+00,2.549999999999999822e+00,2.936076114441274143e+01,1.878376896332327517e+00,2.866959052508695294e+01,2.466907304930797906e+00
4.200000000000000000e+02,1.289568287630800114e-01,2.814534008132697807e+01,2.936133864503668889e+01,1.878290856054210867e+00,2.549999999999999822e+00,2.936133864503668889e+01,1.878290856054210867e+00,2.866996227154045584e+01,2.466884333435856114e+00
4.200032064818295794e+02,3.206481829579388432e-03,2.814534392303751176e+01,2.936135299060948256e+01,1.878288716909741529e+00,2.549999999999999822e+00,2.936135299060948256e+01,1.878288716909741529e+00,2.866997151597730920e+01,2.466883762268652358e+00
4.200080883913615253e+02,4.881909531945893832e-03,2.814534977220560918e+01,2.936137481030634078e+01,1.878285460057063760e+00,2.549999999999999822e+00,2.936137481030634078e+01,1.878285460057063760e+00,2.866998559076307984e+01,2.466882892660569038e+00
4.200179603111035931e+02,9.871919742067802872e-03,2.814536160048390201e+01,2.936141888669652644e+01,1.878278874314802449e+00,2.549999999999999822e+00,2.936141888669652644e+01,1.878278874314802449e+00,2.867001405204118569e+01,2.466881134193292358e+00
4.200337074632674330e+02,1.574715216383992811e-02,2.814538046948582561e+01,2.936148910702045001e+01,1.878268369314774144e+00,2.549999999999999822e+00,2.936148910702045001e+01,1.878268369314774144e+00,2.867005945206314266e+01,2.466878329194519548e+00
4.200565420922581552e+02,2.283462899072219443e-02,2.814540783360689247e+01,2.936159079136845662e+01,1.878253136702593640e+00,2.549999999999999822e+00,2.936159079136845662e+01,1.878253136702593640e+00,2.867012528601258481e+01,2.466874261750694242e+00
4.200874451101130376e+02,3.090301785488236419e-02,2.814544487139422912e+01,2.936172820009711515e+01,1.878232522695433282e+00,2.549999999999999822e+00,2.936172820009711515e+01,1.878232522695433282e+00,2.867021438228501751e+01,2.466868757169875526e+00
4.201272642598547122e+02,3.981914974167466426e-02,2.814549260350053572e+01,2.936190497551041645e+01,1.878205962657163441e+00,2.549999999999999822e+00,2.936190497551041645e+01,1.878205962657163441e+00,2.867032918554199128e+01,2.466861664499838458e+00
4.201767369247830288e+02,4.947266492831658979e-02,2.814555192033108710e+01,2.936212424675393251e+01,1.878172965939894468e+00,2.549999999999999822e+00,2.936212424675393251e+01,1.878172965939894468e+00,2.867047182251517157e+01,2.466852852468624402e+00
4.202365140034805222e+02,5.977707869749337988e-02,2.814562361094927567e+01,2.936238873895381474e+01,1.878133100011109002e+00,2.549999999999999822e+00,2.936238873895381474e+01,1.878133100011109002e+00,2.867064417088286277e+01,2.466842205235053154e+00
4.202962910821780156e+02,5.977707869749337988e-02,2.814569532234047244e+01,2.936265280486718154e+01,1.878093237919145730e+00,2.549999999999999822e+00,2.936265280486718154e+01,1.878093237919145730e+00,2.867081652174644191e+01,2.466831558232932320e+00
4.203769912025721851e+02,8.070012039416951666e-02,2.814579216694854580e+01,2.936300870569189669e+01,1.878039429466404453e+00,2.549999999999999822e+00,2.936300870569189669e+01,1.878039429466404453e+00,2.867104920248898736e+01,2.466817184957638798e+00
4.204576913229663546e+02,8.070012039416951666e-02,2.814588904941994940e+01,2.936336399983579071e+01,1.877985627995170992e+00,2.549999999999999822e+00,2.936336399983579071e+01,1.877985627995170992e+00,2.867128188789240539e+01,2.466802812104081255e+00
4.205610110365087166e+02,1.033197135423620239e-01,2.814601314254009168e+01,2.936381808880273780e+01,1.877916756588780212e+00,2.549999999999999822e+00,2.936381808880273780e+01,1.877916756588780212e+00,2.867157980002838613e+01,2.466784411271074617e+00
4.206643307500510787e+02,1.033197135423620239e-01,2.814613729773130402e+01,2.936427137450280966e+01,1.877847896609751377e+00,2.549999999999999822e+00,2.936427137450280966e+01,1.877847896609751377e+00,2.867187771999571311e+01,2.466766011129152503e+00
4.207919704252801694e+02,1.276396752290906988e-01,2.814629076296615651e+01,2.936483035176505041e+01,1.877762843758169931e+00,2.549999999999999822e+00,2.936483035176505041e+01,1.877762843758169931e+00,2.867224577695233378e+01,2.466743280814825301e+00
4.209196101005092601e+02,1.276396752290906988e-01,2.814644432294661769e+01,2.936538831284149254e+01,1.877677808322509634e+00,2.549999999999999822e+00,2.936538831284149254e+01,1.877677808322509634e+00,2.867261384616164577e+01,2.466720551554831165e+00
4.210730613827143429e+02,1.534512822050828618e-01,2.814662906163487222e+01,2.936605787344779017e+01,1.877575599851531107e+00,2.549999999999999822e+00,2.936605787344779017e+01,1.877575599851531107e+00,2.867305636365091814e+01,2.466693227323751181e+00
4.212265126649194258e+02,1.534512822050828618e-01,2.814681393728719883e+01,2.936672619204854939e+01,1.877473416516239002e+00,2.549999999999999822e+00,2.936672619204854939e+01,1.877473416516239002e+00,2.867349889929279882e+01,2.466665904615859439e+00
4.213799639471245086e+02,1.534512822050828618e-01,2.814699894991685625e+01,2.936739335815327934e+01,1.877371258298424328e+00,2.549999999999999822e+00,2.936739335815327934e+01,1.877371258298424328e+00,2.867394145330248278e+01,2.466638583430786014e+00
4.215731545964220572e+02,1.931906492975485889e-01,2.814723207017447137e+01,2.936823177496483339e+01,1.877242679797793912e+00,2.549999999999999822e+00,2.936823177496483339e+01,1.877242679797793912e+00,2.867449864220668942e+01,2.466604189027508998e+00
4.217663452457196058e+02,1.931906492975485889e-01,2.814746540758887861e+01,2.936906860415273712e+01,1.877114141047089291e+00,2.549999999999999822e+00,2.936906860415273712e+01,1.877114141047089291e+00,2.867505586091393255e+01,2.466569797036586298e+00
4.219595358950171544e+02,1.931906492975485889e-01,2.814769896218576761e+01,2.936990394749759048e+01,1.876985642013528244e+00,2.549999999999999822e+00,2.936990394749759048e+01,1.876985642013528244e+00,2.867561310977200506e+01,2.466535407457279838e+00
4.221949516559986364e+02,2.354157609814819807e-01,2.814798385773386258e+01,2.937091998499108669e+01,1.876829110965033243e+00,2.549999999999999822e+00,2.937091998499108669e+01,1.876829110965033243e+00,2.867629219610121183e+01,2.466493504707631068e+00
4.224303674169801184e+02,2.354157609814819807e-01,2.814826907586058269e+01,2.937193407611110274e+01,1.876672638788326575e+00,2.549999999999999822e+00,2.937193407611110274e+01,1.876672638788326575e+00,2.867697132824048367e+01,2.466451605536580605e+00
4.226657831779616004e+02,2.354157609814819807e-01,2.814855461661074187e+01,2.937294633358479956e+01,1.876516225427508733e+00,2.549999999999999822e+00,2.937294633358479956e+01,1.876516225427508733e+00,2.867765050671116356e+01,2.466409709942799733e+00
4.229011989389430823e+02,2.354157609814819807e-01,2.814884048002852879e+01,2.937395685476775853e+01,1.876359870827445153e+00,2.549999999999999822e+00,2.937395685476775853e+01,1.876359870827445153e+00,2.867832973200568958e+01,2.466367817924959294e+00
4.231949242542953584e+02,2.937253153522760840e-01,2.814919760077006572e+01,2.937521536319429671e+01,1.876164871450670901e+00,2.549999999999999822e+00,2.937521536319429671e+01,1.876164871450670901e+00,2.867917725931696182e+01,2.466315554787813280e+00
4.234886495696476345e+02,2.937253153522760840e-01,2.814955522396730814e+01,2.937647144508049024e+01,1.875969963358580017e+00,2.549999999999999822e+00,2.937647144508049024e+01,1.875969963358580017e+00,2.868002486110593807e+01,2.466263297212779371e+00
4.237823748849999106e+02,2.937253153522760840e-01,2.814991334970216741e+01,2.937772522613742154e+01,1.875775146447411057e+00,2.549999999999999822e+00,2.937772522613742154e+01,1.875775146447411057e+00,2.868087253818624660e+01,2.466211045197284513e+00
4.240761002003521867e+02,2.937253153522760840e-01,2.815027197805512671e+01,2.937897681704282604e+01,1.875580420614253008e+00,2.549999999999999822e+00,2.937897681704282604e+01,1.875580420614253008e+00,2.868172029133090106e+01,2.466158798738759206e+00
4.244316406528500352e+02,3.555404524978484915e-01,2.815070675305917547e+01,2.938048901807780666e+01,1.875344836002255766e+00,2.549999999999999822e+00,2.938048901807780666e+01,1.875344836002255766e+00,2.868274655879856638e+01,2.466095564328959711e+00
4.247871811053478837e+02,3.555404524978484915e-01,2.815114226474961612e+01,2.938199830871604945e+01,1.875109384507558818e+00,2.549999999999999822e+00,2.938199830871604945e+01,1.875109384507558818e+00,2.868377294003842337e+01,2.466032338052894346e+00
4.251427215578457321e+02,3.555404524978484915e-01,2.815157851326079452e+01,2.938350482621301651e+01,1.874874065951315005e+00,2.549999999999999822e+00,2.938350482621301651e+01,1.874874065951315005e+00,2.868479943623468742e+01,2.465969119906021412e+00
4.254982620103435806e+02,3.555404524978484915e-01,2.815201549872404740e+01,2.938500869323305764e+01,1.874638880155700571e+00,2.549999999999999822e+00,2.938500869323305764e+01,1.874638880155700571e+00,2.868582604851748385e+01,2.465905909883807645e+00
4.258538024628414291e+02,3.555404524978484915e-01,2.815245322126773786e+01,2.938651002025685699e+01,1.874403826943805473e+00,2.549999999999999822e+00,2.938651002025685699e+01,1.874403826943805473e+00,2.868685277796840083e+01,2.465842707981725113e+00
4.262894581356032404e+02,4.356556727618112745e-01,2.815299058253072317e+01,2.938834632985007644e+01,1.874115988843792158e+00,2.549999999999999822e+00,2.938834632985007644e+01,1.874115988843792158e+00,2.868811102535542545e+01,2.465765275629975051e+00
4.267251138083650517e+02,4.356556727618112745e-01,2.815352905089032731e+01,2.939017914224098149e+01,1.873828349223872758e+00,2.549999999999999822e+00,2.939017914224098149e+01,1.873828349223872758e+00,2.868936945204758260e+01,2.465687855455036548e+00
4.271607694811268630e+02,4.356556727618112745e-01,2.815406862656465492e+01,2.939200860741906496e+01,1.873540907763201258e+00,2.549999999999999822e+00,2.939200860741906496e+01,1.873540907763201258e+00,2.869062805979245567e+01,2.465610447448614906e+00
4.275964251538886742e+02,4.356556727618112745e-01,2.815460930976528786e+01,2.939383486134905610e+01,1.873253664142375818e+00,2.549999999999999822e+00,2.939383486134905610e+01,1.873253664142375818e+00,2.869188685026471930e+01,2.465533051602429637e+00
4.280320808266504855e+02,4.356556727618112745e-01,2.815515110069735272e+01,2.939565802801855199e+01,1.872966618043342635e+00,2.549999999999999822e+00,2.939565802801855199e+01,1.872966618043342635e+00,2.869314582507271183e+01,2.465455667908214465e+00
4.284677364994122968e+02,4.356556727618112745e-01,2.815569399955962027e+01,2.939747822109021769e+01,1.872679769149318885e+00,2.549999999999999822e+00,2.939747822109021769e+01,1.872679769149318885e+00,2.869440498576411258e+01,2.465378296357712884e+00
4.290034736072461214e+02,5.357371078338246662e-01,2.815636313563515358e+01,2.939971263693955450e+01,1.872327293503932122e+00,2.549999999999999822e+00,2.939971263693955450e+01,1.872327293503932122e+00,2.869595366544387716e+01,2.465283167186982372e+00
4.295392107150799461e+02,5.357371078338246662e-01,2.815703394778712720e+01,2.940194289245031811e+01,1.871975115015475977e+00,2.549999999999999822e+00,2.940194289245031811e+01,1.871975115015475977e+00,2.869750263114304545e+01,2.465188056352533241e+00
4.300749478229137708e+02,5.357371078338246662e-01,2.815770643634636627e+01,2.940416915079570259e+01,1.871623233101995964e+00,2.549999999999999822e+00,2.940416915079570259e+01,1.871623233101995964e+00,2.869905188542321284e+01,2.465092963839097262e+00
4.306106849307475954e+02,5.357371078338246662e-01,2.815838060162974799e+01,2.940639156180100855e+01,1.871271647183949893e+00,2.549999999999999822e+00,2.940639156180100855e+01,1.871271647183949893e+00,2.870060143074769954e+01,2.464997889631438177e+00
4.311464220385814201e+02,5.357371078338246662e-01,2.815905644394043605e+01,2.940861026365636377e+01,1.870920356684125263e+00,2.549999999999999822e+00,2.940861026365636377e+01,1.870920356684125263e+00,2.870215126948948381e+01,2.464902833714345487e+00
4.316821591464152448e+02,5.357371078338246662e-01,2.815973396356799441e+01,2.941082538433699511e+01,1.870569361027565547e+00,2.549999999999999822e+00,2.941082538433699511e+01,1.870569361027565547e+00,2.870370140393798764e+01,2.464807796072641111e+00
4.322178962542490694e+02,5.357371078338246662e-01,2.816041316078862877e+01,2.941303704279214060e+01,1.870218659641508463e+00,2.549999999999999822e+00,2.941303704279214060e+01,1.870218659641508463e+00,2.870525183630512345e+01,2.464712776691177165e+00
4.328754921309893007e+02,6.575958767402312333e-01,2.816124914197163065e+01,2.941574719457154785e+01,1.869788589160129133e+00,2.549999999999999822e+00,2.941574719457154785e+01,1.869788589160129133e+00,2.870715534045052664e+01,2.464596169140667037e+00
4.335330880077295319e+02,6.575958767402312333e-01,2.816208765156882166e+01,2.941845248719073780e+01,1.869358960133206793e+00,2.549999999999999822e+00,2.941845248719073780e+01,1.869358960133206793e+00,2.870905930049646670e+01,2.464479589051413733e+00
4.341906838844697631e+02,6.575958767402312333e-01,2.816292869001076937e+01,2.942115309692364633e+01,1.868929771514407978e+00,2.549999999999999822e+00,2.942115309692364633e+01,1.868929771514407978e+00,2.871096372012101483e+01,2.464363036395581297e+00
4.348482797612099944e+02,6.575958767402312333e-01,2.816377225769950243e+01,2.942384918744352262e+01,1.868501022261947142e+00,2.549999999999999822e+00,2.942384918744352262e+01,1.868501022261947142e+00,2.871286860287129628e+01,2.464246511145399943e+00
4.355058756379502256e+02,6.575958767402312333e-01,2.816461835500898658e+01,2.942654091123960569e+01,1.868072711338500946e+00,2.549999999999999822e+00,2.942654091123960569e+01,1.868072711338500946e+00,2.871477395217261375e+01,2.464130013273165609e+00
4.361634715146904568e+02,6.575958767402312333e-01,2.816546698228566470e+01,2.942922841082069496e+01,1.867644837711131878e+00,2.549999999999999822e+00,2.942922841082069496e+01,1.867644837711131878e+00,2.871667977133660798e+01,2.464013542751239960e+00
4.368210673914306881e+02,6.575958767402312333e-01,2.816631813984892219e+01,2.943191181974506776e+01,1.867217400351221412e+00,2.549999999999999822e+00,2.943191181974506776e+01,1.867217400351221412e+00,2.871858606356854438e+01,2.463897099552049497e+00
4.374786632681709193e+02,6.575958767402312333e-01,2.816717182799159147e+01,2.943459126350775534e+01,1.866790398234409842e+00,2.549999999999999822e+00,2.943459126350775534e+01,1.866790398234409842e+00,2.872049283197384284e+01,2.463780683648083336e+00
4.382816987464503313e+02,8.030354782794120183e-01,2.816821775758577218e+01,2.943785811025508892e+01,1.866269545426050280e+00,2.549999999999999822e+00,2.943785811025508892e+01,1.866269545426050280e+00,2.872282196796963305e+01,2.463638557172285637e+00
4.390847342247297433e+02,8.030354782794120183e-01,2.816926746174427265e+01,2.944111942179492303e+01,1.865749338304772964e+00,2.549999999999999822e+00,2.944111942179492303e+01,1.865749338304772964e+00,2.872515182385211219e+01,2.463496471309801095e+00
4.398877697030091554e+02,8.030354782794120183e-01,2.817032094084568072e+01,2.944437538694510792e+01,1.865229775030290194e+00,2.549999999999999822e+00,2.944437538694510792e+01,1.865229775030290194e+00,2.872748240474359349e+01,2.463354426010925913e+00
4.406908051812885674e+02,8.030354782794120183e-01,2.817137819521427744e+01,2.944762618270318200e+01,1.864710853771305743e+00,2.549999999999999822e+00,2.944762618270318200e+01,1.864710853771305743e+00,2.872981371559428965e+01,2.463212421226093962e+00
4.414938406595679794e+02,8.030354782794120183e-01,2.817243922512132315e+01,2.945087197541050728e+01,1.864192572705405393e+00,2.549999999999999822e+00,2.945087197541050728e+01,1.864192572705405393e+00,2.873214576119280395e+01,2.463070456905882111e+00
4.422968761378473914e+02,8.030354782794120183e-01,2.817350403078631871e+01,2.945411292176234141e+01,1.863674930018960119e+00,2.549999999999999822e+00,2.945411292176234141e+01,1.863674930018960119e+00,2.873447854617575459e+01,2.462928533001007114e+00
4.430999116161268034e+02,8.030354782794120183e-01,2.817457261237823829e+01,2.945734916968898887e+01,1.863157923907030389e+00,2.549999999999999822e+00,2.945734916968898887e+01,1.863157923907030389e+00,2.873681207503638291e+01,2.462786649462324728e+00
4.439029470944062155e+02,8.030354782794120183e-01,2.817564497001674795e+01,2.946058085912851610e+01,1.862641552573278458e+00,2.549999999999999822e+00,2.946058085912851610e+01,1.862641552573278458e+00,2.873914635213245106e+01,2.462644806240831485e+00
4.447059825726856275e+02,8.030354782794120183e-01,2.817672110377343131e+01,2.946380812270751903e+01,1.862125814229885101e+00,2.549999999999999822e+00,2.946380812270751903e+01,1.862125814229885101e+00,2.874148138169346467e+01,2.462503003287658032e+00
4.456797606959695486e+02,9.737781232839211043e-01,2.817803111258475823e+01,2.946771581502391157e+01,1.861501265426396712e+00,2.549999999999999822e+00,2.946771581502391157e+01,1.861501265426396712e+00,2.874431390420147636e+01,2.462331103922750231e+00
4.466535388192534697e+02,9.737781232839211043e-01,2.817934667398045789e+01,2.947161739657559565e+01,1.860877641631882629e+00,2.549999999999999822e+00,2.947161739657559565e+01,1.860877641631882629e+00,2.874714754630369740e+01,2.462159263612169635e+00
4.476273169425373908e+02,9.737781232839211043e-01,2.818066778781856385e+01,2.947551306768949431e+01,1.860254939707904009e+00,2.549999999999999822e+00,2.947551306768949431e+01,1.860254939707904009e+00,2.874998231486228661e+01,2.461987482269591077e+00
4.486010950658213119e+02,9.737781232839211043e-01,2.818199445386410318e+01,2.947940301765753546e+01,1.859633156533730514e+00,2.549999999999999822e+00,2.947940301765753546e+01,1.859633156533730514e+00,2.875281821651705272e+01,2.461815759808980264e+00
4.495748731891052330e+02,9.737781232839211043e-01,2.818332667179193152e+01,2.948328742569024286e+01,1.859012289006167107e+00,2.549999999999999822e+00,2.948328742569024286e+01,1.859012289006167107e+00,2.875565525769752284e+01,2.461644096144596894e+00
4.505486513123891541e+02,9.737781232839211043e-01,2.818466444118952552e+01,2.948716646175914491e+01,1.858392334039383975e+00,2.549999999999999822e+00,2.948716646175914491e+01,1.858392334039383975e+00,2.875849344463391333e+01,2.461472491190986656e+00
4.515224294356730752e+02,9.737781232839211043e-01,2.818600776155965448e+01,2.949104028734408800e+01,1.857773288564753544e+00,2.549999999999999822e+00,2.949104028734408800e+01,1.857773288564753544e+00,2.876133278336729759e+01,2.461300944862985229e+00
4.524962075589569963e+02,9.737781232839211043e-01,2.818735663232298805e+01,2.949490905609879476e+01,1.857155149530692828e+00,2.549999999999999822e+00,2.949490905609879476e+01,1.857155149530692828e+00,2.876417327975887162e+01,2.461129457075713844e+00
4.534699856822409174e+02,9.737781232839211043e-01,2.818871105282057954e+01,2.949877291444586547e+01,1.856537913902508441e+00,2.549999999999999822e+00,2.949877291444586547e+01,1.856537913902508441e+00,2.876701493949856925e+01,2.460958027744576615e+00
4.544437638055248385e+02,9.737781232839211043e-01,2.819007102231626760e+01,2.950263200211047376e+01,1.855921578662248050e+00,2.549999999999999822e+00,2.950263200211047376e+01,1.855921578662248050e+00,2.876985776811300255e+01,2.460786656785264093e+00
4.556149207393457345e+02,1.171156933820896029e+00,2.819171399818519674e+01,2.950726717221326822e+01,1.855181504471582921e+00,2.549999999999999822e+00,2.950726717221326822e+01,1.855181504471582921e+00,2.877327837638287633e+01,2.460580627190588565e+00
4.567860776731666306e+02,1.171156933820896029e+00,2.819336499779953087e+01,2.951189585571496110e+01,1.854442723136870974e+00,2.549999999999999822e+00,2.951189585571496110e+01,1.854442723136870974e+00,2.877670069221701254e+01,2.460374681761965387e+00
4.579572346069875266e+02,1.171156933820896029e+00,2.819502401946166614e+01,2.951651826274245494e+01,1.853705229502322416e+00,2.549999999999999822e+00,2.951651826274245494e+01,1.853705229502322416e+00,2.878012472437800540e+01,2.460168820354327490e+00
4.591283915408084226e+02,1.171156933820896029e+00,2.819669106133107661e+01,2.952113459316673172e+01,1.852969018445876248e+00,2.549999999999999822e+00,2.952113459316673172e+01,1.852969018445876248e+00,2.878355048134702443e+01,2.459963042823186452e+00
4.602995484746293187e+02,1.171156933820896029e+00,2.819836612142824706e+01,2.952574503738250655e+01,1.852234084878863873e+00,2.549999999999999822e+00,2.952574503738250655e+01,1.852234084878863873e+00,2.878697797133732195e+01,2.459757349024625839e+00
4.614707054084502147e+02,1.171156933820896029e+00,2.820004919763798412e+01,2.953034977700764685e+01,1.851500423745683799e+00,2.549999999999999822e+00,2.953034977700764685e+01,1.851500423745683799e+00,2.879040720230681316e+01,2.459551738815301647e+00
4.626418623422711107e+02,1.171156933820896029e+00,2.820174028771215902e+01,2.953494898551260306e+01,1.850768030023477229e+00,2.549999999999999822e+00,2.953494898551260306e+01,1.850768030023477229e+00,2.879383818196963674e+01,2.459346212052434755e+00
4.638130192760920067e+02,1.171156933820896029e+00,2.820343938927167216e+01,2.953954282878871140e+01,1.850036898721816758e+00,2.549999999999999822e+00,2.953954282878871140e+01,1.850036898721816758e+00,2.879727091780697634e+01,2.459140768593810034e+00
4.649841762099129028e+02,1.171156933820896029e+00,2.820514649980773214e+01,2.954413146566262327e+01,1.849307024882393957e+00,2.549999999999999822e+00,2.954413146566262327e+01,1.849307024882393957e+00,2.880070541707711484e+01,2.458935408297770575e+00
4.661553331437337988e+02,1.171156933820896029e+00,2.820686161668238157e+01,2.954871504836340890e+01,1.848578403578718277e+00,2.549999999999999822e+00,2.954871504836340890e+01,1.848578403578718277e+00,2.880414168682477083e+01,2.458730131023217247e+00
4.673264900775546948e+02,1.171156933820896029e+00,2.820858473712819503e+01,2.955329372294765733e+01,1.847851029915816623e+00,2.549999999999999822e+00,2.955329372294765733e+01,1.847851029915816623e+00,2.880757973388990933e+01,2.458524936629600255e+00
4.684976470113755909e+02,1.171156933820896029e+00,2.821031585824722399e+01,2.955786762968739367e+01,1.847124899029941147e+00,2.549999999999999822e+00,2.955786762968739367e+01,1.847124899029941147e+00,2.881101956491593796e+01,2.458319824976920032e+00
4.697476470113755909e+02,1.250000000000000000e+00,2.821217234289317943e+01,2.956274434677474616e+01,1.846351250167576064e+00,2.549999999999999822e+00,2.956274434677474616e+01,1.846351250167576064e+00,2.881469294308850593e+01,2.458100996197329469e+00
4.709976470113755909e+02,1.250000000000000000e+00,2.821403793438493679e+01,2.956761594354854950e+01,1.845579005701212472e+00,2.549999999999999822e+00,2.956761594354854950e+01,1.845579005701212472e+00,2.881836836847211814e+01,2.457882261346280295e+00
4.722476470113755909e+02,1.250000000000000000e+00,2.821591262868786032e+01,2.957248257134306968e+01,1.844808159832708627e+00,2.549999999999999822e+00,2.957248257134306968e+01,1.844808159832708627e+00,2.882204584846028439e+01,2.457663620255594150e+00
4.734976470113755909e+02,1.250000000000000000e+00,2.821779642158118762e+01,2.957734437565759933e+01,1.844038706802929140e+00,2.549999999999999822e+00,2.957734437565759933e+01,1.844038706802929140e+00,2.882572539022901381e+01,2.457445072757783677e+00
4.747476470113755909e+02,1.250000000000000000e+00,2.821968930865102365e+01,2.958220149650287567e+01,1.843270640891367496e+00,2.549999999999999822e+00,2.958220149650287567e+01,1.843270640891367496e+00,2.882940700074511042e+01,2.457226618686052522e+00
4.759976470113755909e+02,1.250000000000000000e+00,2.822159128528234007e+01,2.958705406871951027e+01,1.842503956415778132e+00,2.549999999999999822e+00,2.958705406871951027e+01,1.842503956415778132e+00,2.883309068677396780e+01,2.457008257874287782e+00
4.772476470113755909e+02,1.250000000000000000e+00,2.822350234665011826e+01,2.959190222227131528e+01,1.841738647731808287e+00,2.549999999999999822e+00,2.959190222227131528e+01,1.841738647731808287e+00,2.883677645488697650e+01,2.456789990157057346e+00
4.784976470113755909e+02,1.250000000000000000e+00,2.822542248770959716e+01,2.959674608251588523e+01,1.840974709232639617e+00,2.549999999999999822e+00,2.959674608251588523e+01,1.840974709232639617e+00,2.884046431146839140e+01,2.456571815369601897e+00
4.797476470113755909e+02,1.250000000000000000e+00,2.822735170318588871e+01,2.960158577045482176e+01,1.840212135348632705e+00,2.549999999999999822e+00,2.960158577045482176e+01,1.840212135348632705e+00,2.884415426272200378e+01,2.456353733347833135e+00
4.800000000000000000e+02,2.523529886244091358e-01,2.822774227823526516e+01,2.960256232252329411e+01,1.840058350170733936e+00,2.549999999999999822e+00,2.960256232252329411e+01,1.840058350170733936e+00,2.884489945356776275e+01,2.456309717667585435e+00
4.800032117079990144e+02,3.211707999014379311e-03,2.822774725148353880e+01,2.960257477015077754e+01,1.840056393298180826e+00,2.549999999999999822e+00,2.960257477015077754e+01,1.840056393298180826e+00,2.884490893822864166e+01,2.456309157502331253e+00
4.800077434496388378e+02,4.531741639823394507e-03,2.822775426887220718e+01,2.960259236041240172e+01,1.840053632155295604e+00,2.549999999999999822e+00,2.960259236041240172e+01,1.840053632155295604e+00,2.884492232127811207e+01,2.456308367106423862e+00
4.800167051234915334e+02,8.961673852695639653e-03,2.822776814634882925e+01,2.960262719950442545e+01,1.840048171957986867e+00,2.549999999999999822e+00,2.960262719950442545e+01,1.840048171957986867e+00,2.884494878715964461e+01,2.456306804075108374e+00
4.800307668662218248e+02,1.406174273029137112e-02,2.822778992240628071e+01,2.960268196585438716e+01,1.840039604523479255e+00,2.549999999999999822e+00,2.960268196585438716e+01,1.840039604523479255e+00,2.884499031590406304e+01,2.456304351535715025e+00
4.800509228283685275e+02,2.015596214670267727e-02,2.822782113799164350e+01,2.960276062580760836e+01,1.840027324361034111e+00,2.549999999999999822e+00,2.960276062580760836e+01,1.840027324361034111e+00,2.884504984532090432e+01,2.456300836110600905e+00
4.800779809932594162e+02,2.705816489088874732e-02,2.822786304674130875e+01,2.960286645048158860e+01,1.840010839557006506e+00,2.549999999999999822e+00,2.960286645048158860e+01,1.840010839557006506e+00,2.884512976465267542e+01,2.456296116902063176e+00
4.801126405699174029e+02,3.465957665798669041e-02,2.822791673506317522e+01,2.960300231321117437e+01,1.839989724655745951e+00,2.549999999999999822e+00,2.960300231321117437e+01,1.839989724655745951e+00,2.884523214342737774e+01,2.456290071996426683e+00
4.801555111864863647e+02,4.287061656896185013e-02,2.822798315208089548e+01,2.960317076114342782e+01,1.839963608998379518e+00,2.549999999999999822e+00,2.960317076114342782e+01,1.839963608998379518e+00,2.884535878841496270e+01,2.456282595118745249e+00
4.802071321315434034e+02,5.162094505703862524e-02,2.822806313963942770e+01,2.960337408754794097e+01,1.839932165030502942e+00,2.549999999999999822e+00,2.960337408754794097e+01,1.839932165030502942e+00,2.884551130070737557e+01,2.456273592278999107e+00
4.802587530766004420e+02,5.162094505703862524e-02,2.822814314266073410e+01,2.960357788586124528e+01,1.839900723417006612e+00,2.549999999999999822e+00,2.960357788586124528e+01,1.839900723417006612e+00,2.884566383239306830e+01,2.456264589597289216e+00
4.803281287856253812e+02,6.937570902493916947e-02,2.822825068667231818e+01,2.960385243419286283e+01,1.839858471319213651e+00,2.549999999999999822e+00,2.960385243419286283e+01,1.839858471319213651e+00,2.884586885708241866e+01,2.456252490737459659e+00
4.803975044946503203e+02,6.937570902493916947e-02,2.822835825861087145e+01,2.960412765386494982e+01,1.839816223457179989e+00,2.549999999999999822e+00,2.960412765386494982e+01,1.839816223457179989e+00,2.884607391669335286e+01,2.456240392163021369e+00
4.804860477671592207e+02,8.854327250890037249e-02,2.822849559177593548e+01,2.960447978804692681e+01,1.839762309229327375e+00,2.549999999999999822e+00,2.960447978804692681e+01,1.839762309229327375e+00,2.884633568212704091e+01,2.456224951331768214e+00
4.805745910396681211e+02,8.854327250890037249e-02,2.822863297042776765e+01,2.960483281291287128e+01,1.839708401880775002e+00,2.549999999999999822e+00,2.960483281291287128e+01,1.839708401880775002e+00,2.884659750426324720e+01,2.456209510965286835e+00
4.806837210369189961e+02,1.091299972508750216e-01,2.822880235283531647e+01,2.960526903305540714e+01,1.839641970274099370e+00,2.549999999999999822e+00,2.960526903305540714e+01,1.839641970274099370e+00,2.884692027915012957e+01,2.456190481280767113e+00
4.807928510341698711e+02,1.091299972508750216e-01,2.822897180433334796e+01,2.960570638393976495e+01,1.839575549092436590e+00,2.549999999999999822e+00,2.960570638393976495e+01,1.839575549092436590e+00,2.884724313988679256e+01,2.456171452302070790e+00
4.809238147628237243e+02,1.309637286538531953e-01,2.822917524933903977e+01,2.960623260960900538e+01,1.839495852715665070e+00,2.549999999999999822e+00,2.960623260960900538e+01,1.839495852715665070e+00,2.884763070878273084e+01,2.456148617111032717e+00
4.810547784914775775e+02,1.309637286538531953e-01,2.822937879383441739e+01,2.960676022373529293e+01,1.839416171321146320e+00,2.549999999999999822e+00,2.960676022373529293e+01,1.839416171321146320e+00,2.884801840089533442e+01,2.456125782936156021e+00
4.811857422201314307e+02,1.309637286538531953e-01,2.822958243781270227e+01,2.960728913139908158e+01,1.839336504894675484e+00,2.549999999999999822e+00,2.960728913139908158e+01,1.839336504894675484e+00,2.884840621601891542e+01,2.456102949777251077e+00
4.813503106921148742e+02,1.645684719834434873e-01,2.822983847701926052e+01,2.960795546882211227e+01,1.839236417599656059e+00,2.549999999999999822e+00,2.960795546882211227e+01,1.839236417599656059e+00,2.884889371698783478e+01,2.456074259165733853e+00
4.815148791640983177e+02,1.645684719834434873e-01,2.823009467328825650e+01,2.960862359594771220e+01,1.839136353896191123e+00,2.549999999999999822e+00,2.960862359594771220e+01,1.839136353896191123e+00,2.884938141153464741e+01,2.456045570157800118e+00
4.816794476360817612e+02,1.645684719834434873e-01,2.823035102660602647e+01,2.960929340505916230e+01,1.839036313762829167e+00,2.549999999999999822e+00,2.960929340505916230e+01,1.839036313762829167e+00,2.884986929932469835e+01,2.456016882753075947e+00
4.818797055270389365e+02,2.002578909571752774e-01,2.823066318622793958e+01,2.961011061105169517e+01,1.838914610020146556e+00,2.549999999999999822e+00,2.961011061105169517e+01,1.838914610020146556e+00,2.885046325391683908e+01,2.455981976167886494e+00
4.820799634179961117e+02,2.002578909571752774e-01,2.823097557835679439e+01,2.961093003315215810e+01,1.838792941115452440e+00,2.549999999999999822e+00,2.961093003315215810e+01,1.838792941115452440e+00,2.885105749365405003e+01,2.455947071955452365e+00
4.822802213089532870e+02,2.002578909571752774e-01,2.823128820296746966e+01,2.961175155227528322e+01,1.838671307016396472e+00,2.549999999999999822e+00,2.961175155227528322e+01,1.838671307016396472e+00,2.885165201803029689e+01,2.455912170115104320e+00
4.824804791999104623e+02,2.002578909571752774e-01,2.823160106003465586e+01,2.961257506552180985e+01,1.838549707691997215e+00,2.549999999999999822e+00,2.961257506552180985e+01,1.838549707691997215e+00,2.885224682656550144e+01,2.455877270646174448e+00
4.827300111712901298e+02,2.495319713796675387e-01,2.823199122181134868e+01,2.961360386187813631e+01,1.838398237090269394e+00,2.549999999999999822e+00,2.961360386187813631e+01,1.838398237090269394e+00,2.885298838654844289e+01,2.455833787371190180e+00
4.829795431426697974e+02,2.495319713796675387e-01,2.823238174442198911e+01,2.961463546309543915e+01,1.838246820379066726e+00,2.549999999999999822e+00,2.961463546309543915e+01,1.838246820379066726e+00,2.885373038617902353e+01,2.455790307775856718e+00
4.832290751140494649e+02,2.495319713796675387e-01,2.823277262781641994e+01,2.961566973670415237e+01,1.838095457504143271e+00,2.549999999999999822e+00,2.961566973670415237e+01,1.838095457504143271e+00,2.885447282465633378e+01,2.455746831858880430e+00
4.834786070854291324e+02,2.495319713796675387e-01,2.823316387194403632e+01,2.961670656606209207e+01,1.837944148412627543e+00,2.549999999999999822e+00,2.961670656606209207e+01,1.837944148412627543e+00,2.885521570121582258e+01,2.455703359618973458e+00
4.837803624807458505e+02,3.017553953167180225e-01,2.823363747960003423e+01,2.961796365542146958e+01,1.837761244293451446e+00,2.549999999999999822e+00,2.961796365542146958e+01,1.837761244293451446e+00,2.885611463522742426e+01,2.455650794179601970e+00
4.840821178760625685e+02,3.017553953167180225e-01,2.823411161461605445e+01,2.961922416831262694e+01,1.837578418660304580e+00,2.549999999999999822e+00,2.961922416831262694e+01,1.837578418660304580e+00,2.885701420756894464e+01,2.455598234113311573e+00
4.843838732713792865e+02,3.017553953167180225e-01,2.823458627689992184e+01,2.962048796052778954e+01,1.837395671425179788e+00,2.549999999999999822e+00,2.962048796052778954e+01,1.837395671425179788e+00,2.885791441705500660e+01,2.455545679417833860e+00
4.846856286666960045e+02,3.017553953167180225e-01,2.823506146635843805e+01,2.962175490321954641e+01,1.837213002501468573e+00,2.549999999999999822e+00,2.962175490321954641e+01,1.837213002501468573e+00,2.885881526254848239e+01,2.455493130090895981e+00
4.849873840620127226e+02,3.017553953167180225e-01,2.823553718289742420e+01,2.962302488037607162e+01,1.837030411803750818e+00,2.549999999999999822e+00,2.962302488037607162e+01,1.837030411803750818e+00,2.885971674295544531e+01,2.455440586130231750e+00
4.853568209042752528e+02,3.694368422625302628e-01,2.823612031657793509e+01,2.962458368237640016e+01,1.836806973785596542e+00,2.549999999999999822e+00,2.962458368237640016e+01,1.836806973785596542e+00,2.886082128153433501e+01,2.455376264260995978e+00
4.857262577465377831e+02,3.694368422625302628e-01,2.823670423997547019e+01,2.962614670134125561e+01,1.836583652740223949e+00,2.549999999999999822e+00,2.962614670134125561e+01,1.836583652740223949e+00,2.886192676833721649e+01,2.455311950427678358e+00
4.860956945888003133e+02,3.694368422625302628e-01,2.823728895291084839e+01,2.962771378040015691e+01,1.836360448516274335e+00,2.549999999999999822e+00,2.962771378040015691e+01,1.836360448516274335e+00,2.886303320157184160e+01,2.455247644626133319e+00
4.864651314310628436e+02,3.694368422625302628e-01,2.823787445520251183e+01,2.962928477744268818e+01,1.836137360963883136e+00,2.549999999999999822e+00,2.962928477744268818e+01,1.836137360963883136e+00,2.886414057951061451e+01,2.455183346852219284e+00
4.868345682733253739e+02,3.694368422625302628e-01,2.823846074666650452e+01,2.963085956296942669e+01,1.835914389934503177e+00,2.549999999999999822e+00,2.963085956296942669e+01,1.835914389934503177e+00,2.886524890048473324e+01,2.455119057101803115e+00
4.872040051155879041e+02,3.694368422625302628e-01,2.823904782711642625e+01,2.963243801835641023e+01,1.835691535280758568e+00,2.549999999999999822e+00,2.963243801835641023e+01,1.835691535280758568e+00,2.886635816287907019e+01,2.455054775370753006e+00
4.876579994659085742e+02,4.539943503206700370e-01,2.823977036006766994e+01,2.963438261978004462e+01,1.835417832331896815e+00,2.549999999999999822e+00,2.963438261978004462e+01,1.835417832331896815e+00,2.886772260264973156e+01,2.454975791673851493e+00
4.881119938162292442e+02,4.539943503206700370e-01,2.824049408386617088e+01,2.963633241322380485e+01,1.835144304637360335e+00,2.549999999999999822e+00,2.963633241322380485e+01,1.835144304637360335e+00,2.886908845893303521e+01,2.454896820073535491e+00
4.885659881665499142e+02,4.539943503206700370e-01,2.824121899815058612e+01,2.963828722921937953e+01,1.834870951929508776e+00,2.549999999999999822e+00,2.963828722921937953e+01,1.834870951929508776e+00,2.887045572901076440e+01,2.454817860562171994e+00
4.890199825168705843e+02,4.539943503206700370e-01,2.824194510255374624e+01,2.964024691233457531e+01,1.834597773942470145e+00,2.549999999999999822e+00,2.964024691233457531e+01,1.834597773942470145e+00,2.887182441025108659e+01,2.454738913132141764e+00
4.894739768671912543e+02,4.539943503206700370e-01,2.824267239670259855e+01,2.964221131937419074e+01,1.834324770411988714e+00,2.549999999999999822e+00,2.964221131937419074e+01,1.834324770411988714e+00,2.887319450010157595e+01,2.454659977775832669e+00
4.899279712175119244e+02,4.539943503206700370e-01,2.824340088021811113e+01,2.964418031788719787e+01,1.834051941075299119e+00,2.549999999999999822e+00,2.964418031788719787e+01,1.834051941075299119e+00,2.887456599608310981e+01,2.454581054485649450e+00
4.903819655678325944e+02,4.539943503206700370e-01,2.824413055271521600e+01,2.964615378491640740e+01,1.833779285671019998e+00,2.549999999999999822e+00,2.964615378491640740e+01,1.833779285671019998e+00,2.887593889578451822e+01,2.454502143254004398e+00
4.909389702118714354e+02,5.570046440388409792e-01,2.824502740993357719e+01,2.964858096391017739e+01,1.833445002595609052e+00,2.549999999999999822e+00,2.964858096391017739e+01,1.833445002595609052e+00,2.887762521748993905e+01,2.454405343703845777e+00
4.914959748559102763e+02,5.570046440388409792e-01,2.824592605557545966e+01,2.965101450117800397e+01,1.833110980467572260e+00,2.549999999999999822e+00,2.965101450117800397e+01,1.833110980467572260e+00,2.887931364443734239e+01,2.454308562279772232e+00
4.920529794999491173e+02,5.570046440388409792e-01,2.824682648889146819e+01,2.965345421553231020e+01,1.832777218811645126e+00,2.549999999999999822e+00,2.965345421553231020e+01,1.832777218811645126e+00,2.888100417253376051e+01,2.454211798967845137e+00
4.926099841439879583e+02,5.570046440388409792e-01,2.824772870911781197e+01,2.965589993900974619e+01,1.832443717154990326e+00,2.549999999999999822e+00,2.965589993900974619e+01,1.832443717154990326e+00,2.888269679780016475e+01,2.454115053754147624e+00
4.931669887880267993e+02,5.570046440388409792e-01,2.824863271547610921e+01,2.965835151538152203e+01,1.832110475027067809e+00,2.549999999999999822e+00,2.965835151538152203e+01,1.832110475027067809e+00,2.888439151636332980e+01,2.454018326624790802e+00
4.937239934320656403e+02,5.570046440388409792e-01,2.824953850717319881e+01,2.966080879888745869e+01,1.831777491959525328e+00,2.549999999999999822e+00,2.966080879888745869e+01,1.831777491959525328e+00,2.888608832444860042e+01,2.453921617565907543e+00
4.942809980761044812e+02,5.570046440388409792e-01,2.825044608340095920e+01,2.966327165315232506e+01,1.831444767486102077e+00,2.549999999999999822e+00,2.966327165315232506e+01,1.831444767486102077e+00,2.888778721837338637e+01,2.453824926563660025e+00
4.948380027201433222e+02,5.570046440388409792e-01,2.825135544333614845e+01,2.966573995025206756e+01,1.831112301142546084e+00,2.549999999999999822e+00,2.966573995025206756e+01,1.831112301142546084e+00,2.888948819454137507e+01,2.453728253604230858e+00
4.955181765987726408e+02,6.801738786293185512e-01,2.825246830580651292e+01,2.966876126323354512e+01,1.830706666621444656e+00,2.549999999999999822e+00,2.966876126323354512e+01,1.830706666621444656e+00,2.889156812259962592e+01,2.453610228010481897e+00
4.961983504774019593e+02,6.801738786293185512e-01,2.825358382524832024e+01,2.967179030824472719e+01,1.830301415484197669e+00,2.549999999999999822e+00,2.967179030824472719e+01,1.830301415484197669e+00,2.889365114411657842e+01,2.453492229275716419e+00
4.968785243560312779e+02,6.801738786293185512e-01,2.825470200006849453e+01,2.967482689393088791e+01,1.829896546896762510e+00,2.549999999999999822e+00,2.967482689393088791e+01,1.829896546896762510e+00,2.889573725300249407e+01,2.453374257374929979e+00
4.975586982346605964e+02,6.801738786293185512e-01,2.825582282863869565e+01,2.967787084129565400e+01,1.829492060028975464e+00,2.549999999999999822e+00,2.967787084129565400e+01,1.829492060028975464e+00,2.889782644331528516e+01,2.453256312283169649e+00
4.982388721132899150e+02,6.801738786293185512e-01,2.825694630929493911e+01,2.968092198247513380e+01,1.829087954054434473e+00,2.549999999999999822e+00,2.968092198247513380e+01,1.829087954054434473e+00,2.889991870925108941e+01,2.453138393975537568e+00
4.989190459919192335e+02,6.801738786293185512e-01,2.825807244033718035e+01,2.968398015967431647e+01,1.828684228150398772e+00,2.549999999999999822e+00,2.968398015967431647e+01,1.828684228150398772e+00,2.890201404513583583e+01,2.453020502427189165e+00
4.995992198705485521e+02,6.801738786293185512e-01,2.825920122002898083e+01,2.968704522423919556e+01,1.828280881497694965e+00,2.549999999999999822e+00,2.968704522423919556e+01,1.828280881497694965e+00,2.890411244541762059e+01,2.452902637613334047e+00
5.002793937491778706e+02,6.801738786293185512e-01,2.826033264659712785e+01,2.969011703584313366e+01,1.827877913280638422e+00,2.549999999999999822e+00,2.969011703584313366e+01,1.827877913280638422e+00,2.890621390465973661e+01,2.452784799509235558e+00
5.009595676278071892e+02,6.801738786293185512e-01,2.826146671823132905e+01,2.969319546177010594e+01,1.827475322686957115e+00,2.549999999999999822e+00,2.969319546177010594e+01,1.827475322686957115e+00,2.890831841753429288e+01,2.452666988090208555e+00
5.017851299196212267e+02,8.255622918140375077e-01,2.826284675066776586e+01,2.969694061257888151e+01,1.826987183778744583e+00,2.549999999999999822e+00,2.969694061257888151e+01,1.826987183778744583e+00,2.891087686885268937e+01,2.452524030079659134e+00
5.026106922114352642e+02,8.255622918140375077e-01,2.826423067369569253e+01,2.970069511044984267e+01,1.826499598551392323e+00,2.549999999999999822e+00,2.970069511044984267e+01,1.826499598551392323e+00,2.891343980192088736e+01,2.452381111301162875e+00
5.034362545032493017e+02,8.255622918140375077e-01,2.826561848385414777e+01,2.970445875575219574e+01,1.826012565571955237e+00,2.549999999999999822e+00,2.970445875575219574e+01,1.826012565571955237e+00,2.891600720778791711e+01,2.452238231710895278e+00
5.042618167950633392e+02,8.255622918140375077e-01,2.826701017759903678e+01,2.970823136032737466e+01,1.825526083414346745e+00,2.549999999999999822e+00,2.970823136032737466e+01,1.825526083414346745e+00,2.891857907769048452e+01,2.452095391265145086e+00
5.050873790868773767e+02,8.255622918140375077e-01,2.826840575130256994e+01,2.971201274648171520e+01,1.825040150659223315e+00,2.549999999999999822e+00,2.971201274648171520e+01,1.825040150659223315e+00,2.892115540304229881e+01,2.451952589920314285e+00
5.059129413786914142e+02,8.255622918140375077e-01,2.826980520125273699e+01,2.971580274609701533e+01,1.824554765893871888e+00,2.549999999999999822e+00,2.971580274609701533e+01,1.824554765893871888e+00,2.892373617542435582e+01,2.451809827632915439e+00
5.067385036705054517e+02,8.255622918140375077e-01,2.827120852365285941e+01,2.971960119984192872e+01,1.824069927712113959e+00,2.549999999999999822e+00,2.971960119984192872e+01,1.824069927712113959e+00,2.892632138657609886e+01,2.451667104359574800e+00
5.075640659623194892e+02,8.255622918140375077e-01,2.827261571462122092e+01,2.972340795646995559e+01,1.823585634714209869e+00,2.549999999999999822e+00,2.972340795646995559e+01,1.823585634714209869e+00,2.892891102838725814e+01,2.451524420057029197e+00
5.083896282541335268e+02,8.255622918140375077e-01,2.827402677019075128e+01,2.972722287219226089e+01,1.823101885506774433e+00,2.549999999999999822e+00,2.972722287219226089e+01,1.823101885506774433e+00,2.893150509289031547e+01,2.451381774682124703e+00
5.092151905459475643e+02,8.255622918140375077e-01,2.827544168630877053e+01,2.973104581011543246e+01,1.822618678702696782e+00,2.549999999999999822e+00,2.973104581011543246e+01,1.822618678702696782e+00,2.893410357225354801e+01,2.451239168191818862e+00
5.102111077939250094e+02,9.959172479774451858e-01,2.827715370245673299e+01,2.973566810298729735e+01,1.822036481945969344e+00,2.549999999999999822e+00,2.973566810298729735e+01,1.822036481945969344e+00,2.893724411280948772e+01,2.451067186508793405e+00
5.112070250419024546e+02,9.959172479774451858e-01,2.827887132332779885e+01,2.974030166312127932e+01,1.821455070116733799e+00,2.549999999999999822e+00,2.974030166312127932e+01,1.821455070116733799e+00,2.894039105374056220e+01,2.450895261276145654e+00
5.122029422898799567e+02,9.959172479775020292e-01,2.828059454130822203e+01,2.974494628434475274e+01,1.820874440815352768e+00,2.549999999999999822e+00,2.974494628434475274e+01,1.820874440815352768e+00,2.894354438201011348e+01,2.450723392418944435e+00
5.131988595378575155e+02,9.959172479775588727e-01,2.828232334860241082e+01,2.974960177108392045e+01,1.820294591654836758e+00,2.549999999999999822e+00,2.974960177108392045e+01,1.820294591654836758e+00,2.894670408481593427e+01,2.450551579862490392e+00
5.141947767858350744e+02,9.959172479775588727e-01,2.828405773723331151e+01,2.975426793753384302e+01,1.819715520260693165e+00,2.549999999999999822e+00,2.975426793753384302e+01,1.819715520260693165e+00,2.894987014957849425e+01,2.450379823532307544e+00
5.151906940338126333e+02,9.959172479775588727e-01,2.828579769904305508e+01,2.975894460691482735e+01,1.819137224270783948e+00,2.549999999999999822e+00,2.975894460691482735e+01,1.819137224270783948e+00,2.895304256392986630e+01,2.450208123354149947e+00
5.161866112817901922e+02,9.959172479775588727e-01,2.828754322569384883e+01,2.976363161080406883e+01,1.818559701335188628e+00,2.549999999999999822e+00,2.976363161080406883e+01,1.818559701335188628e+00,2.895622131570360835e+01,2.450036479253993260e+00
5.171825285297677510e+02,9.959172479775588727e-01,2.828929430866915240e+01,2.976832878853307918e+01,1.817982949116075719e+00,2.549999999999999822e+00,2.976832878853307918e+01,1.817982949116075719e+00,2.895940639292545171e+01,2.449864891158039626e+00
5.181784457777453099e+02,9.959172479775588727e-01,2.829105093927514147e+01,2.977303598664287065e+01,1.817406965287578391e+00,2.549999999999999822e+00,2.977303598664287065e+01,1.817406965287578391e+00,2.896259778380444061e+01,2.449693358992714121e+00
5.191743630257228688e+02,9.959172479775588727e-01,2.829281310864255161e+01,2.977775305839002939e+01,1.816831747535673891e+00,2.549999999999999822e+00,2.977775305839002939e+01,1.816831747535673891e+00,2.896579547672491017e+01,2.449521882684662977e+00
5.201702802737004276e+02,9.959172479775588727e-01,2.829458080772874240e+01,2.978247986329778385e+01,1.816257293558070973e+00,2.549999999999999822e+00,2.978247986329778385e+01,1.816257293558070973e+00,2.896899946023880901e+01,2.449350462160753139e+00
5.211661975216779865e+02,9.959172479775588727e-01,2.829635402732023053e+01,2.978721626674697021e+01,1.815683601064097763e+00,2.549999999999999822e+00,2.978721626674697021e+01,1.815683601064097763e+00,2.897220972305873943e+01,2.449179097348070933e+00
5.223781443674230331e+02,1.211946845745046630e+00,2.829851931823059985e+01,2.979299282922360703e+01,1.814986489811714065e+00,2.549999999999999822e+00,2.979299282922360703e+01,1.814986489811714065e+00,2.897612479476545033e+01,2.448970635944953234e+00
5.235900912131680798e+02,1.211946845745046630e+00,2.830069275322389188e+01,2.979878319257252528e+01,1.814290498768192483e+00,2.549999999999999822e+00,2.979878319257252528e+01,1.814290498768192483e+00,2.898004912913898323e+01,2.448762256805414594e+00
5.248020380589131264e+02,1.211946845745046630e+00,2.830287431471390747e+01,2.980458714473379445e+01,1.813595623873762275e+00,2.549999999999999822e+00,2.980458714473379445e+01,1.813595623873762275e+00,2.898398270671828314e+01,2.448553959799359525e+00
5.260139849046581730e+02,1.211946845745046630e+00,2.830506398477423957e+01,2.981040448335059168e+01,1.812901861093145106e+00,2.549999999999999822e+00,2.981040448335059168e+01,1.812901861093145106e+00,2.898792550833665871e+01,2.448345744797162382e+00
5.272259317504032197e+02,1.211946845745046630e+00,2.830726174515081084e+01,2.981623501509125163e+01,1.812209206415307250e+00,2.549999999999999822e+00,2.981623501509125163e+01,1.812209206415307250e+00,2.899187751510850575e+01,2.448137611669665148e+00
5.284378785961482663e+02,1.211946845745046630e+00,2.830946757727584995e+01,2.982207855503400751e+01,1.811517655853212894e+00,2.549999999999999822e+00,2.982207855503400751e+01,1.811517655853212894e+00,2.899583870841693312e+01,2.447929560288176098e+00
5.296498254418933129e+02,1.211946845745046630e+00,2.831168146228320381e+01,2.982793492610731434e+01,1.810827205443589438e+00,2.549999999999999822e+00,2.982793492610731434e+01,1.810827205443589438e+00,2.899980906990221641e+01,2.447721590524465363e+00
5.308617722876383596e+02,1.211946845745046630e+00,2.831390338102499271e+01,2.983380395857939504e+01,1.810137851246695906e+00,2.549999999999999822e+00,2.983380395857939504e+01,1.810137851246695906e+00,2.900378858145096217e+01,2.447513702250762258e+00
5.320737191333834062e+02,1.211946845745046630e+00,2.831613331408964385e+01,2.983968548959182954e+01,1.809449589346097564e+00,2.549999999999999822e+00,2.983968548959182954e+01,1.809449589346097564e+00,2.900777722518610702e+01,2.447305895339755288e+00
5.332856659791284528e+02,1.211946845745046630e+00,2.831837124182110088e+01,2.984557936273232315e+01,1.808762415848447880e+00,2.549999999999999822e+00,2.984557936273232315e+01,1.808762415848447880e+00,2.901177498345736439e+01,2.447098169664586820e+00
5.344976128248734994e+02,1.211946845745046630e+00,2.832061714433925559e+01,2.985148542764268953e+01,1.808076326883271134e+00,2.549999999999999822e+00,2.985148542764268953e+01,1.808076326883271134e+00,2.901578183883239248e+01,2.446890525098846414e+00
5.357095596706185461e+02,1.211946845745046630e+00,2.832287100156145954e+01,2.985740353965833904e+01,1.807391318602754815e+00,2.549999999999999822e+00,2.985740353965833904e+01,1.807391318602754815e+00,2.901979777408846317e+01,2.446682961516578825e+00
5.369215065163635927e+02,1.211946845745046630e+00,2.832513279322503053e+01,2.986333355947627766e+01,1.806707387181540669e+00,2.549999999999999822e+00,2.986333355947627766e+01,1.806707387181540669e+00,2.902382277220455364e+01,2.446475478792271563e+00
5.381715065163635927e+02,1.250000000000000000e+00,2.832747389188696019e+01,2.986946210467633023e+01,1.806003105511148288e+00,2.549999999999999822e+00,2.986946210467633023e+01,1.806003105511148288e+00,2.902798362505220098e+01,2.446261566022470912e+00
5.394215065163635927e+02,1.250000000000000000e+00,2.832982338679603274e+01,2.987560303242447191e+01,1.805299961191261682e+00,2.549999999999999822e+00,2.987560303242447191e+01,1.805299961191261682e+00,2.903215408266051156e+01,2.446047738998188947e+00
5.400000000000000000e+02,5.784934836364072908e-01,2.833091355651527365e+01,2.987844917488346397e+01,1.804974933497117240e+00,2.549999999999999822e+00,2.987844917488346397e+01,1.804974933497117240e+00,2.903408739476355649e+01,2.445948809951910441e+00
5.400031769679142144e+02,3.176967914214401389e-03,2.833091954845193783e+01,2.987846480375160851e+01,1.804973149180535197e+00,2.549999999999999822e+00,2.987846480375160851e+01,1.804973149180535197e+00,2.903409801777052834e+01,2.445948266704418117e+00
5.400087047374889835e+02,5.527769574769081373e-03,2.833092997425893955e+01,2.987849198170881948e+01,1.804970044573334986e+00,2.549999999999999822e+00,2.987849198170881948e+01,1.804970044573334986e+00,2.903411650136893130e+01,2.445947321481533709e+00
5.400203400968505321e+02,1.163535936154858064e-02,2.833095191999375473e+01,2.987854915218926166e+01,1.804963509780587838e+00,2.549999999999999822e+00,2.987854915218926166e+01,1.804963509780587838e+00,2.903415540769765357e+01,2.445945331894670893e+00
5.400394654648230244e+02,1.912536797249231313e-02,2.833098799439066084e+01,2.987864305374493767e+01,1.804952768567854138e+00,2.549999999999999822e+00,2.987864305374493767e+01,1.804952768567854138e+00,2.903421936014560245e+01,2.445942061570792081e+00
5.400677710297596832e+02,2.830556493665881135e-02,2.833104138812904438e+01,2.987878191200865885e+01,1.804936872042993912e+00,2.549999999999999822e+00,2.987878191200865885e+01,1.804936872042993912e+00,2.903431401216586139e+01,2.445937221524715710e+00
5.401066248750337309e+02,3.885384527404767141e-02,2.833111468642525566e+01,2.987897234629382481e+01,1.804915052496989691e+00,2.549999999999999822e+00,2.987897234629382481e+01,1.804915052496989691e+00,2.903444394150263008e+01,2.445930577870696343e+00
5.401572059304249933e+02,5.058105539126245276e-02,2.833121012036276909e+01,2.987922002667230714e+01,1.804886648810984706e+00,2.549999999999999822e+00,2.987922002667230714e+01,1.804886648810984706e+00,2.903461309512881527e+01,2.445921929094233338e+00
5.402205355631085695e+02,6.332963268357616471e-02,2.833132962701052548e+01,2.987952983274456642e+01,1.804851088786025404e+00,2.549999999999999822e+00,2.987952983274456642e+01,1.804851088786025404e+00,2.903482489523565846e+01,2.445911100655629777e+00
5.402975119779506485e+02,7.697641484207906615e-02,2.833147491480786329e+01,2.987990602569242427e+01,1.804807869890623584e+00,2.549999999999999822e+00,2.987990602569242427e+01,1.804807869890623584e+00,2.903508235459771569e+01,2.445897939112862129e+00
5.403744883927927276e+02,7.697641484207906615e-02,2.833162023429932574e+01,2.988028187063112995e+01,1.804764655266873907e+00,2.549999999999999822e+00,2.988028187063112995e+01,1.804764655266873907e+00,2.903533983467817592e+01,2.445884777894288931e+00
5.404792083487196805e+02,1.047199559269529345e-01,2.833181798015635522e+01,2.988079269466267718e+01,1.804705872255567112e+00,2.549999999999999822e+00,2.988079269466267718e+01,1.804705872255567112e+00,2.903569014804829251e+01,2.445866873680793585e+00
5.405839283046466335e+02,1.047199559269529345e-01,2.833201578464747428e+01,2.988130303257126030e+01,1.804647097151707458e+00,2.549999999999999822e+00,2.988130303257126030e+01,1.804647097151707458e+00,2.903604049988057767e+01,2.445848970067159289e+00
5.407187116541598471e+02,1.347833495132135795e-01,2.833227046186403442e+01,2.988195925237952366e+01,1.804571460310775866e+00,2.549999999999999822e+00,2.988195925237952366e+01,1.804571460310775866e+00,2.903649148871681973e+01,2.445825927500445918e+00
5.408534950036730606e+02,1.347833495132135795e-01,2.833252523616213026e+01,2.988261484466002926e+01,1.804495836566780032e+00,2.549999999999999822e+00,2.988261484466002926e+01,1.804495836566780032e+00,2.903694254146702036e+01,2.445802885927152115e+00
5.410206575384388543e+02,1.671625347657936800e-01,2.833284135005538218e+01,2.988342715561491758e+01,1.804402063819350754e+00,2.549999999999999822e+00,2.988342715561491758e+01,1.804402063819350754e+00,2.903750204015511116e+01,2.445774310425536502e+00
5.411878200732046480e+02,1.671625347657936800e-01,2.833315761317835424e+01,2.988423869651835929e+01,1.804308311207001525e+00,2.549999999999999822e+00,2.988423869651835929e+01,1.804308311207001525e+00,2.903806163745750979e+01,2.445745736451388375e+00
5.413893867555015049e+02,2.015666822968569249e-01,2.833353916560390218e+01,2.988521634330732013e+01,1.804195289898137933e+00,2.549999999999999822e+00,2.988521634330732013e+01,1.804195289898137933e+00,2.903873653825743517e+01,2.445711283625678245e+00
5.415909534377983618e+02,2.015666822968569249e-01,2.833392093483199048e+01,2.988619308137644737e+01,1.804082297842050542e+00,2.549999999999999822e+00,2.988619308137644737e+01,1.804082297842050542e+00,2.903941158287525681e+01,2.445676833019846175e+00
5.417925201200952188e+02,2.015666822968569249e-01,2.833430292076686996e+01,2.988716899357189405e+01,1.803969335024803389e+00,2.549999999999999822e+00,2.988716899357189405e+01,1.803969335024803389e+00,2.904008677151563234e+01,2.445642384633325950e+00
5.420470772878003345e+02,2.545571677051157167e-01,2.833478563766231773e+01,2.988840039117414094e+01,1.803826716821633758e+00,2.549999999999999822e+00,2.988840039117414094e+01,1.803826716821633758e+00,2.904093966865767129e+01,2.445598883174749716e+00
5.423016344555054502e+02,2.545571677051157167e-01,2.833526869983747076e+01,2.988963069332251976e+01,1.803684145198354960e+00,2.549999999999999822e+00,2.988963069332251976e+01,1.803684145198354960e+00,2.904179279614142573e+01,2.445555385253710856e+00
5.425561916232105659e+02,2.545571677051157167e-01,2.833575210709932790e+01,2.989085999399143390e+01,1.803541620124268441e+00,2.549999999999999822e+00,2.989085999399143390e+01,1.803541620124268441e+00,2.904264615427943852e+01,2.445511890869072058e+00
5.428670922731587325e+02,3.109006499481665742e-01,2.833634297917273770e+01,2.989236014318950296e+01,1.803367611761659051e+00,2.549999999999999822e+00,2.989236014318950296e+01,1.803367611761659051e+00,2.904368870733247476e+01,2.445458774267208923e+00
5.431779929231068991e+02,3.109006499481665742e-01,2.833693436536172072e+01,2.989385903849266768e+01,1.803193672730879271e+00,2.549999999999999822e+00,2.989385903849266768e+01,1.803193672730879271e+00,2.904473160535067677e+01,2.445405662936719793e+00
5.434888935730550656e+02,3.109006499481665742e-01,2.833752626531447660e+01,2.989535678343832359e+01,1.803019802973708341e+00,2.549999999999999822e+00,2.989535678343832359e+01,1.803019802973708341e+00,2.904577484877176730e+01,2.445352556875534766e+00
5.437997942230032322e+02,3.109006499481665742e-01,2.833811867867922274e+01,2.989685346708074221e+01,1.802846002431472305e+00,2.549999999999999822e+00,2.989685346708074221e+01,1.802846002431472305e+00,2.904681843799851393e+01,2.445299456081588829e+00
5.441885168188105126e+02,3.887225958072804133e-01,2.833886010153260315e+01,2.989872341191232863e+01,1.802628794930810407e+00,2.549999999999999822e+00,2.989872341191232863e+01,1.802628794930810407e+00,2.904812373644399059e+01,2.445233070965654232e+00
5.445772394146177930e+02,3.887225958072804133e-01,2.833960232575448757e+01,2.990059195019618343e+01,1.802411695424193994e+00,2.549999999999999822e+00,2.990059195019618343e+01,1.802411695424193994e+00,2.904942957673073067e+01,2.445166694076619684e+00
5.449659620104250735e+02,3.887225958072804133e-01,2.834034535065766747e+01,2.990245919613156289e+01,1.802194703795287234e+00,2.549999999999999822e+00,2.990245919613156289e+01,1.802194703795287234e+00,2.905073595947321152e+01,2.445100325410455522e+00
5.453546846062323539e+02,3.887225958072804133e-01,2.834108917555525764e+01,2.990432524977622464e+01,1.801977819927442104e+00,2.549999999999999822e+00,2.990432524977622464e+01,1.801977819927442104e+00,2.905204288523724188e+01,2.445033964963138740e+00
5.458259376583234825e+02,4.712530520911286658e-01,2.834199199518657153e+01,2.990658601646230252e+01,1.801715033360912654e+00,2.549999999999999822e+00,2.990658601646230252e+01,1.801715033360912654e+00,2.905362801591513744e+01,2.444953526414928024e+00
5.462971907104146112e+02,4.712530520911286658e-01,2.834289598833879964e+01,2.990884529978385231e+01,1.801452404790610196e+00,2.549999999999999822e+00,2.990884529978385231e+01,1.801452404790610196e+00,2.905521394629561271e+01,2.444873099932900029e+00
5.467684437625057399e+02,4.712530520911286658e-01,2.834380115379104126e+01,2.991110322243123676e+01,1.801189934007902282e+00,2.549999999999999822e+00,2.991110322243123676e+01,1.801189934007902282e+00,2.905680067716378545e+01,2.444792685509913799e+00
5.472396968145968685e+02,4.712530520911286658e-01,2.834470749032391268e+01,2.991335989341180479e+01,1.800927620804109619e+00,2.549999999999999822e+00,2.991335989341180479e+01,1.800927620804109619e+00,2.905838820924085297e+01,2.444712283138832820e+00
5.477109498666879972e+02,4.712530520911286658e-01,2.834561499671975682e+01,2.991561541033336269e+01,1.800665464970593543e+00,2.549999999999999822e+00,2.991561541033336269e+01,1.800665464970593543e+00,2.905997654319103773e+01,2.444631892812535234e+00
5.482892248595792353e+02,5.782749928912380710e-01,2.834673019529489935e+01,2.991838170862049040e+01,1.800343988070278733e+00,2.549999999999999822e+00,2.991838170862049040e+01,1.800343988070278733e+00,2.906192668564485260e+01,2.444533262227559511e+00
5.488674998524704733e+02,5.782749928912380710e-01,2.834784715134986399e+01,2.992114654712846189e+01,1.800022747435422232e+00,2.549999999999999822e+00,2.992114654712846189e+01,1.800022747435422232e+00,2.906387803749876042e+01,2.444434649755494515e+00
5.494457748453617114e+02,5.782749928912380710e-01,2.834896586264848040e+01,2.992391005634135936e+01,1.799701742681504069e+00,2.549999999999999822e+00,2.992391005634135936e+01,1.799701742681504069e+00,2.906583059969759120e+01,2.444336055383231621e+00
5.500240498382529495e+02,5.782749928912380710e-01,2.835008632696075637e+01,2.992667235367189349e+01,1.799380973424557828e+00,2.549999999999999822e+00,2.992667235367189349e+01,1.799380973424557828e+00,2.906778437310223850e+01,2.444237479097688848e+00
5.506023248311441876e+02,5.782749928912380710e-01,2.835120854206348184e+01,2.992943354539938028e+01,1.799060439281240376e+00,2.549999999999999822e+00,2.992943354539938028e+01,1.799060439281240376e+00,2.906973935849784141e+01,2.444138920885802424e+00
5.511805998240354256e+02,5.782749928912380710e-01,2.835233250574085062e+01,2.993219372823083191e+01,1.798740139868885146e+00,2.549999999999999822e+00,2.993219372823083191e+01,1.798740139868885146e+00,2.907169555660080817e+01,2.444040380734532114e+00
5.518928969314914639e+02,7.122971074560382476e-01,2.835371936152925443e+01,2.993559235983948241e+01,1.798345929326369719e+00,2.549999999999999822e+00,2.993559235983948241e+01,1.798345929326369719e+00,2.907410679473350612e+01,2.443919027535013555e+00
5.526051940389475021e+02,7.122971074560382476e-01,2.835510886286306231e+01,2.993898974469765051e+01,1.797952073634772274e+00,2.549999999999999822e+00,2.993898974469765051e+01,1.797952073634772274e+00,2.907651987492230106e+01,2.443797701693693369e+00
5.533174911464035404e+02,7.122971074560382476e-01,2.835650100565545983e+01,2.994238601884698525e+01,1.797558572083690187e+00,2.549999999999999822e+00,2.994238601884698525e+01,1.797558572083690187e+00,2.907893479815079729e+01,2.443676403186330948e+00
5.540297882538595786e+02,7.122971074560382476e-01,2.835789578584256532e+01,2.994578130602457833e+01,1.797165423964605990e+00,2.549999999999999822e+00,2.994578130602457833e+01,1.797165423964605990e+00,2.908135156529423071e+01,2.443555131988733198e+00
5.547420853613156169e+02,7.122971074560382476e-01,2.835929319938501081e+01,2.994917571928034405e+01,1.796772628570935115e+00,2.549999999999999822e+00,2.994917571928034405e+01,1.796772628570935115e+00,2.908377017712908241e+01,2.443433888076756766e+00
5.554543824687716551e+02,7.122971074560382476e-01,2.836069324226948041e+01,2.995256936231566058e+01,1.796380185198066526e+00,2.549999999999999822e+00,2.995256936231566058e+01,1.796380185198066526e+00,2.908619063434135654e+01,2.443312671426306704e+00
5.561666795762276934e+02,7.122971074560382476e-01,2.836209591051019174e+01,2.995596233060197733e+01,1.795988093143394693e+00,2.549999999999999822e+00,2.995596233060197733e+01,1.795988093143394693e+00,2.908861293753395927e+01,2.443191482013336469e+00
5.570435205163219052e+02,8.768409400942118737e-01,2.836382620067685423e+01,2.996013829310656007e+01,1.795505907452271011e+00,2.549999999999999822e+00,2.996013829310656007e+01,1.795505907452271011e+00,2.909159733929981684e+01,2.443042334668081850e+00
5.579203614564161171e+02,8.768409400942118737e-01,2.836556045592363162e+01,2.996431351749751926e+01,1.795024251774815172e+00,2.549999999999999822e+00,2.996431351749751926e+01,1.795024251774815172e+00,2.909458454004102990e+01,2.442893228516708426e+00
5.587972023965103290e+02,8.768409400942118737e-01,2.836729866900689956e+01,2.996848814193860022e+01,1.794543124813163137e+00,2.549999999999999822e+00,2.996848814193860022e+01,1.794543124813163137e+00,2.909757454044448366e+01,2.442744163514654954e+00
5.596740433366045409e+02,8.768409400942118737e-01,2.836904083276060362e+01,2.997266229317651209e+01,1.794062525274224829e+00,2.549999999999999822e+00,2.997266229317651209e+01,1.794062525274224829e+00,2.910056734106094467e+01,2.442595139617470323e+00
5.605508842766987527e+02,8.768409400942118737e-01,2.837078694009985824e+01,2.997683608787798448e+01,1.793582451869706995e+00,2.549999999999999822e+00,2.997683608787798448e+01,1.793582451869706995e+00,2.910356294231617014e+01,2.442446156780811339e+00
5.614277252167929646e+02,8.768409400942118737e-01,2.837253698402444968e+01,2.998100963376261419e+01,1.793102903316126095e+00,2.549999999999999822e+00,2.998100963376261419e+01,1.793102903316126095e+00,2.910656134452064592e+01,2.442297214960444940e+00
5.623045661568871765e+02,8.768409400942118737e-01,2.837429095762217912e+01,2.998518303056964385e+01,1.792623878334814957e+00,2.549999999999999822e+00,2.998518303056964385e+01,1.792623878334814957e+00,2.910956254787828001e+01,2.442148314112243312e+00
5.633582072145144366e+02,1.053641057627260125e+00,2.837640377873575304e+01,2.999019785517010206e+01,1.792048956854789488e+00,2.549999999999999822e+00,2.999019785517010206e+01,1.792048956854789488e+00,2.911317259848190631e+01,2.441969444066049100e+00
5.644118482721416967e+02,1.053641057627260125e+00,2.837852225249248406e+01,2.999521274634847146e+01,1.791474787332196783e+00,2.549999999999999822e+00,2.999521274634847146e+01,1.791474787332196783e+00,2.911678669388722795e+01,2.441790633040739511e+00
5.654654893297689568e+02,1.053641057627260125e+00,2.838064636744166691e+01,3.000022784071100190e+01,1.790901367576061665e+00,2.549999999999999822e+00,3.000022784071100190e+01,1.790901367576061665e+00,2.912040483392644319e+01,2.441611880960366410e+00
5.665191303873962170e+02,1.053641057627260125e+00,2.838277611234297737e+01,3.000524326429964361e+01,1.790328695405419612e+00,2.549999999999999822e+00,3.000524326429964361e+01,1.790328695405419612e+00,2.912402701826963636e+01,2.441433187749202371e+00
5.675727714450234771e+02,1.053641057627260125e+00,2.838491147617277122e+01,3.001025913371865528e+01,1.789756768649287899e+00,2.549999999999999822e+00,3.001025913371865528e+01,1.789756768649287899e+00,2.912765324643709164e+01,2.441254553331738020e+00
5.686264125026507372e+02,1.053641057627260125e+00,2.838705244812990003e+01,3.001527555710585560e+01,1.789185585146636281e+00,2.549999999999999822e+00,3.001527555710585560e+01,1.789185585146636281e+00,2.913128351781034553e+01,2.441075977632685579e+00
5.696800535602779973e+02,1.053641057627260125e+00,2.838919901764110421e+01,3.002029263497470168e+01,1.788615142746347031e+00,2.549999999999999822e+00,3.002029263497470168e+01,1.788615142746347031e+00,2.913491783164213089e+01,2.440897460576972211e+00
5.707336946179052575e+02,1.053641057627260125e+00,2.839135117436592282e+01,3.002531046094822642e+01,1.788045439307177409e+00,2.549999999999999822e+00,3.002531046094822642e+01,1.788045439307177409e+00,2.913855618706532624e+01,2.440719002089746237e+00
5.719836946179052575e+02,1.250000000000000000e+00,2.839391164411511426e+01,3.003126451058610158e+01,1.787370520070061586e+00,2.549999999999999822e+00,3.003126451058610158e+01,1.787370520070061586e+00,2.914287783489553263e+01,2.440507361528404751e+00
5.732336946179052575e+02,1.250000000000000000e+00,2.839647994698146505e+01,3.003721987146241901e+01,1.786696634347319623e+00,2.549999999999999822e+00,3.003721987146241901e+01,1.786696634347319623e+00,2.914720516787895832e+01,2.440295803170325240e+00
5.744836946179052575e+02,1.250000000000000000e+00,2.839905606702237151e+01,3.004317666908336193e+01,1.786023778617148672e+00,2.549999999999999822e+00,3.004317666908336193e+01,1.786023778617148672e+00,2.915153818400050412e+01,2.440084326891698741e+00
5.757336946179052575e+02,1.250000000000000000e+00,2.840163998878838569e+01,3.004913501986110091e+01,1.785351949376905445e+00,2.549999999999999822e+00,3.004913501986110091e+01,1.785351949376905445e+00,2.915587688106787922e+01,2.439872932569135511e+00
5.769836946179052575e+02,1.250000000000000000e+00,2.840423169732893172e+01,3.005509503199359500e+01,1.784681143142986093e+00,2.549999999999999822e+00,3.005509503199359500e+01,1.784681143142986093e+00,2.916022125672426668e+01,2.439661620079665028e+00
5.782336946179052575e+02,1.250000000000000000e+00,2.840683117819675729e+01,3.006105680623547727e+01,1.784011356450706076e+00,2.549999999999999822e+00,3.006105680623547727e+01,1.784011356450706076e+00,2.916457130845983770e+01,2.439450389300736433e+00
5.794836946179052575e+02,1.250000000000000000e+00,2.840943841745102461e+01,3.006702043657645973e+01,1.783342585854177154e+00,2.549999999999999822e+00,3.006702043657645973e+01,1.783342585854177154e+00,2.916892703362205808e+01,2.439239240110210094e+00
5.807336946179052575e+02,1.250000000000000000e+00,2.841205340165912929e+01,3.007298601084081824e+01,1.782674827926183037e+00,2.549999999999999822e+00,3.007298601084081824e+01,1.782674827926183037e+00,2.917328842942528055e+01,2.439028172386361604e+00
5.819836946179052575e+02,1.250000000000000000e+00,2.841467611789715875e+01,3.007895361121901701e+01,1.782008079258054378e+00,2.549999999999999822e+00,3.007895361121901701e+01,1.782008079258054378e+00,2.917765549295926775e+01,2.438817186007875115e+00
5.832336946179052575e+02,1.250000000000000000e+00,2.841730655374905012e+01,3.008492331474094073e+01,1.781342336459542874e+00,2.549999999999999822e+00,3.008492331474094073e+01,1.781342336459542874e+00,2.918202822119716089e+01,2.438606280853841568e+00
5.844836946179052575e+02,1.250000000000000000e+00,2.841994469730436634e+01,3.009089519369844723e+01,1.780677596158694254e+00,2.549999999999999822e+00,3.009089519369844723e+01,1.780677596158694254e+00,2.918640661100273093e+01,2.438395456803761352e+00
5.857336946179052575e+02,1.250000000000000000e+00,2.842259053715476114e+01,3.009686931602388427e+01,1.780013855001722600e+00,2.549999999999999822e+00,3.009686931602388427e+01,1.780013855001722600e+00,2.919079065913701854e+01,2.438184713737535425e+00
5.869836946179052575e+02,1.250000000000000000e+00,2.842524406238910473e+01,3.010284574563013749e+01,1.779351109652882457e+00,2.549999999999999822e+00,3.010284574563013749e+01,1.779351109652882457e+00,2.919518036226447677e+01,2.437974051535465314e+00
5.882336946179052575e+02,1.250000000000000000e+00,2.842790526258730921e+01,3.010882454271697384e+01,1.778689356794343812e+00,2.549999999999999822e+00,3.010882454271697384e+01,1.778689356794343812e+00,2.919957571695860921e+01,2.437763470078255779e+00
5.894836946179052575e+02,1.250000000000000000e+00,2.843057412781290338e+01,3.011480576404770204e+01,1.778028593126064649e+00,2.549999999999999822e+00,3.011480576404770204e+01,1.778028593126064649e+00,2.920397671970726350e+01,2.437552969247004153e+00
5.907336946179052575e+02,1.250000000000000000e+00,2.843325064860430018e+01,3.012078946319971351e+01,1.777368815365665933e+00,2.549999999999999822e+00,3.012078946319971351e+01,1.777368815365665933e+00,2.920838336691744175e+01,2.437342548923206120e+00
5.919836946179052575e+02,1.250000000000000000e+00,2.843593481596497341e+01,3.012677569079180273e+01,1.776710020248305710e+00,2.549999999999999822e+00,3.012677569079180273e+01,1.776710020248305710e+00,2.921279565491981955e+01,2.437132208988747717e+00
5.932336946179052575e+02,1.250000000000000000e+00,2.843862662135244435e+01,3.013276449469098495e+01,1.776052204526554545e+00,2.549999999999999822e+00,3.013276449469098495e+01,1.776052204526554545e+00,2.921721357997288848e+01,2.436921949325907999e+00
5.944836946179052575e+02,1.250000000000000000e+00,2.844132605666621316e+01,3.013875592020094984e+01,1.775395364970271173e+00,2.549999999999999822e+00,3.013875592020094984e+01,1.775395364970271173e+00,2.922163713826689246e+01,2.436711769817351492e+00
5.957336946179052575e+02,1.250000000000000000e+00,2.844403311423475245e+01,3.014475001023422251e+01,1.774739498366479706e+00,2.549999999999999822e+00,3.014475001023422251e+01,1.774739498366479706e+00,2.922606632592746578e+01,2.436501670346133519e+00
5.969836946179052575e+02,1.250000000000000000e+00,2.844674778680153082e+01,3.015074680546967301e+01,1.774084601519245741e+00,2.549999999999999822e+00,3.015074680546967301e+01,1.774084601519245741e+00,2.923050113901897262e+01,2.436291650795691321e+00
5.982336946179052575e+02,1.250000000000000000e+00,2.844947006751029761e+01,3.015674634449690927e+01,1.773430671249554891e+00,2.549999999999999822e+00,3.015674634449690927e+01,1.773430671249554891e+00,2.923494157354769740e+01,2.436081711049842724e+00
5.994836946179052575e+02,1.250000000000000000e+00,2.845219994988958589e+01,3.016274866394888576e+01,1.772777704395192888e+00,2.549999999999999822e+00,3.016274866394888576e+01,1.772777704395192888e+00,2.923938762546484327e+01,2.435871850992791465e+00
6.000000000000000000e+02,5.163053820947425265e-01,2.845332972917383074e+01,3.016522870744534757e+01,1.772508280563915406e+00,2.549999999999999822e+00,3.016522870744534757e+01,1.772508280563915406e+00,2.924122568022514201e+01,2.435785192719310821e+00
6.000031580826320123e+02,3.158082632012337854e-03,2.845333664367583637e+01,3.016524389162061937e+01,1.772506633079582006e+00,2.549999999999999822e+00,3.016524389162061937e+01,1.772506633079582006e+00,2.924123692601193625e+01,2.435784662698824210e+00
6.000081510398229057e+02,4.992957190893321240e-03,2.845334757566489969e+01,3.016526791827531895e+01,1.772504028397220877e+00,2.549999999999999822e+00,3.016526791827531895e+01,1.772504028397220877e+00,2.924125470585695297e+01,2.435783824732673963e+00
6.000183614357276838e+02,1.021039590477812453e-02,2.845336993151842364e+01,3.016531709660634064e+01,1.772498701958763689e+00,2.549999999999999822e+00,3.016531709660634064e+01,1.772498701958763689e+00,2.924129106551104584e+01,2.435782111129656702e+00
6.000347851966948838e+02,1.642376096719999623e-02,2.845340589271426879e+01,3.016539628823156960e+01,1.772490134309288923e+00,2.549999999999999822e+00,3.016539628823156960e+01,1.772490134309288923e+00,2.924134955288015547e+01,2.435779354753365933e+00
6.000587385538124181e+02,2.395335711753432406e-02,2.845345834293948784e+01,3.016551192631218115e+01,1.772477639004145233e+00,2.549999999999999822e+00,3.016551192631218115e+01,1.772477639004145233e+00,2.924143485788363250e+01,2.435775334720235552e+00
6.000912857786812538e+02,3.254722486883565580e-02,2.845352961546683801e+01,3.016566925908295005e+01,1.772460661186473718e+00,2.549999999999999822e+00,3.016566925908295005e+01,1.772460661186473718e+00,2.924155077515370493e+01,2.435769872445964879e+00
6.001333458747129725e+02,4.206009603171878553e-02,2.845362172708326298e+01,3.016587286064967799e+01,1.772438721971992370e+00,2.549999999999999822e+00,3.016587286064967799e+01,1.772438721971992370e+00,2.924170058446941312e+01,2.435762813742990751e+00
6.001857172148899053e+02,5.237134017693279020e-02,2.845373643234144367e+01,3.016612674687713991e+01,1.772411405635929249e+00,2.549999999999999822e+00,3.016612674687713991e+01,1.772411405635929249e+00,2.924188713896239022e+01,2.435754024688755681e+00
6.002491037581173714e+02,6.338654322746606340e-02,2.845387528124971865e+01,3.016643449938197108e+01,1.772378345973979252e+00,2.549999999999999822e+00,3.016643449938197108e+01,1.772378345973979252e+00,2.924211295891373652e+01,2.435743387228837875e+00
6.003124903013448375e+02,6.338654322746606340e-02,2.845401414968019793e+01,3.016674269675554498e+01,1.772345288620945425e+00,2.549999999999999822e+00,3.016674269675554498e+01,1.772345288620945425e+00,2.924233880913360295e+01,2.435732749972462585e+00
6.003982504000954350e+02,8.576009875059753540e-02,2.845420206558985399e+01,3.016716030305454055e+01,1.772300566714200221e+00,2.549999999999999822e+00,3.016716030305454055e+01,1.772300566714200221e+00,2.924264442585680612e+01,2.435718358406433914e+00
6.004840104988460325e+02,8.576009875059753540e-02,2.845439001723226724e+01,3.016757855278733658e+01,1.772255849092581270e+00,2.549999999999999822e+00,3.016757855278733658e+01,1.772255849092581270e+00,2.924295009786205668e+01,2.435703967212936139e+00
6.005939737939246470e+02,1.099632950786144647e-01,2.845463106482572968e+01,3.016811568755515438e+01,1.772198517575202192e+00,2.549999999999999822e+00,3.016811568755515438e+01,1.772198517575202192e+00,2.924334211734213795e+01,2.435685515084967889e+00
6.007039370890032615e+02,1.099632950786144647e-01,2.845487217116014378e+01,3.016865368811336623e+01,1.772141193166983708e+00,2.549999999999999822e+00,3.016865368811336623e+01,1.772141193166983708e+00,2.924373422749270901e+01,2.435667063569338264e+00
6.008399350910208341e+02,1.359980020175726168e-01,2.845517044262832940e+01,3.016932015787322996e+01,1.772070306604416112e+00,2.549999999999999822e+00,3.016932015787322996e+01,1.772070306604416112e+00,2.924421929817278709e+01,2.435644244353752708e+00
6.009759330930384067e+02,1.359980020175726168e-01,2.845546880393195721e+01,3.016998774109944037e+01,1.771999430983000279e+00,2.549999999999999822e+00,3.016998774109944037e+01,1.771999430983000279e+00,2.924470450719141112e+01,2.435621426074526585e+00
6.011395707479755401e+02,1.636376549371334477e-01,2.845582792197960131e+01,3.017079236390683050e+01,1.771914165439909539e+00,2.549999999999999822e+00,3.017079236390683050e+01,1.771914165439909539e+00,2.924528851114562045e+01,2.435593971546662573e+00
6.013032084029126736e+02,1.636376549371334477e-01,2.845618717006622234e+01,3.017159837081810281e+01,1.771828915804880111e+00,2.549999999999999822e+00,3.017159837081810281e+01,1.771828915804880111e+00,2.924587271486041828e+01,2.435566518373980305e+00
6.014668460578498070e+02,1.636376549371334477e-01,2.845654654817958829e+01,3.017240567194141576e+01,1.771743682102689954e+00,2.549999999999999822e+00,3.017240567194141576e+01,1.771743682102689954e+00,2.924645711807908199e+01,2.435539066556228871e+00
6.016730410395912259e+02,2.061949817414188146e-01,2.845699957506818834e+01,3.017342465740296831e+01,1.771636304345466595e+00,2.549999999999999822e+00,3.017342465740296831e+01,1.771636304345466595e+00,2.924719379104211470e+01,2.435504477259431866e+00
6.018792360213326447e+02,2.061949817414188146e-01,2.845745280836705504e+01,3.017444545744040951e+01,1.771528951945963160e+00,2.549999999999999822e+00,3.017444545744040951e+01,1.771528951945963160e+00,2.924793077993819068e+01,2.435469890113065361e+00
6.020854310030740635e+02,2.061949817414188146e-01,2.845790624805236746e+01,3.017546796981391566e+01,1.771421624926387217e+00,2.549999999999999822e+00,3.017546796981391566e+01,1.771421624926387217e+00,2.924866808434128274e+01,2.435435305116629312e+00
6.023368520685820613e+02,2.514210655079978096e-01,2.845845942282597107e+01,3.017671694865392240e+01,1.771290791539359422e+00,2.549999999999999822e+00,3.017671694865392240e+01,1.771290791539359422e+00,2.924956753282062749e+01,2.435393137276681053e+00
6.025882731340900591e+02,2.514210655079978096e-01,2.845901290437380737e+01,3.017796821208150249e+01,1.771159995933219378e+00,2.549999999999999822e+00,3.017796821208150249e+01,1.771159995933219378e+00,2.925046744909891672e+01,2.435350972631549649e+00
6.028396941995980569e+02,2.514210655079978096e-01,2.845956669265410355e+01,3.017922164687488973e+01,1.771029238122832083e+00,2.549999999999999822e+00,3.017922164687488973e+01,1.771029238122832083e+00,2.925136783251975459e+01,2.435308811180321165e+00
6.030911152651060547e+02,2.514210655079978096e-01,2.846012078762561259e+01,3.018047715530942909e+01,1.770898518117617559e+00,2.549999999999999822e+00,3.018047715530942909e+01,1.770898518117617559e+00,2.925226868245770362e+01,2.435266652922084774e+00
6.034049900965433153e+02,3.138748314372605819e-01,2.846081295185810944e+01,3.018204731725104395e+01,1.770735379926433151e+00,2.549999999999999822e+00,3.018204731725104395e+01,1.770735379926433151e+00,2.925339396012018511e+01,2.435214026902681184e+00
6.037188649279805759e+02,3.138748314372605819e-01,2.846150559393028701e+01,3.018362043338049716e+01,1.770572300665262055e+00,2.549999999999999822e+00,3.018362043338049716e+01,1.770572300665262055e+00,2.925451996280999367e+01,2.435161405856388406e+00
6.040327397594178365e+02,3.138748314372605819e-01,2.846219871376509758e+01,3.018519637750622664e+01,1.770409280330023760e+00,2.549999999999999822e+00,3.018519637750622664e+01,1.770409280330023760e+00,2.925564668946358893e+01,2.435108789781432748e+00
6.043466145908550970e+02,3.138748314372605819e-01,2.846289231128667652e+01,3.018677503858831912e+01,1.770246318911348871e+00,2.549999999999999822e+00,3.018677503858831912e+01,1.770246318911348871e+00,2.925677413906095481e+01,2.435056178676036964e+00
6.047266985948360798e+02,3.800840039809827431e-01,2.846373285654106766e+01,3.018869020100539657e+01,1.770049061044637106e+00,2.549999999999999822e+00,3.018869020100539657e+01,1.770049061044637106e+00,2.925814038074164003e+01,2.434992476364416181e+00
6.051067825988170625e+02,3.800840039809827431e-01,2.846457410202525296e+01,3.019060904786342903e+01,1.769851889520571930e+00,2.549999999999999822e+00,3.019060904786342903e+01,1.769851889520571930e+00,2.925950767941852249e+01,2.434928781334301906e+00
6.054868666027980453e+02,3.800840039809827431e-01,2.846541604761111444e+01,3.019253144151155155e+01,1.769654804301865836e+00,2.549999999999999822e+00,3.019253144151155155e+01,1.769654804301865836e+00,2.926087603348074495e+01,2.434865093582541551e+00
6.058669506067790280e+02,3.800840039809827431e-01,2.846625869317288604e+01,3.019445725899718269e+01,1.769457805346172030e+00,2.549999999999999822e+00,3.019445725899718269e+01,1.769457805346172030e+00,2.926224544137544825e+01,2.434801413105988299e+00
6.062470346107600108e+02,3.800840039809827431e-01,2.846710203858708255e+01,3.019638638963500554e+01,1.769260892606945967e+00,2.549999999999999822e+00,3.019638638963500554e+01,1.769260892606945967e+00,2.926361590160175297e+01,2.434737739901495779e+00
6.067129250477885307e+02,4.658904370285199548e-01,2.846813672921064153e+01,3.019875540717756479e+01,1.769019643073344694e+00,2.549999999999999822e+00,3.019875540717756479e+01,1.769019643073344694e+00,2.926529718550229475e+01,2.434659701972779366e+00
6.071788154848170507e+02,4.658904370285199548e-01,2.846917247094692982e+01,3.020112908557971920e+01,1.768778522904502548e+00,2.549999999999999822e+00,3.020112908557971920e+01,1.768778522904502548e+00,2.926698004573611911e+01,2.434581674959667819e+00
6.076447059218455706e+02,4.658904370285199548e-01,2.847020926358196391e+01,3.020350727464746043e+01,1.768537531996564161e+00,2.549999999999999822e+00,3.020350727464746043e+01,1.768537531996564161e+00,2.926866447979868724e+01,2.434503658856377317e+00
6.081105963588740906e+02,4.658904370285199548e-01,2.847124710690644989e+01,3.020588983830121776e+01,1.768296670240986579e+00,2.549999999999999822e+00,3.020588983830121776e+01,1.768296670240986579e+00,2.927035048526354544e+01,2.434425653657128041e+00
6.085764867959026105e+02,4.658904370285199548e-01,2.847228600071566618e+01,3.020827665250952521e+01,1.768055937525268018e+00,2.549999999999999822e+00,3.020827665250952521e+01,1.768055937525268018e+00,2.927203805977524453e+01,2.434347659356146387e+00
6.090423772329311305e+02,4.658904370285199548e-01,2.847332594480931078e+01,3.021066760362247905e+01,1.767815333733536276e+00,2.549999999999999822e+00,3.021066760362247905e+01,1.767815333733536276e+00,2.927372720104310133e+01,2.434269675947664080e+00
6.096154715860060378e+02,5.730943530749073034e-01,2.847460662599350201e+01,3.021361424602779522e+01,1.767519542365258101e+00,2.549999999999999822e+00,3.021361424602779522e+01,1.767519542365258101e+00,2.927580716860014576e+01,2.434173763065985874e+00
6.101885659390809451e+02,5.730943530749073034e-01,2.847588889577295745e+01,3.021656681182843940e+01,1.767223945673492169e+00,2.549999999999999822e+00,3.021656681182843940e+01,1.767223945673492169e+00,2.927788949949690434e+01,2.434077866646957133e+00
6.107616602921558524e+02,5.730943530749073034e-01,2.847717275380074753e+01,3.021952513795277184e+01,1.766928543427273457e+00,2.549999999999999822e+00,3.021952513795277184e+01,1.766928543427273457e+00,2.927997418980836386e+01,2.433981986679873089e+00
6.113347546452307597e+02,5.730943530749073034e-01,2.847845819973877113e+01,3.022248907474125090e+01,1.766633335391571524e+00,2.549999999999999822e+00,3.022248907474125090e+01,1.766633335391571524e+00,2.928206123571449027e+01,2.433886123154043624e+00
6.119078489983056670e+02,5.730943530749073034e-01,2.847974523325745011e+01,3.022545848421938430e+01,1.766338321327896477e+00,2.549999999999999822e+00,3.022545848421938430e+01,1.766338321327896477e+00,2.928415063349179448e+01,2.433790276058787949e+00
6.124809433513805743e+02,5.730943530749073034e-01,2.848103385403533849e+01,3.022843323866613829e+01,1.766043500994804338e+00,2.549999999999999822e+00,3.022843323866613829e+01,1.766043500994804338e+00,2.928624237950601383e+01,2.433694445383443927e+00
6.130540377044554816e+02,5.730943530749073034e-01,2.848232406175879561e+01,3.023141321941588444e+01,1.765748874148317382e+00,2.549999999999999822e+00,3.023141321941588444e+01,1.765748874148317382e+00,2.928833647020559994e+01,2.433598631117357414e+00
6.137577677693011537e+02,7.037300648456721319e-01,2.848391054008899559e+01,3.023507946768491550e+01,1.765387352009617050e+00,2.549999999999999822e+00,3.023507946768491550e+01,1.765387352009617050e+00,2.929091110688484534e+01,2.433480998611519119e+00
6.144614978341468259e+02,7.037300648456721319e-01,2.848549941029149224e+01,3.023875323994206354e+01,1.765026120790042397e+00,2.549999999999999822e+00,3.023875323994206354e+01,1.765026120790042397e+00,2.929348926749192117e+01,2.433363390812774973e+00
6.151652278989924980e+02,7.037300648456721319e-01,2.848709067182916854e+01,3.024243436033233579e+01,1.764665180026449010e+00,2.549999999999999822e+00,3.024243436033233579e+01,1.764665180026449010e+00,2.929607094589149341e+01,2.433245807701486907e+00
6.158689579638381701e+02,7.037300648456721319e-01,2.848868432417919649e+01,3.024612266563304175e+01,1.764304529252724407e+00,2.549999999999999822e+00,3.024612266563304175e+01,1.764304529252724407e+00,2.929865613608805575e+01,2.433128249258047049e+00
6.165726880286838423e+02,7.037300648456721319e-01,2.849028036683212051e+01,3.024981800382607133e+01,1.763944168000286083e+00,2.549999999999999822e+00,3.024981800382607133e+01,1.763944168000286083e+00,2.930124483221607790e+01,2.433010715462880391e+00
6.172764180935295144e+02,7.037300648456721319e-01,2.849187879929093370e+01,3.025352023288544245e+01,1.763584095798504947e+00,2.549999999999999822e+00,3.025352023288544245e+01,1.763584095798504947e+00,2.930383702853127303e+01,2.432893206296443900e+00
6.179801481583751865e+02,7.037300648456721319e-01,2.849347962107021459e+01,3.025722921974016799e+01,1.763224312175067032e+00,2.549999999999999822e+00,3.025722921974016799e+01,1.763224312175067032e+00,2.930643271940277117e+01,2.432775721739225183e+00
6.186838782232208587e+02,7.037300648456721319e-01,2.849508283169521050e+01,3.026094483938118884e+01,1.762864816656283473e+00,2.549999999999999822e+00,3.026094483938118884e+01,1.762864816656283473e+00,2.930903189930617359e+01,2.432658261771744712e+00
6.195439318702719902e+02,8.600536470511315201e-01,2.849704541573945349e+01,3.026549466620983608e+01,1.762425854860629970e+00,2.549999999999999822e+00,3.026549466620983608e+01,1.762425854860629970e+00,2.931221317966827300e+01,2.432514743111671152e+00
6.204039855173231217e+02,8.600536470511315201e-01,2.849901156627672094e+01,3.027005402284012092e+01,1.761987321804979523e+00,2.549999999999999822e+00,3.027005402284012092e+01,1.761987321804979523e+00,2.931539965349581323e+01,2.432371261114736782e+00
6.212640391643742532e+02,8.600536470511315201e-01,2.850098128249419105e+01,3.027462272084401107e+01,1.761549216619506808e+00,2.549999999999999822e+00,3.027462272084401107e+01,1.761549216619506808e+00,2.931859131127399465e+01,2.432227815745577892e+00
6.221240928114253848e+02,8.600536470511315201e-01,2.850295456359462420e+01,3.027920058361198130e+01,1.761111538433445700e+00,2.549999999999999378e+00,3.027920058361198130e+01,1.761111538433445700e+00,2.932178814367198783e+01,2.432084406968903156e+00
6.229841464584765163e+02,8.600536470511315201e-01,2.850493140879422782e+01,3.028378744517941712e+01,1.760674286375491171e+00,2.549999999999999378e+00,3.028378744517941712e+01,1.760674286375491171e+00,2.932499014153160743e+01,2.431941034749493635e+00
6.238442001055276478e+02,8.600536470511315201e-01,2.850691181732058510e+01,3.028838314920892572e+01,1.760237459574142793e+00,2.549999999999999378e+00,3.028838314920892572e+01,1.760237459574142793e+00,2.932819729585713375e+01,2.431797699052202777e+00
6.247042537525787793e+02,8.600536470511315201e-01,2.850889578841062288e+01,3.029298754810304217e+01,1.759801057158006943e+00,2.549999999999999378e+00,3.029298754810304217e+01,1.759801057158006943e+00,2.933140959780600454e+01,2.431654399841955083e+00
6.255643073996299108e+02,8.600536470511315201e-01,2.851088332130866121e+01,3.029760050222659018e+01,1.759365078256054593e+00,2.549999999999998934e+00,3.029760050222659018e+01,1.759365078256054593e+00,2.933462703868044841e+01,2.431511137083744334e+00
6.264243610466810424e+02,8.600536470511315201e-01,2.851287441526452326e+01,3.030222187922198174e+01,1.758929521997851353e+00,2.549999999999998934e+00,3.030222187922198174e+01,1.758929521997851353e+00,2.933784960991980029e+01,2.431367910742642913e+00
6.274690605322447254e+02,1.044699485563683083e+00,2.851529776815556971e+01,3.030784657337764187e+01,1.758401022937572833e+00,2.549999999999998934e+00,3.030784657337764187e+01,1.758401022937572833e+00,2.934177092705309065e+01,2.431193983918772616e+00
6.285137600178084085e+02,1.044699485563683083e+00,2.851772637286033429e+01,3.031348329698879596e+01,1.757873144637598584e+00,2.549999999999998490e+00,3.031348329698879596e+01,1.757873144637598584e+00,2.934569978661090417e+01,2.431020110713646876e+00
6.295584595033720916e+02,1.044699485563683083e+00,2.852016022804388484e+01,3.031913184897634750e+01,1.757345885543792230e+00,2.549999999999998490e+00,3.031913184897634750e+01,1.757345885543792230e+00,2.934963617398121727e+01,2.430846291065087872e+00
6.306031589889357747e+02,1.044699485563683083e+00,2.852259933236668488e+01,3.032479203927382727e+01,1.756819244104882882e+00,2.549999999999998490e+00,3.032479203927382727e+01,1.756819244104882882e+00,2.935358007479150189e+01,2.430672524911070109e+00
6.316478584744994578e+02,1.044699485563683083e+00,2.852504368448052219e+01,3.033046368786365221e+01,1.756293218772769116e+00,2.549999999999998046e+00,3.033046368786365221e+01,1.756293218772769116e+00,2.935753147489580783e+01,2.430498812189727520e+00
6.326925579600631409e+02,1.044699485563683083e+00,2.852749328302466836e+01,3.033614662392663064e+01,1.755767808002783870e+00,2.549999999999998046e+00,3.033614662392663064e+01,1.755767808002783870e+00,2.936149036036296778e+01,2.430325152839347691e+00
6.337372574456268239e+02,1.044699485563683083e+00,2.852994812662232604e+01,3.034184068508804444e+01,1.755243010253922931e+00,2.549999999999997602e+00,3.034184068508804444e+01,1.755243010253922931e+00,2.936545671746586450e+01,2.430151546798372308e+00
6.347819569311905070e+02,1.044699485563683083e+00,2.853240821387730364e+01,3.034754571674692869e+01,1.754718823989048326e+00,2.549999999999997602e+00,3.034754571674692869e+01,1.754718823989048326e+00,2.936943053267147619e+01,2.429977994005397601e+00
6.358266564167541901e+02,1.044699485563683083e+00,2.853487354337091020e+01,3.035326157147692783e+01,1.754195247675061520e+00,2.549999999999997158e+00,3.035326157147692783e+01,1.754195247675061520e+00,2.937341179263166069e+01,2.429804494399175230e+00
6.368713559023178732e+02,1.044699485563683083e+00,2.853734411365921275e+01,3.035898810848938112e+01,1.753672279783059729e+00,2.549999999999997158e+00,3.035898810848938112e+01,1.753672279783059729e+00,2.937740048417483152e+01,2.429631047918607401e+00
6.381213559023178732e+02,1.250000000000000000e+00,2.854030707614775153e+01,3.036585385287318672e+01,1.753047337540569295e+00,2.549999999999996714e+00,3.036585385287318672e+01,1.753047337540569295e+00,2.938218276629082482e+01,2.429423586097546828e+00
6.393713559023178732e+02,1.250000000000000000e+00,2.854327753694096259e+01,3.037273447816676608e+01,1.752423261560601908e+00,2.549999999999996270e+00,3.037273447816676608e+01,1.752423261560601908e+00,2.938697564726348688e+01,2.429216200142553905e+00
6.406213559023178732e+02,1.250000000000000000e+00,2.854625549339554524e+01,3.037962977520146168e+01,1.751800049249324864e+00,2.549999999999995826e+00,3.037962977520146168e+01,1.751800049249324864e+00,2.939177910543549999e+01,2.429008889949832550e+00
6.418713559023178732e+02,1.250000000000000000e+00,2.854924094279915536e+01,3.038653954472753682e+01,1.751177698022488682e+00,2.549999999999995381e+00,3.038653954472753682e+01,1.751177698022488682e+00,2.939659311944882703e+01,2.428801655415897542e+00
6.431213559023178732e+02,1.250000000000000000e+00,2.855223388236813875e+01,3.039346359665243469e+01,1.750556205305608737e+00,2.549999999999994937e+00,3.039346359665243469e+01,1.750556205305608737e+00,2.940141766823065339e+01,2.428594496437573191e+00
6.443713559023178732e+02,1.250000000000000000e+00,2.855523430924638006e+01,3.040040174935785799e+01,1.749935568534122465e+00,2.549999999999994937e+00,3.040040174935785799e+01,1.749935568534122465e+00,2.940625273098052261e+01,2.428387412911992449e+00
6.456213559023178732e+02,1.250000000000000000e+00,2.855824222050542360e+01,3.040735382908547280e+01,1.749315785153522373e+00,2.549999999999994493e+00,3.040735382908547280e+01,1.749315785153522373e+00,2.941109828715832464e+01,2.428180404736596465e+00
6.468713559023178732e+02,1.250000000000000000e+00,2.856125761314578071e+01,3.041431966938269582e+01,1.748696852619467279e+00,2.549999999999994049e+00,3.041431966938269582e+01,1.748696852619467279e+00,2.941595431647327885e+01,2.427973471809128814e+00
6.481213559023178732e+02,1.250000000000000000e+00,2.856428048409946996e+01,3.042129911060126091e+01,1.748078768397876903e+00,2.549999999999993161e+00,3.042129911060126091e+01,1.748078768397876903e+00,2.942082079887345714e+01,2.427766614027641268e+00
6.493713559023178732e+02,1.250000000000000000e+00,2.856731083023383988e+01,3.042829199944226204e+01,1.747461529965010030e+00,2.549999999999992717e+00,3.042829199944226204e+01,1.747461529965010030e+00,2.942569771453630167e+01,2.427559831290488912e+00
6.506213559023178732e+02,1.250000000000000000e+00,2.857034864835659249e+01,3.043529818854235458e+01,1.746845134807528011e+00,2.549999999999992273e+00,3.043529818854235458e+01,1.746845134807528011e+00,2.943058504385951579e+01,2.427353123496326148e+00
6.518713559023178732e+02,1.250000000000000000e+00,2.857339393522204674e+01,3.044231753609645708e+01,1.746229580422546279e+00,2.549999999999991829e+00,3.044231753609645708e+01,1.746229580422546279e+00,2.943548276745269732e+01,2.427146490544111135e+00
6.531213559023178732e+02,1.250000000000000000e+00,2.857644668753852102e+01,3.044934990551294263e+01,1.745614864317677206e+00,2.549999999999991385e+00,3.044934990551294263e+01,1.745614864317677206e+00,2.944039086612944445e+01,2.426939932333100014e+00
6.543713559023178732e+02,1.250000000000000000e+00,2.857950690197683130e+01,3.045639516509778133e+01,1.745000984011057854e+00,2.549999999999990496e+00,3.045639516509778133e+01,1.745000984011057854e+00,2.944530932089992348e+01,2.426733448762849132e+00
6.556213559023178732e+02,1.250000000000000000e+00,2.858257457517985500e+01,3.046345318776470634e+01,1.744387937031375069e+00,2.549999999999990052e+00,3.046345318776470634e+01,1.744387937031375069e+00,2.945023811296392680e+01,2.426527039733210600e+00
6.568713559023178732e+02,1.250000000000000000e+00,2.858564970377297598e+01,3.047052385076859693e+01,1.743775720917880356e+00,2.549999999999989164e+00,3.047052385076859693e+01,1.743775720917880356e+00,2.945517722370431457e+01,2.426320705144334067e+00
6.581213559023178732e+02,1.250000000000000000e+00,2.858873228437544967e+01,3.047760703545987937e+01,1.743164333220396101e+00,2.549999999999988720e+00,3.047760703545987937e+01,1.743164333220396101e+00,2.946012663468082593e+01,2.426114444896660949e+00
6.593713559023178732e+02,1.250000000000000000e+00,2.859182231361251070e+01,3.048470262705775369e+01,1.742553771499319337e+00,2.549999999999987832e+00,3.048470262705775369e+01,1.742553771499319337e+00,2.946508632762425961e+01,2.425908258890929314e+00
6.600000000000000000e+02,6.286440976821268123e-01,2.859337915045095357e+01,3.048827576211745338e+01,1.742247022067864082e+00,2.549999999999987388e+00,3.048827576211745338e+01,1.742247022067864082e+00,2.946758451302208215e+01,2.425804592824768680e+00
6.600031165427939186e+02,3.116542793918597454e-03,2.859338687325804429e+01,3.048829346594873257e+01,1.742245501857835777e+00,2.549999999999987388e+00,3.048829346594873257e+01,1.742245501857835777e+00,2.946759690436949342e+01,2.425804078940394959e+00
6.600076805185324247e+02,4.563975738506087509e-03,2.859339818289398849e+01,3.048831936712754143e+01,1.742243275619431708e+00,2.549999999999987388e+00,3.048831936712754143e+01,1.742243275619431708e+00,2.946761505071446763e+01,2.425803326390736814e+00
6.600168050155339188e+02,9.124497001494091819e-03,2.859342079390311397e+01,3.048837109818274982e+01,1.742238824864304814e+00,2.549999999999987388e+00,3.048837109818274982e+01,1.742238824864304814e+00,2.946765132972884160e+01,2.425801821863987850e+00
6.600312375064255548e+02,1.443249089163600729e-02,2.859345655922502871e+01,3.048845282544649038e+01,1.742231785067867023e+00,2.549999999999987388e+00,3.048845282544649038e+01,1.742231785067867023e+00,2.946770871349823295e+01,2.425799442116925331e+00
6.600520424628670071e+02,2.080495644145230472e-02,2.859350811797343184e+01,3.048857048405774606e+01,1.742221637151512237e+00,2.549999999999987388e+00,3.048857048405774606e+01,1.742221637151512237e+00,2.946779143462709527e+01,2.425796011643063022e+00
6.600800826881089733e+02,2.804022524196625454e-02,2.859357761039439794e+01,3.048872883769605835e+01,1.742207960505730124e+00,2.549999999999987388e+00,3.048872883769605835e+01,1.742207960505730124e+00,2.946790292406941703e+01,2.425791388197510834e+00
6.601161043141155460e+02,3.602162600657266012e-02,2.859366688871147844e+01,3.048893196420897667e+01,1.742190391553906759e+00,2.549999999999987388e+00,3.048893196420897667e+01,1.742190391553906759e+00,2.946804614912715792e+01,2.425785448784077758e+00
6.601607570443632085e+02,4.465273024766247545e-02,2.859377756749321620e+01,3.048918337371580733e+01,1.742168613900642038e+00,2.549999999999987388e+00,3.048918337371580733e+01,1.742168613900642038e+00,2.946822369398465113e+01,2.425778086319502425e+00
6.602146149425217345e+02,5.385789815852604079e-02,2.859391107536146492e+01,3.048948612925196144e+01,1.742142348212500247e+00,2.549999999999987388e+00,3.048948612925196144e+01,1.742142348212500247e+00,2.946843784241277930e+01,2.425769206207545992e+00
6.602684728406802606e+02,5.385789815852604079e-02,2.859404459704717283e+01,3.048978842884252316e+01,1.742116084084892380e+00,2.549999999999987388e+00,3.048978842884252316e+01,1.742116084084892380e+00,2.946865199378745714e+01,2.425760326233292297e+00
6.603410143448791132e+02,7.254150419885263545e-02,2.859422445999075890e+01,3.049019496678229046e+01,1.742080711244219149e+00,2.549999999999987388e+00,3.049019496678229046e+01,1.742080711244219149e+00,2.946894044017586367e+01,2.425748365963941833e+00
6.604135558490779658e+02,7.254150419885263545e-02,2.859440434800023922e+01,3.049060086045236417e+01,1.742045341220580967e+00,2.549999999999987388e+00,3.049060086045236417e+01,1.742045341220580967e+00,2.946922889201690055e+01,2.425736405944368901e+00
6.605062806376815843e+02,9.272478860361843545e-02,2.859463432289980034e+01,3.049111884940450423e+01,1.742000134258883781e+00,2.549999999999987388e+00,3.049111884940450423e+01,1.742000134258883781e+00,2.946959760808033835e+01,2.425721118642038210e+00
6.605990054262852027e+02,9.272478860361843545e-02,2.859486433875146716e+01,3.049163599083794907e+01,1.741954931883311186e+00,2.549999999999986944e+00,3.049163599083794907e+01,1.741954931883311186e+00,2.946996633323441728e+01,2.425705831747740238e+00
6.607134180799743035e+02,1.144126536891008072e-01,2.859514821060041001e+01,3.049227303234984632e+01,1.741899163208867396e+00,2.549999999999986944e+00,3.049227303234984632e+01,1.741899163208867396e+00,2.947042131401958187e+01,2.425686969887482558e+00
6.608278307336634043e+02,1.144126536891008072e-01,2.859543214479421636e+01,3.049290900838738594e+01,1.741843401497207289e+00,2.549999999999986944e+00,3.049290900838738594e+01,1.741843401497207289e+00,2.947087630892849575e+01,2.425668108648314725e+00
6.609652519343305812e+02,1.374212006671768904e-01,2.859577326096564676e+01,3.049367159221002765e+01,1.741776435218828745e+00,2.549999999999986944e+00,3.049367159221002765e+01,1.741776435218828745e+00,2.947142282282133507e+01,2.425645455208086165e+00
6.611026731349977581e+02,1.374212006671768904e-01,2.859611446707053872e+01,3.049443288182560963e+01,1.741709478961865676e+00,2.549999999999986944e+00,3.049443288182560963e+01,1.741709478961865676e+00,2.947196935750454116e+01,2.425622802663628619e+00
6.612400943356649350e+02,1.374212006671768904e-01,2.859645576310451531e+01,3.049519297319780264e+01,1.741642532716185743e+00,2.549999999999986944e+00,3.049519297319780264e+01,1.741642532716185743e+00,2.947251591317867181e+01,2.425600151014809303e+00
6.614129317891400888e+02,1.728374534751537794e-01,2.859688514577754859e+01,3.049614737555281607e+01,1.741558347254603678e+00,2.549999999999986944e+00,3.049614737555281607e+01,1.741558347254603678e+00,2.947320335751269837e+01,2.425571662844420828e+00
6.615857692426152425e+02,1.728374534751537794e-01,2.859731467069030586e+01,3.049710013835340305e+01,1.741474177599558582e+00,2.549999999999986500e+00,3.049710013835340305e+01,1.741474177599558582e+00,2.947389083569071389e+01,2.425543176090337205e+00
6.617586066960903963e+02,1.728374534751537794e-01,2.859774433783415049e+01,3.049805137055387050e+01,1.741390023736812287e+00,2.549999999999986500e+00,3.049805137055387050e+01,1.741390023736812287e+00,2.947457834803364918e+01,2.425514690752294200e+00
6.619690637373201980e+02,2.104570412298016890e-01,2.859826771782508104e+01,3.049920771288318377e+01,1.741287574351279233e+00,2.549999999999986500e+00,3.049920771288318377e+01,1.741287574351279233e+00,2.947541555003093450e+01,2.425480007242100555e+00
6.621795207785499997e+02,2.104570412298016890e-01,2.859879130867273034e+01,3.050036206367639835e+01,1.741185148339875699e+00,2.549999999999986056e+00,3.050036206367639835e+01,1.741185148339875699e+00,2.947625280363744693e+01,2.425445325830599685e+00
6.623899778197798014e+02,2.104570412298016890e-01,2.859931511036162632e+01,3.050151454341125046e+01,1.741082745682416499e+00,2.549999999999986056e+00,3.050151454341125046e+01,1.741082745682416499e+00,2.947709010932939577e+01,2.425410646517321300e+00
6.626004348610096031e+02,2.104570412298016890e-01,2.859983912287635022e+01,3.050266525613936608e+01,1.740980366359909715e+00,2.549999999999986056e+00,3.050266525613936608e+01,1.740980366359909715e+00,2.947792746755540705e+01,2.425375969301794221e+00
6.628628320424863887e+02,2.623971814767855903e-01,2.860049275531237001e+01,3.050409762320608920e+01,1.740852752797283909e+00,2.549999999999985612e+00,3.050409762320608920e+01,1.740852752797283909e+00,2.947897155739888220e+01,2.425332736795315025e+00
6.631252292239631743e+02,2.623971814767855903e-01,2.860114671542409681e+01,3.050552753827957275e+01,1.740725175447563000e+00,2.549999999999985612e+00,3.050552753827957275e+01,1.740725175447563000e+00,2.948001573034277456e+01,2.425289507548149537e+00
6.633876264054399599e+02,2.623971814767855903e-01,2.860180100318200402e+01,3.050695513537596426e+01,1.740597634278872485e+00,2.549999999999985167e+00,3.050695513537596426e+01,1.740597634278872485e+00,2.948105998712045661e+01,2.425246281559385153e+00
6.636500235869167454e+02,2.623971814767855903e-01,2.860245561855671070e+01,3.050838053245113812e+01,1.740470129260517584e+00,2.549999999999985167e+00,3.050838053245113812e+01,1.740470129260517584e+00,2.948210432842663664e+01,2.425203058828110159e+00
6.639674714964843361e+02,3.174479095675906137e-01,2.860324800962239422e+01,3.051010218507742877e+01,1.740315922066720589e+00,2.549999999999984723e+00,3.051010218507742877e+01,1.740315922066720589e+00,2.948336788567262801e+01,2.425150772353862560e+00
6.642849194060519267e+02,3.174479095675906137e-01,2.860404088009843093e+01,3.051182093533922668e+01,1.740161767688507943e+00,2.549999999999984723e+00,3.051182093533922668e+01,1.740161767688507943e+00,2.948463156871108382e+01,2.425098490644381322e+00
6.646023673156195173e+02,3.174479095675906137e-01,2.860483422993370795e+01,3.051353692908773141e+01,1.740007666076195836e+00,2.549999999999984279e+00,3.051353692908773141e+01,1.740007666076195836e+00,2.948589537859474419e+01,2.425046213698057507e+00
6.649198152251871079e+02,3.174479095675906137e-01,2.860562805907748896e+01,3.051525029659116939e+01,1.739853617181268630e+00,2.549999999999984279e+00,3.051525029659116939e+01,1.739853617181268630e+00,2.948715931632496634e+01,2.424993941513283513e+00
6.652372631347546985e+02,3.174479095675906137e-01,2.860642236747940714e+01,3.051696115510135243e+01,1.739699620956193682e+00,2.549999999999983835e+00,3.051696115510135243e+01,1.739699620956193682e+00,2.948842338285718867e+01,2.424941674088454846e+00
6.656260518317581045e+02,3.887886970034060141e-01,2.860739583545134934e+01,3.051905323538647252e+01,1.739511088497292635e+00,2.549999999999983391e+00,3.051905323538647252e+01,1.739511088497292635e+00,2.948997170273171520e+01,2.424877666969272205e+00
6.660148405287615105e+02,3.887886970034060141e-01,2.860837002212980806e+01,3.052114188730818256e+01,1.739322634887223717e+00,2.549999999999982947e+00,3.052114188730818256e+01,1.739322634887223717e+00,2.949152021877609187e+01,2.424813666984508398e+00
6.664036292257649166e+02,3.887886970034060141e-01,2.860934492742479307e+01,3.052322726942248465e+01,1.739134260043038616e+00,2.549999999999982503e+00,3.052322726942248465e+01,1.739134260043038616e+00,2.949306893251653960e+01,2.424749674131221333e+00
6.667924179227683226e+02,3.887886970034060141e-01,2.861032055124731954e+01,3.052530952531642683e+01,1.738945963882969181e+00,2.549999999999982059e+00,3.052530952531642683e+01,1.738945963882969181e+00,2.949461784541047749e+01,2.424685688406475137e+00
6.671812066197717286e+02,3.887886970034060141e-01,2.861129689350945782e+01,3.052738878579149429e+01,1.738757746326268894e+00,2.549999999999982059e+00,3.052738878579149429e+01,1.738757746326268894e+00,2.949616695885290696e+01,2.424621709807331271e+00
6.675699953167751346e+02,3.887886970034060141e-01,2.861227395412436536e+01,3.052946517062612131e+01,1.738569607293086072e+00,2.549999999999981615e+00,3.052946517062612131e+01,1.738569607293086072e+00,2.949771627418171249e+01,2.424557738330859191e+00
6.680479045794462536e+02,4.779092626711189951e-01,2.861347596675365068e+01,3.053201373916532546e+01,1.738338449328839852e+00,2.549999999999981171e+00,3.053201373916532546e+01,1.738338449328839852e+00,2.949962101171466955e+01,2.424479112668808334e+00
6.685258138421173726e+02,4.779092626711189951e-01,2.861467906452571697e+01,3.053455831612561511e+01,1.738107409748582688e+00,2.549999999999980727e+00,3.053455831612561511e+01,1.738107409748582688e+00,2.950152605852531096e+01,2.424400497759234163e+00
6.690037231047884916e+02,4.779092626711189951e-01,2.861588324728658961e+01,3.053709907259164424e+01,1.737876488408323983e+00,2.549999999999980282e+00,3.053709907259164424e+01,1.737876488408323983e+00,2.950343141680185965e+01,2.424321893596707245e+00
6.694816323674596106e+02,4.779092626711189951e-01,2.861708851488523919e+01,3.053963616541970438e+01,1.737645685165326581e+00,2.549999999999979838e+00,3.053963616541970438e+01,1.737645685165326581e+00,2.950533708864076132e+01,2.424243300175805249e+00
6.699595416301307296e+02,4.779092626711189951e-01,2.861829486717363480e+01,3.054216973906438426e+01,1.737414999877971988e+00,2.549999999999979394e+00,3.054216973906438426e+01,1.737414999877971988e+00,2.950724307605410601e+01,2.424164717491115173e+00
6.704374508928018486e+02,4.779092626711189951e-01,2.861950230400690387e+01,3.054469992709373471e+01,1.737184432405654455e+00,2.549999999999978506e+00,3.054469992709373471e+01,1.737184432405654455e+00,2.950914938097613671e+01,2.424086145537226678e+00
6.709153601554729676e+02,4.779092626711189951e-01,2.862071082524342103e+01,3.054722685345801381e+01,1.736953982608685276e+00,2.549999999999978062e+00,3.054722685345801381e+01,1.736953982608685276e+00,2.951105600526898343e+01,2.424007584308738750e+00
6.715018288591112423e+02,5.864687036382747465e-01,2.862219534969517909e+01,3.055032349540847036e+01,1.736671345609310579e+00,2.549999999999977618e+00,3.055032349540847036e+01,1.736671345609310579e+00,2.951339616771715413e+01,2.423911192159246664e+00
6.720882975627495171e+02,5.864687036382747465e-01,2.862368150670342004e+01,3.055341559663169448e+01,1.736388885354278155e+00,2.549999999999977174e+00,3.055341559663169448e+01,1.736388885354278155e+00,2.951573681699782625e+01,2.423814816143149642e+00
6.726747662663877918e+02,5.864687036382747465e-01,2.862516929602798399e+01,3.055650333967655996e+01,1.736106601590186260e+00,2.549999999999976286e+00,3.055650333967655996e+01,1.736106601590186260e+00,2.951807795617008168e+01,2.423718456250506748e+00
6.732612349700260665e+02,5.864687036382747465e-01,2.862665871743717005e+01,3.055958689369364834e+01,1.735824494065105084e+00,2.549999999999975842e+00,3.055958689369364834e+01,1.735824494065105084e+00,2.952041958817213896e+01,2.423622112471385037e+00
6.738477036736643413e+02,5.864687036382747465e-01,2.862814977070805611e+01,3.056266641594659816e+01,1.735542562528468613e+00,2.549999999999974953e+00,3.056266641594659816e+01,1.735542562528468613e+00,2.952276171583007525e+01,2.423525784795871552e+00
6.744341723773026160e+02,5.864687036382747465e-01,2.862964245562675814e+01,3.056574205309620496e+01,1.735260806730980043e+00,2.549999999999974065e+00,3.056574205309620496e+01,1.735260806730980043e+00,2.952510434186550370e+01,2.423429473214063545e+00
6.750206410809408908e+02,5.864687036382747465e-01,2.863113677198873930e+01,3.056881394229938564e+01,1.734979226424530729e+00,2.549999999999973621e+00,3.056881394229938564e+01,1.734979226424530729e+00,2.952744746890255101e+01,2.423333177716075149e+00
6.756071097845791655e+02,5.864687036382747465e-01,2.863263271959905865e+01,3.057188221215598034e+01,1.734697821362132686e+00,2.549999999999972733e+00,3.057188221215598034e+01,1.734697821362132686e+00,2.952979109947395742e+01,2.423236898292031594e+00
6.763233819992755116e+02,7.162722146963460546e-01,2.863446197879886057e+01,3.057562485010080877e+01,1.734354370087365815e+00,2.549999999999971845e+00,3.057562485010080877e+01,1.734354370087365815e+00,2.953265413396663419e+01,2.423119331068346760e+00
6.770396542139718576e+02,7.162722146963460546e-01,2.863629367065598075e+01,3.057936247523289808e+01,1.734011179402358049e+00,2.549999999999970957e+00,3.057936247523289808e+01,1.734011179402358049e+00,2.953551792749668081e+01,2.423001787788700678e+00
6.777559264286682037e+02,7.162722146963460546e-01,2.863812779487712135e+01,3.058309527971966801e+01,1.733668248863218686e+00,2.549999999999969624e+00,3.058309527971966801e+01,1.733668248863218686e+00,2.953838248419274137e+01,2.422884268435189448e+00
6.784721986433645498e+02,7.162722146963460546e-01,2.863996435119290140e+01,3.058682344321376334e+01,1.733325578028066971e+00,2.549999999999968736e+00,3.058682344321376334e+01,1.733325578028066971e+00,2.954124780802745676e+01,2.422766772989938922e+00
6.791884708580608958e+02,7.162722146963460546e-01,2.864180333935851408e+01,3.059054713409588899e+01,1.732983166456939728e+00,2.549999999999967848e+00,3.059054713409588899e+01,1.732983166456939728e+00,2.954411390282734828e+01,2.422649301435108260e+00
6.799047430727572419e+02,7.162722146963460546e-01,2.864364475915436259e+01,3.059426651055299828e+01,1.732641013711708533e+00,2.549999999999966516e+00,3.059426651055299828e+01,1.732641013711708533e+00,2.954698077228188779e+01,2.422531853752885045e+00
6.806210152874535879e+02,7.162722146963460546e-01,2.864548861038666061e+01,3.059798172151867846e+01,1.732299119356010664e+00,2.549999999999965627e+00,3.059798172151867846e+01,1.732299119356010664e+00,2.954984841995162270e+01,2.422414429925485724e+00
6.813372875021499340e+02,7.162722146963460546e-01,2.864733489288799362e+01,3.060169290749767157e+01,1.731957482955186478e+00,2.549999999999964295e+00,3.060169290749767157e+01,1.731957482955186478e+00,2.955271684927562248e+01,2.422297029935158275e+00
6.820535597168462800e+02,7.162722146963460546e-01,2.864918360651790152e+01,3.060540020129209182e+01,1.731616104076222351e+00,2.549999999999962963e+00,3.060540020129209182e+01,1.731616104076222351e+00,2.955558606357820750e+01,2.422179653764179541e+00
6.829230627345478979e+02,8.695030177016178641e-01,2.865143107879763562e+01,3.060989553995004187e+01,1.731202040069394821e+00,2.549999999999961631e+00,3.060989553995004187e+01,1.731202040069394821e+00,2.955907014309739367e+01,2.422037199506298588e+00
6.837925657522495158e+02,8.695030177016178641e-01,2.865368213332937941e+01,3.061438554011468938e+01,1.730788354148010688e+00,2.549999999999960298e+00,3.061438554011468938e+01,1.730788354148010688e+00,2.956255538966095031e+01,2.421894780291462101e+00
6.846620687699511336e+02,8.695030177016178641e-01,2.865593677002844686e+01,3.061887040120624093e+01,1.730375045546660662e+00,2.549999999999958522e+00,3.061887040120624093e+01,1.730375045546660662e+00,2.956604180860922071e+01,2.421752396088143744e+00
6.855315717876527515e+02,8.695030177016178641e-01,2.865819498887330852e+01,3.062335031103152971e+01,1.729962113503112686e+00,2.549999999999956746e+00,3.062335031103152971e+01,1.729962113503112686e+00,2.956952940508524463e+01,2.421610046864878019e+00
6.864010748053543693e+02,8.695030177016178641e-01,2.866045678990663959e+01,3.062782544680464625e+01,1.729549557258231340e+00,2.549999999999954969e+00,3.062782544680464625e+01,1.729549557258231340e+00,2.957301818404607374e+01,2.421467732590265154e+00
6.872705778230559872e+02,8.695030177016178641e-01,2.866272217323636085e+01,3.063229597604800603e+01,1.729137376055902786e+00,2.549999999999953193e+00,3.063229597604800603e+01,1.729137376055902786e+00,2.957650815027306379e+01,2.421325453232967106e+00
6.881400808407576051e+02,8.695030177016178641e-01,2.866499113903652685e+01,3.063676205739117009e+01,1.728725569142969931e+00,2.549999999999951417e+00,3.063676205739117009e+01,1.728725569142969931e+00,2.957999930838138170e+01,2.421183208761711114e+00
6.890095838584592229e+02,8.695030177016178641e-01,2.866726368754815013e+01,3.064122384128186027e+01,1.728314135769172477e+00,2.549999999999949196e+00,3.064122384128186027e+01,1.728314135769172477e+00,2.958349166282868481e+01,2.421040999145284811e+00
6.898790868761608408e+02,8.695030177016178641e-01,2.866953981907996152e+01,3.064568147062106362e+01,1.727903075187092075e+00,2.549999999999947420e+00,3.064568147062106362e+01,1.727903075187092075e+00,2.958698521792312164e+01,2.420898824352538892e+00
6.907485898938624587e+02,8.695030177016178641e-01,2.867181953400903538e+01,3.065013508133236542e+01,1.727492386652104139e+00,2.549999999999945199e+00,3.065013508133236542e+01,1.727492386652104139e+00,2.959047997783075346e+01,2.420756684352388888e+00
6.917976068589982788e+02,1.049016965135820101e+00,2.867457467945004979e+01,3.065550300078225732e+01,1.726997403221985916e+00,2.549999999999942535e+00,3.065550300078225732e+01,1.726997403221985916e+00,2.959469786054217622e+01,2.420585244988426421e+00
6.928466238241340989e+02,1.049016965135820101e+00,2.867733504222404051e+01,3.066086547486272451e+01,1.726502958942448984e+00,2.549999999999939870e+00,3.066086547486272451e+01,1.726502958942448984e+00,2.959891750959171830e+01,2.420413856166808042e+00
6.938956407892699190e+02,1.049016965135820101e+00,2.868010062339651967e+01,3.066622270769291347e+01,1.726009052521595200e+00,2.549999999999936762e+00,3.066622270769291347e+01,1.726009052521595200e+00,2.960313893155096565e+01,2.420242517833305129e+00
6.949446577544057391e+02,1.049016965135820101e+00,2.868287142418144597e+01,3.067157489266524806e+01,1.725515682673073314e+00,2.549999999999934097e+00,3.067157489266524806e+01,1.725515682673073314e+00,2.960736213274710948e+01,2.420071229933816959e+00
6.959936747195415592e+02,1.049016965135820101e+00,2.868564744594146632e+01,3.067692221328575641e+01,1.725022848115993934e+00,2.549999999999930989e+00,3.067692221328575641e+01,1.725022848115993934e+00,2.961158711927561882e+01,2.419899992414371148e+00
6.970426916846773793e+02,1.049016965135820101e+00,2.868842869018781272e+01,3.068226484392687681e+01,1.724530547574854911e+00,2.549999999999927436e+00,3.068226484392687681e+01,1.724530547574854911e+00,2.961581389701189693e+01,2.419728805221126322e+00
6.980917086498131994e+02,1.049016965135820101e+00,2.869121515857978721e+01,3.068760295050402576e+01,1.724038779779471398e+00,2.549999999999924327e+00,3.068760295050402576e+01,1.724038779779471398e+00,2.962004247162215975e+01,2.419557668300366782e+00
6.991407256149490195e+02,1.049016965135820101e+00,2.869400685292384878e+01,3.069293669108550660e+01,1.723547543464908349e+00,2.549999999999920774e+00,3.069293669108550660e+01,1.723547543464908349e+00,2.962427284857338705e+01,2.419386581598507391e+00
7.001897425800848396e+02,1.049016965135820101e+00,2.869680377517229175e+01,3.069826621644393327e+01,1.723056837371421457e+00,2.549999999999917222e+00,3.069826621644393327e+01,1.723056837371421457e+00,2.962850503314267669e+01,2.419215545062086470e+00
7.012387595452206597e+02,1.049016965135820101e+00,2.869960592742141259e+01,3.070359167055608296e+01,1.722566660244397641e+00,2.549999999999913225e+00,3.070359167055608296e+01,1.722566660244397641e+00,2.963273903042589197e+01,2.419044558637773790e+00
7.022877765103564798e+02,1.049016965135820101e+00,2.870241331190925038e+01,3.070891319105721706e+01,1.722077010834301980e+00,2.549999999999909228e+00,3.070891319105721706e+01,1.722077010834301980e+00,2.963697484534572268e+01,2.418873622272359469e+00
7.033367934754922999e+02,1.049016965135820101e+00,2.870522593101277309e+01,3.071423090965495462e+01,1.721587887896624869e+00,2.549999999999904787e+00,3.071423090965495462e+01,1.721587887896624869e+00,2.964121248265927377e+01,2.418702735912764190e+00
7.045867934754922999e+02,1.250000000000000000e+00,2.870858426338973857e+01,3.072056267005880059e+01,1.721005738736576252e+00,2.549999999999899902e+00,3.072056267005880059e+01,1.721005738736576252e+00,2.964626440243072025e+01,2.418499174351282921e+00
7.058367934754922999e+02,1.250000000000000000e+00,2.871195003641911825e+01,3.072688941490591930e+01,1.720424333262148942e+00,2.549999999999894129e+00,3.072688941490591930e+01,1.720424333262148942e+00,2.965131892382419210e+01,2.418295683628061798e+00
7.070867934754922999e+02,1.250000000000000000e+00,2.871532325485039649e+01,3.073321133831695562e+01,1.719843669395113128e+00,2.549999999999888800e+00,3.073321133831695562e+01,1.719843669395113128e+00,2.965637605404789312e+01,2.418092263653977891e+00
7.083367934754922999e+02,1.250000000000000000e+00,2.871870392367559788e+01,3.073952862535794139e+01,1.719263745066973215e+00,2.549999999999882583e+00,3.073952862535794139e+01,1.719263745066973215e+00,2.966143580003217650e+01,2.417888914340166284e+00
7.095867934754922999e+02,1.250000000000000000e+00,2.872209204811541028e+01,3.074584145266081237e+01,1.718684558218875003e+00,2.549999999999876366e+00,3.074584145266081237e+01,1.718684558218875003e+00,2.966649816844239140e+01,2.417685635598003646e+00
7.108367934754922999e+02,1.250000000000000000e+00,2.872548763360370216e+01,3.075214998898754004e+01,1.718106106801511546e+00,2.549999999999869704e+00,3.075214998898754004e+01,1.718106106801511546e+00,2.967156316569086272e+01,2.417482427339117557e+00
7.120867934754922999e+02,1.250000000000000000e+00,2.872889068577056904e+01,3.075845439574428752e+01,1.717528388775036552e+00,2.549999999999862599e+00,3.075845439574428752e+01,1.717528388775036552e+00,2.967663079794794712e+01,2.417279289475377180e+00
7.133367934754922999e+02,1.250000000000000000e+00,2.873230121042389840e+01,3.076475482745103562e+01,1.716951402108980895e+00,2.549999999999855493e+00,3.076475482745103562e+01,1.716951402108980895e+00,2.968170107115255973e+01,2.417076221918898149e+00
7.145867934754922999e+02,1.250000000000000000e+00,2.873571921352957403e+01,3.077105143217145056e+01,1.716375144782169571e+00,2.549999999999847944e+00,3.077105143217145056e+01,1.716375144782169571e+00,2.968677399102188375e+01,2.416873224582039459e+00
7.158367934754922999e+02,1.250000000000000000e+00,2.873914470119041553e+01,3.077734435190721030e+01,1.715799614782644866e+00,2.549999999999839506e+00,3.077734435190721030e+01,1.715799614782644866e+00,2.969184956306057543e+01,2.416670297377398580e+00
7.170867934754922999e+02,1.250000000000000000e+00,2.874257767962397736e+01,3.078363372296037070e+01,1.715224810107589537e+00,2.549999999999831068e+00,3.078363372296037070e+01,1.715224810107589537e+00,2.969692779256935111e+01,2.416467440217819451e+00
7.183367934754922999e+02,1.250000000000000000e+00,2.874601815513931058e+01,3.078991967626708259e+01,1.714650728763253307e+00,2.549999999999822631e+00,3.078991967626708259e+01,1.714650728763253307e+00,2.970200868465317612e+01,2.416264653016381381e+00
7.195867934754922999e+02,1.250000000000000000e+00,2.874946613411288965e+01,3.079620233770535265e+01,1.714077368764882481e+00,2.549999999999813305e+00,3.079620233770535265e+01,1.714077368764882481e+00,2.970709224422875039e+01,2.416061935686403483e+00
7.200000000000000000e+02,4.132065245077001236e-01,2.875060756729063272e+01,3.079827846393950708e+01,1.713887994191186204e+00,2.549999999999809752e+00,3.079827846393950708e+01,1.713887994191186204e+00,2.970877327966326220e+01,2.415994939739008363e+00
7.200031069153486669e+02,3.106915348666916543e-03,2.875061615287844674e+01,3.079829408234503063e+01,1.713886570575831492e+00,2.549999999999809752e+00,3.079829408234503063e+01,1.713886570575831492e+00,2.970878592055222356e+01,2.415994436022845360e+00
7.200084924442986676e+02,5.385528950000662007e-03,2.875063103525151220e+01,3.079832117167786976e+01,1.713884102893528549e+00,2.549999999999809752e+00,3.079832117167786976e+01,1.713884102893528549e+00,2.970880783238243339e+01,2.415993562881965762e+00
7.200198159294400284e+02,1.132348514136083395e-02,2.875066232703015245e+01,3.079837816745216372e+01,1.713878914453663693e+00,2.549999999999809752e+00,3.079837816745216372e+01,1.713878914453663693e+00,2.970885390411218552e+01,2.415991727040938564e+00
7.200384130790426980e+02,1.859714960266956041e-02,2.875071372048612162e+01,3.079847185060250325e+01,1.713870393349953947e+00,2.549999999999809752e+00,3.079847185060250325e+01,1.713870393349953947e+00,2.970892957139672674e+01,2.415988711956014612e+00
7.200659213397898384e+02,2.750826074714041169e-02,2.875078974295823286e+01,3.079861054862290359e+01,1.713857789541780807e+00,2.549999999999809752e+00,3.079861054862290359e+01,1.713857789541780807e+00,2.970904149874787947e+01,2.415984252174994573e+00
7.201036659184971995e+02,3.774457870736114273e-02,2.875089406067862186e+01,3.079880104433003751e+01,1.713840496229568355e+00,2.549999999999809308e+00,3.079880104433003751e+01,1.713840496229568355e+00,2.970919508194035075e+01,2.415978132884416762e+00
7.201527887848958471e+02,4.912286639864760218e-02,2.875102983574395310e+01,3.079904922187786198e+01,1.713817990790774015e+00,2.549999999999808864e+00,3.079904922187786198e+01,1.713817990790774015e+00,2.970939497333620594e+01,2.415970168999204581e+00
7.202142793397657670e+02,6.149055486991983344e-02,2.875119981131683389e+01,3.079936021806128821e+01,1.713789820770313277e+00,2.549999999999808420e+00,3.079936021806128821e+01,1.713789820770313277e+00,2.970964520708686862e+01,2.415960200194730678e+00
7.202890076850858350e+02,7.472834532006800146e-02,2.875140640399133574e+01,3.079973858721967517e+01,1.713755588676225017e+00,2.549999999999807532e+00,3.079973858721967517e+01,1.713755588676225017e+00,2.970994933489400580e+01,2.415948085516782751e+00
7.203637360304059030e+02,7.472834532006800146e-02,2.875161302351881432e+01,3.080011735522685257e+01,1.713721359221375362e+00,2.549999999999807088e+00,3.080011735522685257e+01,1.713721359221375362e+00,2.971025348824364087e+01,2.415935971088513323e+00
7.204653747780682806e+02,1.016387476623776820e-01,2.875189409184487843e+01,3.080063308112846698e+01,1.713674807628835284e+00,2.549999999999806199e+00,3.080063308112846698e+01,1.713674807628835284e+00,2.971066721110349107e+01,2.415919494537763779e+00
7.205670135257306583e+02,1.016387476623776820e-01,2.875217520985223985e+01,3.080114938073142383e+01,1.713628260888047761e+00,2.549999999999805755e+00,3.080114938073142383e+01,1.713628260888047761e+00,2.971108098108118512e+01,2.415903018448811945e+00
7.206978098052896939e+02,1.307962795590356109e-01,2.875253704646568309e+01,3.080181454641149941e+01,1.713568368210886206e+00,2.549999999999804423e+00,3.080181454641149941e+01,1.713568368210886206e+00,2.971161352020826740e+01,2.415881816474873656e+00
7.208286060848487296e+02,1.307962795590356109e-01,2.875289896536671463e+01,3.080248047742639628e+01,1.713508483532081073e+00,2.549999999999803535e+00,3.080248047742639628e+01,1.713508483532081073e+00,2.971214613713395636e+01,2.415860615265516209e+00
7.209908030434131661e+02,1.621969585644364997e-01,2.875334788559241872e+01,3.080330724319378533e+01,1.713434233236048376e+00,2.549999999999802203e+00,3.080330724319378533e+01,1.713434233236048376e+00,2.971280672898922504e+01,2.415834325276165817e+00
7.211530000019776026e+02,1.621969585644364997e-01,2.875379693238385315e+01,3.080413498300108088e+01,1.713359995196416685e+00,2.549999999999800870e+00,3.080413498300108088e+01,1.713359995196416685e+00,2.971346744011594865e+01,2.415808036462226305e+00
7.213485587857161363e+02,1.955587837385337480e-01,2.875433851062871682e+01,3.080513416457371179e+01,1.713270503620219154e+00,2.549999999999799094e+00,3.080513416457371179e+01,1.713270503620219154e+00,2.971426420935305401e+01,2.415776341940531147e+00
7.215441175694546700e+02,1.955587837385337480e-01,2.875488027290490578e+01,3.080613454279656338e+01,1.713181029808678479e+00,2.549999999999797762e+00,3.080613454279656338e+01,1.713181029808678479e+00,2.971506115142911852e+01,2.415744649126899457e+00
7.217396763531932038e+02,1.955587837385337480e-01,2.875542221923705810e+01,3.080713603149303026e+01,1.713091573739138340e+00,2.549999999999795985e+00,3.080713603149303026e+01,1.713091573739138340e+00,2.971585826607997305e+01,2.415712958020998169e+00
7.219866166844534519e+02,2.469403312602480582e-01,2.875610682073370583e+01,3.080840213083047985e+01,1.712978639099852707e+00,2.549999999999794209e+00,3.080840213083047985e+01,1.712978639099852707e+00,2.971686506256228100e+01,2.415672942763011921e+00
7.222335570157136999e+02,2.469403312602480582e-01,2.875679171579962201e+01,3.080966977012362662e+01,1.712865732682832709e+00,2.549999999999791989e+00,3.080966977012362662e+01,1.712865732682832709e+00,2.971787213336421374e+01,2.415632930226829789e+00
7.224804973469739480e+02,2.469403312602480582e-01,2.875747690448427818e+01,3.081093885152832712e+01,1.712752854455741103e+00,2.549999999999789768e+00,3.081093885152832712e+01,1.712752854455741103e+00,2.971887947805441854e+01,2.415592920411785638e+00
7.227820653110603644e+02,3.015679640864163957e-01,2.875831406750801023e+01,3.081249051308152431e+01,1.712615043729974973e+00,2.549999999999787548e+00,3.081249051308152431e+01,1.712615043729974973e+00,2.972011003635281412e+01,2.415544063397336849e+00
7.230836332751467808e+02,3.015679640864163957e-01,2.875915166859041250e+01,3.081404407535818990e+01,1.712477274951839101e+00,2.549999999999784883e+00,3.081404407535818990e+01,1.712477274951839101e+00,2.972134100182373828e+01,2.415495210438908025e+00
7.233852012392331972e+02,3.015679640864163957e-01,2.875998970782115904e+01,3.081559943040198846e+01,1.712339548074816920e+00,2.549999999999782219e+00,3.081559943040198846e+01,1.712339548074816920e+00,2.972257237381467121e+01,2.415446361535285469e+00
7.236867692033196136e+02,3.015679640864163957e-01,2.876082818528974983e+01,3.081715648529505458e+01,1.712201863055054618e+00,2.549999999999779554e+00,3.081715648529505458e+01,1.712201863055054618e+00,2.972380415170844259e+01,2.415397516685256374e+00
7.240637817731499126e+02,3.770125698302990713e-01,2.876187704495689701e+01,3.081910534394922507e+01,1.712029791569482207e+00,2.549999999999776001e+00,3.081910534394922507e+01,1.712029791569482207e+00,2.972534465901837208e+01,2.415336457800491221e+00
7.244407943429802117e+02,3.770125698302990713e-01,2.876292658987530260e+01,3.082105659561373301e+01,1.711857785361122319e+00,2.549999999999772893e+00,3.082105659561373301e+01,1.711857785361122319e+00,2.972688579872631820e+01,2.415275405246976259e+00
7.248178069128105108e+02,3.770125698302990713e-01,2.876397682021826441e+01,3.082301012088554160e+01,1.711685844355371966e+00,2.549999999999769340e+00,3.082301012088554160e+01,1.711685844355371966e+00,2.972842756980132606e+01,2.415214359022352486e+00
7.251948194826408098e+02,3.770125698302990713e-01,2.876502773615839104e+01,3.082496581504763711e+01,1.711513968480274706e+00,2.549999999999765787e+00,3.082496581504763711e+01,1.711513968480274706e+00,2.972996997126195495e+01,2.415153319124259568e+00
7.256518291432254273e+02,4.570096605846174498e-01,2.876630256207863923e+01,3.082733925732637559e+01,1.711305710039841443e+00,2.549999999999761346e+00,3.082733925732637559e+01,1.711305710039841443e+00,2.973184049382514615e+01,2.415079335844698250e+00
7.261088388038100447e+02,4.570096605846174498e-01,2.876757839597008370e+01,3.082971560472750383e+01,1.711097547078934022e+00,2.549999999999757350e+00,3.082971560472750383e+01,1.711097547078934022e+00,2.973371193970381299e+01,2.415005361853667321e+00
7.265658484643946622e+02,4.570096605846174498e-01,2.876885523813521317e+01,3.083209472845657118e+01,1.710889479479938302e+00,2.549999999999752909e+00,3.083209472845657118e+01,1.710889479479938302e+00,2.973558430737635305e+01,2.414931397146982128e+00
7.270228581249792796e+02,4.570096605846174498e-01,2.877013308887437049e+01,3.083447651393432309e+01,1.710681507127890466e+00,2.549999999999748024e+00,3.083447651393432309e+01,1.710681507127890466e+00,2.973745759538619993e+01,2.414857441720462017e+00
7.274798677855638971e+02,4.570096605846174498e-01,2.877141194848560701e+01,3.083686085842720459e+01,1.710473629910063353e+00,2.549999999999743583e+00,3.083686085842720459e+01,1.710473629910063353e+00,2.973933180233497353e+01,2.414783495569929883e+00
7.280405845229900024e+02,5.607167374261052828e-01,2.877298239245094535e+01,3.083978963153569808e+01,1.710218709885521271e+00,2.549999999999737810e+00,3.083978963153569808e+01,1.710218709885521271e+00,2.974163256777129050e+01,2.414692781829488766e+00
7.286013012604161077e+02,5.607167374261052828e-01,2.877455435610289314e+01,3.084272196373494523e+01,1.709963932702845968e+00,2.549999999999732037e+00,3.084272196373494523e+01,1.709963932702845968e+00,2.974393471211531903e+01,2.414602082038644237e+00
7.291620179978422129e+02,5.607167374261052828e-01,2.877612783997549428e+01,3.084565771710381554e+01,1.709709298163901936e+00,2.549999999999725819e+00,3.084565771710381554e+01,1.709709298163901936e+00,2.974623823307310744e+01,2.414511396189712666e+00
7.297227347352683182e+02,5.607167374261052828e-01,2.877770284459588623e+01,3.084859676731228006e+01,1.709454806073296362e+00,2.549999999999719602e+00,3.084859676731228006e+01,1.709454806073296362e+00,2.974854312843682180e+01,2.414420724275019747e+00
7.302834514726944235e+02,5.607167374261052828e-01,2.877927937048388074e+01,3.085153900161057194e+01,1.709200456238024746e+00,2.549999999999713385e+00,3.085153900161057194e+01,1.709200456238024746e+00,2.975084939607640422e+01,2.414330066286904053e+00
7.308441682101205288e+02,5.607167374261052828e-01,2.878085741815148779e+01,3.085448431720917384e+01,1.708946248467185347e+00,2.549999999999707168e+00,3.085448431720917384e+01,1.708946248467185347e+00,2.975315703393264499e+01,2.414239422217713038e+00
7.315346554677005315e+02,6.904872575800027334e-01,2.878280277578749846e+01,3.085811538223104122e+01,1.708633402556430703e+00,2.549999999999699174e+00,3.085811538223104122e+01,1.708633402556430703e+00,2.975600062388901179e+01,2.414127818882330967e+00
7.322251427252805343e+02,6.904872575800027334e-01,2.878475044279198514e+01,3.086175081725554747e+01,1.708320771441319330e+00,2.549999999999690736e+00,3.086175081725554747e+01,1.708320771441319330e+00,2.975884628506938512e+01,2.414016236628279799e+00
7.329156299828605370e+02,6.904872575800027334e-01,2.878670042006637786e+01,3.086539047683307402e+01,1.708008354775731430e+00,2.549999999999682299e+00,3.086539047683307402e+01,1.708008354775731430e+00,2.976169401399532077e+01,2.413904675441331804e+00
7.336061172404405397e+02,6.904872575800027334e-01,2.878865270848972813e+01,3.086903422832796196e+01,1.707696152216604091e+00,2.549999999999673861e+00,3.086903422832796196e+01,1.707696152216604091e+00,2.976454380730082150e+01,2.413793135307284121e+00
7.342966044980205425e+02,6.904872575800027334e-01,2.879060730891756492e+01,3.087268195024068973e+01,1.707384163423632195e+00,2.549999999999664979e+00,3.087268195024068973e+01,1.707384163423632195e+00,2.976739566172266649e+01,2.413681616211956982e+00
7.349870917556005452e+02,6.904872575800027334e-01,2.879256422218072942e+01,3.087633353081882248e+01,1.707072388059021950e+00,2.549999999999655653e+00,3.087633353081882248e+01,1.707072388059021950e+00,2.977024957409197725e+01,2.413570118141189269e+00
7.356775790131805479e+02,6.904872575800027334e-01,2.879452344908424166e+01,3.087998886689599942e+01,1.706760825787282831e+00,2.549999999999646327e+00,3.087998886689599942e+01,1.706760825787282831e+00,2.977310554132681375e+01,2.413458641080846512e+00
7.365270712651326903e+02,8.494922519521423965e-01,2.879693702089961249e+01,3.088449096330420218e+01,1.706377808998141621e+00,2.549999999999634337e+00,3.088449096330420218e+01,1.706377808998141621e+00,2.977662199370635676e+01,2.413321521953506021e+00
7.373765635170848327e+02,8.494922519521423965e-01,2.879935409717840500e+01,3.088899843574287019e+01,1.705995113622562176e+00,2.549999999999622347e+00,3.088899843574287019e+01,1.705995113622562176e+00,2.978014154633052968e+01,2.413184434579680460e+00
7.382260557690369751e+02,8.494922519521423965e-01,2.880177467924415069e+01,3.089351113373322733e+01,1.705612739048043780e+00,2.549999999999609912e+00,3.089351113373322733e+01,1.705612739048043780e+00,2.978366419392018116e+01,2.413047378933183218e+00
7.390755480209891175e+02,8.494922519521423965e-01,2.880419876835053117e+01,3.089802891871615387e+01,1.705230684665969942e+00,2.549999999999597033e+00,3.089802891871615387e+01,1.705230684665969942e+00,2.978718993133993109e+01,2.412910354987877870e+00
7.399250402729412599e+02,8.494922519521423965e-01,2.880662636567862123e+01,3.090255166266600639e+01,1.704848949871354602e+00,2.549999999999583267e+00,3.090255166266600639e+01,1.704848949871354602e+00,2.979071875358715005e+01,2.412773362717676395e+00
7.407745325248934023e+02,8.494922519521423965e-01,2.880905747233427050e+01,3.090707924691569630e+01,1.704467534062628298e+00,2.549999999999569500e+00,3.090707924691569630e+01,1.704467534062628298e+00,2.979425065578191223e+01,2.412636402096541843e+00
7.416240247768455447e+02,8.494922519521423965e-01,2.881149208934560590e+01,3.091161156115344966e+01,1.704086436641451208e+00,2.549999999999555733e+00,3.091161156115344966e+01,1.704086436641451208e+00,2.979778563315830198e+01,2.412499473098482561e+00
7.426436871530069084e+02,1.019662376161363682e+00,2.881441904527533282e+01,3.091705788950275391e+01,1.703629417464623597e+00,2.549999999999537970e+00,3.091705788950275391e+01,1.703629417464623597e+00,2.980203279087594481e+01,2.412335156233036404e+00
7.436633495291682721e+02,1.019662376161363682e+00,2.881735106165561433e+01,3.092251071978416732e+01,1.703172855128886720e+00,2.549999999999519762e+00,3.092251071978416732e+01,1.703172855128886720e+00,2.980628436463572228e+01,2.412170884846953633e+00
7.446830119053296357e+02,1.019662376161363682e+00,2.882028813979217929e+01,3.092796989932130813e+01,1.702716748616126097e+00,2.549999999999500666e+00,3.092796989932130813e+01,1.702716748616126097e+00,2.981054034675595688e+01,2.412006658895567757e+00
7.457026742814909994e+02,1.019662376161363682e+00,2.882323028080922356e+01,3.093343528650154539e+01,1.702261096913747052e+00,2.549999999999481126e+00,3.093343528650154539e+01,1.702261096913747052e+00,2.981480072973077355e+01,2.411842478334306428e+00
7.467223366576523631e+02,1.019662376161363682e+00,2.882617748564466353e+01,3.093890674960965725e+01,1.701805899014451784e+00,2.549999999999460698e+00,3.093890674960965725e+01,1.701805899014451784e+00,2.981906550621759422e+01,2.411678343118698997e+00
7.477419990338137268e+02,1.019662376161363682e+00,2.882912975504579123e+01,3.094438416582147866e+01,1.701351153916037751e+00,2.549999999999439826e+00,3.094438416582147866e+01,1.701351153916037751e+00,2.982333466902587915e+01,2.411514253204375624e+00
7.487616614099750905e+02,1.019662376161363682e+00,2.883208708956522059e+01,3.094986742033076510e+01,1.700896860621226026e+00,2.549999999999418065e+00,3.094986742033076510e+01,1.700896860621226026e+00,2.982760821110715810e+01,2.411350208547058838e+00
7.497813237861364541e+02,1.019662376161363682e+00,2.883504948955717850e+01,3.095535640558759027e+01,1.700443018137504980e+00,2.549999999999395417e+00,3.095535640558759027e+01,1.700443018137504980e+00,2.983188612554576835e+01,2.411186209102571532e+00
7.510087664070759956e+02,1.227442620939541484e+00,2.883862226753408109e+01,3.096197135979424075e+01,1.699897291116492681e+00,2.549999999999366995e+00,3.096197135979424075e+01,1.699897291116492681e+00,2.983704155587151519e+01,2.410988850814318685e+00
7.522362090280155371e+02,1.227442620939541484e+00,2.884220238582116025e+01,3.096859430760478915e+01,1.699352214206836020e+00,2.549999999999337685e+00,3.096859430760478915e+01,1.699352214206836020e+00,2.984220330059590154e+01,2.410791557902080218e+00
7.534636516489550786e+02,1.227442620939541484e+00,2.884578984385376543e+01,3.097522509565111548e+01,1.698807785703149387e+00,2.549999999999307043e+00,3.097522509565111548e+01,1.698807785703149387e+00,2.984737134832531780e+01,2.410594330289352882e+00
7.546910942698946201e+02,1.227442620939541484e+00,2.884938464062504337e+01,3.098186358075071567e+01,1.698264003908986242e+00,2.549999999999275069e+00,3.098186358075071567e+01,1.698264003908986242e+00,2.985254568787945573e+01,2.410397167899831938e+00
7.559185368908341616e+02,1.227442620939541484e+00,2.885298677468137996e+01,3.098850962892493399e+01,1.697720867136617962e+00,2.549999999999241318e+00,3.098850962892493399e+01,1.697720867136617962e+00,2.985772630827731433e+01,2.410200070657410709e+00
7.571459795117737031e+02,1.227442620939541484e+00,2.885659624411887592e+01,3.099516311453931294e+01,1.697178373706834220e+00,2.549999999999206679e+00,3.099516311453931294e+01,1.697178373706834220e+00,2.986291319872470496e+01,2.410003038486184135e+00
7.583734221327132445e+02,1.227442620939541484e+00,2.886021304658095943e+01,3.100182391954755090e+01,1.696636521948764464e+00,2.549999999999170264e+00,3.100182391954755090e+01,1.696636521948764464e+00,2.986810634860265168e+01,2.409806071310440778e+00
7.596008647536527860e+02,1.227442620939541484e+00,2.886383717925705383e+01,3.100849193282370209e+01,1.696095310199711825e+00,2.549999999999132516e+00,3.100849193282370209e+01,1.696095310199711825e+00,2.987330574745703871e+01,2.409609169054669486e+00
7.608283073745923275e+02,1.227442620939541484e+00,2.886746863888241066e+01,3.101516704957018788e+01,1.695554736805004126e+00,2.549999999999092992e+00,3.101516704957018788e+01,1.695554736805004126e+00,2.987851138498909975e+01,2.409412331643553618e+00
7.620783073745923275e+02,1.250000000000000000e+00,2.887117436212860611e+01,3.102197203670624504e+01,1.695004883356132419e+00,2.549999999999050804e+00,3.102197203670624504e+01,1.695004883356132419e+00,2.988381909055823016e+01,2.409211943409981238e+00
7.633283073745923275e+02,1.250000000000000000e+00,2.887488767583637639e+01,3.102878418927272719e+01,1.694455688501135926e+00,2.549999999999007283e+00,3.102878418927272719e+01,1.694455688501135926e+00,2.988913324511225156e+01,2.409011622269289887e+00
7.645783073745923275e+02,1.250000000000000000e+00,2.887860857511655510e+01,3.103560341366634034e+01,1.693907150517242943e+00,2.549999999998961542e+00,3.103560341366634034e+01,1.693907150517242943e+00,2.989445383821762547e+01,2.408811368142551146e+00
7.658283073745923275e+02,1.250000000000000000e+00,2.888233705460327627e+01,3.104242962114386373e+01,1.693359267689777514e+00,2.549999999998914024e+00,3.104242962114386373e+01,1.693359267689777514e+00,2.989978085957434217e+01,2.408611180951044872e+00
7.670783073745923275e+02,1.250000000000000000e+00,2.888607310846015608e+01,3.104926272745043647e+01,1.692812038312046186e+00,2.549999999998864730e+00,3.104926272745043647e+01,1.692812038312046186e+00,2.990511429900914209e+01,2.408411060616253874e+00
7.683283073745923275e+02,1.250000000000000000e+00,2.888981673038775355e+01,3.105610265248436974e+01,1.692265460685232759e+00,2.549999999998813216e+00,3.105610265248436974e+01,1.692265460685232759e+00,2.991045414646918843e+01,2.408211007059865238e+00
7.695783073745923275e+02,1.250000000000000000e+00,2.889356791363230315e+01,3.106294931999414288e+01,1.691719533118299035e+00,2.549999999998759481e+00,3.106294931999414288e+01,1.691719533118299035e+00,2.991580039201623364e+01,2.408011020203773001e+00
7.708283073745923275e+02,1.250000000000000000e+00,2.889732665099562325e+01,3.106980265730375734e+01,1.691174253927891113e+00,2.549999999998703082e+00,3.106980265730375734e+01,1.691174253927891113e+00,2.992115302582108782e+01,2.407811099970067481e+00
7.720783073745923275e+02,1.250000000000000000e+00,2.890109293484622910e+01,3.107666259506325446e+01,1.690629621438250574e+00,2.549999999998644906e+00,3.107666259506325446e+01,1.690629621438250574e+00,2.992651203815863425e+01,2.407611246281047723e+00
7.733283073745923275e+02,1.250000000000000000e+00,2.890486675713155051e+01,3.108352906702156915e+01,1.690085633981130098e+00,2.549999999998584066e+00,3.108352906702156915e+01,1.690085633981130098e+00,2.993187741940313984e+01,2.407411459059206837e+00
7.745783073745923275e+02,1.250000000000000000e+00,2.890864810939113738e+01,3.109040200981927171e+01,1.689542289895713312e+00,2.549999999998521005e+00,3.109040200981927171e+01,1.689542289895713312e+00,2.993724916002381065e+01,2.407211738227243103e+00
7.758283073745923275e+02,1.250000000000000000e+00,2.891243698277088825e+01,3.109728136279912292e+01,1.688999587528537516e+00,2.549999999998454836e+00,3.109728136279912292e+01,1.688999587528537516e+00,2.994262725058069918e+01,2.407012083708048866e+00
7.770783073745923275e+02,1.250000000000000000e+00,2.891623336803814581e+01,3.110416706783251684e+01,1.688457525233421075e+00,2.549999999998386446e+00,3.110416706783251684e+01,1.688457525233421075e+00,2.994801168172095984e+01,2.406812495424718534e+00
7.783283073745923275e+02,1.250000000000000000e+00,2.892003725559754912e+01,3.111105906916022690e+01,1.687916101371393252e+00,2.549999999998314948e+00,3.111105906916022690e+01,1.687916101371393252e+00,2.995340244417510789e+01,2.406612973300541469e+00
7.795783073745923275e+02,1.250000000000000000e+00,2.892384863550763185e+01,3.111795731324599856e+01,1.687375314310624930e+00,2.549999999998240785e+00,3.111795731324599856e+01,1.687375314310624930e+00,2.995879952875380781e+01,2.406413517259003321e+00
7.800000000000000000e+02,4.216926254076724945e-01,2.892513610848391536e+01,3.112028586332010249e+01,1.687193020942739263e+00,2.549999999998215028e+00,3.112028586332010249e+01,1.687193020942739263e+00,2.996062168191335573e+01,2.406346244839119741e+00
7.800030814121123512e+02,3.081412112351245014e-03,2.892514551949966162e+01,3.112030286883136299e+01,1.687191689150417062e+00,2.549999999998214584e+00,3.112030286883136299e+01,1.687191689150417062e+00,2.996063499946091824e+01,2.406345753290582312e+00
7.800080620424547533e+02,4.980630342402037058e-03,2.892516073106013508e+01,3.112033033581614561e+01,1.687189536527708755e+00,2.549999999998214584e+00,3.112033033581614561e+01,1.687189536527708755e+00,2.996065652523713396e+01,2.406344958778570131e+00
7.800183153072912319e+02,1.025326483647859277e-02,2.892519204637749297e+01,3.112038683595884692e+01,1.687185105126334905e+00,2.549999999998213696e+00,3.112038683595884692e+01,1.687185105126334905e+00,2.996070083880977108e+01,2.406343323177248639e+00
7.800348902174503110e+02,1.657491015907908150e-02,2.892524267020230866e+01,3.112047808565582230e+01,1.687177941668398296e+00,2.549999999998212807e+00,3.112047808565582230e+01,1.687177941668398296e+00,2.996077247391762910e+01,2.406340679156187434e+00
7.800591462257526700e+02,2.425600830235907779e-02,2.892531675634737098e+01,3.112061148339322614e+01,1.687167458793237040e+00,2.549999999998211031e+00,3.112061148339322614e+01,1.687167458793237040e+00,2.996087730602206634e+01,2.406336809871360227e+00
7.800921824422504187e+02,3.303621649774868274e-02,2.892541766478037246e+01,3.112079296516966309e+01,1.687153181778720201e+00,2.549999999998209255e+00,3.112079296516966309e+01,1.687153181778720201e+00,2.996102008544597695e+01,2.406331540020060888e+00
7.801349474439036840e+02,4.276500165326524439e-02,2.892554829734122279e+01,3.112102761315942701e+01,1.687134701109705315e+00,2.549999999998206590e+00,3.112102761315942701e+01,1.687134701109705315e+00,2.996120491197453006e+01,2.406324718327065515e+00
7.801882647261021475e+02,5.331728219846354477e-02,2.892571117579430151e+01,3.112131979920660285e+01,1.687111661504000493e+00,2.549999999998203037e+00,3.112131979920660285e+01,1.687111661504000493e+00,2.996143534487034188e+01,2.406316213487428524e+00
7.802528598534802313e+02,6.459512737808381644e-02,2.892590852505183463e+01,3.112167333714974049e+01,1.687083750202473587e+00,2.549999999998199041e+00,3.112167333714974049e+01,1.687083750202473587e+00,2.996171452023459025e+01,2.406305909838045931e+00
7.803174549808583151e+02,6.459512737808381644e-02,2.892610589427457057e+01,3.112202644715836186e+01,1.687055840757015979e+00,2.549999999998195044e+00,3.112202644715836186e+01,1.687055840757015979e+00,2.996199369623612441e+01,2.406295606365743467e+00
7.804049613500175155e+02,8.750636915920040337e-02,2.892637330021551278e+01,3.112250420465856848e+01,1.687018035040958486e+00,2.549999999998189715e+00,3.112250420465856848e+01,1.687018035040958486e+00,2.996237189422678426e+01,2.406281648637894399e+00
7.804924677191767159e+02,8.750636915920040337e-02,2.892664074278997788e+01,3.112298135142410516e+01,1.686980232666797974e+00,2.549999999998184386e+00,3.112298135142410516e+01,1.686980232666797974e+00,2.996275009350926410e+01,2.406267691234973860e+00
7.806047679117135658e+02,1.123001925368498632e-01,2.892698401550430987e+01,3.112359289371714866e+01,1.686931724328174065e+00,2.549999999998177280e+00,3.112359289371714866e+01,1.686931724328174065e+00,2.996323545276415956e+01,2.406249779654418219e+00
7.807170681042504157e+02,1.123001925368498632e-01,2.892732734853864685e+01,3.112420362646367167e+01,1.686883221420161449e+00,2.549999999998170175e+00,3.112420362646367167e+01,1.686883221420161449e+00,2.996372081435651680e+01,2.406231868608899038e+00
7.808560452246126715e+02,1.389771203622558460e-01,2.892775232389142204e+01,3.112495842468672080e+01,1.686823204117393837e+00,2.549999999998161293e+00,3.112495842468672080e+01,1.686823204117393837e+00,2.996432147705635174e+01,2.406209703532485644e+00
7.809950223449749274e+02,1.389771203622558460e-01,2.892817739159951174e+01,3.112571219857855098e+01,1.686763195049510555e+00,2.549999999998152411e+00,3.112571219857855098e+01,1.686763195049510555e+00,2.996492214366632112e+01,2.406187539275298271e+00
7.811623253764454375e+02,1.673030314705101773e-01,2.892868921785546377e+01,3.112661836130705950e+01,1.686690965986942015e+00,2.549999999998141753e+00,3.112661836130705950e+01,1.686690965986942015e+00,2.996564524180431022e+01,2.406160858650435497e+00
7.813296284079159477e+02,1.673030314705101773e-01,2.892920117790317391e+01,3.112752327263376273e+01,1.686618748766439468e+00,2.549999999998131095e+00,3.112752327263376273e+01,1.686618748766439468e+00,2.996636834609618916e+01,2.406134179212426449e+00
7.814969314393864579e+02,1.673030314705101773e-01,2.892971327171667895e+01,3.112842702439282050e+01,1.686546543350768479e+00,2.549999999998120437e+00,3.112842702439282050e+01,1.686546543350768479e+00,2.996709145677812458e+01,2.406107500961080170e+00
7.817078498421673203e+02,2.109184027808623796e-01,2.893035905734763702e+01,3.112956484519670752e+01,1.686455530985503604e+00,2.549999999998106670e+00,3.112956484519670752e+01,1.686455530985503604e+00,2.996800308957353209e+01,2.406073869464694592e+00
7.819187682449481827e+02,2.109184027808623796e-01,2.893100505548629897e+01,3.113070106868740083e+01,1.686364537279142484e+00,2.549999999998092903e+00,3.113070106868740083e+01,1.686364537279142484e+00,2.996891473328348354e+01,2.406040239853661333e+00
7.821296866477290450e+02,2.109184027808623796e-01,2.893165126608001358e+01,3.113183579930869982e+01,1.686273562185963026e+00,2.549999999998079137e+00,3.113183579930869982e+01,1.686273562185963026e+00,2.996982638828972867e+01,2.406006612127602473e+00
7.823869585247381337e+02,2.572718770090887119e-01,2.893243978172808184e+01,3.113321801570031866e+01,1.686162618664801771e+00,2.549999999998062261e+00,3.113321801570031866e+01,1.686162618664801771e+00,2.997093841325522234e+01,2.405965596597593681e+00
7.826442304017472225e+02,2.572718770090887119e-01,2.893322861329981421e+01,3.113459827790770618e+01,1.686051702714368217e+00,2.549999999998044942e+00,3.113459827790770618e+01,1.686051702714368217e+00,2.997205045616868802e+01,2.405924583870881150e+00
7.829015022787563112e+02,2.572718770090887119e-01,2.893401776069833886e+01,3.113597670155282060e+01,1.685940814278547473e+00,2.549999999998028066e+00,3.113597670155282060e+01,1.685940814278547473e+00,2.997316251760178574e+01,2.405883573946783205e+00
7.831587741557653999e+02,2.572718770090887119e-01,2.893480722382629367e+01,3.113735338638728933e+01,1.685829953306997808e+00,2.549999999998010747e+00,3.113735338638728933e+01,1.685829953306997808e+00,2.997427459809375350e+01,2.405842566824620832e+00
7.834800550373834085e+02,3.212808816180086069e-01,2.893579354783135216e+01,3.113907027919416137e+01,1.685691548723139421e+00,2.549999999997988542e+00,3.113907027919416137e+01,1.685691548723139421e+00,2.997566339071801167e+01,2.405791361101766501e+00
7.838013359190014171e+02,3.212808816180086069e-01,2.893678036387205310e+01,3.114078474372710303e+01,1.685553186817423832e+00,2.549999999997966338e+00,3.114078474372710303e+01,1.685553186817423832e+00,2.997705221480192250e+01,2.405740159746153850e+00
7.841226168006194257e+02,3.212808816180086069e-01,2.893776767175575060e+01,3.114249690874081722e+01,1.685414867515673265e+00,2.549999999997944133e+00,3.114249690874081722e+01,1.685414867515673265e+00,2.997844107123552959e+01,2.405688962756469262e+00
7.844438976822374343e+02,3.212808816180086069e-01,2.893875547128872583e+01,3.114420688747600963e+01,1.685276590749371417e+00,2.549999999997921485e+00,3.114420688747600963e+01,1.685276590749371417e+00,2.997982996086335916e+01,2.405637770131397346e+00
7.848330344890695187e+02,3.891368068320844031e-01,2.893995255648999176e+01,3.114627523690051092e+01,1.685109166194545427e+00,2.549999999997893507e+00,3.114627523690051092e+01,1.685109166194545427e+00,2.998151223564669721e+01,2.405575771243174454e+00
7.852221712959016031e+02,3.891368068320844031e-01,2.894115036231462312e+01,3.114834068454628380e+01,1.684941803840252827e+00,2.549999999997865530e+00,3.114834068454628380e+01,1.684941803840252827e+00,2.998319456166393238e+01,2.405513778753662013e+00
7.856113081027336875e+02,3.891368068320844031e-01,2.894234888841225484e+01,3.115040337066814402e+01,1.684774503587064487e+00,2.549999999997837108e+00,3.115040337066814402e+01,1.684774503587064487e+00,2.998487694020652938e+01,2.405451792660536992e+00
7.860004449095657719e+02,3.891368068320844031e-01,2.894354813443038665e+01,3.115246342047516848e+01,1.684607265341082405e+00,2.549999999997808242e+00,3.115246342047516848e+01,1.684607265341082405e+00,2.998655937250552483e+01,2.405389812961482576e+00
7.863895817163978563e+02,3.891368068320844031e-01,2.894474810001443998e+01,3.115452094662222748e+01,1.684440089013033104e+00,2.549999999997779376e+00,3.115452094662222748e+01,1.684440089013033104e+00,2.998824185973770540e+01,2.405327839654181954e+00
7.868666518028238670e+02,4.770700864260106755e-01,2.894622020324501932e+01,3.115704011760762171e+01,1.684235220196166782e+00,2.549999999997742961e+00,3.115704011760762171e+01,1.684235220196166782e+00,2.999030461536942482e+01,2.405251870951072402e+00
7.873437218892498777e+02,4.770700864260106755e-01,2.894769338678783299e+01,3.115955581810857566e+01,1.684030444163531204e+00,2.549999999997706546e+00,3.115955581810857566e+01,1.684030444163531204e+00,2.999236745724640230e+01,2.405175911847060366e+00
7.878207919756758884e+02,4.770700864260106755e-01,2.894916764997743641e+01,3.116206820079050033e+01,1.683825760770981894e+00,2.549999999997669242e+00,3.116206820079050033e+01,1.683825760770981894e+00,2.999443038726664312e+01,2.405099962337900799e+00
7.882978620621018990e+02,4.770700864260106755e-01,2.895064299214421766e+01,3.116457740387718189e+01,1.683621169879767843e+00,2.549999999997631495e+00,3.116457740387718189e+01,1.683621169879767843e+00,2.999649340724692337e+01,2.405024022419353535e+00
7.887749321485279097e+02,4.770700864260106755e-01,2.895211941261458222e+01,3.116708355326765911e+01,1.683416671355764782e+00,2.549999999997592859e+00,3.116708355326765911e+01,1.683416671355764782e+00,2.999855651893020081e+01,2.404948092087185518e+00
7.892520022349539204e+02,4.770700864260106755e-01,2.895359691071106667e+01,3.116958676424315655e+01,1.683212265068854574e+00,2.549999999997553779e+00,3.116958676424315655e+01,1.683212265068854574e+00,3.000061972399205956e+01,2.404872171337168574e+00
7.898389258203532108e+02,5.869235853992904595e-01,2.895541610526763776e+01,3.117266250683045570e+01,1.682960917113277333e+00,2.549999999997504929e+00,3.117266250683045570e+01,1.682960917113277333e+00,3.000315814758599231e+01,2.404778781683220679e+00
7.904258494057525013e+02,5.869235853992904595e-01,2.895723692856572384e+01,3.117573414291736356e+01,1.682709708342879917e+00,2.549999999997455635e+00,3.117573414291736356e+01,1.682709708342879917e+00,3.000569671784002068e+01,2.404685406518166868e+00
7.910127729911517918e+02,5.869235853992904595e-01,2.895905937932188579e+01,3.117880183759008261e+01,1.682458638534303885e+00,2.549999999997405009e+00,3.117880183759008261e+01,1.682458638534303885e+00,3.000823543752271405e+01,2.404592045834171188e+00
7.915996965765510822e+02,5.869235853992904595e-01,2.896088345624536586e+01,3.118186574222153951e+01,1.682207707469510760e+00,2.549999999997353495e+00,3.118186574222153951e+01,1.682207707469510760e+00,3.001077430929385059e+01,2.404498699623410118e+00
7.921866201619503727e+02,5.869235853992904595e-01,2.896270915803852120e+01,3.118492599623983708e+01,1.681956914935136993e+00,2.549999999997301092e+00,3.118492599623983708e+01,1.681956914935136993e+00,3.001331333571323867e+01,2.404405367878072131e+00
7.927735437473496631e+02,5.869235853992904595e-01,2.896453648339721454e+01,3.118798272859378429e+01,1.681706260721961055e+00,2.549999999997247802e+00,3.118798272859378429e+01,1.681706260721961055e+00,3.001585251924841202e+01,2.404312050590357241e+00
7.933604673327489536e+02,5.869235853992904595e-01,2.896636543101122996e+01,3.119103605897929299e+01,1.681455744624456461e+00,2.549999999997193179e+00,3.119103605897929299e+01,1.681455744624456461e+00,3.001839186228138345e+01,2.404218747752478347e+00
7.940812659361154147e+02,7.207986033664610659e-01,2.896861377212303879e+01,3.119478135136976960e+01,1.681148275432924999e+00,2.549999999997125233e+00,3.119478135136976960e+01,1.681148275432924999e+00,3.002151064131912150e+01,2.404104182653469479e+00
7.948020645394818757e+02,7.207986033664610659e-01,2.897086455551990980e+01,3.119852187203131066e+01,1.680841013877034218e+00,2.549999999997055511e+00,3.119852187203131066e+01,1.680841013877034218e+00,3.002462966849563841e+01,2.403989639321886251e+00
7.955228631428483368e+02,7.207986033664610659e-01,2.897311777874274696e+01,3.120225779784992426e+01,1.680533959594429971e+00,2.549999999996984013e+00,3.120225779784992426e+01,1.680533959594429971e+00,3.002774894776836589e+01,2.403875117743372591e+00
7.962436617462147979e+02,7.207986033664610659e-01,2.897537343932259901e+01,3.120598929280919975e+01,1.680227112228192654e+00,2.549999999996911182e+00,3.120598929280919975e+01,1.680227112228192654e+00,3.003086848295075839e+01,2.403760617903600405e+00
7.969644603495812589e+02,7.207986033664610659e-01,2.897763153478172171e+01,3.120971650945143949e+01,1.679920471426300299e+00,2.549999999996837019e+00,3.120971650945143949e+01,1.679920471426300299e+00,3.003398827772262081e+01,2.403646139788262026e+00
7.976852589529477200e+02,7.207986033664610659e-01,2.897989206263461881e+01,3.121343959011825930e+01,1.679614036841174940e+00,2.549999999996761080e+00,3.121343959011825930e+01,1.679614036841174940e+00,3.003710833563921412e+01,2.403531683383076434e+00
7.984060575563141811e+02,7.207986033664610659e-01,2.898215502038905811e+01,3.121715866801166328e+01,1.679307808129294033e+00,2.549999999996682920e+00,3.121715866801166328e+01,1.679307808129294033e+00,3.004022866013941950e+01,2.403417248673786588e+00
7.991268561596806421e+02,7.207986033664610659e-01,2.898442040554707688e+01,3.122087386810759924e+01,1.679001784950853837e+00,2.549999999996603428e+00,3.122087386810759924e+01,1.679001784950853837e+00,3.004334925455307470e+01,2.403302835646158542e+00
8.000079367976375124e+02,8.810806379568703051e-01,2.898719283170024141e+01,3.122541011101226616e+01,1.678627990906820022e+00,2.549999999996503952e+00,3.122541011101226616e+01,1.678627990906820022e+00,3.004716413841791223e+01,2.403163010332153071e+00
8.008890174355943827e+02,8.810806379568703051e-01,2.898996887651736287e+01,3.122994093612597766e+01,1.678254502856723951e+00,2.549999999996401812e+00,3.122994093612597766e+01,1.678254502856723951e+00,3.005097943609902345e+01,2.403023217367352249e+00
8.017700980735512530e+02,8.810806379568703051e-01,2.899274853541398045e+01,3.123446653113112959e+01,1.677881320199078763e+00,2.549999999996296562e+00,3.123446653113112959e+01,1.677881320199078763e+00,3.005479515309582794e+01,2.402883456725898537e+00
8.026511787115081233e+02,8.810806379568703051e-01,2.899553180380219786e+01,3.123898707165573185e+01,1.677508442338373262e+00,2.549999999996188649e+00,3.123898707165573185e+01,1.677508442338373262e+00,3.005861129472015492e+01,2.402743728381987243e+00
8.035322593494649936e+02,8.810806379568703051e-01,2.899831867709308852e+01,3.124350272247404448e+01,1.677135868684627162e+00,2.549999999996078071e+00,3.124350272247404448e+01,1.677135868684627162e+00,3.006242786610810924e+01,2.402604032309861193e+00
8.044133399874218640e+02,8.810806379568703051e-01,2.900110915069902973e+01,3.124801363854748715e+01,1.676763598653002507e+00,2.549999999995964384e+00,3.124801363854748715e+01,1.676763598653002507e+00,3.006624487223067632e+01,2.402464368483815615e+00
8.052944206253787343e+02,8.810806379568703051e-01,2.900390322003595145e+01,3.125251996593196679e+01,1.676391631663465498e+00,2.549999999995847588e+00,3.125251996593196679e+01,1.676391631663465498e+00,3.007006231790346007e+01,2.402324736878192368e+00
8.061755012633356046e+02,8.810806379568703051e-01,2.900670088052549289e+01,3.125702184257296778e+01,1.676019967140488953e+00,2.549999999995727684e+00,3.125702184257296778e+01,1.676019967140488953e+00,3.007388020779538707e+01,2.402185137467383047e+00
8.070565819012924749e+02,8.810806379568703051e-01,2.900950212759714120e+01,3.126151939900550047e+01,1.675648604512788520e+00,2.549999999995604671e+00,3.126151939900550047e+01,1.675648604512788520e+00,3.007769854643673213e+01,2.402045570225829874e+00
8.081272362581703419e+02,1.070654356877867031e+00,2.901291091284787882e+01,3.126697901525059109e+01,1.675197744828978541e+00,2.549999999995450572e+00,3.126697901525059109e+01,1.675197744828978541e+00,3.008233905089381466e+01,2.401876016891228538e+00
8.091978906150482089e+02,1.070654356877867031e+00,2.901632497920612863e+01,3.127243264430361691e+01,1.674747329080466640e+00,2.549999999995291589e+00,3.127243264430361691e+01,1.674747329080466640e+00,3.008698023211629291e+01,2.401706510974881859e+00
8.102685449719260760e+02,1.070654356877867031e+00,2.901974431854286252e+01,3.127788048356530481e+01,1.674297356264698111e+00,2.549999999995127720e+00,3.127788048356530481e+01,1.674297356264698111e+00,3.009162209749571204e+01,2.401537052431213404e+00
8.113391993288039430e+02,1.070654356877867031e+00,2.902316892276419580e+01,3.128332271922289465e+01,1.673847825386493904e+00,2.549999999994958078e+00,3.128332271922289465e+01,1.673847825386493904e+00,3.009626465418288888e+01,2.401367641214747106e+00
8.124098536856818100e+02,1.070654356877867031e+00,2.902659878381572511e+01,3.128875952723605991e+01,1.673398735457668929e+00,2.549999999994783551e+00,3.128875952723605991e+01,1.673398735457668929e+00,3.010090790910146552e+01,2.401198277280110815e+00
8.134805080425596771e+02,1.070654356877867031e+00,2.903003389368655007e+01,3.129419107420680035e+01,1.672950085496697881e+00,2.549999999994603250e+00,3.129419107420680035e+01,1.672950085496697881e+00,3.010555186896009516e+01,2.401028960582032745e+00
8.145511623994375441e+02,1.070654356877867031e+00,2.903347424441303204e+01,3.129961751815020676e+01,1.672501874528412147e+00,2.549999999994417177e+00,3.129961751815020676e+01,1.672501874528412147e+00,3.011019654026372905e+01,2.400859691075341473e+00
8.156218167563154111e+02,1.070654356877867031e+00,2.903691982808220828e+01,3.130503900918015248e+01,1.672054101583731578e+00,2.549999999994224886e+00,3.130503900918015248e+01,1.672054101583731578e+00,3.011484192932398329e+01,2.400690468714966830e+00
8.166924711131932781e+02,1.070654356877867031e+00,2.904037063683485798e+01,3.131045569012149343e+01,1.671606765699422681e+00,2.549999999994026822e+00,3.131045569012149343e+01,1.671606765699422681e+00,3.011948804226864951e+01,2.400521293455937233e+00
8.177631254700711452e+02,1.070654356877867031e+00,2.904382666286826975e+01,3.131586769705861428e+01,1.671159865917878795e+00,2.549999999993822541e+00,3.131586769705861428e+01,1.671159865917878795e+00,3.012413488505049841e+01,2.400352165253378800e+00
8.190131254700711452e+02,1.250000000000000000e+00,2.904786819995247527e+01,3.132218053008594438e+01,1.670638656342456008e+00,2.549999999993576072e+00,3.132218053008594438e+01,1.670638656342456008e+00,3.012956105308699151e+01,2.400154765813717894e+00
8.202631254700711452e+02,1.250000000000000000e+00,2.905191682583783575e+01,3.132848736548368862e+01,1.670118038406175787e+00,2.549999999993320277e+00,3.132848736548368862e+01,1.670118038406175787e+00,3.013498823276419003e+01,2.399957430383692358e+00
8.215131254700711452e+02,1.250000000000000000e+00,2.905597252842199296e+01,3.133478839000576599e+01,1.669598010612159289e+00,2.549999999993055155e+00,3.133478839000576599e+01,1.669598010612159289e+00,3.014041643273514381e+01,2.399760158892394912e+00
8.227631254700711452e+02,1.250000000000000000e+00,2.906003529572096156e+01,3.134108378125803540e+01,1.669078571472605743e+00,2.549999999992780264e+00,3.134108378125803540e+01,1.669078571472605743e+00,3.014584566138595889e+01,2.399562951269099909e+00
8.240131254700711452e+02,1.250000000000000000e+00,2.906410511587016643e+01,3.134737370839020798e+01,1.668559719508502015e+00,2.549999999992495603e+00,3.134737370839020798e+01,1.668559719508502015e+00,3.015127592684870805e+01,2.399365807443255783e+00
8.252631254700711452e+02,1.250000000000000000e+00,2.906818197712422247e+01,3.135365833271741209e+01,1.668041453249357930e+00,2.549999999992200284e+00,3.135365833271741209e+01,1.668041453249357930e+00,3.015670723701331113e+01,2.399168727344490826e+00
8.265131254700711452e+02,1.250000000000000000e+00,2.907226586785551703e+01,3.135993780828044564e+01,1.667523771232966245e+00,2.549999999991894750e+00,3.135993780828044564e+01,1.667523771232966245e+00,3.016213959953868340e+01,2.398971710902607857e+00
8.277631254700711452e+02,1.250000000000000000e+00,2.907635677655153117e+01,3.136621228235212655e+01,1.667006672005180157e+00,2.549999999991577670e+00,3.136621228235212655e+01,1.667006672005180157e+00,3.016757302186292478e+01,2.398774758047583777e+00
8.290131254700711452e+02,1.250000000000000000e+00,2.908045469181091036e+01,3.137248189589625369e+01,1.666490154119710798e+00,2.549999999991249489e+00,3.137248189589625369e+01,1.666490154119710798e+00,3.017300751121296898e+01,2.398577868709573124e+00
8.302631254700711452e+02,1.250000000000000000e+00,2.908455960233826332e+01,3.137874678398463502e+01,1.665974216137938946e+00,2.549999999990909760e+00,3.137874678398463502e+01,1.665974216137938946e+00,3.017844307461351505e+01,2.398381042818900966e+00
8.315131254700711452e+02,1.250000000000000000e+00,2.908867149693779197e+01,3.138500707617702545e+01,1.665458856628742712e+00,2.549999999990557598e+00,3.138500707617702545e+01,1.665458856628742712e+00,3.018387971889531229e+01,2.398184280306062899e+00
8.327631254700711452e+02,1.250000000000000000e+00,2.909279036450570288e+01,3.139126289686801030e+01,1.664944074168335231e+00,2.549999999990193000e+00,3.139126289686801030e+01,1.664944074168335231e+00,3.018931745070309347e+01,2.397987581101728605e+00
8.340131254700711452e+02,1.250000000000000000e+00,2.909691619402149954e+01,3.139751436560445441e+01,1.664429867340115221e+00,2.549999999989815525e+00,3.139751436560445441e+01,1.664429867340115221e+00,3.019475627650279748e+01,2.397790945136738294e+00
8.352631254700711452e+02,1.250000000000000000e+00,2.910104897453825501e+01,3.140376159737662576e+01,1.663916234734527100e+00,2.549999999989424282e+00,3.140376159737662576e+01,1.663916234734527100e+00,3.020019620258854331e+01,2.397594372342099600e+00
8.365131254700711452e+02,1.250000000000000000e+00,2.910518869517187568e+01,3.141000470288571478e+01,1.663403174948930863e+00,2.549999999989019717e+00,3.141000470288571478e+01,1.663403174948930863e+00,3.020563723508906051e+01,2.397397862648990685e+00
8.377631254700711452e+02,1.250000000000000000e+00,2.910933534508949450e+01,3.141624378879014401e+01,1.662890686587478850e+00,2.549999999988600496e+00,3.141624378879014401e+01,1.662890686587478850e+00,3.021107937997379622e+01,2.397201415988755802e+00
8.390131254700711452e+02,1.250000000000000000e+00,2.911348891349707557e+01,3.142247895793272150e+01,1.662378768260999840e+00,2.549999999988167065e+00,3.142247895793272150e+01,1.662378768260999840e+00,3.021652264305873459e+01,2.397005032292909288e+00
8.400000000000000000e+02,9.868745299288548267e-01,2.911677303437272712e+01,3.142739892010950697e+01,1.661975010701734590e+00,2.549999999987814014e+00,3.142739892010950697e+01,1.661975010701734590e+00,3.022082089084696932e+01,2.396850031872343134e+00
8.400030760051699872e+02,3.076005169987183763e-03,2.911678327742772154e+01,3.142741425435796998e+01,1.661973752772877289e+00,2.549999999987812682e+00,3.142741425435796998e+01,1.661973752772877289e+00,3.022083428922720216e+01,2.396849548810279451e+00
8.400102962955244266e+02,7.220290354439384828e-03,2.911680732105961411e+01,3.142745025603861819e+01,1.661970800046014718e+00,2.549999999987810018e+00,3.142745025603861819e+01,1.661970800046014718e+00,3.022086573923309061e+01,2.396848414922788884e+00
8.400270197803853307e+02,1.672348486090413644e-02,2.911686301129881116e+01,3.142753366440206264e+01,1.661963961043858351e+00,2.549999999987804244e+00,3.142753366440206264e+01,1.661963961043858351e+00,3.022093858340004502e+01,2.396845788644413222e+00
8.400565270879877744e+02,2.950730760244368867e-02,2.911696127547019231e+01,3.142768087961821166e+01,1.661951894328729473e+00,2.549999999987793586e+00,3.142768087961821166e+01,1.661951894328729473e+00,3.022106711245327304e+01,2.396841154804759899e+00
8.401022603904029893e+02,4.573330241521489370e-02,2.911711358246048320e+01,3.142790913079323190e+01,1.661933192662573111e+00,2.549999999987776711e+00,3.142790913079323190e+01,1.661933192662573111e+00,3.022126632208925656e+01,2.396833972897109533e+00
8.401670509221979728e+02,6.479053179498350801e-02,2.911732937212137884e+01,3.142823262147033248e+01,1.661906699060254899e+00,2.549999999987753174e+00,3.142823262147033248e+01,1.661906699060254899e+00,3.022154854885884845e+01,2.396823798406363615e+00
8.402533221282832301e+02,8.627120608525729040e-02,2.911761673352345881e+01,3.142866353928987522e+01,1.661871423861175812e+00,2.549999999987721644e+00,3.142866353928987522e+01,1.661871423861175812e+00,3.022192435567323798e+01,2.396810250922390750e+00
8.403631572859720791e+02,1.098351576888489944e-01,2.911798263180535074e+01,3.142921238975212361e+01,1.661826517215731158e+00,2.549999999987681676e+00,3.142921238975212361e+01,1.661826517215731158e+00,3.022240282694830427e+01,2.396793003535650612e+00
8.404983738582760679e+02,1.352165723039888690e-01,2.911843315733553084e+01,3.142988836400448349e+01,1.661771238810004103e+00,2.549999999987631938e+00,3.142988836400448349e+01,1.661771238810004103e+00,3.022299189302847111e+01,2.396771771174828203e+00
8.406335904305800568e+02,1.352165723039888690e-01,2.911888376354655605e+01,3.143056460891195059e+01,1.661715966605022743e+00,2.549999999987582200e+00,3.143056460891195059e+01,1.661715966605022743e+00,3.022358098840433982e+01,2.396750539545564607e+00
8.408205441001217650e+02,1.869536695417082228e-01,2.911950691534713442e+01,3.143149998089279151e+01,1.661639556232728632e+00,2.549999999987512922e+00,3.143149998089279151e+01,1.661639556232728632e+00,3.022439553395312117e+01,2.396721185391551767e+00
8.410074977696634733e+02,1.869536695417082228e-01,2.912013022131915463e+01,3.143243573472134145e+01,1.661563157892801623e+00,2.549999999987443644e+00,3.143243573472134145e+01,1.661563157892801623e+00,3.022521013533900813e+01,2.396691832635652997e+00
8.412507887523360068e+02,2.432909826725335733e-01,2.912094158742779015e+01,3.143365396837589643e+01,1.661463755507560203e+00,2.549999999987352606e+00,3.143365396837589643e+01,1.661463755507560203e+00,3.022627029521566300e+01,2.396653636704481283e+00
8.414940797350085404e+02,2.432909826725335733e-01,2.912175321448479082e+01,3.143487269562897879e+01,1.661364373692788998e+00,2.549999999987261123e+00,3.143487269562897879e+01,1.661364373692788998e+00,3.022733054936952968e+01,2.396615443140163837e+00
8.417982588773743373e+02,3.041791423657969062e-01,2.912276833348997229e+01,3.143639704356921172e+01,1.661240148740392497e+00,2.549999999987145660e+00,3.143639704356921172e+01,1.661240148740392497e+00,3.022865628455508258e+01,2.396567694244371438e+00
8.421024380197401342e+02,3.041791423657969062e-01,2.912378386012325748e+01,3.143792199521920239e+01,1.661115956141232974e+00,2.549999999987029309e+00,3.143792199521920239e+01,1.661115956141232974e+00,3.022998216667666327e+01,2.396519949046684417e+00
8.424714541776107808e+02,3.690161578706465662e-01,2.912501639736578696e+01,3.143977271720142141e+01,1.660965334916769676e+00,2.549999999986886756e+00,3.143977271720142141e+01,1.660965334916769676e+00,3.023159086290246478e+01,2.396462031729991615e+00
8.428404703354814274e+02,3.690161578706465662e-01,2.912624953402636052e+01,3.144162414716771181e+01,1.660814761497362957e+00,2.549999999986742871e+00,3.144162414716771181e+01,1.660814761497362957e+00,3.023319977475710729e+01,2.396404119852874715e+00
8.432094864933520739e+02,3.690161578706465662e-01,2.912748326982751834e+01,3.144347621522316061e+01,1.660664235947013845e+00,2.549999999986597654e+00,3.144347621522316061e+01,1.660664235947013845e+00,3.023480890194991844e+01,2.396346213413635962e+00
8.436784302396863495e+02,4.689437463342756018e-01,2.912905195867734776e+01,3.144583064541518880e+01,1.660473018027794012e+00,2.549999999986410693e+00,3.144583064541518880e+01,1.660473018027794012e+00,3.023685408241192718e+01,2.396272634065880425e+00
8.441473739860206251e+02,4.689437463342756018e-01,2.913062161407159678e+01,3.144818591918098960e+01,1.660281877552814533e+00,2.549999999986221511e+00,3.144818591918098960e+01,1.660281877552814533e+00,3.023889960971490964e+01,2.396199063493634096e+00
8.446163177323549007e+02,4.689437463342756018e-01,2.913219223543886471e+01,3.145054195847862033e+01,1.660090814563849770e+00,2.549999999986030108e+00,3.145054195847862033e+01,1.660090814563849770e+00,3.024094548341714628e+01,2.396125501693409987e+00
8.451916353597489433e+02,5.753176273940425745e-01,2.913412045080355739e+01,3.145343338603435512e+01,1.659856517262384479e+00,2.549999999985791632e+00,3.145343338603435512e+01,1.659856517262384479e+00,3.024345590994530397e+01,2.396035265318539498e+00
8.457669529871429859e+02,5.753176273940425745e-01,2.913605011816210322e+01,3.145632576805043712e+01,1.659622336640151463e+00,2.549999999985549159e+00,3.145632576805043712e+01,1.659622336640151463e+00,3.024596685656868189e+01,2.395945042135001923e+00
8.463422706145370285e+02,5.753176273940425745e-01,2.913798123645271332e+01,3.145921902078190868e+01,1.659388272691781019e+00,2.549999999985303134e+00,3.145921902078190868e+01,1.659388272691781019e+00,3.024847832267242254e+01,2.395854832136355750e+00
8.469175882419310710e+02,5.753176273940425745e-01,2.913991380461058256e+01,3.146211307323557094e+01,1.659154325394521345e+00,2.549999999985053556e+00,3.146211307323557094e+01,1.659154325394521345e+00,3.025099030769371566e+01,2.395764635316154134e+00
8.476399221037223697e+02,7.223338617912986592e-01,2.914234227109503195e+01,3.146574770915005814e+01,1.658860760496848830e+00,2.549999999984734256e+00,3.146574770915005814e+01,1.658860760496848830e+00,3.025414493745386224e+01,2.395651408318506093e+00
8.483622559655136683e+02,7.223338617912986592e-01,2.914477301931320241e+01,3.146938340694362068e+01,1.658567379331698399e+00,2.549999999984408738e+00,3.146938340694362068e+01,1.658567379331698399e+00,3.025730038346836182e+01,2.395538202072181821e+00
8.490845898273049670e+02,7.223338617912986592e-01,2.914720604713287599e+01,3.147302007889863873e+01,1.658274181782378731e+00,2.549999999984077004e+00,3.147302007889863873e+01,1.658274181782378731e+00,3.026045664487588738e+01,2.395425016564445730e+00
8.498069236890962657e+02,7.223338617912986592e-01,2.914964135241090659e+01,3.147665764961160662e+01,1.657981167715597559e+00,2.549999999983738608e+00,3.147665764961160662e+01,1.657981167715597559e+00,3.026361372088402035e+01,2.395311851782568890e+00
8.506855874201141887e+02,8.786637310179230553e-01,2.915260678148617401e+01,3.148108359296835701e+01,1.657624985712751853e+00,2.549999999983318055e+00,3.148108359296835701e+01,1.657624985712751853e+00,3.026745515873242098e+01,2.395174223427746441e+00
8.515642511511321118e+02,8.786637310179230553e-01,2.915557557338984651e+01,3.148551066801145026e+01,1.657269074703463740e+00,2.549999999982887733e+00,3.148551066801145026e+01,1.657269074703463740e+00,3.027129779963512135e+01,2.395036625698991006e+00
8.524429148821500348e+02,8.786637310179230553e-01,2.915854772418704144e+01,3.148993878728723317e+01,1.656913434383409767e+00,2.549999999982447196e+00,3.148993878728723317e+01,1.656913434383409767e+00,3.027514164247227768e+01,2.394899058573455974e+00
8.533215786131679579e+02,8.786637310179230553e-01,2.916152322991010593e+01,3.149436787503754331e+01,1.656558064432906541e+00,2.549999999981995558e+00,3.149436787503754331e+01,1.656558064432906541e+00,3.027898668620792932e+01,2.394761522028321821e+00
8.542002423441858809e+02,8.786637310179230553e-01,2.916450208655633602e+01,3.149879786516016367e+01,1.656202964519720044e+00,2.549999999981534149e+00,3.149879786516016367e+01,1.656202964519720044e+00,3.028283292987905639e+01,2.394624016040797443e+00
8.552832461082398368e+02,1.083003764053955820e+00,2.916817830377837240e+01,3.150425923980201048e+01,1.655765654410470855e+00,2.549999999980950172e+00,3.150425923980201048e+01,1.655765654410470855e+00,3.028757529684175864e+01,2.394454573984267753e+00
8.563662498722937926e+02,1.083003764053955820e+00,2.917185959792962180e+01,3.150972180294421321e+01,1.655328753361254179e+00,2.549999999980349319e+00,3.150972180294421321e+01,1.655328753361254179e+00,3.029231948381431039e+01,2.394285178273668269e+00
8.574492536363477484e+02,1.083003764053955820e+00,2.917554596126473854e+01,3.151518547289273542e+01,1.654892260696734674e+00,2.549999999979730703e+00,3.151518547289273542e+01,1.654892260696734674e+00,3.029706548934056443e+01,2.394115828866504092e+00
8.585322574004017042e+02,1.083003764053955820e+00,2.917923738593538019e+01,3.152065017874717157e+01,1.654456175728474365e+00,2.549999999979094323e+00,3.152065017874717157e+01,1.654456175728474365e+00,3.030181331206094697e+01,2.393946525720352714e+00
8.596152611644556600e+02,1.083003764053955820e+00,2.918293386398468314e+01,3.152611585868203647e+01,1.654020497757315189e+00,2.549999999978439735e+00,3.152611585868203647e+01,1.654020497757315189e+00,3.030656295070011552e+01,2.393777268792861790e+00
8.608652611644556600e+02,1.250000000000000000e+00,2.918720660062542294e+01,3.153242547215724656e+01,1.653518144474187990e+00,2.549999999977660803e+00,3.153242547215724656e+01,1.653518144474187990e+00,3.031204722665817997e+01,2.393581970310385998e+00
8.621152611644556600e+02,1.250000000000000000e+00,2.919148604587021723e+01,3.153873623897483824e+01,1.653016331337112232e+00,2.549999999976856113e+00,3.153873623897483824e+01,1.653016331337112232e+00,3.031753391839014000e+01,2.393386733277882872e+00
8.633652611644556600e+02,1.250000000000000000e+00,2.919577218689247644e+01,3.154504809655466602e+01,1.652515057235317109e+00,2.549999999976024778e+00,3.154504809655466602e+01,1.652515057235317109e+00,3.032302302425244633e+01,2.393191557630605093e+00
8.646152611644556600e+02,1.250000000000000000e+00,2.920006501063673099e+01,3.155136099068485578e+01,1.652014321049767753e+00,2.549999999975166354e+00,3.155136099068485578e+01,1.652014321049767753e+00,3.032851454268698177e+01,2.392996443303932352e+00
8.658652611644556600e+02,1.250000000000000000e+00,2.920436450381055593e+01,3.155767487430982143e+01,1.651514121654857670e+00,2.549999999974279508e+00,3.155767487430982143e+01,1.651514121654857670e+00,3.033400847220970675e+01,2.392801390233383341e+00
8.671152611644556600e+02,1.250000000000000000e+00,2.920867065287725595e+01,3.156398970653314606e+01,1.651014457919806278e+00,2.549999999973363796e+00,3.156398970653314606e+01,1.651014457919806278e+00,3.033950481140092847e+01,2.392606398354609976e+00
8.683652611644556600e+02,1.250000000000000000e+00,2.921298344404928216e+01,3.157030545178965752e+01,1.650515328709819762e+00,2.549999999972417886e+00,3.157030545178965752e+01,1.650515328709819762e+00,3.034500355889688805e+01,2.392411467603402286e+00
8.696152611644556600e+02,1.250000000000000000e+00,2.921730286328232751e+01,3.157662207915228336e+01,1.650016732887066517e+00,2.549999999971441333e+00,3.157662207915228336e+01,1.650016732887066517e+00,3.035050471338251654e+01,2.392216597915685750e+00
8.708652611644556600e+02,1.250000000000000000e+00,2.922162889627022508e+01,3.158293956174747663e+01,1.649518669311500707e+00,2.549999999970433251e+00,3.158293956174747663e+01,1.649518669311500707e+00,3.035600827358501519e+01,2.392021789227521289e+00
8.721152611644556600e+02,1.250000000000000000e+00,2.922596152844051787e+01,3.158925787625876325e+01,1.649021136841561042e+00,2.549999999969392750e+00,3.158925787625876325e+01,1.649021136841561042e+00,3.036151423826828122e+01,2.391827041475107940e+00
8.733652611644556600e+02,1.250000000000000000e+00,2.923030074495074615e+01,3.159557700250266166e+01,1.648524134334770741e+00,2.549999999968318054e+00,3.159557700250266166e+01,1.648524134334770741e+00,3.036702260622810812e+01,2.391632354594781962e+00
8.746152611644556600e+02,1.250000000000000000e+00,2.923464653068547037e+01,3.160189692306425613e+01,1.648027660648253567e+00,2.549999999967209607e+00,3.160189692306425613e+01,1.648027660648253567e+00,3.037253337628776961e+01,2.391437728523016393e+00
8.758652611644556600e+02,1.250000000000000000e+00,2.923899887025399025e+01,3.160821762298255422e+01,1.647531714639178135e+00,2.549999999966065189e+00,3.160821762298255422e+01,1.647531714639178135e+00,3.037804654729420761e+01,2.391243163196420607e+00
8.771152611644556600e+02,1.250000000000000000e+00,2.924335774798873899e+01,3.161453908947747138e+01,1.647036295165145159e+00,2.549999999964884356e+00,3.161453908947747138e+01,1.647036295165145159e+00,3.038356211811473173e+01,2.391048658551743422e+00
8.783652611644556600e+02,1.250000000000000000e+00,2.924772314794441641e+01,3.162086131171186310e+01,1.646541401084524070e+00,2.549999999963665331e+00,3.162086131171186310e+01,1.646541401084524070e+00,3.038908008763385027e+01,2.390854214525866439e+00
8.796152611644556600e+02,1.250000000000000000e+00,2.925209505389776510e+01,3.162718428058342113e+01,1.646047031256747673e+00,2.549999999962408559e+00,3.162718428058342113e+01,1.646047031256747673e+00,3.039460045475071226e+01,2.390659831055814255e+00
8.808652611644556600e+02,1.250000000000000000e+00,2.925647344934806071e+01,3.163350798854182955e+01,1.645553184542572156e+00,2.549999999961111374e+00,3.163350798854182955e+01,1.645553184542572156e+00,3.040012321837665965e+01,2.390465508078742030e+00
8.821152611644556600e+02,1.250000000000000000e+00,2.926085831751825239e+01,3.163983242942767760e+01,1.645059859804303359e+00,2.549999999959773778e+00,3.163983242942767760e+01,1.645059859804303359e+00,3.040564837743303528e+01,2.390271245531947031e+00
8.833652611644556600e+02,1.250000000000000000e+00,2.926524964135680662e+01,3.164615759833008468e+01,1.644567055905998609e+00,2.549999999958393548e+00,3.164615759833008468e+01,1.644567055905998609e+00,3.041117593084927151e+01,2.390077043352857977e+00
8.846152611644556600e+02,1.250000000000000000e+00,2.926964740354015859e+01,3.165248349146037654e+01,1.644074771713643690e+00,2.549999999956969798e+00,3.165248349146037654e+01,1.644074771713643690e+00,3.041670587756119559e+01,2.389882901479042143e+00
8.858652611644556600e+02,1.250000000000000000e+00,2.927405158647583150e+01,3.165881010603984791e+01,1.643583006095310717e+00,2.549999999955502528e+00,3.165881010603984791e+01,1.643583006095310717e+00,3.042223821650940252e+01,2.389688819848204471e+00
8.871152611644556600e+02,1.250000000000000000e+00,2.927846217230619175e+01,3.166513744019965770e+01,1.643091757921298912e+00,2.549999999953988183e+00,3.166513744019965770e+01,1.643091757921298912e+00,3.042777294663790499e+01,2.389494798398183129e+00
8.883652611644556600e+02,1.250000000000000000e+00,2.928287914291278682e+01,3.167146549289139301e+01,1.642601026064257397e+00,2.549999999952427654e+00,3.167146549289139301e+01,1.642601026064257397e+00,3.043331006689282958e+01,2.389300837066952177e+00
8.896152611644556600e+02,1.250000000000000000e+00,2.928730247992130131e+01,3.167779426380692698e+01,1.642110809399297100e+00,2.549999999950818719e+00,3.167779426380692698e+01,1.642110809399297100e+00,3.043884957622130116e+01,2.389106935792621123e+00
8.908652611644556600e+02,1.250000000000000000e+00,2.929173216470700680e+01,3.168412375330654385e+01,1.641621106804088681e+00,2.549999999949159601e+00,3.168412375330654385e+01,1.641621106804088681e+00,3.044439147357038777e+01,2.388913094513434920e+00
8.921152611644556600e+02,1.250000000000000000e+00,2.929616817840085119e+01,3.169045396235425116e+01,1.641131917158952014e+00,2.549999999947449414e+00,3.169045396235425116e+01,1.641131917158952014e+00,3.044993575788617335e+01,2.388719313167772196e+00
8.933652611644556600e+02,1.250000000000000000e+00,2.930061050189591754e+01,3.169678489245948683e+01,1.640643239346933013e+00,2.549999999945686824e+00,3.169678489245948683e+01,1.640643239346933013e+00,3.045548242811292994e+01,2.388525591694144357e+00
8.946152611644556600e+02,1.250000000000000000e+00,2.930505911585446199e+01,3.170311654562452119e+01,1.640155072253874469e+00,2.549999999943870055e+00,3.170311654562452119e+01,1.640155072253874469e+00,3.046103148319235743e+01,2.388331930031200923e+00
8.958652611644556600e+02,1.250000000000000000e+00,2.930951400071531410e+01,3.170944892429691109e+01,1.639667414768479770e+00,2.549999999941997775e+00,3.170944892429691109e+01,1.639667414768479770e+00,3.046658292206288365e+01,2.388138328117720643e+00
8.971152611644556600e+02,1.250000000000000000e+00,2.931397513670168919e+01,3.171578203132638407e+01,1.639180265782367307e+00,2.549999999940068651e+00,3.171578203132638407e+01,1.639180265782367307e+00,3.047213674365903202e+01,2.387944785892618160e+00
8.983652611644556600e+02,1.250000000000000000e+00,2.931844250382936323e+01,3.172211586992580123e+01,1.638693624190121323e+00,2.549999999938080908e+00,3.172211586992580123e+01,1.638693624190121323e+00,3.047769294691090991e+01,2.387751303294938232e+00
8.996152611644556600e+02,1.250000000000000000e+00,2.932291608191513177e+01,3.172845044363567979e+01,1.638207488889335428e+00,2.549999999936032768e+00,3.172845044363567979e+01,1.638207488889335428e+00,3.048325153074365801e+01,2.387557880263861954e+00
9.000000000000000000e+02,3.847388355443399632e-01,2.932429425618185093e+01,3.173040031738312194e+01,1.638057962513255195e+00,2.549999999935389727e+00,3.173040031738312194e+01,1.638057962513255195e+00,3.048496289215675858e+01,2.387498358361632711e+00
9.000030665779353285e+02,3.066577935328496096e-03,2.932430524333516431e+01,3.173041587046459355e+01,1.638056770892172942e+00,2.549999999935384842e+00,3.173041587046459355e+01,1.638056770892172942e+00,3.048497653356114867e+01,2.387497883962312439e+00
9.000081685951188319e+02,5.102017183503448905e-03,2.932432352328731895e+01,3.173044176575907471e+01,1.638054788328659139e+00,2.549999999935375961e+00,3.173044176575907471e+01,1.638054788328659139e+00,3.048499922954638919e+01,2.387497094681517495e+00
9.000187635913691793e+02,1.059499625034732162e-02,2.932436148429307110e+01,3.173049558373256929e+01,1.638050671281029658e+00,2.549999999935358197e+00,3.173049558373256929e+01,1.638050671281029658e+00,3.048504636111120547e+01,2.387495455641358788e+00
9.000360029620846944e+02,1.723937071551517874e-02,2.932442325249911619e+01,3.173058323670846903e+01,1.638043972361657108e+00,2.549999999935329331e+00,3.173058323670846903e+01,1.638043972361657108e+00,3.048512305123150412e+01,2.387492788729137061e+00
9.000613433178374407e+02,2.534035575274629082e-02,2.932451404845381049e+01,3.173071221714312173e+01,1.638034125631923743e+00,2.549999999935286699e+00,3.173071221714312173e+01,1.638034125631923743e+00,3.048523578170990334e+01,2.387488868623547589e+00
9.000959625735147256e+02,3.461925567728485476e-02,2.932463809534872823e+01,3.173088863114044500e+01,1.638020673529286153e+00,2.549999999935228523e+00,3.173088863114044500e+01,1.638020673529286153e+00,3.048538979610722066e+01,2.387483513128677348e+00
9.001408766688955438e+02,4.491409538081825303e-02,2.932479903753618089e+01,3.173111778808376116e+01,1.638003221539368948e+00,2.549999999935153028e+00,3.173111778808376116e+01,1.638003221539368948e+00,3.048558961937471423e+01,2.387476565120423277e+00
9.001969668272880654e+02,5.609015839252151636e-02,2.932500003849309067e+01,3.173140433611758127e+01,1.637981427629846776e+00,2.549999999935057993e+00,3.173140433611758127e+01,1.637981427629846776e+00,3.048583917949060407e+01,2.387467888332448496e+00
9.002650088434531881e+02,6.804201616512273176e-02,2.932524388603759746e+01,3.173175240845337086e+01,1.637954990894014085e+00,2.549999999934943418e+00,3.173175240845337086e+01,1.637954990894014085e+00,3.048614193809859074e+01,2.387457362828031560e+00
9.003330508596183108e+02,6.804201616512273176e-02,2.932548775189337320e+01,3.173210092395351012e+01,1.637928555387631935e+00,2.549999999934828399e+00,3.173210092395351012e+01,1.637928555387631935e+00,3.048644472021954144e+01,2.387446837498295782e+00
9.004253798137151534e+02,9.232895409684260812e-02,2.932581869257769824e+01,3.173257446188502584e+01,1.637892686000481213e+00,2.549999999934672079e+00,3.173257446188502584e+01,1.637892686000481213e+00,3.048685561502368202e+01,2.387432555533487211e+00
9.005177087678119960e+02,9.232895409684260812e-02,2.932614966696391434e+01,3.173304864113767465e+01,1.637856818980972573e+00,2.549999999934515316e+00,3.173304864113767465e+01,1.637856818980972573e+00,3.048726655298728971e+01,2.387418273890282272e+00
9.006363335940723118e+02,1.186248262603157855e-01,2.932657495440930262e+01,3.173365871401993132e+01,1.637810740339160409e+00,2.549999999934313699e+00,3.173365871401993132e+01,1.637810740339160409e+00,3.048779459193400498e+01,2.387399925216447283e+00
9.007549584203326276e+02,1.186248262603157855e-01,2.932700029745603487e+01,3.173426964900933456e+01,1.637764665721754609e+00,2.549999999934111194e+00,3.173426964900933456e+01,1.637764665721754609e+00,3.048832270189061333e+01,2.387381577073409922e+00
9.009018867916170166e+02,1.469283712843889589e-01,2.932752720319700401e+01,3.173502743968406037e+01,1.637707603474008122e+00,2.549999999933859840e+00,3.173502743968406037e+01,1.637707603474008122e+00,3.048897691565028012e+01,2.387358851851615338e+00
9.010488151629014055e+02,1.469283712843889589e-01,2.932805419417670478e+01,3.173578633703099428e+01,1.637650547526332767e+00,2.549999999933607597e+00,3.173578633703099428e+01,1.637650547526332767e+00,3.048963123797317110e+01,2.387336127443972611e+00
9.012258039273330041e+02,1.769887644315986108e-01,2.932868911651419808e+01,3.173670185240732167e+01,1.637581826811215224e+00,2.549999999933302064e+00,3.173670185240732167e+01,1.637581826811215224e+00,3.049041957340786979e+01,2.387308754881556361e+00
9.014027926917646028e+02,1.769887644315986108e-01,2.932932416242930529e+01,3.173761874001569439e+01,1.637513115372045913e+00,2.549999999932995642e+00,3.173761874001569439e+01,1.637513115372045913e+00,3.049120806581090193e+01,2.387281383500222454e+00
9.015797814561962014e+02,1.769887644315986108e-01,2.932995933186326809e+01,3.173853690784086723e+01,1.637444413260859433e+00,2.549999999932687889e+00,3.173853690784086723e+01,1.637444413260859433e+00,3.049199671490735142e+01,2.387254013299812794e+00
9.018030602098126565e+02,2.232787536164551057e-01,2.933076080086916448e+01,3.173969692475848348e+01,1.637357756036087686e+00,2.549999999932297978e+00,3.173969692475848348e+01,1.637357756036087686e+00,3.049299185196550610e+01,2.387219486327770923e+00
9.020263389634291116e+02,2.232787536164551057e-01,2.933156246624191255e+01,3.174085873268586511e+01,1.637271113793217658e+00,2.549999999931905847e+00,3.174085873268586511e+01,1.637271113793217658e+00,3.049398723750564955e+01,2.387184961234582126e+00
9.022496177170455667e+02,2.232787536164551057e-01,2.933236432786306480e+01,3.174202222684342800e+01,1.637184486588829202e+00,2.549999999931511052e+00,3.174202222684342800e+01,1.637184486588829202e+00,3.049498287107299888e+01,2.387150438019925769e+00
9.025220992991532967e+02,2.724815821077299915e-01,2.933334315745200627e+01,3.174344427104359312e+01,1.637078790220434010e+00,2.549999999931027439e+00,3.174344427104359312e+01,1.637078790220434010e+00,3.049619824286910585e+01,2.387108309640767256e+00
9.027945808812610267e+02,2.724815821077299915e-01,2.933432227891929500e+01,3.174486855840858013e+01,1.636973116388884542e+00,2.549999999930540273e+00,3.174486855840858013e+01,1.636973116388884542e+00,3.049741398267341808e+01,2.387066184058219243e+00
9.030670624633687567e+02,2.724815821077299915e-01,2.933530169204864890e+01,3.174629497278336387e+01,1.636867465152536782e+00,2.549999999930050443e+00,3.174629497278336387e+01,1.636867465152536782e+00,3.049863008978825363e+01,2.387024061271690645e+00
9.033395440454764866e+02,2.724815821077299915e-01,2.933628139662343415e+01,3.174772341394410446e+01,1.636761836560209238e+00,2.549999999929556616e+00,3.174772341394410446e+01,1.636761836560209238e+00,3.049984656355037771e+01,2.386981941280590380e+00
9.036799707614025010e+02,3.404267159260143671e-01,2.933750580637721583e+01,3.174951076212701651e+01,1.636629900640614643e+00,2.549999999928935779e+00,3.174951076212701651e+01,1.636629900640614643e+00,3.050136688753402581e+01,2.386929322310554991e+00
9.040203974773285154e+02,3.404267159260143671e-01,2.933873067028332571e+01,3.175130098875085238e+01,1.636498000197363467e+00,2.549999999928310057e+00,3.175130098875085238e+01,1.636498000197363467e+00,3.050288778165000636e+01,2.386876707701798495e+00
9.043608241932545297e+02,3.404267159260143671e-01,2.933995598791701553e+01,3.175309396417977581e+01,1.636366135286276169e+00,2.549999999927679006e+00,3.175309396417977581e+01,1.636366135286276169e+00,3.050440924477571158e+01,2.386824097453159155e+00
9.047012509091805441e+02,3.404267159260143671e-01,2.934118175885274482e+01,3.175488957435492665e+01,1.636234305953859103e+00,2.549999999927042627e+00,3.175488957435492665e+01,1.636234305953859103e+00,3.050593127583709929e+01,2.386771491563475678e+00
9.051137054097133614e+02,4.124545005328172920e-01,2.934266748618534848e+01,3.175706848665989668e+01,1.636074631777111543e+00,2.549999999926265470e+00,3.175706848665989668e+01,1.636074631777111543e+00,3.050777609899042986e+01,2.386707761111548809e+00
9.055261599102461787e+02,4.124545005328172920e-01,2.934415387754706117e+01,3.175925095839512480e+01,1.635915009941163900e+00,2.549999999925480321e+00,3.175925095839512480e+01,1.635915009941163900e+00,3.050962175256176678e+01,2.386644037054477696e+00
9.059386144107789960e+02,4.124545005328172920e-01,2.934564093217640490e+01,3.176143684794751110e+01,1.635755440492138391e+00,2.549999999924687621e+00,3.176143684794751110e+01,1.635755440492138391e+00,3.051146823486447346e+01,2.386580319390187999e+00
9.063510689113118133e+02,4.124545005328172920e-01,2.934712864931026743e+01,3.176362602881652819e+01,1.635595923467139778e+00,2.549999999923887373e+00,3.176362602881652819e+01,1.635595923467139778e+00,3.051331554427670767e+01,2.386516608116604932e+00
9.067635234118446306e+02,4.124545005328172920e-01,2.934861702818395202e+01,3.176581838711031480e+01,1.635436458895755285e+00,2.549999999923079130e+00,3.176581838711031480e+01,1.635436458895755285e+00,3.051516367923462880e+01,2.386452903231652378e+00
9.072692948889854279e+02,5.057714771407972876e-01,2.935044305182299951e+01,3.176851094822691834e+01,1.635240987426384240e+00,2.549999999922077709e+00,3.176851094822691834e+01,1.635240987426384240e+00,3.051743107552672996e+01,2.386374793965616359e+00
9.077750663661262251e+02,5.057714771407972876e-01,2.935227006794138660e+01,3.177120796051278973e+01,1.635045594897218901e+00,2.549999999921063853e+00,3.177120796051278973e+01,1.635045594897218901e+00,3.051969970821907197e+01,2.386296694299105514e+00
9.082808378432670224e+02,5.057714771407972876e-01,2.935409807511982905e+01,3.177390926915894198e+01,1.634850281329977673e+00,2.549999999920038007e+00,3.177390926915894198e+01,1.634850281329977673e+00,3.052196957471847227e+01,2.386218604228286910e+00
9.087866093204078197e+02,5.057714771407972876e-01,2.935592707193587003e+01,3.177661473387392377e+01,1.634655046737765183e+00,2.549999999918999727e+00,3.177661473387392377e+01,1.634655046737765183e+00,3.052424067251915218e+01,2.386140523749325393e+00
9.092923807975486170e+02,5.057714771407972876e-01,2.935775705696391213e+01,3.177932422675714363e+01,1.634459891126348152e+00,2.549999999917949900e+00,3.177932422675714363e+01,1.634459891126348152e+00,3.052651299919474681e+01,2.386062452858387140e+00
9.097981522746894143e+02,5.057714771407972876e-01,2.935958802877539142e+01,3.178203763058440146e+01,1.634264814495182128e+00,2.549999999916887194e+00,3.178203763058440146e+01,1.634264814495182128e+00,3.052878655239152650e+01,2.385984391551636552e+00
9.104204021925265806e+02,6.222499178371663220e-01,2.936184202246948161e+01,3.178538113431299550e+01,1.634024920346567544e+00,2.549999999915562476e+00,3.178538113431299550e+01,1.634024920346567544e+00,3.053158538097853381e+01,2.385888365982205439e+00
9.110426521103637469e+02,6.222499178371663220e-01,2.936409750495462845e+01,3.178873021052219272e+01,1.633785145714781173e+00,2.549999999914218662e+00,3.178873021052219272e+01,1.633785145714781173e+00,3.053438605848040055e+01,2.385792354906787871e+00
9.116649020282009133e+02,6.222499178371663220e-01,2.936635447355320494e+01,3.179208469079145871e+01,1.633545490569460190e+00,2.549999999912855309e+00,3.179208469079145871e+01,1.633545490569460190e+00,3.053718858089349197e+01,2.385696358318245114e+00
9.122871519460380796e+02,6.222499178371663220e-01,2.936861292558176473e+01,3.179544442050566389e+01,1.633305954872169119e+00,2.549999999911471971e+00,3.179544442050566389e+01,1.633305954872169119e+00,3.053999294433187472e+01,2.385600376209440210e+00
9.129094018638752459e+02,6.222499178371663220e-01,2.937087285835129435e+01,3.179880925707965034e+01,1.633066538577461424e+00,2.549999999910068649e+00,3.179880925707965034e+01,1.633066538577461424e+00,3.054279914501797677e+01,2.385504408573239310e+00
9.135316517817124122e+02,6.222499178371663220e-01,2.937313426916753656e+01,3.180217906848674048e+01,1.632827241633764359e+00,2.549999999908644899e+00,3.180217906848674048e+01,1.632827241633764359e+00,3.054560717927432734e+01,2.385408455402513006e+00
9.141539016995495786e+02,6.222499178371663220e-01,2.937539715533124252e+01,3.180555373202753700e+01,1.632588063984114157e+00,2.549999999907200721e+00,3.180555373202753700e+01,1.632588063984114157e+00,3.054841704351630938e+01,2.385312516690130558e+00
9.149177182079735076e+02,7.638165084239290081e-01,2.937817687834497704e+01,3.180970262310268737e+01,1.632294634600087946e+00,2.549999999905399051e+00,3.180970262310268737e+01,1.632294634600087946e+00,3.055186866996222861e+01,2.385194770946871046e+00
9.156815347163974366e+02,7.638165084239290081e-01,2.938095881529053344e+01,3.181385845678871149e+01,1.632001384749263817e+00,2.549999999903565850e+00,3.181385845678871149e+01,1.632001384749263817e+00,3.055532304221373607e+01,2.385077046965180081e+00
9.164453512248213656e+02,7.638165084239290081e-01,2.938374296114840689e+01,3.181802105129698788e+01,1.631708314300461149e+00,2.549999999901700232e+00,3.181802105129698788e+01,1.631708314300461149e+00,3.055878015413509630e+01,2.384959344731897080e+00
9.172091677332452946e+02,7.638165084239290081e-01,2.938652931089055187e+01,3.182219023785259893e+01,1.631415423115154972e+00,2.549999999899801306e+00,3.182219023785259893e+01,1.631415423115154972e+00,3.056223999974742966e+01,2.384841664233873004e+00
9.179729842416692236e+02,7.638165084239290081e-01,2.938931785948113173e+01,3.182636585922965722e+01,1.631122711048354157e+00,2.549999999897869074e+00,3.182636585922965722e+01,1.631122711048354157e+00,3.056570257321771678e+01,2.384724005457968588e+00
9.187368007500931526e+02,7.638165084239290081e-01,2.939210860187724350e+01,3.183054776850731571e+01,1.630830177949347037e+00,2.549999999895903091e+00,3.183054776850731571e+01,1.630830177949347037e+00,3.056916786884911730e+01,2.384606368391055664e+00
9.195006172585170816e+02,7.638165084239290081e-01,2.939490153302965680e+01,3.183473582800547064e+01,1.630537823662339347e+00,2.549999999893902025e+00,3.183473582800547064e+01,1.630537823662339347e+00,3.057263588107212016e+01,2.384488753020014951e+00
9.202644337669410106e+02,7.638165084239290081e-01,2.939769664788351733e+01,3.183892990836808323e+01,1.630245648027002670e+00,2.549999999891866320e+00,3.183892990836808323e+01,1.630245648027002670e+00,3.057610660443675243e+01,2.384371159331742707e+00
9.211965882701257442e+02,9.321545031847335849e-01,2.940111073111280504e+01,3.184405630557832012e+01,1.629889321432657301e+00,2.549999999889333679e+00,3.184405630557832012e+01,1.629889321432657301e+00,3.058034590817503684e+01,2.384227678455794752e+00
9.221287427733104778e+02,9.321545031847335849e-01,2.940452804990392011e+01,3.184919128118510656e+01,1.629533260362658220e+00,2.549999999886746416e+00,3.184919128118510656e+01,1.629533260362658220e+00,3.058458923232905491e+01,2.384084229829873003e+00
9.230608972764952114e+02,9.321545031847335849e-01,2.940794859504431003e+01,3.185433464097848955e+01,1.629177464503832606e+00,2.549999999884104529e+00,3.185433464097848955e+01,1.629177464503832606e+00,3.058883656762948533e+01,2.383940813430228900e+00
9.239930517796799450e+02,9.321545031847335849e-01,2.941137235731564203e+01,3.185948620291875955e+01,1.628821933536722000e+00,2.549999999881406243e+00,3.185948620291875955e+01,1.628821933536722000e+00,3.059308790501251352e+01,2.383797429233144971e+00
9.249252062828646785e+02,9.321545031847335849e-01,2.941479932749559012e+01,3.186464579593792124e+01,1.628466667136299506e+00,2.549999999878650225e+00,3.186464579593792124e+01,1.628466667136299506e+00,3.059734323560720171e+01,2.383654077214930833e+00
9.258573607860494121e+02,9.321545031847335849e-01,2.941822949635951190e+01,3.186981325889978223e+01,1.628111664972592632e+00,2.549999999875836476e+00,3.186981325889978223e+01,1.628111664972592632e+00,3.060160255072412028e+01,2.383510757351926745e+00
9.267895152892341457e+02,9.321545031847335849e-01,2.942166285468213260e+01,3.187498843969264328e+01,1.627756926711225960e+00,2.549999999872962775e+00,3.187498843969264328e+01,1.627756926711225960e+00,3.060586584184491699e+01,2.383367469620500501e+00
9.277216697924188793e+02,9.321545031847335849e-01,2.942509939323917578e+01,3.188017119443367875e+01,1.627402452013896550e+00,2.549999999870028677e+00,3.188017119443367875e+01,1.627402452013896550e+00,3.061013310061295911e+01,2.383224213997052754e+00
9.286538242956036129e+02,9.321545031847335849e-01,2.942853910280895491e+01,3.188536138676785825e+01,1.627048240538793156e+00,2.549999999867032852e+00,3.188536138676785825e+01,1.627048240538793156e+00,3.061440431882468971e+01,2.383080990458013471e+00
9.297824421197221909e+02,1.128617824118578028e+00,2.943270800529955977e+01,3.189165524681493835e+01,1.626619726317137138e+00,2.549999999863321154e+00,3.189165524681493835e+01,1.626619726317137138e+00,3.061958103776382600e+01,2.382907623657907870e+00
9.309110599438407689e+02,1.128617824118578028e+00,2.943688152646286227e+01,3.189795960317974988e+01,1.626191596841540132e+00,2.549999999859515309e+00,3.189795960317974988e+01,1.626191596841540132e+00,3.062476353519532069e+01,2.382734303815589261e+00
9.320396777679593470e+02,1.128617824118578028e+00,2.944105964996590075e+01,3.190427425087301572e+01,1.625763851489013145e+00,2.549999999855612653e+00,3.190427425087301572e+01,1.625763851489013145e+00,3.062995179736502394e+01,2.382561030889406073e+00
9.331682955920779250e+02,1.128617824118578028e+00,2.944524235949544533e+01,3.191059899619827078e+01,1.625336489631941106e+00,2.549999999851610966e+00,3.191059899619827078e+01,1.625336489631941106e+00,3.063514581078247190e+01,2.382387804837772016e+00
9.342969134161965030e+02,1.128617824118578028e+00,2.944942963876172826e+01,3.191693365577627617e+01,1.624909510638663956e+00,2.549999999847508914e+00,3.191693365577627617e+01,1.624909510638663956e+00,3.064034556220664030e+01,2.382214625619171411e+00
9.354255312403150810e+02,1.128617824118578028e+00,2.945362147150206766e+01,3.192327805568289989e+01,1.624482913873989132e+00,2.549999999843302945e+00,3.192327805568289989e+01,1.624482913873989132e+00,3.064555103863282426e+01,2.382041493192156523e+00
9.365541490644336591e+02,1.128617824118578028e+00,2.945781784148452687e+01,3.192963203068408973e+01,1.624056698699645418e+00,2.549999999838991727e+00,3.192963203068408973e+01,1.624056698699645418e+00,3.065076222728067989e+01,2.381868407515348895e+00
9.376827668885522371e+02,1.128617824118578028e+00,2.946201873251158077e+01,3.193599542355426024e+01,1.623630864474686186e+00,2.549999999834572595e+00,3.193599542355426024e+01,1.623630864474686186e+00,3.065597911558317179e+01,2.381695368547437575e+00
9.388113847126708151e+02,1.128617824118578028e+00,2.946622412842381067e+01,3.194236808446687093e+01,1.623205410555850214e+00,2.549999999830042885e+00,3.194236808446687093e+01,1.623205410555850214e+00,3.066120169117635186e+01,2.381522376247183548e+00
9.399400025367893932e+02,1.128617824118578028e+00,2.947043401310372346e+01,3.194874987044750725e+01,1.622780336297883874e+00,2.549999999825400376e+00,3.194874987044750725e+01,1.622780336297883874e+00,3.066642994189000149e+01,2.381349430573416193e+00
9.411900025367893932e+02,1.250000000000000000e+00,2.947510188782412754e+01,3.195582849868609543e+01,1.622309987879114290e+00,2.549999999820123708e+00,3.195582849868609543e+01,1.622309987879114290e+00,3.067222709685119142e+01,2.381157939063711648e+00
9.424400025367893932e+02,1.250000000000000000e+00,2.947977522728550070e+01,3.196291797572274973e+01,1.621840103502679931e+00,2.549999999814701823e+00,3.196291797572274973e+01,1.621840103502679931e+00,3.067803118255956463e+01,2.380966504642966441e+00
9.436900025367893932e+02,1.250000000000000000e+00,2.948445400980724784e+01,3.197001813262659553e+01,1.621370682285808051e+00,2.549999999809131612e+00,3.197001813262659553e+01,1.621370682285808051e+00,3.068384218323813784e+01,2.380775127255548185e+00
9.449400025367893932e+02,1.250000000000000000e+00,2.948913821379878186e+01,3.197712880810193781e+01,1.620901723344297274e+00,2.549999999803409079e+00,3.197712880810193781e+01,1.620901723344297274e+00,3.068966008335191020e+01,2.380583806845929740e+00
9.461900025367893932e+02,1.250000000000000000e+00,2.949382781776761320e+01,3.198424984794700165e+01,1.620433225792832443e+00,2.549999999797530226e+00,3.198424984794700165e+01,1.620433225792832443e+00,3.069548486759705952e+01,2.380392543358692770e+00
9.474400025367893932e+02,1.250000000000000000e+00,2.949852280032797580e+01,3.199138110456438255e+01,1.619965188745269291e+00,2.549999999791491945e+00,3.199138110456438255e+01,1.619965188745269291e+00,3.070131652089080987e+01,2.380201336738521523e+00
9.486900025367893932e+02,1.250000000000000000e+00,2.950322314021008552e+01,3.199852243651710992e+01,1.619497611314889562e+00,2.549999999785289351e+00,3.199852243651710992e+01,1.619497611314889562e+00,3.070715502836222655e+01,2.380010186930211713e+00
9.499400025367893932e+02,1.250000000000000000e+00,2.950792881626986031e+01,3.200567370812491674e+01,1.619030492614634387e+00,2.549999999778919335e+00,3.200567370812491674e+01,1.619030492614634387e+00,3.071300037534341598e+01,2.379819093878659864e+00
9.511900025367893932e+02,1.250000000000000000e+00,2.951263980749933680e+01,3.201283478909621749e+01,1.618563831757312776e+00,2.549999999772377457e+00,3.201283478909621749e+01,1.618563831757312776e+00,3.071885254736136162e+01,2.379628057528873075e+00
9.524400025367893932e+02,1.250000000000000000e+00,2.951735609303759844e+01,3.202000555419188288e+01,1.618097627855795251e+00,2.549999999765659719e+00,3.202000555419188288e+01,1.618097627855795251e+00,3.072471153013025003e+01,2.379437077825963254e+00
9.536900025367893932e+02,1.250000000000000000e+00,2.952207765218227564e+01,3.202718588291722313e+01,1.617631880023186142e+00,2.549999999758761682e+00,3.202718588291722313e+01,1.617631880023186142e+00,3.073057730954435840e+01,2.379246154715147554e+00
9.549400025367893932e+02,1.250000000000000000e+00,2.952680446440152551e+01,3.203437565923942287e+01,1.617166587372984132e+00,2.549999999751678903e+00,3.203437565923942287e+01,1.617166587372984132e+00,3.073644987167128662e+01,2.379055288141752378e+00
9.561900025367893932e+02,1.250000000000000000e+00,2.953153650934655161e+01,3.204157477132758913e+01,1.616701749019226808e+00,2.549999999744407830e+00,3.204157477132758913e+01,1.616701749019226808e+00,3.074232920274556591e+01,2.378864478051209375e+00
9.574400025367893932e+02,1.250000000000000000e+00,2.953627376686445416e+01,3.204878311131329838e+01,1.616237364076622995e+00,2.549999999736942691e+00,3.204878311131329838e+01,1.616237364076622995e+00,3.074821528916274005e+01,2.378673724389053667e+00
9.586900025367893932e+02,1.250000000000000000e+00,2.954101621701147806e+01,3.205600057506953249e+01,1.615773431660676218e+00,2.549999999729279931e+00,3.205600057506953249e+01,1.615773431660676218e+00,3.075410811747367035e+01,2.378483027100932734e+00
9.599400025367893932e+02,1.250000000000000000e+00,2.954576384006651324e+01,3.206322706200625561e+01,1.615309950887795276e+00,2.549999999721414667e+00,3.206322706200625561e+01,1.615309950887795276e+00,3.076000767437924566e+01,2.378292386132593084e+00
9.600000000000000000e+02,5.999746321060683840e-02,2.954599184610586349e+01,3.206357414397170658e+01,1.615287716095365589e+00,2.549999999721031418e+00,3.206357414397170658e+01,1.615287716095365589e+00,3.076029101014167111e+01,2.378283237168568043e+00
9.600030432045246016e+02,3.043204524601605954e-03,2.954600341139467190e+01,3.206359173102007531e+01,1.615286588330654860e+00,2.549999999721011879e+00,3.206359173102007531e+01,1.615286588330654860e+00,3.076030538194527963e+01,2.378282773116257687e+00
9.600075416774465111e+02,4.498472921909524302e-03,2.954602050729090124e+01,3.206361770245597143e+01,1.615284921278981489e+00,2.549999999720983457e+00,3.206361770245597143e+01,1.615284921278981489e+00,3.076032662635542536e+01,2.378282087153529734e+00
9.600165604251718605e+02,9.018747725349385291e-03,2.954605478213973413e+01,3.206366971730940918e+01,1.615281579130901202e+00,2.549999999720925725e+00,3.206366971730940918e+01,1.615281579130901202e+00,3.076036921803781965e+01,2.378280711905762512e+00
9.600308550842055411e+02,1.429465903368054569e-02,2.954610910811134161e+01,3.206375205869674261e+01,1.615276281927363611e+00,2.549999999720834687e+00,3.206375205869674261e+01,1.615276281927363611e+00,3.076043672531976370e+01,2.378278532152656499e+00
9.600514910777976638e+02,2.063599359212275886e-02,2.954618753512290752e+01,3.206387076606897324e+01,1.615268634956923188e+00,2.549999999720702792e+00,3.206387076606897324e+01,1.615268634956923188e+00,3.076053417930884137e+01,2.378275385440024259e+00
9.600793315584755874e+02,2.784048067792355141e-02,2.954629334498385163e+01,3.206403068221003849e+01,1.615258318527656112e+00,2.549999999720524713e+00,3.206403068221003849e+01,1.615258318527656112e+00,3.076066565558629762e+01,2.378271140164097908e+00
9.601151227982547880e+02,3.579123977920062316e-02,2.954642937606264752e+01,3.206423594953620437e+01,1.615245056335456786e+00,2.549999999720296007e+00,3.206423594953620437e+01,1.615245056335456786e+00,3.076083467740096822e+01,2.378265682552218596e+00
9.601595143960772702e+02,4.439159782248225383e-02,2.954659810022406319e+01,3.206449013005138227e+01,1.615228607986968434e+00,2.549999999720011790e+00,3.206449013005138227e+01,1.615228607986968434e+00,3.076104431103940229e+01,2.378258913583013445e+00
9.602130801420537409e+02,5.356574597647068003e-02,2.954680170225415381e+01,3.206479632851295491e+01,1.615208761278563276e+00,2.549999999719668953e+00,3.206479632851295491e+01,1.615208761278563276e+00,3.076129726430350075e+01,2.378250745806311350e+00
9.602666458880302116e+02,5.356574597647068003e-02,2.954700531373991268e+01,3.206510204173604706e+01,1.615188915555735960e+00,2.549999999719324784e+00,3.206510204173604706e+01,1.615188915555735960e+00,3.076155021309830673e+01,2.378242578133730412e+00
9.603388335759938172e+02,7.218768796360564011e-02,2.954727972499321709e+01,3.206551336157679089e+01,1.615162172067055479e+00,2.549999999718861599e+00,3.206551336157679089e+01,1.615162172067055479e+00,3.076189109162645252e+01,2.378231571163387681e+00
9.604110212639574229e+02,7.218768796360564011e-02,2.954755415341297109e+01,3.206592399229851509e+01,1.615135430307755415e+00,2.549999999718397081e+00,3.206592399229851509e+01,1.615135430307755415e+00,3.076223196215147127e+01,2.378220564382123925e+00
9.605033285993586105e+02,9.230733540118762903e-02,2.954790509360631745e+01,3.206644817353680565e+01,1.615101237758266084e+00,2.549999999717802446e+00,3.206644817353680565e+01,1.615101237758266084e+00,3.076266782615252282e+01,2.378206490143229601e+00
9.605956359347597981e+02,9.230733540118762903e-02,2.954825606185480780e+01,3.206697144356685669e+01,1.615067047968225644e+00,2.549999999717206478e+00,3.206697144356685669e+01,1.615067047968225644e+00,3.076310367726168948e+01,2.378192416213455562e+00
9.607095649086948015e+02,1.139289739350033415e-01,2.954868927793493327e+01,3.206761614256682691e+01,1.615024853489110290e+00,2.549999999716468846e+00,3.206761614256682691e+01,1.615024853489110290e+00,3.076364160246033208e+01,2.378175046098368828e+00
9.608234938826298048e+02,1.139289739350033415e-01,2.954912253672614497e+01,3.206825968984123421e+01,1.614982663138178287e+00,2.549999999715729881e+00,3.206825968984123421e+01,1.614982663138178287e+00,3.076417950832443182e+01,2.378157676454092151e+00
9.609603624618221147e+02,1.368685791923098805e-01,2.954964308865534051e+01,3.206903141916458821e+01,1.614931983175698749e+00,2.549999999714839927e+00,3.206903141916458821e+01,1.614931983175698749e+00,3.076482569620575802e+01,2.378136810053460781e+00
9.610972310410144246e+02,1.368685791923098805e-01,2.955016370218084631e+01,3.206980174160046460e+01,1.614881309088901595e+00,2.549999999713947751e+00,3.206980174160046460e+01,1.614881309088901595e+00,3.076547185663055117e+01,2.378115944332182430e+00
9.612340996202067345e+02,1.368685791923098805e-01,2.955068437727752340e+01,3.207057075800798884e+01,1.614830640844951759e+00,2.549999999713052912e+00,3.207057075800798884e+01,1.614830640844951759e+00,3.076611798981625157e+01,2.378095079290179381e+00
9.614062781701006770e+02,1.721785498939425452e-01,2.955133946588193439e+01,3.207153644119466662e+01,1.614766909236421411e+00,2.549999999711923149e+00,3.207153644119466662e+01,1.614766909236421411e+00,3.076693077696775802e+01,2.378068832355566542e+00
9.615784567199946196e+02,1.721785498939425452e-01,2.955199465183471119e+01,3.207250032660380867e+01,1.614703186785669375e+00,2.549999999710789389e+00,3.207250032660380867e+01,1.614703186785669375e+00,3.076774352170901494e+01,2.378042586495651811e+00
9.617506352698885621e+02,1.721785498939425452e-01,2.955264993508609095e+01,3.207346252878136283e+01,1.614639473454379859e+00,2.549999999709651632e+00,3.207346252878136283e+01,1.614639473454379859e+00,3.076855622439108728e+01,2.378016341710284198e+00
9.619603206917327043e+02,2.096854218441421835e-01,2.955344809465334421e+01,3.207463220060924414e+01,1.614561893265722192e+00,2.549999999708260745e+00,3.207463220060924414e+01,1.614561893265722192e+00,3.076954590752556840e+01,2.377984381288536397e+00
9.621700061135768465e+02,2.096854218441421835e-01,2.955424639836362388e+01,3.207579966820784279e+01,1.614484326502885647e+00,2.549999999706863640e+00,3.207579966820784279e+01,1.614484326502885647e+00,3.077053552932873615e+01,2.377952422459982618e+00
9.623796915354209887e+02,2.096854218441421835e-01,2.955504484612764315e+01,3.207696505827706801e+01,1.614406773121824346e+00,2.549999999705460318e+00,3.207696505827706801e+01,1.614406773121824346e+00,3.077152509032657335e+01,2.377920465224355073e+00
9.625893769572651308e+02,2.096854218441421835e-01,2.955584343785631063e+01,3.207812848024241958e+01,1.614329233083912962e+00,2.549999999704050779e+00,3.207812848024241958e+01,1.614329233083912962e+00,3.077251459101615083e+01,2.377888509581384646e+00
9.628508447413604472e+02,2.614677840953163468e-01,2.955683944544537667e+01,3.207957659924216642e+01,1.614232562972230056e+00,2.549999999702285081e+00,3.207957659924216642e+01,1.614232562972230056e+00,3.077374836771008049e+01,2.377848664639751863e+00
9.631123125254557635e+02,2.614677840953163468e-01,2.955783567657379862e+01,3.208102196821559460e+01,1.614135913495381214e+00,2.549999999700509612e+00,3.208102196821559460e+01,1.614135913495381214e+00,3.077498205223080419e+01,2.377808822173590020e+00
9.633737803095510799e+02,2.614677840953163468e-01,2.955883213107030372e+01,3.208246472816966133e+01,1.614039284600808477e+00,2.549999999698724817e+00,3.208246472816966133e+01,1.614039284600808477e+00,3.077621564539936472e+01,2.377768982182382196e+00
9.636352480936463962e+02,2.614677840953163468e-01,2.955982880876417696e+01,3.208390500322277461e+01,1.613942676241256313e+00,2.549999999696929365e+00,3.208390500322277461e+01,1.613942676241256313e+00,3.077744914799628617e+01,2.377729144665613248e+00
9.639515963993569585e+02,3.163483057105622720e-01,2.956103498127783524e+01,3.208564441834217718e+01,1.613825817757244874e+00,2.549999999694744890e+00,3.208564441834217718e+01,1.613825817757244874e+00,3.077894143537955429e+01,2.377680948799974381e+00
9.642679447050675208e+02,3.163483057105622720e-01,2.956224147996814366e+01,3.208738053028423565e+01,1.613708989201520172e+00,2.549999999692546204e+00,3.208738053028423565e+01,1.613708989201520172e+00,3.078043359252514932e+01,2.377632756554862947e+00
9.645842930107780830e+02,3.163483057105622720e-01,2.956344830453602057e+01,3.208911349260925761e+01,1.613592190511201396e+00,2.549999999690333308e+00,3.208911349260925761e+01,1.613592190511201396e+00,3.078192562062933391e+01,2.377584567929369896e+00
9.649006413164886453e+02,3.163483057105622720e-01,2.956465545468359579e+01,3.209084344249212251e+01,1.613475421628558060e+00,2.549999999688105312e+00,3.209084344249212251e+01,1.613475421628558060e+00,3.078341752083458616e+01,2.377536382922590175e+00
9.652169896221992076e+02,3.163483057105622720e-01,2.956586293011424971e+01,3.209257050342200301e+01,1.613358682500162011e+00,2.549999999685863106e+00,3.209257050342200301e+01,1.613358682500162011e+00,3.078490929423507794e+01,2.377488201533617840e+00
9.656044510585699072e+02,3.874614363706996301e-01,2.956734228125989006e+01,3.209468202390718261e+01,1.613215741608326814e+00,2.549999999683096430e+00,3.209468202390718261e+01,1.613215741608326814e+00,3.078673623778281154e+01,2.377429194195995965e+00
9.659919124949406068e+02,3.874614363706996301e-01,2.956882211938595972e+01,3.209678956363750757e+01,1.613072845191712679e+00,2.549999999680307550e+00,3.209678956363750757e+01,1.613072845191712679e+00,3.078856299453178380e+01,2.377370192282511230e+00
9.663793739313113065e+02,3.874614363706996301e-01,2.957030244395522089e+01,3.209889328973460465e+01,1.612929993170965082e+00,2.549999999677497353e+00,3.209889328973460465e+01,1.612929993170965082e+00,3.079038956625198153e+01,2.377311195791508069e+00
9.667668353676820061e+02,3.874614363706996301e-01,2.957178325443335609e+01,3.210099335358138006e+01,1.612787185471688201e+00,2.549999999674663620e+00,3.210099335358138006e+01,1.612787185471688201e+00,3.079221595464118977e+01,2.377252204721338025e+00
9.671542968040527057e+02,3.874614363706996301e-01,2.957326455028900014e+01,3.210308989311815253e+01,1.612644422023725710e+00,2.549999999671807682e+00,3.210308989311815253e+01,1.612644422023725710e+00,3.079404216133147187e+01,2.377193219070353525e+00
9.675417582404234054e+02,3.874614363706996301e-01,2.957474633099378281e+01,3.210518303469598322e+01,1.612501702760579469e+00,2.549999999668929096e+00,3.210518303469598322e+01,1.612501702760579469e+00,3.079586818789497826e+01,2.377134238836910107e+00
9.680180412462307231e+02,4.762830058073177497e-01,2.957656845829653136e+01,3.210775152262692700e+01,1.612326327012814309e+00,2.549999999665358619e+00,3.210775152262692700e+01,1.612326327012814309e+00,3.079811256779764506e+01,2.377061745408827864e+00
9.684943242520380409e+02,4.762830058073177497e-01,2.957839131645806319e+01,3.211031524922828595e+01,1.612151017822250010e+00,2.549999999661753947e+00,3.211031524922828595e+01,1.612151017822250010e+00,3.080035668052591902e+01,2.376989260161287643e+00
9.689706072578453586e+02,4.762830058073177497e-01,2.958021490451608670e+01,3.211287439515951547e+01,1.611975775082457485e+00,2.549999999658113303e+00,3.211287439515951547e+01,1.611975775082457485e+00,3.080260052868775134e+01,2.376916783091248320e+00
9.694468902636526764e+02,4.762830058073177497e-01,2.958203922151550458e+01,3.211542912612038236e+01,1.611800598691751407e+00,2.549999999654437133e+00,3.211542912612038236e+01,1.611800598691751407e+00,3.080484411479448781e+01,2.376844314195674102e+00
9.699231732694599941e+02,4.762830058073177497e-01,2.958386426650853096e+01,3.211797959477132736e+01,1.611625488552587582e+00,2.549999999650724991e+00,3.211797959477132736e+01,1.611625488552587582e+00,3.080708744126868837e+01,2.376771853471533635e+00
9.703994562752673119e+02,4.762830058073177497e-01,2.958569003855479096e+01,3.212052594232621772e+01,1.611450444571063789e+00,2.549999999646977322e+00,3.212052594232621772e+01,1.611450444571063789e+00,3.080933051045087012e+01,2.376699400915798233e+00
9.708757392810746296e+02,4.762830058073177497e-01,2.958751653672138815e+01,3.212306829988612833e+01,1.611275466656500566e+00,2.549999999643192350e+00,3.212306829988612833e+01,1.611275466656500566e+00,3.081157332460560383e+01,2.376626956525447198e+00
9.714601856790524153e+02,5.844463979777856366e-01,2.958975882162400239e+01,3.212618275103555021e+01,1.611060841580701286e+00,2.549999999638497883e+00,3.212618275103555021e+01,1.611060841580701286e+00,3.081432513434247156e+01,2.376538071239854943e+00
9.720446320770302009e+02,5.844463979777856366e-01,2.959200219681162380e+01,3.212929158684319475e+01,1.610846315697597175e+00,2.549999999633746572e+00,3.212929158684319475e+01,1.610846315697597175e+00,3.081707656728456257e+01,2.376449198239351190e+00
9.726290784750079865e+02,5.844463979777856366e-01,2.959424666060807851e+01,3.213239500064918985e+01,1.610631888855291072e+00,2.549999999628939307e+00,3.213239500064918985e+01,1.610631888855291072e+00,3.081982762721311531e+01,2.376360337518377275e+00
9.732135248729857722e+02,5.844463979777856366e-01,2.959649221135513031e+01,3.213549317170540576e+01,1.610417560906421519e+00,2.549999999624074754e+00,3.213549317170540576e+01,1.610417560906421519e+00,3.082257831778177604e+01,2.376271489071380305e+00
9.737979712709635578e+02,5.844463979777856366e-01,2.959873884741269734e+01,3.213858626676366725e+01,1.610203331707663166e+00,2.549999999619152025e+00,3.213858626676366725e+01,1.610203331707663166e+00,3.082532864252573646e+01,2.376182652892814939e+00
9.743824176689413434e+02,5.844463979777856366e-01,2.960098656715910082e+01,3.214167444142516672e+01,1.609989201119305324e+00,2.549999999614170676e+00,3.214167444142516672e+01,1.609989201119305324e+00,3.082807860486978413e+01,2.376093828977144273e+00
9.749668640669191291e+02,5.844463979777856366e-01,2.960323536899128882e+01,3.214475784129532343e+01,1.609775169004887818e+00,2.549999999609129819e+00,3.214475784129532343e+01,1.609775169004887818e+00,3.083082820813556779e+01,2.376005017318841173e+00
9.755513104648969147e+02,5.844463979777856366e-01,2.960548525132506725e+01,3.214783660297878498e+01,1.609561235230890563e+00,2.549999999604029899e+00,3.214783660297878498e+01,1.609561235230890563e+00,3.083357745554809881e+01,2.375916217912382056e+00
9.762650145159469730e+02,7.137040510500582968e-01,2.960823418646175753e+01,3.215159016758973110e+01,1.609300120497830111e+00,2.549999999597719391e+00,3.215159016758973110e+01,1.609300120497830111e+00,3.083693425546525546e+01,2.375807796011080608e+00
9.769787185669970313e+02,7.137040510500582968e-01,2.961098472773944934e+01,3.215533722583609944e+01,1.609039151985343974e+00,2.549999999591317845e+00,3.215533722583609944e+01,1.609039151985343974e+00,3.084029053492490391e+01,2.375699392361948270e+00
9.776924226180470896e+02,7.137040510500582968e-01,2.961373687239035846e+01,3.215907798219343761e+01,1.608778329464882750e+00,2.549999999584823485e+00,3.215907798219343761e+01,1.608778329464882750e+00,3.084364629928566615e+01,2.375591006954972162e+00
9.784061266690971479e+02,7.137040510500582968e-01,2.961649061769061575e+01,3.216281262797419771e+01,1.608517652712285084e+00,2.549999999578236309e+00,3.216281262797419771e+01,1.608517652712285084e+00,3.084700155374064323e+01,2.375482639780159388e+00
9.791198307201472062e+02,7.137040510500582968e-01,2.961924596096075035e+01,3.216654134263310993e+01,1.608257121507367993e+00,2.549999999571553211e+00,3.216654134263310993e+01,1.608257121507367993e+00,3.085035630332784606e+01,2.375374290827528601e+00
9.798335347711972645e+02,7.137040510500582968e-01,2.962200289956615507e+01,3.217026429489961004e+01,1.607996735633572705e+00,2.549999999564775077e+00,3.217026429489961004e+01,1.607996735633572705e+00,3.085371055293970599e+01,2.375265960087116213e+00
9.805472388222473228e+02,7.137040510500582968e-01,2.962476143091754111e+01,3.217398164376565717e+01,1.607736494877653355e+00,2.549999999557898800e+00,3.217398164376565717e+01,1.607736494877653355e+00,3.085706430733155514e+01,2.375157647548971518e+00
9.812609428732973811e+02,7.137040510500582968e-01,2.962752155247135022e+01,3.217769353935177179e+01,1.607476399029406311e+00,2.549999999550924379e+00,3.217769353935177179e+01,1.607476399029406311e+00,3.086041757112944239e+01,2.375049353203159797e+00
9.819746469243474394e+02,7.137040510500582968e-01,2.963028326173012417e+01,3.218140012367001646e+01,1.607216447881432142e+00,2.549999999543850038e+00,3.218140012367001646e+01,1.607216447881432142e+00,3.086377034883723169e+01,2.374941077039757431e+00
9.828407857252709618e+02,8.661388009235224672e-01,2.963363695302198408e+01,3.218589142891434562e+01,1.606901169761983272e+00,2.549999999535129014e+00,3.218589142891434562e+01,1.606901169761983272e+00,3.086783857484275018e+01,2.374809699382479433e+00
9.837069245261944843e+02,8.661388009235224672e-01,2.963699297476318861e+01,3.219037533675759022e+01,1.606586104091743739e+00,2.549999999526256556e+00,3.219037533675759022e+01,1.606586104091743739e+00,3.087190609902687655e+01,2.374678348471670031e+00
9.845730633271180068e+02,8.661388009235224672e-01,2.964035132276812945e+01,3.219485206089213847e+01,1.606271250514149651e+00,2.549999999517230442e+00,3.219485206089213847e+01,1.606271250514149651e+00,3.087597292879313571e+01,2.374547024289680675e+00
9.854392021280415292e+02,8.661388009235224672e-01,2.964371199295432646e+01,3.219932180278792799e+01,1.605956608677034270e+00,2.549999999508048010e+00,3.219932180278792799e+01,1.605956608677034270e+00,3.088003907133429138e+01,2.374415726818889016e+00
9.863053409289650517e+02,8.661388009235224672e-01,2.964707498134307428e+01,3.220378475276354635e+01,1.605642178232293604e+00,2.549999999498707925e+00,3.220378475276354635e+01,1.605642178232293604e+00,3.088410453364423702e+01,2.374284456041704683e+00
9.871714797298885742e+02,8.661388009235224672e-01,2.965044028406005694e+01,3.220824109093197762e+01,1.605327958835588653e+00,2.549999999489207081e+00,3.220824109093197762e+01,1.605327958835588653e+00,3.088816932252883873e+01,2.374153211940563946e+00
9.880376185308120967e+02,8.661388009235224672e-01,2.965380789733579547e+01,3.221269098803909969e+01,1.605013950146083834e+00,2.549999999479542812e+00,3.221269098803909969e+01,1.605013950146083834e+00,3.089223344461585796e+01,2.374021994497932386e+00
9.889037573317356191e+02,8.661388009235224672e-01,2.965717781750610627e+01,3.221713460621015912e+01,1.604700151826211840e+00,2.549999999469712453e+00,3.221713460621015912e+01,1.604700151826211840e+00,3.089629690636406423e+01,2.373890803696305341e+00
9.897698961326591416e+02,8.661388009235224672e-01,2.966055004101238168e+01,3.222157209961657998e+01,1.604386563541464694e+00,2.549999999459713784e+00,3.222157209961657998e+01,1.604386563541464694e+00,3.090035971407166926e+01,2.373759639518203013e+00
9.906360349335826641e+02,8.661388009235224672e-01,2.966392456440185299e+01,3.222600361507377897e+01,1.604073184960205900e+00,2.549999999449545030e+00,3.222600361507377897e+01,1.604073184960205900e+00,3.090442187388407902e+01,2.373628501946176250e+00
9.916804926989342448e+02,1.044457765351580747e+00,2.966799688219358444e+01,3.223133973005195685e+01,1.603695567049196136e+00,2.549999999437051468e+00,3.223133973005195685e+01,1.603695567049196136e+00,3.090931949003381973e+01,2.373470401388566131e+00
9.927249504642858255e+02,1.044457765351580747e+00,2.967207253381739207e+01,3.223666758879839733e+01,1.603318253026747353e+00,2.549999999424300334e+00,3.223666758879839733e+01,1.603318253026747353e+00,3.091421618302225482e+01,2.373312339464130893e+00
9.937694082296374063e+02,1.044457765351580747e+00,2.967615151383386518e+01,3.224198741234997811e+01,1.602941242326021865e+00,2.549999999411288520e+00,3.224198741234997811e+01,1.602941242326021865e+00,3.091911196282455876e+01,2.373154316142428222e+00
9.948138659949889870e+02,1.044457765351580747e+00,2.968023381702734653e+01,3.224729941044007120e+01,1.602564534384918637e+00,2.549999999398010253e+00,3.224729941044007120e+01,1.602564534384918637e+00,3.092400683915222359e+01,2.372996331393073088e+00
9.958583237603405678e+02,1.044457765351580747e+00,2.968431943840514364e+01,3.225260378237950221e+01,1.602188128645797294e+00,2.549999999384460203e+00,3.225260378237950221e+01,1.602188128645797294e+00,3.092890082146631414e+01,2.372838385185736865e+00
9.969027815256921485e+02,1.044457765351580747e+00,2.968840837319648429e+01,3.225790071784604862e+01,1.601812024555228309e+00,2.549999999370634374e+00,3.225790071784604862e+01,1.601812024555228309e+00,3.093379391898978881e+01,2.372680477490144657e+00
9.979472392910437293e+02,1.044457765351580747e+00,2.969250061685106701e+01,3.226319039759399487e+01,1.601436221563769857e+00,2.549999999356527436e+00,3.226319039759399487e+01,1.601436221563769857e+00,3.093868614071880785e+01,2.372522608276079303e+00
9.989916970563953100e+02,1.044457765351580747e+00,2.969659616503722788e+01,3.226847299409404002e+01,1.601060719125767084e+00,2.549999999342134060e+00,3.226847299409404002e+01,1.601060719125767084e+00,3.094357749543333114e+01,2.372364777513377376e+00
1.000036154821746891e+03,1.044457765351580747e+00,2.970069501363967390e+01,3.227374867211189269e+01,1.600685516699166921e+00,2.549999999327449807e+00,3.227374867211189269e+01,1.600685516699166921e+00,3.094846799170681351e+01,2.372206985171931404e+00
1.001080612587098472e+03,1.044457765351580747e+00,2.970479715875679005e+01,3.227901758923282216e+01,1.600310613745354660e+00,2.549999999312468013e+00,3.227901758923282216e+01,1.600310613745354660e+00,3.095335763791538852e+01,2.372049231221684984e+00
1.002125070352450052e+03,1.044457765351580747e+00,2.970890259669747735e+01,3.228427989633863859e+01,1.599936009729001851e+00,2.549999999297184683e+00,3.228427989633863859e+01,1.599936009729001851e+00,3.095824644224634881e+01,2.371891515632639447e+00
1.003169528117801633e+03,1.044457765351580747e+00,2.971301132397747224e+01,3.228953573804223254e+01,1.599561704117928862e+00,2.549999999281594043e+00,3.228953573804223254e+01,1.599561704117928862e+00,3.096313441270604017e+01,2.371733838374845416e+00
1.004419528117801633e+03,1.250000000000000000e+00,2.971793294046849354e+01,3.229581758874327591e+01,1.599114129219125102e+00,2.549999999262523076e+00,3.229581758874327591e+01,1.599114129219125102e+00,3.096898321753425165e+01,2.371545181644182598e+00
1.005669528117801633e+03,1.250000000000000000e+00,2.972285925838300713e+01,3.230209060491177553e+01,1.598666980071013599e+00,2.549999999242994253e+00,3.230209060491177553e+01,1.598666980071013599e+00,3.097483085232222066e+01,2.371356579721953128e+00
1.006919528117801633e+03,1.250000000000000000e+00,2.972779027286062359e+01,3.230835500357195400e+01,1.598220255777679677e+00,2.549999999222998692e+00,3.230835500357195400e+01,1.598220255777679677e+00,3.098067732985896328e+01,2.371168032557122274e+00
1.008169528117801633e+03,1.250000000000000000e+00,2.973272597941937789e+01,3.231461099198893550e+01,1.597773955448680061e+00,2.549999999202524847e+00,3.231461099198893550e+01,1.597773955448680061e+00,3.098652266262260113e+01,2.370979540098759220e+00
1.009419528117801633e+03,1.250000000000000000e+00,2.973766637393952905e+01,3.232085876833479432e+01,1.597328078198828605e+00,2.549999999181563393e+00,3.232085876833479432e+01,1.597328078198828605e+00,3.099236686279426323e+01,2.370791102296041508e+00
1.010669528117801633e+03,1.250000000000000000e+00,2.974261145264572193e+01,3.232709852229386627e+01,1.596882623148001779e+00,2.549999999160103670e+00,3.232709852229386627e+01,1.596882623148001779e+00,3.099820994227082949e+01,2.370602719098253264e+00
1.011919528117801633e+03,1.250000000000000000e+00,2.974756121208763560e+01,3.233333043561445663e+01,1.596437589420960146e+00,2.549999999138135465e+00,3.233333043561445663e+01,1.596437589420960146e+00,3.100405191267705973e+01,2.370414390454783859e+00
1.013169528117801633e+03,1.250000000000000000e+00,2.975251564911912894e+01,3.233955468261264343e+01,1.595992976147185827e+00,2.549999999115648563e+00,3.233955468261264343e+01,1.595992976147185827e+00,3.100989278537682381e+01,2.370226116315125253e+00
1.014419528117801633e+03,1.250000000000000000e+00,2.975747476087598642e+01,3.234577143063351201e+01,1.595548782460730841e+00,2.549999999092631420e+00,3.234577143063351201e+01,1.595548782460730841e+00,3.101573257148363538e+01,2.370037896628875984e+00
1.015669528117801633e+03,1.250000000000000000e+00,2.976243854475239559e+01,3.235198084047414824e+01,1.595105007500081662e+00,2.549999999069072487e+00,3.235198084047414824e+01,1.595105007500081662e+00,3.102157128187057111e+01,2.369849731345735844e+00
1.016919528117801633e+03,1.250000000000000000e+00,2.976740699837622728e+01,3.235818306677234091e+01,1.594661650408028208e+00,2.549999999044961552e+00,3.235818306677234091e+01,1.594661650408028208e+00,3.102740892717957877e+01,2.369661620415511649e+00
1.018169528117801633e+03,1.250000000000000000e+00,2.977238011958327490e+01,3.236437825836461712e+01,1.594218710331548383e+00,2.549999999020285735e+00,3.236437825836461712e+01,1.594218710331548383e+00,3.103324551783023466e+01,2.369473563788108805e+00
1.019419528117801633e+03,1.250000000000000000e+00,2.977735790639060198e+01,3.237056655861631782e+01,1.593776186421697050e+00,2.549999998995035266e+00,3.237056655861631782e+01,1.593776186421697050e+00,3.103908106402803924e+01,2.369285561413535302e+00
1.020000000000000000e+03,5.804718821983669841e-01,2.977967106445650813e+01,3.237343796169933086e+01,1.593570829537692912e+00,2.549999998983110139e+00,3.237343796169933086e+01,1.593570829537692912e+00,3.104179060808996127e+01,2.369198275772429252e+00
1.020003046624925673e+03,3.046624925673313555e-03,2.977968320779218203e+01,3.237345305561682807e+01,1.593569751956800618e+00,2.549999998983046634e+00,3.237345305561682807e+01,1.593569751956800618e+00,3.104180482867120716e+01,2.369197817681825136e+00
1.020007137333496189e+03,4.090708570515744213e-03,2.977969951271361282e+01,3.237347335569867823e+01,1.593568305097339932e+00,2.549999998982962257e+00,3.237347335569867823e+01,1.593568305097339932e+00,3.104182392278883995e+01,2.369197202603286811e+00
1.020015112056623821e+03,7.974723127631477837e-03,2.977973129885019432e+01,3.237351299536587135e+01,1.593565484510051977e+00,2.549999998982797500e+00,3.237351299536587135e+01,1.593565484510051977e+00,3.104186114663279028e+01,2.369196003526380601e+00
1.020027496180391495e+03,1.238412376767428213e-02,2.977978066062030038e+01,3.237357467290377144e+01,1.593561104414083607e+00,2.549999998982541705e+00,3.237357467290377144e+01,1.593561104414083607e+00,3.104191895338367502e+01,2.369194141457760860e+00
1.020045115071921714e+03,1.761889153021911625e-02,2.977985088839400518e+01,3.237366260927119299e+01,1.593554872958006019e+00,2.549999998982177551e+00,3.237366260927119299e+01,1.593554872958006019e+00,3.104200119717947004e+01,2.369191492302171298e+00
1.020068643484927520e+03,2.352841300580621464e-02,2.977994467258656641e+01,3.237378030899405701e+01,1.593546551600065309e+00,2.549999998981691274e+00,3.237378030899405701e+01,1.593546551600065309e+00,3.104211103013109607e+01,2.369187954614863312e+00
1.020098665628459003e+03,3.002214353148247028e-02,2.978006434317085294e+01,3.237393085485878430e+01,1.593535933869425492e+00,2.549999998981069993e+00,3.237393085485878430e+01,1.593535933869425492e+00,3.104225118293689079e+01,2.369183440570695076e+00
1.020135691635251987e+03,3.702600679298484465e-02,2.978021193539955647e+01,3.237411698637556867e+01,1.593522839548108916e+00,2.549999998980303495e+00,3.237411698637556867e+01,1.593522839548108916e+00,3.104242404196658356e+01,2.369177873488907959e+00
1.020180173374746232e+03,4.448173949424472085e-02,2.978038925291060934e+01,3.237434117558061075e+01,1.593507109084410400e+00,2.549999998979382454e+00,3.237434117558061075e+01,1.593507109084410400e+00,3.104263172327191711e+01,2.369171185456387274e+00
1.020224655114240477e+03,4.448173949424472085e-02,2.978056657632615156e+01,3.237456591372480119e+01,1.593491379251894102e+00,2.549999998978460081e+00,3.237456591372480119e+01,1.593491379251894102e+00,3.104283942044014566e+01,2.369164497492969979e+00
1.020284257205058452e+03,5.960209081797529507e-02,2.978080418524531581e+01,3.237486780426050359e+01,1.593470303462999560e+00,2.549999998977223292e+00,3.237486780426050359e+01,1.593470303462999560e+00,3.104311774340366981e+01,2.369155536247545157e+00
1.020343859295876427e+03,5.960209081797529507e-02,2.978104180476503160e+01,3.237517047272604742e+01,1.593449228767903847e+00,2.549999998975985172e+00,3.237517047272604742e+01,1.593449228767903847e+00,3.104339609474142136e+01,2.369146575126176213e+00
1.020419768987749308e+03,7.590969187288010289e-02,2.978134445420280940e+01,3.237555696525808457e+01,1.593422389432203268e+00,2.549999998974406878e+00,3.237555696525808457e+01,1.593422389432203268e+00,3.104375064619585345e+01,2.369135162351088564e+00
1.020495678679622188e+03,7.590969187288010289e-02,2.978164712083483678e+01,3.237594448723698548e+01,1.593395551826440881e+00,2.549999998972825477e+00,3.237594448723698548e+01,1.593395551826440881e+00,3.104410524349558997e+01,2.369123749777205301e+00
1.020589090098343490e+03,9.341141872130265256e-02,2.978201959383600439e+01,3.237642264306346362e+01,1.593362528896526742e+00,2.549999998970876813e+00,3.237642264306346362e+01,1.593362528896526742e+00,3.104454165948412481e+01,2.369109706198167409e+00
1.020682501517064793e+03,9.341141872130265256e-02,2.978239209287277234e+01,3.237690210330877960e+01,1.593329508537457029e+00,2.549999998968924597e+00,3.237690210330877960e+01,1.593329508537457029e+00,3.104497814461353400e+01,2.369095662923767165e+00
1.020775912935786096e+03,9.341141872130265256e-02,2.978276461794446206e+01,3.237738277000593712e+01,1.593296490730349069e+00,2.549999998966969716e+00,3.237738277000593712e+01,1.593296490730349069e+00,3.104541469874649096e+01,2.369081619953980589e+00
1.020896425952932191e+03,1.205130171460950805e-01,2.978324526274741402e+01,3.237800454829081076e+01,1.593253897161469146e+00,2.549999998964441961e+00,3.237800454829081076e+01,1.593253897161469146e+00,3.104597801273280666e+01,2.369063503125762526e+00
1.021016938970078286e+03,1.205130171460950805e-01,2.978372595088129771e+01,3.237862806408653427e+01,1.593211307787645525e+00,2.549999998961908876e+00,3.237862806408653427e+01,1.593211307787645525e+00,3.104654144110460123e+01,2.369045386804470077e+00
1.021137451987224381e+03,1.205130171460950805e-01,2.978420668234465651e+01,3.237925320381103944e+01,1.593168722586627339e+00,2.549999998959370462e+00,3.237925320381103944e+01,1.593168722586627339e+00,3.104710498362460669e+01,2.369027270990055722e+00
1.021287002431334599e+03,1.495504441102184501e-01,2.978480330556340050e+01,3.238003108677892072e+01,1.593115882320845111e+00,2.549999998956212099e+00,3.238003108677892072e+01,1.593115882320845111e+00,3.104780446923621540e+01,2.369004790902612179e+00
1.021436552875444818e+03,1.495504441102184501e-01,2.978539999550251594e+01,3.238081117333251768e+01,1.593063048422125094e+00,2.549999998953044855e+00,3.238081117333251768e+01,1.593063048422125094e+00,3.104850412988944441e+01,2.368982311595569268e+00
1.021586103319555036e+03,1.495504441102184501e-01,2.978599675215927078e+01,3.238159333602131795e+01,1.593010220864890858e+00,2.549999998949869173e+00,3.238159333602131795e+01,1.593010220864890858e+00,3.104920396520935100e+01,2.368959833068838616e+00
1.021766478827403716e+03,1.803755078486801722e-01,2.978671659996415144e+01,3.238253932511697997e+01,1.592946512993959063e+00,2.549999998946027358e+00,3.238253932511697997e+01,1.592946512993959063e+00,3.105004828118165605e+01,2.368932722347344200e+00
1.021946854335252397e+03,1.803755078486801722e-01,2.978743654481588621e+01,3.238348801329675553e+01,1.592882814282662318e+00,2.549999998942173107e+00,3.238348801329675553e+01,1.592882814282662318e+00,3.105089285014312139e+01,2.368905612760693558e+00
1.022127229843101077e+03,1.803755078486801722e-01,2.978815658670976774e+01,3.238443926045919596e+01,1.592819124701920996e+00,2.549999998938305534e+00,3.238443926045919596e+01,1.592819124701920996e+00,3.105173767153802444e+01,2.368878504308727262e+00
1.022307605350949757e+03,1.803755078486801722e-01,2.978887672564112066e+01,3.238539294484914421e+01,1.592755444226125361e+00,2.549999998934425527e+00,3.238539294484914421e+01,1.592755444226125361e+00,3.105258274483827918e+01,2.368851396991289882e+00
1.022530439938137420e+03,2.228345871876626916e-01,2.978976651400783382e+01,3.238657432651140056e+01,1.592676786368907749e+00,2.549999998929614264e+00,3.238657432651140056e+01,1.592676786368907749e+00,3.105362708931242466e+01,2.368817910375294211e+00
1.022753274525325082e+03,2.228345871876626916e-01,2.979065645045683652e+01,3.238775908797463643e+01,1.592598142334529232e+00,2.549999998924783462e+00,3.238775908797463643e+01,1.592598142334529232e+00,3.105467181656984721e+01,2.368784425490272127e+00
1.022976109112512745e+03,2.228345871876626916e-01,2.979154653497946725e+01,3.238894707414770835e+01,1.592519512088797162e+00,2.549999998919933120e+00,3.238894707414770835e+01,1.592519512088797162e+00,3.105571692574813980e+01,2.368750942335929643e+00
1.023198943699700408e+03,2.228345871876626916e-01,2.979243676756710713e+01,3.239013814784636480e+01,1.592440895600909068e+00,2.549999998915062793e+00,3.239013814784636480e+01,1.592440895600909068e+00,3.105676241602294496e+01,2.368717460911970107e+00
1.023466651617520370e+03,2.677079178199619491e-01,2.979350646658454949e+01,3.239157298493270076e+01,1.592346465865421612e+00,2.549999998909185273e+00,3.239157298493270076e+01,1.592346465865421612e+00,3.105801894480059744e+01,2.368677239451650873e+00
1.023734359535340332e+03,2.677079178199619491e-01,2.979457637927737323e+01,3.239301191284728532e+01,1.592252055902139585e+00,2.549999998903279330e+00,3.239301191284728532e+01,1.592252055902139585e+00,3.105927602116307185e+01,2.368637020487864842e+00
1.024002067453160180e+03,2.677079178198482623e-01,2.979564650563087014e+01,3.239445476323284367e+01,1.592157665670822730e+00,2.549999998897344522e+00,3.239445476323284367e+01,1.592157665670822730e+00,3.106053364385312321e+01,2.368596804020104862e+00
1.024269775370979914e+03,2.677079178197345755e-01,2.979671684563038170e+01,3.239590138509786499e+01,1.592063295134525269e+00,2.549999998891380404e+00,3.239590138509786499e+01,1.592063295134525269e+00,3.106179181166353942e+01,2.368556590047864674e+00
1.024537483288799649e+03,2.677079178197345755e-01,2.979778739926129205e+01,3.239735164203990792e+01,1.591968944259067875e+00,2.549999998885386532e+00,3.239735164203990792e+01,1.591968944259067875e+00,3.106305052343214967e+01,2.368516378570638903e+00
1.024863243888722536e+03,3.257605999228871951e-01,2.979909039144979133e+01,3.239912111284745322e+01,1.591854159791133538e+00,2.549999998878054619e+00,3.239912111284745322e+01,1.591854159791133538e+00,3.106458291994841048e+01,2.368467450566027033e+00
1.025189004488645423e+03,3.257605999228871951e-01,2.980039369992000431e+01,3.240089558071757381e+01,1.591739404335143826e+00,2.549999998870678297e+00,3.240089558071757381e+01,1.591739404335143826e+00,3.106611611831263886e+01,2.368418526254191914e+00
1.025514765088568311e+03,3.257605999228871951e-01,2.980169732464568710e+01,3.240267486278898446e+01,1.591624677841466662e+00,2.549999998863258455e+00,3.240267486278898446e+01,1.591624677841466662e+00,3.106765011665152088e+01,2.368369605634225827e+00
1.025840525688491198e+03,3.257605999228871951e-01,2.980300126560057805e+01,3.240445879288441944e+01,1.591509980263644541e+00,2.549999998855794647e+00,3.240445879288441944e+01,1.591509980263644541e+00,3.106918491315830977e+01,2.368320688705224608e+00
1.026166286288414085e+03,3.257605999228871951e-01,2.980430552275832667e+01,3.240624721914183226e+01,1.591395311557947334e+00,2.549999998848286431e+00,3.240624721914183226e+01,1.591395311557947334e+00,3.107072050608691782e+01,2.368271775466283646e+00
1.026492046888336972e+03,3.257605999228871951e-01,2.980561009609250789e+01,3.240804000209098490e+01,1.591280671683007908e+00,2.549999998840733362e+00,3.240804000209098490e+01,1.591280671683007908e+00,3.107225689374687860e+01,2.368222865916502329e+00
1.026890207134682441e+03,3.981602463454692042e-01,2.980720503761020623e+01,3.241023695729163023e+01,1.591140592420500877e+00,2.549999998831441239e+00,3.241023695729163023e+01,1.591140592420500877e+00,3.107413581742599007e+01,2.368163091325225622e+00
1.027288367381027911e+03,3.981602463454692042e-01,2.980880045137221757e+01,3.241244001339480008e+01,1.591000556101249908e+00,2.549999998822081615e+00,3.241244001339480008e+01,1.591000556101249908e+00,3.107601592300236248e+01,2.368103322242159248e+00
1.027686527627373380e+03,3.981602463454692042e-01,2.981039633732922667e+01,3.241464897278731883e+01,1.590860562660629585e+00,2.549999998812654045e+00,3.241464897278731883e+01,1.590860562660629585e+00,3.107789720767437913e+01,2.368043558665661408e+00
1.028084687873718849e+03,3.981602463454692042e-01,2.981199269543134989e+01,3.241686365373048062e+01,1.590720612037058279e+00,2.549999998803158530e+00,3.241686365373048062e+01,1.590720612037058279e+00,3.107977966872888231e+01,2.367983800594096078e+00
1.028482848120064318e+03,3.981602463454692042e-01,2.981358952562804987e+01,3.241908388837193655e+01,1.590580704171622894e+00,2.549999998793594624e+00,3.241908388837193655e+01,1.590580704171622894e+00,3.108166330353424911e+01,2.367924048025825012e+00
1.028881008366409787e+03,3.981602463454692042e-01,2.981518682786807162e+01,3.242130952108909980e+01,1.590440839007766227e+00,2.549999998783960997e+00,3.242130952108909980e+01,1.590440839007766227e+00,3.108354810953428427e+01,2.367864300959217516e+00
1.029279168612755257e+03,3.981602463454692042e-01,2.981678460209930748e+01,3.242354040709608398e+01,1.590301016491021846e+00,2.549999998774258536e+00,3.242354040709608398e+01,1.590301016491021846e+00,3.108543408424293730e+01,2.367804559392641117e+00
1.029765364062127446e+03,4.861954493721896142e-01,2.981873629211928289e+01,3.242627148099498413e+01,1.590130336280466183e+00,2.549999998762315201e+00,3.242627148099498413e+01,1.590130336280466183e+00,3.108773863867037690e+01,2.367731616125950733e+00
1.030251559511499636e+03,4.861954493721896142e-01,2.982068868574637577e+01,3.242900995834017408e+01,1.589959719490158907e+00,2.549999998750267061e+00,3.242900995834017408e+01,1.589959719490158907e+00,3.109004492786497664e+01,2.367658681054950698e+00
1.030737754960871825e+03,4.861954493721896142e-01,2.982264178287950074e+01,3.243175562730428396e+01,1.589789166030973089e+00,2.549999998738113227e+00,3.243175562730428396e+01,1.589789166030973089e+00,3.109235294766706659e+01,2.367585754176683821e+00
1.031223950410244015e+03,4.861954493721896142e-01,2.982459558341486527e+01,3.243450829103713318e+01,1.589618675816706128e+00,2.549999998725851924e+00,3.243450829103713318e+01,1.589618675816706128e+00,3.109466269403334593e+01,2.367512835488195133e+00
1.031710145859616205e+03,4.861954493721896142e-01,2.982655008724570322e+01,3.243726776601539541e+01,1.589448248763763116e+00,2.549999998713483595e+00,3.243726776601539541e+01,1.589448248763763116e+00,3.109697416302890360e+01,2.367439924986536326e+00
1.032196341308988394e+03,4.861954493721896142e-01,2.982850529426207586e+01,3.244003388063526927e+01,1.589277884790893491e+00,2.549999998701006465e+00,3.244003388063526927e+01,1.589277884790893491e+00,3.109928735081999207e+01,2.367367022668759535e+00
1.032682536758360584e+03,4.861954493721896142e-01,2.983046120435062321e+01,3.244280647400408668e+01,1.589107583818959668e+00,2.549999998688420533e+00,3.244280647400408668e+01,1.589107583818959668e+00,3.110160225366758624e+01,2.367294128531923558e+00
1.033168732207732774e+03,4.861954493721896142e-01,2.983241781739433307e+01,3.244558539489607085e+01,1.588937345770738752e+00,2.549999998675723578e+00,3.244558539489607085e+01,1.588937345770738752e+00,3.110391886792157479e+01,2.367221242573088080e+00
1.033759945786264097e+03,5.912135785313239467e-01,2.983479800543779348e+01,3.244897288230613697e+01,1.588730421004851401e+00,2.549999998660135603e+00,3.244897288230613697e+01,1.588730421004851401e+00,3.110673817111592854e+01,2.367132624274530972e+00
1.034351159364795421e+03,5.912135785313239467e-01,2.983717923250533133e+01,3.245236927531126270e+01,1.588523589037375894e+00,2.549999998644381094e+00,3.245236927531126270e+01,1.588523589037375894e+00,3.110955999336572120e+01,2.367044018058810817e+00
1.034942372943326745e+03,5.912135785313239467e-01,2.983956149836192040e+01,3.245577434907202274e+01,1.588316849738877545e+00,2.549999998628459608e+00,3.245577434907202274e+01,1.588316849738877545e+00,3.111238432857584613e+01,2.366955423920665602e+00
1.035533586521858069e+03,5.912135785313239467e-01,2.984194480276245542e+01,3.245918789277853023e+01,1.588110202982757402e+00,2.549999998612369367e+00,3.245918789277853023e+01,1.588110202982757402e+00,3.111521117080210175e+01,2.366866841854836867e+00
1.036124800100389393e+03,5.912135785313239467e-01,2.984432914545121562e+01,3.246260970828907233e+01,1.587903648644994892e+00,2.549999998596108597e+00,3.246260970828907233e+01,1.587903648644994892e+00,3.111804051424197226e+01,2.366778271856076810e+00
1.036716013678920717e+03,5.912135785313239467e-01,2.984671452616128917e+01,3.246603960894577057e+01,1.587697186603922228e+00,2.549999998579676408e+00,3.246603960894577057e+01,1.587697186603922228e+00,3.112087235322630008e+01,2.366689713919143845e+00
1.037307227257452041e+03,5.912135785313239467e-01,2.984910094461409003e+01,3.246947741853860947e+01,1.587490816740026345e+00,2.549999998563070136e+00,3.246947741853860947e+01,1.587490816740026345e+00,3.112370668221156933e+01,2.366601168038802161e+00
1.037898440835983365e+03,5.912135785313239467e-01,2.985148840051880015e+01,3.247292297039501108e+01,1.587284538935774592e+00,2.549999998546288005e+00,3.247292297039501108e+01,1.587284538935774592e+00,3.112654349577314505e+01,2.366512634209824828e+00
1.038489654414514689e+03,5.912135785313239467e-01,2.985387689357189345e+01,3.247637610657578477e+01,1.587078353075462855e+00,2.549999998529330014e+00,3.247637610657578477e+01,1.587078353075462855e+00,3.112938278859882857e+01,2.366424112426990245e+00
1.039204391603319891e+03,7.147371888052020950e-01,2.985676580433492333e+01,3.248056062764639051e+01,1.586829210933104362e+00,2.549999998508589272e+00,3.248056062764639051e+01,1.586829210933104362e+00,3.113281860434101134e+01,2.366317111661696782e+00
1.039919128792125093e+03,7.147371888052020950e-01,2.985965622985810342e+01,3.248475576405353138e+01,1.586580202803453021e+00,2.549999998487585184e+00,3.248475576405353138e+01,1.586580202803453021e+00,3.113625802696758882e+01,2.366210128485225272e+00
1.040633865980930295e+03,7.147371888052020950e-01,2.986254816952451563e+01,3.248896127954420621e+01,1.586331328491179971e+00,2.549999998466314199e+00,3.248896127954420621e+01,1.586331328491179971e+00,3.113970104768172931e+01,2.366103162888385292e+00
1.041348603169735497e+03,7.147371888052020950e-01,2.986544162268566183e+01,3.249317695093188973e+01,1.586082587803789412e+00,2.549999998444773652e+00,3.249317695093188973e+01,1.586082587803789412e+00,3.114314765787906580e+01,2.365996214862003733e+00
1.042063340358540700e+03,7.147371888052020950e-01,2.986833658866031271e+01,3.249740256697601382e+01,1.585833980551403233e+00,2.549999998422959546e+00,3.249740256697601382e+01,1.585833980551403233e+00,3.114659784913718710e+01,2.365889284396915926e+00
1.042778077547345902e+03,7.147371888052020950e-01,2.987123306673345624e+01,3.250163792739031976e+01,1.585585506546570933e+00,2.549999998400870105e+00,3.250163792739031976e+01,1.585585506546570933e+00,3.115005161320608806e+01,2.365782371483974522e+00
1.043492814736151104e+03,7.147371888052020950e-01,2.987413105615524245e+01,3.250588284196151534e+01,1.585337165604099541e+00,2.549999998378500887e+00,3.250588284196151534e+01,1.585337165604099541e+00,3.115350894199930565e+01,2.365675476114042386e+00
1.044207551924956306e+03,7.147371888052020950e-01,2.987703055614000291e+01,3.251013712976315873e+01,1.585088957540900845e+00,2.549999998355850117e+00,3.251013712976315873e+01,1.585088957540900845e+00,3.115696982758591815e+01,2.365568598277996593e+00
1.044922289113761508e+03,7.147371888052020950e-01,2.987993156586533061e+01,3.251440061845188723e+01,1.584840882175856835e+00,2.549999998332913798e+00,3.251440061845188723e+01,1.584840882175856835e+00,3.116043426218293533e+01,2.365461737966725320e+00
1.045637026302566710e+03,7.147371888052020950e-01,2.988283408447112066e+01,3.251867314363524741e+01,1.584592939329695804e+00,2.549999998309688820e+00,3.251867314363524741e+01,1.584592939329695804e+00,3.116390223814844873e+01,2.365354895171129179e+00
1.046495689358093841e+03,8.586630555271312915e-01,2.988632307412251166e+01,3.252381775081364168e+01,1.584295243479636905e+00,2.549999998281400782e+00,3.252381775081364168e+01,1.584295243479636905e+00,3.116807322900877963e+01,2.365226560704190018e+00
1.047354352413620973e+03,8.586630555271312915e-01,2.988981423858955822e+01,3.252897491477322944e+01,1.583997738331526239e+00,2.549999998252686861e+00,3.252897491477322944e+01,1.583997738331526239e+00,3.117224930748062661e+01,2.365098251488556791e+00
1.048213015469148104e+03,8.586630555271312915e-01,2.989330757615505973e+01,3.253414438943698883e+01,1.583700423583821459e+00,2.549999998223539510e+00,3.253414438943698883e+01,1.583700423583821459e+00,3.117643046104584670e+01,2.364969967508522508e+00
1.049071678524675235e+03,8.586630555271312915e-01,2.989680308501617034e+01,3.253932594084936625e+01,1.583403298937960280e+00,2.549999998193954731e+00,3.253932594084936625e+01,1.583403298937960280e+00,3.118061667742784593e+01,2.364841708748404159e+00
1.049930341580202366e+03,8.586630555271312915e-01,2.990030076328274689e+01,3.254451934625250686e+01,1.583106364098182173e+00,2.549999998163925419e+00,3.254451934625250686e+01,1.583106364098182173e+00,3.118480794457989447e+01,2.364713475192543157e+00
1.050789004635729498e+03,8.586630555271312915e-01,2.990380060897585324e+01,3.254972439325691624e+01,1.582809618771364724e+00,2.549999998133446244e+00,3.254972439325691624e+01,1.582809618771364724e+00,3.118900425067428372e+01,2.364585266825306675e+00
1.051647667691256629e+03,8.586630555271312915e-01,2.990730262002637119e+01,3.255494087909429624e+01,1.582513062666875525e+00,2.549999998102511434e+00,3.255494087909429624e+01,1.582513062666875525e+00,3.119320558409222599e+01,2.364457083631084089e+00
1.052506330746783760e+03,8.586630555271312915e-01,2.991080679427378897e+01,3.256016860994260043e+01,1.582216695496438952e+00,2.549999998071114771e+00,3.256016860994260043e+01,1.582216695496438952e+00,3.119741193341453567e+01,2.364328925594288755e+00
1.053364993802310892e+03,8.586630555271312915e-01,2.991431312946511767e+01,3.256540740031454817e+01,1.581920516974015589e+00,2.549999998039249594e+00,3.256540740031454817e+01,1.581920516974015589e+00,3.120162328741294289e+01,2.364200792699359344e+00
1.054223656857838023e+03,8.586630555271312915e-01,2.991782162325398886e+01,3.257065707250219333e+01,1.581624526815690546e+00,2.549999998006911017e+00,3.257065707250219333e+01,1.581624526815690546e+00,3.120583963504201819e+01,2.364072684930756285e+00
1.055082319913365154e+03,8.586630555271312915e-01,2.992133227319987654e+01,3.257591745607115996e+01,1.581328724739572866e+00,2.549999997974091492e+00,3.257591745607115996e+01,1.581328724739572866e+00,3.121006096543148800e+01,2.363944602272965767e+00
1.055940982968892285e+03,8.586630555271312915e-01,2.992484507676755001e+01,3.258118838739894585e+01,1.581033110465703384e+00,2.549999997940785690e+00,3.258118838739894585e+01,1.581033110465703384e+00,3.121428726787927843e+01,2.363816544710493073e+00
1.056980590225334936e+03,1.039607256442650396e+00,2.992910100420848352e+01,3.258758394190220287e+01,1.580675452974467765e+00,2.549999997899800253e+00,3.258758394190220287e+01,1.580675452974467765e+00,3.121941080885808972e+01,2.363661535418766668e+00
1.058020197481777586e+03,1.039607256442650396e+00,2.993336007984499503e+01,3.259399446047281401e+01,1.580318069877683085e+00,2.549999997858080736e+00,3.259399446047281401e+01,1.580318069877683085e+00,3.122454160434172010e+01,2.363506562863226357e+00
1.059059804738220237e+03,1.039607256442650396e+00,2.993762229861697577e+01,3.260041968774574173e+01,1.579960960688833405e+00,2.549999997815615149e+00,3.260041968774574173e+01,1.579960960688833405e+00,3.122967963624503085e+01,2.363351627016513135e+00
1.060099411994662887e+03,1.039607256442650396e+00,2.994188765526020646e+01,3.260685937950992752e+01,1.579604124924848030e+00,2.549999997772392391e+00,3.260685937950992752e+01,1.579604124924848030e+00,3.123482488678730107e+01,2.363196727851312851e+00
1.061139019251105537e+03,1.039607256442650396e+00,2.994615614430773221e+01,3.261331330195451983e+01,1.579247562105946301e+00,2.549999997728399581e+00,3.261331330195451983e+01,1.579247562105946301e+00,3.123997733847910041e+01,2.363041865340361536e+00
1.062178626507548188e+03,1.039607256442650396e+00,2.995042776009200125e+01,3.261978123098331395e+01,1.578891271755497483e+00,2.549999997683624731e+00,3.261978123098331395e+01,1.578891271755497483e+00,3.124513697411004642e+01,2.362887039456442739e+00
1.063218233763990838e+03,1.039607256442650396e+00,2.995470249674774266e+01,3.262626295158955969e+01,1.578535253399889760e+00,2.549999997638056737e+00,3.262626295158955969e+01,1.578535253399889760e+00,3.125030377673733284e+01,2.362732250172386639e+00
1.064257841020433489e+03,1.039607256442650396e+00,2.995898034821564337e+01,3.263275825728470636e+01,1.578179506568412993e+00,2.549999997591681389e+00,3.263275825728470636e+01,1.578179506568412993e+00,3.125547772967502524e+01,2.362577497461071818e+00
1.065297448276876139e+03,1.039607256442650396e+00,2.996326130824687084e+01,3.263926694957509511e+01,1.577824030793147925e+00,2.549999997544487140e+00,3.263926694957509511e+01,1.577824030793147925e+00,3.126065881648395006e+01,2.362422781295421270e+00
1.066337055533318789e+03,1.039607256442650396e+00,2.996754537040839139e+01,3.264578883748179550e+01,1.577468825608866254e+00,2.549999997496461557e+00,3.264578883748179550e+01,1.577468825608866254e+00,3.126584702096230828e+01,2.362268101648408170e+00
1.067376662789761440e+03,1.039607256442650396e+00,2.997183252808913778e+01,3.265232373709898894e+01,1.577113890552935382e+00,2.549999997447590872e+00,3.265232373709898894e+01,1.577113890552935382e+00,3.127104232713677234e+01,2.362113458493049212e+00
1.068416270046204090e+03,1.039607256442650396e+00,2.997612277450706486e+01,3.265887147118716882e+01,1.576759225165233147e+00,2.549999997397862206e+00,3.265887147118716882e+01,1.576759225165233147e+00,3.127624471925405203e+01,2.361958851802406834e+00
1.069455877302646741e+03,1.039607256442650396e+00,2.998041610271697621e+01,3.266543186879760441e+01,1.576404828988067219e+00,2.549999997347262237e+00,3.266543186879760441e+01,1.576404828988067219e+00,3.128145418177310688e+01,2.361804281549591877e+00
1.070703837405429567e+03,1.247960102782826652e+00,2.998557393825320361e+01,3.267332356093298529e+01,1.575979761421818948e+00,2.549999997285352205e+00,3.267332356093298529e+01,1.575979761421818948e+00,3.128771701483744039e+01,2.361618781191617611e+00
1.071951797508212394e+03,1.247960102782826652e+00,2.999073619184650852e+01,3.268123298889810968e+01,1.575555080347571524e+00,2.549999997222143655e+00,3.268123298889810968e+01,1.575555080347571524e+00,3.129398998808013488e+01,2.361433333255376521e+00
1.073199757610995221e+03,1.247960102782826652e+00,2.999590285066694051e+01,3.268915988885057544e+01,1.575130784986602306e+00,2.549999997157612608e+00,3.268915988885057544e+01,1.575130784986602306e+00,3.130027307574148665e+01,2.361247937694614052e+00
1.074447717713778047e+03,1.247960102782826652e+00,3.000107390163739041e+01,3.269710400721181998e+01,1.574706874564623105e+00,2.549999997091734638e+00,3.269710400721181998e+01,1.574706874564623105e+00,3.130656625244031233e+01,2.361062594463164466e+00
1.075695677816560874e+03,1.247960102782826652e+00,3.000624933146361428e+01,3.270506510004709355e+01,1.574283348311640296e+00,2.549999997024485321e+00,3.270506510004709355e+01,1.574283348311640296e+00,3.131286949315935786e+01,2.360877303514957948e+00
1.076943637919343701e+03,1.247960102782826652e+00,3.001142912666604090e+01,3.271304293249549744e+01,1.573860205461829365e+00,2.549999996955839343e+00,3.271304293249549744e+01,1.573860205461829365e+00,3.131918277323165611e+01,2.360692064804014390e+00
1.078191598022126527e+03,1.247960102782826652e+00,3.001661327361333775e+01,3.272103727824502073e+01,1.573437445253413003e+00,2.549999996885770503e+00,3.272103727824502073e+01,1.573437445253413003e+00,3.132550606832757722e+01,2.360506878284447385e+00
1.079439558124909354e+03,1.247960102782826652e+00,3.002180175855733424e+01,3.272904791904820598e+01,1.573015066928552752e+00,2.549999996814253489e+00,3.272904791904820598e+01,1.573015066928552752e+00,3.133183935444275292e+01,2.360321743910460679e+00
1.080000000000000000e+03,5.604418750906461355e-01,3.002413324427430297e+01,3.273265063457180446e+01,1.572825506636776893e+00,2.549999996781658673e+00,3.273265063457180446e+01,1.572825506636776893e+00,3.133468679152610292e+01,2.360238619541207505e+00
1.080003014815175675e+03,3.014815175674812053e-03,3.002414578851703908e+01,3.273267000220202760e+01,1.572824487123890114e+00,2.549999996781481926e+00,3.273267000220202760e+01,1.572824487123890114e+00,3.133470211429780861e+01,2.360238172414213853e+00
1.080007323407819285e+03,4.308592643610609230e-03,3.002416371603852596e+01,3.273269765252284458e+01,1.572823030089135488e+00,2.549999996781230571e+00,3.273269765252284458e+01,1.572823030089135488e+00,3.133472401267189156e+01,2.360237533407707922e+00
1.080015876694628560e+03,8.553286809274140978e-03,3.002419930536033021e+01,3.273275248458728015e+01,1.572820137617067182e+00,2.549999996780730527e+00,3.273275248458728015e+01,1.572820137617067182e+00,3.133476748462150496e+01,2.360236264873283751e+00
1.080029335446499317e+03,1.345875187075762369e-02,3.002425530621411198e+01,3.273283865445060314e+01,1.572815586250029263e+00,2.549999996779944045e+00,3.273283865445060314e+01,1.572815586250029263e+00,3.133483588842872081e+01,2.360234268816253422e+00
1.080048665344960682e+03,1.932989846136479173e-02,3.002433573734561278e+01,3.273296224195669168e+01,1.572809049432794204e+00,2.549999996778813838e+00,3.273296224195669168e+01,1.572809049432794204e+00,3.133493413201068378e+01,2.360231402024491221e+00
1.080074650455100254e+03,2.598511013957249816e-02,3.002444386224671646e+01,3.273312813195054360e+01,1.572800262052253872e+00,2.549999996777294164e+00,3.273312813195054360e+01,1.572800262052253872e+00,3.133506620012994404e+01,2.360227548226481176e+00
1.080107969041527667e+03,3.331858642741281074e-02,3.002458250472334456e+01,3.273334050440229248e+01,1.572788994809508178e+00,2.549999996775344613e+00,3.273334050440229248e+01,1.572788994809508178e+00,3.133523553970981013e+01,2.360222606848345617e+00
1.080149212150397261e+03,4.124310886959392519e-02,3.002475412631256191e+01,3.273360295716620527e+01,1.572775047946068705e+00,2.549999996772930100e+00,3.273360295716620527e+01,1.572775047946068705e+00,3.133544515426236288e+01,2.360216490259136268e+00
1.080198902306869059e+03,4.969015647179730877e-02,3.002496090417422181e+01,3.273391862887709181e+01,1.572758244930271943e+00,2.549999996770018207e+00,3.273391862887709181e+01,1.572758244930271943e+00,3.133569769890632983e+01,2.360209120998933763e+00
1.080248592463340856e+03,4.969015647179730877e-02,3.002516768887804588e+01,3.273423379513224774e+01,1.572741442297151959e+00,2.549999996767104093e+00,3.273423379513224774e+01,1.572741442297151959e+00,3.133595024215784619e+01,2.360201751820187432e+00
1.080315423221548826e+03,6.683075820797057531e-02,3.002544581467964591e+01,3.273465697942235408e+01,1.572718844245933889e+00,2.549999996763181898e+00,3.273465697942235408e+01,1.572718844245933889e+00,3.133628989796627096e+01,2.360191840774312766e+00
1.080382253979756797e+03,6.683075820797057531e-02,3.002572395285425699e+01,3.273507945071564507e+01,1.572696246970096023e+00,2.549999996759254817e+00,3.273507945071564507e+01,1.572696246970096023e+00,3.133662955136513517e+01,2.360181929875778017e+00
1.080467592350348013e+03,8.533837059121651691e-02,3.002607913452701638e+01,3.273561799291699970e+01,1.572667392946150100e+00,2.549999996754233500e+00,3.273561799291699970e+01,1.572667392946150100e+00,3.133706326242702644e+01,2.360169274541009887e+00
1.080552930720939230e+03,8.533837059121651691e-02,3.002643433636675496e+01,3.273615559819373999e+01,1.572638540279538866e+00,2.549999996749205966e+00,3.273615559819373999e+01,1.572638540279538866e+00,3.133749696974494015e+01,2.360156619446467818e+00
1.080658149029496371e+03,1.052183085571414267e-01,3.002687231174693849e+01,3.273681727358971472e+01,1.572602968179808380e+00,2.549999996742997599e+00,3.273681727358971472e+01,1.572602968179808380e+00,3.133803170601334642e+01,2.360141016624263788e+00
1.080763367338053513e+03,1.052183085571414267e-01,3.002731031776941606e+01,3.273747777193505470e+01,1.572567398245091619e+00,2.549999996736777685e+00,3.273747777193505470e+01,1.572567398245091619e+00,3.133856643687806809e+01,2.360125414167207225e+00
1.080889670596770202e+03,1.263032587166890153e-01,3.002783613732976420e+01,3.273826920710792621e+01,1.572524703279062575e+00,2.549999996729298335e+00,3.273826920710792621e+01,1.572524703279062575e+00,3.133920831680687513e+01,2.360106685578424734e+00
1.081015973855486891e+03,1.263032587166890153e-01,3.002836200101748787e+01,3.273905921315986944e+01,1.572482011541936231e+00,2.549999996721802997e+00,3.273905921315986944e+01,1.572482011541936231e+00,3.133985018937020683e+01,2.360087957515725865e+00
1.081142277114203580e+03,1.263032587166890153e-01,3.002888790881819503e+01,3.273984789561074393e+01,1.572439323076707973e+00,2.549999996714292116e+00,3.273984789561074393e+01,1.572439323076707973e+00,3.134049205477163014e+01,2.360069229979072869e+00
1.081301031132816206e+03,1.587540186126261688e-01,3.002954899925711274e+01,3.274083746786259752e+01,1.572385671472693147e+00,2.549999996704830352e+00,3.274083746786259752e+01,1.572385671472693147e+00,3.134129882307324522e+01,2.360045691572381532e+00
1.081459785151428832e+03,1.587540186126261688e-01,3.003021015933733295e+01,3.274182523010221502e+01,1.572332025151763402e+00,2.549999996695343274e+00,3.274182523010221502e+01,1.572332025151763402e+00,3.134210558070819985e+01,2.360022153996628624e+00
1.081618539170041458e+03,1.587540186126261688e-01,3.003087138903027409e+01,3.274281130203576140e+01,1.572278384162112852e+00,2.549999996685832215e+00,3.274281130203576140e+01,1.572278384162112852e+00,3.134291232800198301e+01,2.359998617251732878e+00
1.081811755532821962e+03,1.932163627805039141e-01,3.003167625243468208e+01,3.274400929574301244e+01,1.572213106030265983e+00,2.549999996674222835e+00,3.274400929574301244e+01,1.572213106030265983e+00,3.134389419059683490e+01,2.359969972267881744e+00
1.082004971895602466e+03,1.932163627805039141e-01,3.003248121886148780e+01,3.274520509066302054e+01,1.572147835917371284e+00,2.549999996662576596e+00,3.274520509066302054e+01,1.572147835917371284e+00,3.134487603883946960e+01,2.359941328514495673e+00
1.082198188258382970e+03,1.932163627805039141e-01,3.003328628825920177e+01,3.274639881905440575e+01,1.572082573875731137e+00,2.549999996650894385e+00,3.274639881905440575e+01,1.572082573875731137e+00,3.134585787321271155e+01,2.359912685991428116e+00
1.082391404621163474e+03,1.932163627805039141e-01,3.003409146057636647e+01,3.274759059515503878e+01,1.572017319950189229e+00,2.549999996639174871e+00,3.274759059515503878e+01,1.572017319950189229e+00,3.134683969417149640e+01,2.359884044698527639e+00
1.082632195823935717e+03,2.407912027722431958e-01,3.003509503100869082e+01,3.274907323494414157e+01,1.571936010247404925e+00,2.549999996624518150e+00,3.274907323494414157e+01,1.571936010247404925e+00,3.134806324658752530e+01,2.359848352903949120e+00
1.082872987026707960e+03,2.407912027722431958e-01,3.003609876110362364e+01,3.275055316600266764e+01,1.571854713274869475e+00,2.549999996609804143e+00,3.275055316600266764e+01,1.571854713274869475e+00,3.134928677962543730e+01,2.359812663019387635e+00
1.083113778229480204e+03,2.407912027722431958e-01,3.003710265076173869e+01,3.275203053527341268e+01,1.571773429088676677e+00,2.549999996595032403e+00,3.275203053527341268e+01,1.571773429088676677e+00,3.135051029402887224e+01,2.359776975044549641e+00
1.083354569432252447e+03,2.407912027722431958e-01,3.003810669988368787e+01,3.275350547208271479e+01,1.571692157737628603e+00,2.549999996580202488e+00,3.275350547208271479e+01,1.571692157737628603e+00,3.135173379050250020e+01,2.359741288979138929e+00
1.083645776594354857e+03,2.912071621024097112e-01,3.003932118594594058e+01,3.275528613926969967e+01,1.571593887304183479e+00,2.549999996562190230e+00,3.275528613926969967e+01,1.571593887304183479e+00,3.135321343508274339e+01,2.359698133649674734e+00
1.083936983756457266e+03,2.912071621024097112e-01,3.004053590491808379e+01,3.275706359663191591e+01,1.571495635772016453e+00,2.549999996544093150e+00,3.275706359663191591e+01,1.571495635772016453e+00,3.135469305554385500e+01,2.359654981111959149e+00
1.084228190918559676e+03,2.912071621024097112e-01,3.004175085662503975e+01,3.275883800384953304e+01,1.571397403198859122e+00,2.549999996525909918e+00,3.275883800384953304e+01,1.571397403198859122e+00,3.135617265295414313e+01,2.359611831365463708e+00
1.084519398080662086e+03,2.912071621024097112e-01,3.004296604089202205e+01,3.276060950351285328e+01,1.571299189635370519e+00,2.549999996507640976e+00,3.276060950351285328e+01,1.571299189635370519e+00,3.135765222833031629e+01,2.359568684409655503e+00
1.084810605242764495e+03,2.912071621024097112e-01,3.004418145754453207e+01,3.276237822393374444e+01,1.571200995126300404e+00,2.549999996489285436e+00,3.276237822393374444e+01,1.571200995126300404e+00,3.135913178264295809e+01,2.359525540244002961e+00
1.085167140622723309e+03,3.565353799588137917e-01,3.004566985195030426e+01,3.276454011666743327e+01,1.571080798068248852e+00,2.549999996466693730e+00,3.276454011666743327e+01,1.571080798068248852e+00,3.136094322676371959e+01,2.359472721092040537e+00
1.085523676002682123e+03,3.565353799588137917e-01,3.004715859412172207e+01,3.276669820951564560e+01,1.570960629696443123e+00,2.549999996443971462e+00,3.276669820951564560e+01,1.570960629696443123e+00,3.136275464232846844e+01,2.359419906120736155e+00
1.085880211382640937e+03,3.565353799588137917e-01,3.004864768374080342e+01,3.276885267565936033e+01,1.570840490067228812e+00,2.549999996421118187e+00,3.276885267565936033e+01,1.570840490067228812e+00,3.136456603088902639e+01,2.359367095329109265e+00
1.086236746762599751e+03,3.565353799588137917e-01,3.005013712049053609e+01,3.277100367186855578e+01,1.570720379230163832e+00,2.549999996398132573e+00,3.277100367186855578e+01,1.570720379230163832e+00,3.136637739392832458e+01,2.359314288716173547e+00
1.086593282142558564e+03,3.565353799588137917e-01,3.005162690405493464e+01,3.277315134089408843e+01,1.570600297229006070e+00,2.549999996375014621e+00,3.277315134089408843e+01,1.570600297229006070e+00,3.136818873286677700e+01,2.359261486280945341e+00
1.086949817522517378e+03,3.565353799588137917e-01,3.005311703411912561e+01,3.277529581339911147e+01,1.570480244102515632e+00,2.549999996351762555e+00,3.277529581339911147e+01,1.570480244102515632e+00,3.137000004906769135e+01,2.359208688022434774e+00
1.087387957836594978e+03,4.381403140776001237e-01,3.005494870389374995e+01,3.277792691810871162e+01,1.570332752435322998e+00,2.549999996323005558e+00,3.277792691810871162e+01,1.570332752435322998e+00,3.137222591578084163e+01,2.359143810851832779e+00
1.087826098150672578e+03,4.381403140776001237e-01,3.005678089588314350e+01,3.278055358065181224e+01,1.570185304481150457e+00,2.549999996294045168e+00,3.278055358065181224e+01,1.570185304481150457e+00,3.137445175246728368e+01,2.359078939985387091e+00
1.088264238464750179e+03,4.381403140776001237e-01,3.005861360951081451e+01,3.278317598721118031e+01,1.570037900288655086e+00,2.549999996264879165e+00,3.278317598721118031e+01,1.570037900288655086e+00,3.137667756136071162e+01,2.359014075421257850e+00
1.088702378778827779e+03,4.381403140776001237e-01,3.006044684420354685e+01,3.278579430838099995e+01,1.569890539900052673e+00,2.549999996235507549e+00,3.278579430838099995e+01,1.569890539900052673e+00,3.137890334460329456e+01,2.358949217157602973e+00
1.089140519092905379e+03,4.381403140776001237e-01,3.006228059939157760e+01,3.278840870116817996e+01,1.569743223351948824e+00,2.549999996205928099e+00,3.278840870116817996e+01,1.569743223351948824e+00,3.138112910425305557e+01,2.358884365192579047e+00
1.089578659406982979e+03,4.381403140776001237e-01,3.006411487450880315e+01,3.279101931065253694e+01,1.569595950676025753e+00,2.549999996176139927e+00,3.279101931065253694e+01,1.569595950676025753e+00,3.138335484229052952e+01,2.358819519524342212e+00
1.090016799721060579e+03,4.381403140776001237e-01,3.006594966899298882e+01,3.279362627137744113e+01,1.569448721899618260e+00,2.549999996146141701e+00,3.279362627137744113e+01,1.569448721899618260e+00,3.138558056062447932e+01,2.358754680151045058e+00
1.090554358627053261e+03,5.375589059926824120e-01,3.006820150611147469e+01,3.279681997722324382e+01,1.569268145389097757e+00,2.549999996109047817e+00,3.279681997722324382e+01,1.569268145389097757e+00,3.138831129337006587e+01,2.358675136646780857e+00
1.091091917533045944e+03,5.375589059926824120e-01,3.007045412317566857e+01,3.280000859266797875e+01,1.569087635032386574e+00,2.549999996071632413e+00,3.280000859266797875e+01,1.569087635032386574e+00,3.139104200249999010e+01,2.358595602612155506e+00
1.091629476439038626e+03,5.375589059926824120e-01,3.007270751917359775e+01,3.280319231528952173e+01,1.568907190858988665e+00,2.549999996033895044e+00,3.280319231528952173e+01,1.568907190858988665e+00,3.139377269115987446e+01,2.358516078043753073e+00
1.092167035345031309e+03,5.375589059926824120e-01,3.007496169310397249e+01,3.280637132800556799e+01,1.568726812892375699e+00,2.549999995995831270e+00,3.280637132800556799e+01,1.568726812892375699e+00,3.139650336237553319e+01,2.358436562938158065e+00
1.092704594251023991e+03,5.375589059926824120e-01,3.007721664397671191e+01,3.280954580072953775e+01,1.568546501150672290e+00,2.549999995957440202e+00,3.280954580072953775e+01,1.568546501150672290e+00,3.139923401906162681e+01,2.358357057291953218e+00
1.093242153157016674e+03,5.375589059926824120e-01,3.007947237081343772e+01,3.281271589177772086e+01,1.568366255647240193e+00,2.549999995918717843e+00,3.281271589177772086e+01,1.568366255647240193e+00,3.140196466402943898e+01,2.358277561101720821e+00
1.093779712063009356e+03,5.375589059926824120e-01,3.008172887264800721e+01,3.281588174907355437e+01,1.568186076391177686e+00,2.549999995879662862e+00,3.281588174907355437e+01,1.568186076391177686e+00,3.140469529999382203e+01,2.358198074364043162e+00
1.094317270969002038e+03,5.375589059926824120e-01,3.008398614852698927e+01,3.281904351118527075e+01,1.568005963387749002e+00,2.549999995840272593e+00,3.281904351118527075e+01,1.568005963387749002e+00,3.140742592957934320e+01,2.358118597075499867e+00
1.094973801873668208e+03,6.565309046661695902e-01,3.008674405104197547e+01,3.282289966521502578e+01,1.567786077826847535e+00,2.549999995791704777e+00,3.282289966521502578e+01,1.567786077826847535e+00,3.141076089441018837e+01,2.358021542765541767e+00
1.095630332778334378e+03,6.565309046661695902e-01,3.008950310505047554e+01,3.282675012605994169e+01,1.567566291089210750e+00,2.549999995742628922e+00,3.282675012605994169e+01,1.567566291089210750e+00,3.141409585797718762e+01,2.357924502538774725e+00
1.096286863683000547e+03,6.565309046661695902e-01,3.009226330889913825e+01,3.283059510014090421e+01,1.567346603165626240e+00,2.549999995693038812e+00,3.283059510014090421e+01,1.567346603165626240e+00,3.141743082458290814e+01,2.357827476388969945e+00
1.096943394587666717e+03,6.565309046661695902e-01,3.009502466096760287e+01,3.283443478021522566e+01,1.567127014041317157e+00,2.549999995642930894e+00,3.283443478021522566e+01,1.567127014041317157e+00,3.142076579837629424e+01,2.357730464309900853e+00
1.097599925492332886e+03,6.565309046661695902e-01,3.009778715966967866e+01,3.283826934673871278e+01,1.566907523696509541e+00,2.549999995592299395e+00,3.283826934673871278e+01,1.566907523696509541e+00,3.142410078336277479e+01,2.357633466295339986e+00
1.098256456396999056e+03,6.565309046661695902e-01,3.010055080345452438e+01,3.284209896904730641e+01,1.566688132106920373e+00,2.549999995541140763e+00,3.284209896904730641e+01,1.566688132106920373e+00,3.142743578341314858e+01,2.357536482339063433e+00
1.098912987301665225e+03,6.565309046661695902e-01,3.010331559080783848e+01,3.284592380638763842e+01,1.566468839244188116e+00,2.549999995489448779e+00,3.284592380638763842e+01,1.566468839244188116e+00,3.143077080227181952e+01,2.357439512434846840e+00
1.099569518206331395e+03,6.565309046661695902e-01,3.010608152025292483e+01,3.284974400882048684e+01,1.566249645076245089e+00,2.549999995437218558e+00,3.284974400882048684e+01,1.566249645076245089e+00,3.143410584356419335e+01,2.357342556576469406e+00
1.100226049110997565e+03,6.565309046661695902e-01,3.010884859035180128e+01,3.285355971801648423e+01,1.566030549567650310e+00,2.549999995384446994e+00,3.285355971801648423e+01,1.566030549567650310e+00,3.143744091080343850e+01,2.357245614757711660e+00
1.101023391755925331e+03,7.973426449277667416e-01,3.011221066924275291e+01,3.285818796502379513e+01,1.565764595404110393e+00,2.549999995319619295e+00,3.285818796502379513e+01,1.565764595404110393e+00,3.144149131793530927e+01,2.357127899876906074e+00
1.101820734400853098e+03,7.973426449277667416e-01,3.011557442606651591e+01,3.286281000802728869e+01,1.565498786627420813e+00,2.549999995253975360e+00,3.286281000802728869e+01,1.565498786627420813e+00,3.144554177426228136e+01,2.357010205683646831e+00
1.102618077045780865e+03,7.973426449277667416e-01,3.011893985849070532e+01,3.286742605923377880e+01,1.565233123157489858e+00,2.549999995187505863e+00,3.286742605923377880e+01,1.565233123157489858e+00,3.144959228548468388e+01,2.356892532166809495e+00
1.103415419690708632e+03,7.973426449277667416e-01,3.012230696427663545e+01,3.287203631820934646e+01,1.564967604909216270e+00,2.549999995120201923e+00,3.287203631820934646e+01,1.564967604909216270e+00,3.145364285711042740e+01,2.356774879315274518e+00
1.104212762335636398e+03,7.973426449277667416e-01,3.012567574128161496e+01,3.287664097299910537e+01,1.564702231792957532e+00,2.549999995052053769e+00,3.287664097299910537e+01,1.564702231792957532e+00,3.145769349446630159e+01,2.356657247117929010e+00
1.105010104980564165e+03,7.973426449277667416e-01,3.012904618746117791e+01,3.288124020111557400e+01,1.564437003714938657e+00,2.549999994983052520e+00,3.288124020111557400e+01,1.564437003714938657e+00,3.146174420270830652e+01,2.356539635563668078e+00
1.105807447625491932e+03,7.973426449277667416e-01,3.013241830087117634e+01,3.288583417041458290e+01,1.564171920577617891e+00,2.549999994913188406e+00,3.288583417041458290e+01,1.564171920577617891e+00,3.146579498683102116e+01,2.356422044641392599e+00
1.106604790270419699e+03,7.973426449277667416e-01,3.013579207966974138e+01,3.289042303987464066e+01,1.563906982280011571e+00,2.549999994842452544e+00,3.289042303987464066e+01,1.563906982280011571e+00,3.146984585167628623e+01,2.356304474340013222e+00
1.107402132915347465e+03,7.973426449277667416e-01,3.013916752211914840e+01,3.289500696029290339e+01,1.563642188717982773e+00,2.549999994770835166e+00,3.289500696029290339e+01,1.563642188717982773e+00,3.147389680194120487e+01,2.356186924648445924e+00
1.108199475560275232e+03,7.973426449277667416e-01,3.014254462658754008e+01,3.289958607490886777e+01,1.563377539784501336e+00,2.549999994698326056e+00,3.289958607490886777e+01,1.563377539784501336e+00,3.147794784218544706e+01,2.356069395555616897e+00
1.109162794025569383e+03,9.633184652941508830e-01,3.014662692806635391e+01,3.290511216698723018e+01,1.563057993969714454e+00,2.549999994609521536e+00,3.290511216698723018e+01,1.563057993969714454e+00,3.148284227825531190e+01,2.355927428924073030e+00
1.110126112490863534e+03,9.633184652941508830e-01,3.015071165082240512e+01,3.291063167048063320e+01,1.562738658904089473e+00,2.549999994519383861e+00,3.291063167048063320e+01,1.562738658904089473e+00,3.148773685969158009e+01,2.355785492323898556e+00
1.111089430956157685e+03,9.633184652941508830e-01,3.015479879261564378e+01,3.291614480043372737e+01,1.562419534384726916e+00,2.549999994427896155e+00,3.291614480043372737e+01,1.562419534384726916e+00,3.149263159381408173e+01,2.355643585735613499e+00
1.112052749421451836e+03,9.633184652941508830e-01,3.015888835144483338e+01,3.292165176025496010e+01,1.562100620204425194e+00,2.549999994335040654e+00,3.292165176025496010e+01,1.562100620204425194e+00,3.149752648770639851e+01,2.355501709139754318e+00
1.113016067886745986e+03,9.633184652941508830e-01,3.016298032555026154e+01,3.292715274264121916e+01,1.561781916152066518e+00,2.549999994240800039e+00,3.292715274264121916e+01,1.561781916152066518e+00,3.150242154822848306e+01,2.355359862516881453e+00
1.113979386352040137e+03,9.633184652941508830e-01,3.016707471341611324e+01,3.293264793040567895e+01,1.561463422012960844e+00,2.549999994145155213e+00,3.293264793040567895e+01,1.561463422012960844e+00,3.150731678202826203e+01,2.355218045847570441e+00
1.114942704817334288e+03,9.633184652941508830e-01,3.017117151377237860e+01,3.293813749722126261e+01,1.561145137569158736e+00,2.549999994048087526e+00,3.293813749722126261e+01,1.561145137569158736e+00,3.151221219555239728e+01,2.355076259112420800e+00
1.115906023282628439e+03,9.633184652941508830e-01,3.017527072559638057e+01,3.294362160829042807e+01,1.560827062599728698e+00,2.549999993949580102e+00,3.294362160829042807e+01,1.560827062599728698e+00,3.151710779505619087e+01,2.354934502292048037e+00
1.116869341747922590e+03,9.633184652941508830e-01,3.017937234811391178e+01,3.294910042095023783e+01,1.560509196881010974e+00,2.549999993849612068e+00,3.294910042095023783e+01,1.560509196881010974e+00,3.152200358661288249e+01,2.354792775367092528e+00
1.117832660213216741e+03,9.633184652941508830e-01,3.018347638079986694e+01,3.295457408522049292e+01,1.560191540186844916e+00,2.549999993748166549e+00,3.295457408522049292e+01,1.560191540186844916e+00,3.152689957612210492e+01,2.354651078318212853e+00
1.118795978678510892e+03,9.633184652941508830e-01,3.018758282337847731e+01,3.296004274430157466e+01,1.559874092288779712e+00,2.549999993645222673e+00,3.296004274430157466e+01,1.559874092288779712e+00,3.153179576931796646e+01,2.354509411126089358e+00
1.119955135988860548e+03,1.159157310349655745e+00,3.019252728409404085e+01,3.296661671853290443e+01,1.559492384940379894e+00,2.549999993519338481e+00,3.296661671853290443e+01,1.559492384940379894e+00,3.153768761717223157e+01,2.354338983103546390e+00
1.121114293299210203e+03,1.159157310349655745e+00,3.019747523454958937e+01,3.297318387049926969e+01,1.559110979173029543e+00,2.549999993391224073e+00,3.297318387049926969e+01,1.559110979173029543e+00,3.154357977744016139e+01,2.354168598249716027e+00
1.122273450609559859e+03,1.159157310349655745e+00,3.020242667569260675e+01,3.297974441571382442e+01,1.558729874577711838e+00,2.549999993260843478e+00,3.297974441571382442e+01,1.558729874577711838e+00,3.154947225924708931e+01,2.353998256531060651e+00
1.123432607919909515e+03,1.159157310349655745e+00,3.020738160898335778e+01,3.298629855900315988e+01,1.558349070742112152e+00,2.549999993128162501e+00,3.298629855900315988e+01,1.558349070742112152e+00,3.155536507143282776e+01,2.353827957914090607e+00
1.124591765230259170e+03,1.159157310349655745e+00,3.021234003638861410e+01,3.299284649527711366e+01,1.557968567250939795e+00,2.549999992993146058e+00,3.299284649527711366e+01,1.557968567250939795e+00,3.156125822256552382e+01,2.353657702365358428e+00
1.125750922540608826e+03,1.159157310349655745e+00,3.021730196037383465e+01,3.299938841022585478e+01,1.557588363686219779e+00,2.549999992855757291e+00,3.299938841022585478e+01,1.557588363686219779e+00,3.156715172095480781e+01,2.353487489851466385e+00
1.126910079850958482e+03,1.159157310349655745e+00,3.022226738389376877e+01,3.300592448095283515e+01,1.557208459627554831e+00,2.549999992715960229e+00,3.300592448095283515e+01,1.557208459627554831e+00,3.157304557466378014e+01,2.353317320339062046e+00
1.128069237161308138e+03,1.159157310349655745e+00,3.022723631038144632e+01,3.301245487655071997e+01,1.556828854652367866e+00,2.549999992573718011e+00,3.301245487655071997e+01,1.556828854652367866e+00,3.157893979152030894e+01,2.353147193794840053e+00
1.129228394471657793e+03,1.159157310349655745e+00,3.023220874373561884e+01,3.301897975862680568e+01,1.556449548336118482e+00,2.549999992428992446e+00,3.301897975862680568e+01,1.556449548336118482e+00,3.158483437912761360e+01,2.352977110185542564e+00
1.130387551782007449e+03,1.159157310349655745e+00,3.023718468830668371e+01,3.302549928178316918e+01,1.556070540252505463e+00,2.549999992281746231e+00,3.302549928178316918e+01,1.556070540252505463e+00,3.159072934487402762e+01,2.352807069477959256e+00
1.131546709092357105e+03,1.159157310349655745e+00,3.024216414888107707e+01,3.303201359405661464e+01,1.555691829973648632e+00,2.549999992131941173e+00,3.303201359405661464e+01,1.555691829973648632e+00,3.159662469594225342e+01,2.352637071638925992e+00
1.132705866402706761e+03,1.159157310349655745e+00,3.024714713066429894e+01,3.303852283732236828e+01,1.555313417070256055e+00,2.549999991979537306e+00,3.303852283732236828e+01,1.555313417070256055e+00,3.160252043931803101e+01,2.352467116635327038e+00
1.133955866402706761e+03,1.250000000000000000e+00,3.025252457912563386e+01,3.304553668325205251e+01,1.554905680852007421e+00,2.549999991812233802e+00,3.304553668325205251e+01,1.554905680852007421e+00,3.160887867715930355e+01,2.352283890291273494e+00
1.135205866402706761e+03,1.250000000000000000e+00,3.025790613638486803e+01,3.305254495626204658e+01,1.554498289403977607e+00,2.549999991641812347e+00,3.305254495626204658e+01,1.554498289403977607e+00,3.161523738739619915e+01,2.352100713679875721e+00
1.136455866402706761e+03,1.250000000000000000e+00,3.026329181045266026e+01,3.305954781301070255e+01,1.554091242183488264e+00,2.549999991468223648e+00,3.305954781301070255e+01,1.554091242183488264e+00,3.162159657808167523e+01,2.351917586759791234e+00
1.137705866402706761e+03,1.250000000000000000e+00,3.026868160979251954e+01,3.306654540366761807e+01,1.553684538646717517e+00,2.549999991291414858e+00,3.306654540366761807e+01,1.553684538646717517e+00,3.162795625704383795e+01,2.351734509489748604e+00
1.138955866402706761e+03,1.250000000000000000e+00,3.027407554328726746e+01,3.307353787230147191e+01,1.553278178248860053e+00,2.549999991111334907e+00,3.307353787230147191e+01,1.553278178248860053e+00,3.163431643189519349e+01,2.351551481828533685e+00
1.140000000000000000e+03,1.044133597293239291e+00,3.027858430865866879e+01,3.307937490367199018e+01,1.552939005241991799e+00,2.549999990958367047e+00,3.307937490367199018e+01,1.552939005241991799e+00,3.163962951517376609e+01,2.351398635560752126e+00
1.140003013653365542e+03,3.013653365542268148e-03,3.027859732637057988e+01,3.307939175254720254e+01,1.552938026652164183e+00,2.549999990957921625e+00,3.307939175254720254e+01,1.552938026652164183e+00,3.163964485069842780e+01,2.351398194454913160e+00
1.140008813460323381e+03,5.799806957838882226e-03,3.027862237915921284e+01,3.307942419189837580e+01,1.552936143372730893e+00,2.549999990957065865e+00,3.307942419189837580e+01,1.552936143372730893e+00,3.163967436413733836e+01,2.351397345543002615e+00
1.140021410519728761e+03,1.259705940537969582e-02,3.027867679359998476e+01,3.307949468349389122e+01,1.552932053007772151e+00,2.549999990955205575e+00,3.307949468349389122e+01,1.552932053007772151e+00,3.163973846699767023e+01,2.351395501727822968e+00
1.140042608071106997e+03,2.119755137823631230e-02,3.027876835980249837e+01,3.307961337172044125e+01,1.552925170182419157e+00,2.549999990952075191e+00,3.307961337172044125e+01,1.552925170182419157e+00,3.163984633621083375e+01,2.351392399081370765e+00
1.140074471549041391e+03,3.186347793439381348e-02,3.027890600142136179e+01,3.307979189640413153e+01,1.552914824509883829e+00,2.549999990947367401e+00,3.307979189640413153e+01,1.552914824509883829e+00,3.164000848384211650e+01,2.351387735310173088e+00
1.140118679398291761e+03,4.420784925036969071e-02,3.027909697185846127e+01,3.308003975869580415e+01,1.552900471421169160e+00,2.549999990940831740e+00,3.308003975869580415e+01,1.552900471421169160e+00,3.164023345397008313e+01,2.351381264780849190e+00
1.140176674468239980e+03,5.799506994821967965e-02,3.027934750863466817e+01,3.308036516463231180e+01,1.552881643034705439e+00,2.549999990932251936e+00,3.308036516463231180e+01,1.552881643034705439e+00,3.164052859346068303e+01,2.351372776365614925e+00
1.140249703158798411e+03,7.302869055843075330e-02,3.027966300286825430e+01,3.308077524075289233e+01,1.552857935472277795e+00,2.549999990921437476e+00,3.308077524075289233e+01,1.552857935472277795e+00,3.164090025151550378e+01,2.351362087717181470e+00
1.140338858377933320e+03,8.915521913490920269e-02,3.028004818519566044e+01,3.308127627156521555e+01,1.552828994936131579e+00,2.549999990908219161e+00,3.308127627156521555e+01,1.552828994936131579e+00,3.164135399859210906e+01,2.351349038985467654e+00
1.140428013597068230e+03,8.915521913490920269e-02,3.028043338865531453e+01,3.308177767871328001e+01,1.552800056763016912e+00,2.549999990894984414e+00,3.308177767871328001e+01,1.552800056763016912e+00,3.164180776519312133e+01,2.351335990509710427e+00
1.140549982098165856e+03,1.219685010976263584e-01,3.028096039920398042e+01,3.308246415604110524e+01,1.552760471694120792e+00,2.549999990876850031e+00,3.308246415604110524e+01,1.552760471694120792e+00,3.164242857064223813e+01,2.351318140000396184e+00
1.140671950599263482e+03,1.219685010976263584e-01,3.028148744931857550e+01,3.308315117276564621e+01,1.552720890791863706e+00,2.549999990858682786e+00,3.308315117276564621e+01,1.552720890791863706e+00,3.164304941248133218e+01,2.351300289970030377e+00
1.140829534591363426e+03,1.575839920999442256e-01,3.028216845964044523e+01,3.308403950919443304e+01,1.552669758069207928e+00,2.549999990835163821e+00,3.308403950919443304e+01,1.552669758069207928e+00,3.164385159740607634e+01,2.351277228339080150e+00
1.140987118583463371e+03,1.575839920999442256e-01,3.028284953604406127e+01,3.308492856006131433e+01,1.552618632012003674e+00,2.549999990811590234e+00,3.308492856006131433e+01,1.552618632012003674e+00,3.164465384281493243e+01,2.351254167507444315e+00
1.141183106297675295e+03,1.959877142119239579e-01,3.028369668517287394e+01,3.308603517114477199e+01,1.552555055512921278e+00,2.549999990782196413e+00,3.308603517114477199e+01,1.552555055512921278e+00,3.164565168219418823e+01,2.351225487792588442e+00
1.141379094011887219e+03,1.959877142119239579e-01,3.028454393658611465e+01,3.308714268299732453e+01,1.552491489003221981e+00,2.549999990752718215e+00,3.308714268299732453e+01,1.552491489003221981e+00,3.164664961471888560e+01,2.351196809313767400e+00
1.141615916430133439e+03,2.368224182462199678e-01,3.028556785222754755e+01,3.308848204096237566e+01,1.552414691350815001e+00,2.549999990716985465e+00,3.308848204096237566e+01,1.552414691350815001e+00,3.164785559386197988e+01,2.351162157225647587e+00
1.141852738848379659e+03,2.368224182462199678e-01,3.028659191734137579e+01,3.308982249339571524e+01,1.552337907933897476e+00,2.549999990681129702e+00,3.308982249339571524e+01,1.552337907933897476e+00,3.164906170840218280e+01,2.351127506941685041e+00
1.142089561266625878e+03,2.368224182462199678e-01,3.028761613199651137e+01,3.309116395388168286e+01,1.552261138613955538e+00,2.549999990645149595e+00,3.309116395388168286e+01,1.552261138613955538e+00,3.165026795804800130e+01,2.351092858461557800e+00
1.142389289554963398e+03,2.997282883375191886e-01,3.028891261781064870e+01,3.309286307497044533e+01,1.552163997504754311e+00,2.549999990599434607e+00,3.309286307497044533e+01,1.552163997504754311e+00,3.165179481060816613e+01,2.351049009076985996e+00
1.142689017843300917e+03,2.997282883375191886e-01,3.029020934341304994e+01,3.309456357911062696e+01,1.552066878600103284e+00,2.549999990553519780e+00,3.309456357911062696e+01,1.552066878600103284e+00,3.165332187864433777e+01,2.351005162580653618e+00
1.142988746131638436e+03,2.997282883375191886e-01,3.029150630894569929e+01,3.309626536839530075e+01,1.551969781738599119e+00,2.549999990507404224e+00,3.309626536839530075e+01,1.551969781738599119e+00,3.165484916168814422e+01,2.350961318971924729e+00
1.143355382017185320e+03,3.666358855468843103e-01,3.029309311931026016e+01,3.309834867188664020e+01,1.551851039961181788e+00,2.549999990450721121e+00,3.309834867188664020e+01,1.551851039961181788e+00,3.165671766803345832e+01,2.350907692189439846e+00
1.143722017902732205e+03,3.666358855468843103e-01,3.029468028915546540e+01,3.310043364825143897e+01,1.551732330746596444e+00,2.549999990393735594e+00,3.310043364825143897e+01,1.551732330746596444e+00,3.165858649469389974e+01,2.350854069725538231e+00
1.144088653788279089e+03,3.666358855468843103e-01,3.029626781874573993e+01,3.310252018992743928e+01,1.551613653910193902e+00,2.549999990336445865e+00,3.310252018992743928e+01,1.551613653910193902e+00,3.166045564097398568e+01,2.350800451579078576e+00
1.144455289673825973e+03,3.666358855468843103e-01,3.029785570834705410e+01,3.310460820462566289e+01,1.551495009290963178e+00,2.549999990278851492e+00,3.310460820462566289e+01,1.551495009290963178e+00,3.166232510622111107e+01,2.350746837748924900e+00
1.144914336410580518e+03,4.590467367545443267e-01,3.029984433468591831e+01,3.310722446004353259e+01,1.551346505411051346e+00,2.549999990206306855e+00,3.310722446004353259e+01,1.551346505411051346e+00,3.166466622034742429e+01,2.350679716596058011e+00
1.145373383147335062e+03,4.590467367545443267e-01,3.030183352633638805e+01,3.310984276293054762e+01,1.551198051566674119e+00,2.549999990133278605e+00,3.310984276293054762e+01,1.551198051566674119e+00,3.166700783239570427e+01,2.350612602205583102e+00
1.145832429884089606e+03,4.590467367545443267e-01,3.030382328382936308e+01,3.311246299535675064e+01,1.551049647539751053e+00,2.549999990059763633e+00,3.311246299535675064e+01,1.551049647539751053e+00,3.166934994129632486e+01,2.350545494575298378e+00
1.146291476620844151e+03,4.590467367545443267e-01,3.030581360769859245e+01,3.311508505427816118e+01,1.550901293135309222e+00,2.549999989985759719e+00,3.311508505427816118e+01,1.550901293135309222e+00,3.167169254603897244e+01,2.350478393703013147e+00
1.146848541338749328e+03,5.570647179051775311e-01,3.030822967705038096e+01,3.311826931155973597e+01,1.550721327742956790e+00,2.549999989895292973e+00,3.311826931155973597e+01,1.550721327742956790e+00,3.167453602017807057e+01,2.350396974186494958e+00
1.147405606056654506e+03,5.570647179051775311e-01,3.031064658222515718e+01,3.312145598211213837e+01,1.550541434883575320e+00,2.549999989804096145e+00,3.312145598211213837e+01,1.550541434883575320e+00,3.167738022148499866e+01,2.350315564614995800e+00
1.147962670774559683e+03,5.570647179051775311e-01,3.031306432419028596e+01,3.312464494030674445e+01,1.550361614299779811e+00,2.549999989712163906e+00,3.312464494030674445e+01,1.550361614299779811e+00,3.168022514842524018e+01,2.350234164984647656e+00
1.148519735492464861e+03,5.570647179051775311e-01,3.031548290391685541e+01,3.312783607487434523e+01,1.550181865756597999e+00,2.549999989619491370e+00,3.312783607487434523e+01,1.550181865756597999e+00,3.168307079954152883e+01,2.350152775291587837e+00
1.149076800210370038e+03,5.570647179051775311e-01,3.031790232237901250e+01,3.313102928648742562e+01,1.550002189037733125e+00,2.549999989526073652e+00,3.313102928648742562e+01,1.550002189037733125e+00,3.168591717344526515e+01,2.350071395531972751e+00
1.149761058516819730e+03,6.842583064496920997e-01,3.032087531161964122e+01,3.313495431020621140e+01,1.549781585057351307e+00,2.549999989410297818e+00,3.313495431020621140e+01,1.549781585057351307e+00,3.168941444202818047e+01,2.349971448066568769e+00
1.150445316823269422e+03,6.842583064496920997e-01,3.032384956962310696e+01,3.313888218553382359e+01,1.549561088798721009e+00,2.549999989293379787e+00,3.313888218553382359e+01,1.549561088798721009e+00,3.169291279680065898e+01,2.349871515575772563e+00
1.151129575129719115e+03,6.842583064496920997e-01,3.032682509820490679e+01,3.314281278062627933e+01,1.549340699943041910e+00,2.549999989175308901e+00,3.314281278062627933e+01,1.549340699943041910e+00,3.169641223552854825e+01,2.349771598052518229e+00
1.151813833436168807e+03,6.842583064496920997e-01,3.032980189918097835e+01,3.314674597728176764e+01,1.549120418193070448e+00,2.549999989056076277e+00,3.314674597728176764e+01,1.549120418193070448e+00,3.169991275607783265e+01,2.349671695489762957e+00
1.152498091742618499e+03,6.842583064496920997e-01,3.033277997436590212e+01,3.315068166889304280e+01,1.548900243269947907e+00,2.549999988935671702e+00,3.315068166889304280e+01,1.548900243269947907e+00,3.170341435640461114e+01,2.349571807880477259e+00
1.153182350049068191e+03,6.842583064496920997e-01,3.033575932557121746e+01,3.315461975880029399e+01,1.548680174910646024e+00,2.549999988814084517e+00,3.315461975880029399e+01,1.548680174910646024e+00,3.170691703454639665e+01,2.349471935217653407e+00
1.154026391355948135e+03,8.440413068799443863e-01,3.033943615354483470e+01,3.315948061634650657e+01,1.548408864222069470e+00,2.549999988662461359e+00,3.315948061634650657e+01,1.548408864222069470e+00,3.171123911442471410e+01,2.349348761599160174e+00
1.154870432662828080e+03,8.440413068799443863e-01,3.034311492917755615e+01,3.316434483977150194e+01,1.548137714854562974e+00,2.549999988509005000e+00,3.316434483977150194e+01,1.548137714854562974e+00,3.171556282798328397e+01,2.349225610698781885e+00
1.155714473969708024e+03,8.440413068799443863e-01,3.034679565582682059e+01,3.316921229411974537e+01,1.547866726389032666e+00,2.549999988353696345e+00,3.316921229411974537e+01,1.547866726389032666e+00,3.171988817195871135e+01,2.349102482503466760e+00
1.156558515276587968e+03,8.440413068799443863e-01,3.035047833682583729e+01,3.317408285716614103e+01,1.547595898427038152e+00,2.549999988196514522e+00,3.317408285716614103e+01,1.547595898427038152e+00,3.172421514321471037e+01,2.348979377000192326e+00
1.157402556583467913e+03,8.440413068799443863e-01,3.035416297547904918e+01,3.317895641771022497e+01,1.547325230588135980e+00,2.549999988037440879e+00,3.317895641771022497e+01,1.547325230588135980e+00,3.172854373873042277e+01,2.348856294175968085e+00
1.158246597890347857e+03,8.440413068799443863e-01,3.035784957505780213e+01,3.318383287416668992e+01,1.547054722507682056e+00,2.549999987876455876e+00,3.318383287416668992e+01,1.547054722507682056e+00,3.173287395559010093e+01,2.348733234017835958e+00
1.159261797575527453e+03,1.015199685179595690e+00,3.036228636166379147e+01,3.318970190486942329e+01,1.546729570761510519e+00,2.549999987680264368e+00,3.318970190486942329e+01,1.546729570761510519e+00,3.173808441658876589e+01,2.348585249192324476e+00
1.160276997260707049e+03,1.015199685179595690e+00,3.036672599534493955e+01,3.319557484274086079e+01,1.546404649042988799e+00,2.549999987481242236e+00,3.319557484274086079e+01,1.546404649042988799e+00,3.174329721435800167e+01,2.348437297116473754e+00
1.161292196945886644e+03,1.015199685179595690e+00,3.037116848155141824e+01,3.320145155334560627e+01,1.546079956788196208e+00,2.549999987279354841e+00,3.320145155334560627e+01,1.546079956788196208e+00,3.174851234432785319e+01,2.348289377767893704e+00
1.162307396631066240e+03,1.015199685179595690e+00,3.037561382562690326e+01,3.320733191405313534e+01,1.545755493453253582e+00,2.549999987074565766e+00,3.320733191405313534e+01,1.545755493453253582e+00,3.175372980208124574e+01,2.348141491124247526e+00
1.163322596316245836e+03,1.015199685179595690e+00,3.038006203279937978e+01,3.321321581259436329e+01,1.545431258512052208e+00,2.549999986866838597e+00,3.321321581259436329e+01,1.545431258512052208e+00,3.175894958334076179e+01,2.347993637163249492e+00
1.164337796001425431e+03,1.015199685179595690e+00,3.038451310817230677e+01,3.321910314584513912e+01,1.545107251454332919e+00,2.549999986656136919e+00,3.321910314584513912e+01,1.545107251454332919e+00,3.176417168395708401e+01,2.347845815862667607e+00
1.165352995686605027e+03,1.015199685179595690e+00,3.038896705671625398e+01,3.322499381879299563e+01,1.544783471784053175e+00,2.549999986442423872e+00,3.322499381879299563e+01,1.544783471784053175e+00,3.176939609989875279e+01,2.347698027200315174e+00
1.166582086891045265e+03,1.229091204440237561e+00,3.039436325558553875e+01,3.323212993643659274e+01,1.544391778868030807e+00,2.549999986179598999e+00,3.323212993643659274e+01,1.544391778868030807e+00,3.177572433621527281e+01,2.347519144721772033e+00
1.167811178095485502e+03,1.229091204440237561e+00,3.039976368120624173e+01,3.323927067776614308e+01,1.544000417706638206e+00,2.549999985912238198e+00,3.323927067776614308e+01,1.544000417706638206e+00,3.178205595375225556e+01,2.347340310011667430e+00
1.169040269299925740e+03,1.229091204440237561e+00,3.040516834151934589e+01,3.324641591177334732e+01,1.543609387487148155e+00,2.549999985640271305e+00,3.324641591177334732e+01,1.543609387487148155e+00,3.178839094594159675e+01,2.347161523030904196e+00
1.170269360504365977e+03,1.229091204440237561e+00,3.041057724411163221e+01,3.325356551824398110e+01,1.543218687416804347e+00,2.549999985363631261e+00,3.325356551824398110e+01,1.543218687416804347e+00,3.179472930639614248e+01,2.346982783740480194e+00
1.171498451708806215e+03,1.229091204440237561e+00,3.041599039619997313e+01,3.326071938654067139e+01,1.542828316720862514e+00,2.549999985082247012e+00,3.326071938654067139e+01,1.542828316720862514e+00,3.180107102889491344e+01,2.346804092101486994e+00
1.172727542913246452e+03,1.229091204440237561e+00,3.042140780461695826e+01,3.326787741455970604e+01,1.542438274640905105e+00,2.549999984796048391e+00,3.326787741455970604e+01,1.542438274640905105e+00,3.180741610737013048e+01,2.346625448075104536e+00
1.173956634117686690e+03,1.229091204440237561e+00,3.042682947579785591e+01,3.327503950783158615e+01,1.542048560433379567e+00,2.549999984504963457e+00,3.327503950783158615e+01,1.542048560433379567e+00,3.181376453589557940e+01,2.346446851622603358e+00
1.175185725322126927e+03,1.229091204440237561e+00,3.043225541576892823e+01,3.328220557874153229e+01,1.541659173368327362e+00,2.549999984208919379e+00,3.328220557874153229e+01,1.541659173368327362e+00,3.182011630867615537e+01,2.346268302705340147e+00
1.176435725322126927e+03,1.250000000000000000e+00,3.043777804372348683e+01,3.328949755164598656e+01,1.541263497007818728e+00,2.549999983902678125e+00,3.328949755164598656e+01,1.541263497007818728e+00,3.182657955943485817e+01,2.346086765102433525e+00
1.177685725322126927e+03,1.250000000000000000e+00,3.044330509818267672e+01,3.329679347470418804e+01,1.540868157530293159e+00,2.549999983591153097e+00,3.329679347470418804e+01,1.540868157530293159e+00,3.183304625748329642e+01,2.345905276585469323e+00
1.178935725322126927e+03,1.250000000000000000e+00,3.044883658412307881e+01,3.330409327356965576e+01,1.540473154204586859e+00,2.549999983274266135e+00,3.330409327356965576e+01,1.540473154204586859e+00,3.183951639708658377e+01,2.345723837114065180e+00
1.180185725322126927e+03,1.250000000000000000e+00,3.045437250604763690e+01,3.331139687879989708e+01,1.540078486310066497e+00,2.549999982951935973e+00,3.331139687879989708e+01,1.540078486310066497e+00,3.184598997261521092e+01,2.345542446647928880e+00
1.181435725322126927e+03,1.250000000000000000e+00,3.045991286798017583e+01,3.331870422541462773e+01,1.539684153135888023e+00,2.549999982624083117e+00,3.331870422541462773e+01,1.539684153135888023e+00,3.185246697853807163e+01,2.345361105146848590e+00
1.182685725322126927e+03,1.250000000000000000e+00,3.046545767346146860e+01,3.332601525250395014e+01,1.539290153980337417e+00,2.549999982290623191e+00,3.332601525250395014e+01,1.539290153980337417e+00,3.185894740941632719e+01,2.345179812570700850e+00
1.183935725322126927e+03,1.250000000000000000e+00,3.047100692554665002e+01,3.333332990287953379e+01,1.538896488150236497e+00,2.549999981951475370e+00,3.333332990287953379e+01,1.538896488150236497e+00,3.186543125989761904e+01,2.344998568879446132e+00
1.185185725322126927e+03,1.250000000000000000e+00,3.047656062680418643e+01,3.334064812276331224e+01,1.538503154960412012e+00,2.549999981606553057e+00,3.334064812276331224e+01,1.538503154960412012e+00,3.187191852471091025e+01,2.344817374033125290e+00
1.186435725322126927e+03,1.250000000000000000e+00,3.048211877931618119e+01,3.334796986150863773e+01,1.538110153733217356e+00,2.549999981255772763e+00,3.334796986150863773e+01,1.538110153733217356e+00,3.187840919866163247e+01,2.344636227991862665e+00
1.187685725322126927e+03,1.250000000000000000e+00,3.048768138468011202e+01,3.335529507134995697e+01,1.537717483798096030e+00,2.549999980899046559e+00,3.335529507134995697e+01,1.537717483798096030e+00,3.188490327662732327e+01,2.344455130715863422e+00
1.188935725322126927e+03,1.250000000000000000e+00,3.049324844401193957e+01,3.336262370717736303e+01,1.537325144491190398e+00,2.549999980536288291e+00,3.336262370717736303e+01,1.537325144491190398e+00,3.189140075355355464e+01,2.344274082165411777e+00
1.190185725322126927e+03,1.250000000000000000e+00,3.049881995795048439e+01,3.336995572633324514e+01,1.536933135154984642e+00,2.549999980167408697e+00,3.336995572633324514e+01,1.536933135154984642e+00,3.189790162445022403e+01,2.344093082300872766e+00
1.191435725322126927e+03,1.250000000000000000e+00,3.050439592666316102e+01,3.337729108842817993e+01,1.536541455137977241e+00,2.549999979792318516e+00,3.337729108842817993e+01,1.536541455137977241e+00,3.190440588438804426e+01,2.343912131082687811e+00
1.192685725322126927e+03,1.250000000000000000e+00,3.050997634985280627e+01,3.338462975517412445e+01,1.536150103794384991e+00,2.549999979410926709e+00,3.338462975517412445e+01,1.536150103794384991e+00,3.191091352849536023e+01,2.343731228471378270e+00
1.193935725322126927e+03,1.250000000000000000e+00,3.051556122676575100e+01,3.339197169023277212e+01,1.535759080483869443e+00,2.549999979023142238e+00,3.339197169023277212e+01,1.535759080483869443e+00,3.191742455195521089e+01,2.343550374427541882e+00
1.195185725322126927e+03,1.250000000000000000e+00,3.052115055620089734e+01,3.339931685907751557e+01,1.535368384571286882e+00,2.549999978628870956e+00,3.339931685907751557e+01,1.535368384571286882e+00,3.192393895000258652e+01,2.343369568911851886e+00
1.196435725322126927e+03,1.250000000000000000e+00,3.052674433651981900e+01,3.340666522886755985e+01,1.534978015426458509e+00,2.549999978228020048e+00,3.340666522886755985e+01,1.534978015426458509e+00,3.193045671792176421e+01,2.343188811885060563e+00
1.197685725322126927e+03,1.250000000000000000e+00,3.053234256565777827e+01,3.341401676833282153e+01,1.534587972423958391e+00,2.549999977820493591e+00,3.341401676833282153e+01,1.534587972423958391e+00,3.193697785104405895e+01,2.343008103307990364e+00
1.198935725322126927e+03,1.250000000000000000e+00,3.053794524113555298e+01,3.342137144766860501e+01,1.534198254942917394e+00,2.549999977406195661e+00,3.342137144766860501e+01,1.534198254942917394e+00,3.194350234474546824e+01,2.342827443141542787e+00
1.200000000000000000e+03,1.064274677873072505e+00,3.054271897196081653e+01,3.342763582025931868e+01,1.533866697889173736e+00,2.549999977048043487e+00,3.342763582025931868e+01,1.533866697889173736e+00,3.194906007275800519e+01,2.342673663635633119e+00
1.200003003944456395e+03,3.003944456395402085e-03,3.054273245050381291e+01,3.342765349236446326e+01,1.533865762382346398e+00,2.549999977047026078e+00,3.342765349236446326e+01,1.533865762382346398e+00,3.194907576301947572e+01,2.342673229638362553e+00
1.200007947306990445e+03,4.943362534049811075e-03,3.054275463117096834e+01,3.342768255351520423e+01,1.533864222875642058e+00,2.549999977045350530e+00,3.342768255351520423e+01,1.533864222875642058e+00,3.194910158324870864e+01,2.342672515442716374e+00
1.200018179520345939e+03,1.023221335549351352e-02,3.054280054291787749e+01,3.342774266056518684e+01,1.533861036241708664e+00,2.549999977041882637e+00,3.342774266056518684e+01,1.533861036241708664e+00,3.194915502811305075e+01,2.342671037139125279e+00
1.200034787924163538e+03,1.660840381759953743e-02,3.054287506514369710e+01,3.342784013285036337e+01,1.533855863826072419e+00,2.549999977036252474e+00,3.342784013285036337e+01,1.533855863826072419e+00,3.194924177663839515e+01,2.342668637639344631e+00
1.200059160262206660e+03,2.437233804312199936e-02,3.054298442571028360e+01,3.342798302322575665e+01,1.533848273431272169e+00,2.549999977027987530e+00,3.342798302322575665e+01,1.533848273431272169e+00,3.194936907654087932e+01,2.342665116460038277e+00
1.200092418684520453e+03,3.325842231379283476e-02,3.054313366154814346e+01,3.342817779388624189e+01,1.533837915603449176e+00,2.549999977016705888e+00,3.342817779388624189e+01,1.533837915603449176e+00,3.194954278775662004e+01,2.342660311498009129e+00
1.200135531168669331e+03,4.311248414887813851e-02,3.054332711880941176e+01,3.342842997454462761e+01,1.533824488950534803e+00,2.549999977002074036e+00,3.342842997454462761e+01,1.533824488950534803e+00,3.194976796428078814e+01,2.342654082934785720e+00
1.200189337586752799e+03,5.380641808346808830e-02,3.054356857002577286e+01,3.342874431889589459e+01,1.533807732041261085e+00,2.549999976983801098e+00,3.342874431889589459e+01,1.533807732041261085e+00,3.195004899019560440e+01,2.342646309472674382e+00
1.200254577495186822e+03,6.523990843402316386e-02,3.054386133898484346e+01,3.342912497064266830e+01,1.533787414766309087e+00,2.549999976961628168e+00,3.342912497064266830e+01,1.533787414766309087e+00,3.195038972470707961e+01,2.342636884321786184e+00
1.200319817403620846e+03,6.523990843402316386e-02,3.054415412003854158e+01,3.342950515889106100e+01,1.533767097951423741e+00,2.549999976939436142e+00,3.342950515889106100e+01,1.533767097951423741e+00,3.195073045107830367e+01,2.342627459300187454e+00
1.200408288210904857e+03,8.847080728401124361e-02,3.054455117511222539e+01,3.343002007687949373e+01,1.533739547456425267e+00,2.549999976909311350e+00,3.343002007687949373e+01,1.533739547456425267e+00,3.195119249177250254e+01,2.342614678384102866e+00
1.200496759018188868e+03,8.847080728401124361e-02,3.054494825242533196e+01,3.343053432882479825e+01,1.533711997973246755e+00,2.549999976879151475e+00,3.343053432882479825e+01,1.533711997973246755e+00,3.195165451763152475e+01,2.342601897705761882e+00
1.200610376923975309e+03,1.136179057864410424e-01,3.054545822831303070e+01,3.343119387910013529e+01,1.533676619352258186e+00,2.549999976840367832e+00,3.343119387910013529e+01,1.533676619352258186e+00,3.195224784888153380e+01,2.342585484573539656e+00
1.200723994829761750e+03,1.136179057864410424e-01,3.054596824087494866e+01,3.343185254045447863e+01,1.533641242586130327e+00,2.549999976801526902e+00,3.343185254045447863e+01,1.533641242586130327e+00,3.195284115589670648e+01,2.342569071833390471e+00
1.200864675333122477e+03,1.406805033607270161e-01,3.054659978391187636e+01,3.343266697023273082e+01,1.533597442115193443e+00,2.549999976753352993e+00,3.343266697023273082e+01,1.533597442115193443e+00,3.195357574902862297e+01,2.342548750293333093e+00
1.201005355836483204e+03,1.406805033607270161e-01,3.054723138316520092e+01,3.343348026734949485e+01,1.533553644691698414e+00,2.549999976705091154e+00,3.343348026734949485e+01,1.533553644691698414e+00,3.195431030537424633e+01,2.342528429354295838e+00
1.201174775276960418e+03,1.694194404772133566e-01,3.054799208337220406e+01,3.343445832911033477e+01,1.533500904258971342e+00,2.549999976646851074e+00,3.343445832911033477e+01,1.533500904258971342e+00,3.195519487209692500e+01,2.342503957946937110e+00
1.201344194717437631e+03,1.694194404772133566e-01,3.054875286509309973e+01,3.343543499711368128e+01,1.533448168465302519e+00,2.549999976588481765e+00,3.343543499711368128e+01,1.533448168465302519e+00,3.195607938601624554e+01,2.342479487411102568e+00
1.201513614157914844e+03,1.694194404772133566e-01,3.054951372831847678e+01,3.343641036943489553e+01,1.533395437396708028e+00,2.549999976529982781e+00,3.343641036943489553e+01,1.533395437396708028e+00,3.195696384739902385e+01,2.342455017746716717e+00
1.201727285786555512e+03,2.136716286406681320e-01,3.055047344445960533e+01,3.343763878470231532e+01,1.533328939871869689e+00,2.549999976456018835e+00,3.343763878470231532e+01,1.533328939871869689e+00,3.195807925468131216e+01,2.342424157872988744e+00
1.201940957415196181e+03,2.136716286406681320e-01,3.055143329020908283e+01,3.343886540155973108e+01,1.533262450091777973e+00,2.549999976381847056e+00,3.343886540155973108e+01,1.533262450091777973e+00,3.195919457925976204e+01,2.342393299385125083e+00
1.202154629043836849e+03,2.136716286406681320e-01,3.055239326554721657e+01,3.344009033162475220e+01,1.533195968153086453e+00,2.549999976307468330e+00,3.344009033162475220e+01,1.533195968153086453e+00,3.196030982157061828e+01,2.342362442282966306e+00
1.202415332935771858e+03,2.607038919350088690e-01,3.055356472104022103e+01,3.344158273842708695e+01,1.533114863301051178e+00,2.549999976216434927e+00,3.344158273842708695e+01,1.533114863301051178e+00,3.196167043426366661e+01,2.342324794956034406e+00
1.202676036827706866e+03,2.607038919350088690e-01,3.055473636938252824e+01,3.344307291961352746e+01,1.533033770367417503e+00,2.549999976125090662e+00,3.344307291961352746e+01,1.533033770367417503e+00,3.196303092579834981e+01,2.342287149691437254e+00
1.202936740719641875e+03,2.607038919350088690e-01,3.055590821053656470e+01,3.344456099884109790e+01,1.532952689457240503e+00,2.549999976033435534e+00,3.344456099884109790e+01,1.532952689457240503e+00,3.196439129683563252e+01,2.342249506488871980e+00
1.203197444611576884e+03,2.607038919350088690e-01,3.055708024446407478e+01,3.344604708279995009e+01,1.532871620660449130e+00,2.549999975941466435e+00,3.344604708279995009e+01,1.532871620660449130e+00,3.196575154800142826e+01,2.342211865348037492e+00
1.203523092568742186e+03,3.256479571653017047e-01,3.055854451502541735e+01,3.344790070391675130e+01,1.532770373912050843e+00,2.549999975826147569e+00,3.344790070391675130e+01,1.532770373912050843e+00,3.196745048447496629e+01,2.342164850301107215e+00
1.203848740525907488e+03,3.256479571653017047e-01,3.056000908622883827e+01,3.344975151521823165e+01,1.532669146316144815e+00,2.549999975710336653e+00,3.344975151521823165e+01,1.532669146316144815e+00,3.196914923594530578e+01,2.342117838469977453e+00
1.204174388483072789e+03,3.256479571653017047e-01,3.056147395799559874e+01,3.345159965457657592e+01,1.532567937985551243e+00,2.549999975594032797e+00,3.345159965457657592e+01,1.532567937985551243e+00,3.197084780345847221e+01,2.342070829854047354e+00
1.204500036440238091e+03,3.256479571653017047e-01,3.056293913024540387e+01,3.345344524327826718e+01,1.532466749018311480e+00,2.549999975477234671e+00,3.345344524327826718e+01,1.532466749018311480e+00,3.197254618801113679e+01,2.342023824452712510e+00
1.204894528037855935e+03,3.944915976178435812e-01,3.056471444975370844e+01,3.345567773602344630e+01,1.532344194245716551e+00,2.549999975335079050e+00,3.345567773602344630e+01,1.532344194245716551e+00,3.197460337602417724e+01,2.341966886174521534e+00
1.205289019635473778e+03,3.944915976178435812e-01,3.056649020995313748e+01,3.345790681318052862e+01,1.532221668148167737e+00,2.549999975192191126e+00,3.345790681318052862e+01,1.532221668148167737e+00,3.197666029855708913e+01,2.341909952611783918e+00
1.205683511233091622e+03,3.944915976178435812e-01,3.056826641069218553e+01,3.346013262518106046e+01,1.532099170841890068e+00,2.549999975048568235e+00,3.346013262518106046e+01,1.532099170841890068e+00,3.197871695715435791e+01,2.341853023763409425e+00
1.206078002830709465e+03,3.944915976178435812e-01,3.057004305181622783e+01,3.346235530637099487e+01,1.531976702428787140e+00,2.549999974904206823e+00,3.346235530637099487e+01,1.531976702428787140e+00,3.198077335329478288e+01,2.341796099628306482e+00
1.206472494428327309e+03,3.944915976178435812e-01,3.057182013316756652e+01,3.346457497767581657e+01,1.531854262998816774e+00,2.549999974759103338e+00,3.346457497767581657e+01,1.531854262998816774e+00,3.198282948839816342e+01,2.341739180205380855e+00
1.206956186904948026e+03,4.836924766207175708e-01,3.057399964168087436e+01,3.346729260458084809e+01,1.531704177720331295e+00,2.549999974580172246e+00,3.346729260458084809e+01,1.531704177720331295e+00,3.198535019438905280e+01,2.341669396817052107e+00
1.207439879381568744e+03,4.836924766207175708e-01,3.057617981147037867e+01,3.347000605315695054e+01,1.531554136263332255e+00,2.549999974400114500e+00,3.347000605315695054e+01,1.531554136263332255e+00,3.198787051241922086e+01,2.341599620509137836e+00
1.207923571858189462e+03,4.836924766207175708e-01,3.057836064222713546e+01,3.347271548758244819e+01,1.531404138741411458e+00,2.549999974218924770e+00,3.347271548758244819e+01,1.531404138741411458e+00,3.199039044481122929e+01,2.341529851279601449e+00
1.208407264334810179e+03,4.836924766207175708e-01,3.058054213363574192e+01,3.347542105659330502e+01,1.531254185254441458e+00,2.549999974036595951e+00,3.347542105659330502e+01,1.531254185254441458e+00,3.199290999379895339e+01,2.341460089126398803e+00
1.208890956811430897e+03,4.836924766207175708e-01,3.058272428537448206e+01,3.347812289574663680e+01,1.531104275890593280e+00,2.549999973853122270e+00,3.347812289574663680e+01,1.531104275890593280e+00,3.199542916153576755e+01,2.341390334047484867e+00
1.209374649288051614e+03,4.836924766207175708e-01,3.058490709711544397e+01,3.348082112924573295e+01,1.530954410727964010e+00,2.549999973668497066e+00,3.348082112924573295e+01,1.530954410727964010e+00,3.199794795010147297e+01,2.341320586040807950e+00
1.209969745236562176e+03,5.950959485105613567e-01,3.058759355647240596e+01,3.348413603785829906e+01,1.530770089546508173e+00,2.549999973439760481e+00,3.348413603785829906e+01,1.530770089546508173e+00,3.200104634577679263e+01,2.341234783456856761e+00
1.210564841185072737e+03,5.950959485105613567e-01,3.059028101372429376e+01,3.348744585641858151e+01,1.530585835489719937e+00,2.549999973209260418e+00,3.348744585641858151e+01,1.530585835489719937e+00,3.200414417416749302e+01,2.341148991571098126e+00
1.211159937133583298e+03,5.950959485105613567e-01,3.059296946822370344e+01,3.349075076320502120e+01,1.530401648656068758e+00,2.549999972976985330e+00,3.349075076320502120e+01,1.530401648656068758e+00,3.200724143876237804e+01,2.341063210379696446e+00
1.211755033082093860e+03,5.950959485105613567e-01,3.059565891931042003e+01,3.349405092182521315e+01,1.530217529131056908e+00,2.549999972742922338e+00,3.349405092182521315e+01,1.530217529131056908e+00,3.201033814293105451e+01,2.340977439878808131e+00
1.212350129030604421e+03,5.950959485105613567e-01,3.059834936631179048e+01,3.349734648310599994e+01,1.530033476988903018e+00,2.549999972507060342e+00,3.349734648310599994e+01,1.530033476988903018e+00,3.201343428993354934e+01,2.340891680064585145e+00
1.212945224979114982e+03,5.950959485105613567e-01,3.060104080854307895e+01,3.350063758665997682e+01,1.529849492293940738e+00,2.549999972269387349e+00,3.350063758665997682e+01,1.529849492293940738e+00,3.201652988292863711e+01,2.340805930933175460e+00
1.213540320927625544e+03,5.950959485105613567e-01,3.060373324530787897e+01,3.350392436219607362e+01,1.529665575101784691e+00,2.549999972029890483e+00,3.350392436219607362e+01,1.529665575101784691e+00,3.201962492498117285e+01,2.340720192480726158e+00
1.214271077590056393e+03,7.307566624308492464e-01,3.060704082131881876e+01,3.350795466254155031e+01,1.529439823739178639e+00,2.549999971733285076e+00,3.350795466254155031e+01,1.529439823739178639e+00,3.202342477728264925e+01,2.340614923312479334e+00
1.215001834252487242e+03,7.307566624308492464e-01,3.061034989458256916e+01,3.351197882637571723e+01,1.529214174310205898e+00,2.549999971433889900e+00,3.351197882637571723e+01,1.529214174310205898e+00,3.202722380865042595e+01,2.340509670234032225e+00
1.215732590914918092e+03,7.307566624308492464e-01,3.061366046374216410e+01,3.351599704589927597e+01,1.528988626875759982e+00,2.549999971131681864e+00,3.351599704589927597e+01,1.528988626875759982e+00,3.203102202425939993e+01,2.340404433238234549e+00
1.216463347577348941e+03,7.307566624308492464e-01,3.061697252741774378e+01,3.352000949949546538e+01,1.528763181484665168e+00,2.549999970826638762e+00,3.352000949949546538e+01,1.528763181484665168e+00,3.203481942912587499e+01,2.340299212317928479e+00
1.217194104239779790e+03,7.307566624308492464e-01,3.062028608420749620e+01,3.352401635329078289e+01,1.528537838175065611e+00,2.549999970518735726e+00,3.352401635329078289e+01,1.528537838175065611e+00,3.203861602811863207e+01,2.340194007465953074e+00
1.217924860902210639e+03,7.307566624308492464e-01,3.062360113268866968e+01,3.352801776248029597e+01,1.528312596975606175e+00,2.549999970207951883e+00,3.352801776248029597e+01,1.528312596975606175e+00,3.204241182596881998e+01,2.340088818675147397e+00
1.218655617564641489e+03,7.307566624308492464e-01,3.062691767141851429e+01,3.353201387246123488e+01,1.528087457906441626e+00,2.549999969894262364e+00,3.353201387246123488e+01,1.528087457906441626e+00,3.204620682727894376e+01,2.339983645938346069e+00
1.219386374227072338e+03,7.307566624308492464e-01,3.063023569893524822e+01,3.353600481980900838e+01,1.527862420980104607e+00,2.549999969577644521e+00,3.353600481980900838e+01,1.527862420980104607e+00,3.205000103653071619e+01,2.339878489248384597e+00
1.220279240170985304e+03,8.928659439129660313e-01,3.063429180827448661e+01,3.354087428852018604e+01,1.527587601061675793e+00,2.549999969186778515e+00,3.354087428852018604e+01,1.527587601061675793e+00,3.205463587518773494e+01,2.339750026624893842e+00
1.221172106114898270e+03,8.928659439129660313e-01,3.063835013525995876e+01,3.354573646159376921e+01,1.527312933636892245e+00,2.549999968791462290e+00,3.354573646159376921e+01,1.527312933636892245e+00,3.205926954565800457e+01,2.339621587933753410e+00
1.222064972058811236e+03,8.928659439129660313e-01,3.064241067712177724e+01,3.355059154466381699e+01,1.527038418691299082e+00,2.549999968391650995e+00,3.355059154466381699e+01,1.527038418691299082e+00,3.206390205547110384e+01,2.339493173161892425e+00
1.222957838002724202e+03,8.928659439129660313e-01,3.064647343105659516e+01,3.355543973043469919e+01,1.526764056199440001e+00,2.549999967987300220e+00,3.355543973043469919e+01,1.526764056199440001e+00,3.206853341194815954e+01,2.339364782296242673e+00
1.223850703946637168e+03,8.928659439129660313e-01,3.065053839422996163e+01,3.356028119996216930e+01,1.526489846125994809e+00,2.549999967578366888e+00,3.356028119996216930e+01,1.526489846125994809e+00,3.207316362221479977e+01,2.339236415323737273e+00
1.224743569890550134e+03,8.928659439129660313e-01,3.065460556377863455e+01,3.356511612376409204e+01,1.526215788426765751e+00,2.549999967164805259e+00,3.356511612376409204e+01,1.526215788426765751e+00,3.207779269321265758e+01,2.339108072231315116e+00
1.225636435834463100e+03,8.928659439129660313e-01,3.065867493681276201e+01,3.356994466278908362e+01,1.525941883049535042e+00,2.549999966746569591e+00,3.356994466278908362e+01,1.525941883049535042e+00,3.208242063170992964e+01,2.338979753005915541e+00
1.226529301778376066e+03,8.928659439129660313e-01,3.066274651041809562e+01,3.357476696926539717e+01,1.525668129934820039e+00,2.549999966323615030e+00,3.357476696926539717e+01,1.525668129934820039e+00,3.208704744431094724e+01,2.338851457634486763e+00
1.227422167722289032e+03,8.928659439129660313e-01,3.066682028165807594e+01,3.357958318744847759e+01,1.525394529016532275e+00,2.549999965895894949e+00,3.357958318744847759e+01,1.525394529016532275e+00,3.209167313746489469e+01,2.338723186103977447e+00
1.228505951089416840e+03,1.083783367127807651e+00,3.067176807717037690e+01,3.358542125180618143e+01,1.525062629657447433e+00,2.549999965370249200e+00,3.358542125180618143e+01,1.525062629657447433e+00,3.209728642630920348e+01,2.338567518875204865e+00
1.229589734456544647e+03,1.083783367127807651e+00,3.067671910093492116e+01,3.359125077893419586e+01,1.524730954294032381e+00,2.549999964837429633e+00,3.359125077893419586e+01,1.524730954294032381e+00,3.210289808606386686e+01,2.338411886730450640e+00
1.230673517823672455e+03,1.083783367127807651e+00,3.068167334759318621e+01,3.359707198730281874e+01,1.524399502775802162e+00,2.549999964297353650e+00,3.359707198730281874e+01,1.524399502775802162e+00,3.210850812743827021e+01,2.338256289646419628e+00
1.231757301190800263e+03,1.083783367127807651e+00,3.068663081175677831e+01,3.360288508333353263e+01,1.524068274942583789e+00,2.549999963749934651e+00,3.360288508333353263e+01,1.524068274942583789e+00,3.211411656087196320e+01,2.338100727599830009e+00
1.232841084557928070e+03,1.083783367127807651e+00,3.069159148801191961e+01,3.360869026244832725e+01,1.523737270625443063e+00,2.549999963195087371e+00,3.360869026244832725e+01,1.523737270625443063e+00,3.211972339654924014e+01,2.337945200567416837e+00
1.233924867925055878e+03,1.083783367127807651e+00,3.069655537092380015e+01,3.361448770999597002e+01,1.523406489647499473e+00,2.549999962632724326e+00,3.361448770999597002e+01,1.523406489647499473e+00,3.212532864441252656e+01,2.337789708525935151e+00
1.235008651292183686e+03,1.083783367127807651e+00,3.070152245504055699e+01,3.362027760207315197e+01,1.523075931824648510e+00,2.549999962062758030e+00,3.362027760207315197e+01,1.523075931824648510e+00,3.213093231417469298e+01,2.337634251452155976e+00
1.236092434659311493e+03,1.083783367127807651e+00,3.070649273489704356e+01,3.362606010625542297e+01,1.522745596966204262e+00,2.549999961485099220e+00,3.362606010625542297e+01,1.522745596966204262e+00,3.213653441533025301e+01,2.337478829322872986e+00
1.237176218026439301e+03,1.083783367127807651e+00,3.071146620501820834e+01,3.363183538225011660e+01,1.522415484875472069e+00,2.549999960899659524e+00,3.363183538225011660e+01,1.522415484875472069e+00,3.214213495716587232e+01,2.337323442114898064e+00
1.238260001393567109e+03,1.083783367127807651e+00,3.071644285992220347e+01,3.363760358248170945e+01,1.522085595350260778e+00,2.549999960306347013e+00,3.363760358248170945e+01,1.522085595350260778e+00,3.214773394876993962e+01,2.337168089805063964e+00
1.239510001393567109e+03,1.250000000000000000e+00,3.072218671733126172e+01,3.364424783749308290e+01,1.521705387762991135e+00,2.549999959612146316e+00,3.364424783749308290e+01,1.521705387762991135e+00,3.215418972758187266e+01,2.336988954880034441e+00
1.240760001393567109e+03,1.250000000000000000e+00,3.072793479559775420e+01,3.365088308665069405e+01,1.521325475643369618e+00,2.549999958907211095e+00,3.365088308665069405e+01,1.521325475643369618e+00,3.216064346937641005e+01,2.336809866312183459e+00
1.242010001393567109e+03,1.250000000000000000e+00,3.073368708630264834e+01,3.365750953287894021e+01,1.520945858658447891e+00,2.549999958191398353e+00,3.365750953287894021e+01,1.520945858658447891e+00,3.216709518720401917e+01,2.336630824066076695e+00
1.243260001393567109e+03,1.250000000000000000e+00,3.073944358103025465e+01,3.366412736963253138e+01,1.520566536468534347e+00,2.549999957464563760e+00,3.366412736963253138e+01,1.520566536468534347e+00,3.217354489382480409e+01,2.336451828106315798e+00
1.244510001393567109e+03,1.250000000000000000e+00,3.074520427136990719e+01,3.367073678159552230e+01,1.520187508727800951e+00,2.549999956726560768e+00,3.367073678159552230e+01,1.520187508727800951e+00,3.217999260172179987e+01,2.336272878397547270e+00
1.245760001393567109e+03,1.250000000000000000e+00,3.075096914891642186e+01,3.367733794531052638e+01,1.519808775084827923e+00,2.549999955977242383e+00,3.367733794531052638e+01,1.519808775084827923e+00,3.218643832311339281e+01,2.336093974904459802e+00
1.247010001393567109e+03,1.250000000000000000e+00,3.075673820526942492e+01,3.368393102974674491e+01,1.519430335183095115e+00,2.549999955216459391e+00,3.368393102974674491e+01,1.519430335183095115e+00,3.219288206996478863e+01,2.335915117591778944e+00
1.248260001393567109e+03,1.250000000000000000e+00,3.076251143203139549e+01,3.369051619681437870e+01,1.519052188661425884e+00,2.549999954444059469e+00,3.369051619681437870e+01,1.519052188661425884e+00,3.219932385399880559e+01,2.335736306424280873e+00
1.249510001393567109e+03,1.250000000000000000e+00,3.076828882080459593e+01,3.369709360183161806e+01,1.518674335154387878e+00,2.549999953659891627e+00,3.369709360183161806e+01,1.518674335154387878e+00,3.220576368670577239e+01,2.335557541366781731e+00
1.250760001393567109e+03,1.250000000000000000e+00,3.077407036318667011e+01,3.370366339394967525e+01,1.518296774292658524e+00,2.549999952863800434e+00,3.370366339394967525e+01,1.518296774292658524e+00,3.221220157935294992e+01,2.335378822384140296e+00
1.252010001393567109e+03,1.250000000000000000e+00,3.077985605076518283e+01,3.371022571654066269e+01,1.517919505703356542e+00,2.549999952055630459e+00,3.371022571654066269e+01,1.517919505703356542e+00,3.221863754299327098e+01,2.335200149441261974e+00
1.253260001393567109e+03,1.250000000000000000e+00,3.078564587511093720e+01,3.371678070755226031e+01,1.517542529010344809e+00,2.549999951235224049e+00,3.371678070755226031e+01,1.517542529010344809e+00,3.222507158847353281e+01,2.335021522503097025e+00
1.254510001393567109e+03,1.250000000000000000e+00,3.079143982777026167e+01,3.372332849983278891e+01,1.517165843834506145e+00,2.549999950402421778e+00,3.372332849983278891e+01,1.517165843834506145e+00,3.223150372644209227e+01,2.334842941534640559e+00
1.255760001393567109e+03,1.250000000000000000e+00,3.079723790025624908e+01,3.372986922142979438e+01,1.516789449793997768e+00,2.549999949557062884e+00,3.372986922142979438e+01,1.516789449793997768e+00,3.223793396735616312e+01,2.334664406500932987e+00
1.257010001393567109e+03,1.250000000000000000e+00,3.080304008403912874e+01,3.373640299586483593e+01,1.516413346504482895e+00,2.549999948698984387e+00,3.373640299586483593e+01,1.516413346504482895e+00,3.224436232148859460e+01,2.334485917367061791e+00
1.258260001393567109e+03,1.250000000000000000e+00,3.080884637053572561e+01,3.374292994238674481e+01,1.516037533579344121e+00,2.549999947828022417e+00,3.374292994238674481e+01,1.516037533579344121e+00,3.225078879893435158e+01,2.334307474098158863e+00
1.259510001393567109e+03,1.250000000000000000e+00,3.081465675109821589e+01,3.374945017620574106e+01,1.515662010629881262e+00,2.549999946944009999e+00,3.374945017620574106e+01,1.515662010629881262e+00,3.225721340961660388e+01,2.334129076659405833e+00
1.260000000000000000e+03,4.899986064328913926e-01,3.081693552889404231e+01,3.375200429351302489e+01,1.515514885081788332e+00,2.549999946593881184e+00,3.375200429351302489e+01,1.515514885081788332e+00,3.225973134265849041e+01,2.334059157558620257e+00
1.260003010186444726e+03,3.010186444726059563e-03,3.081694952994641312e+01,3.375202000350849119e+01,1.515513981392629050e+00,2.549999946591723798e+00,3.375202000350849119e+01,1.515513981392629050e+00,3.225974681011654610e+01,2.334058728049491105e+00
1.260007289983599321e+03,4.279797154595144093e-03,3.081696943628372765e+01,3.375204236966987281e+01,1.515512696560386896e+00,2.549999946588656918e+00,3.375204236966987281e+01,1.515512696560386896e+00,3.225976880140432002e+01,2.334058117386132558e+00
1.260015773327451825e+03,8.483343852503821836e-03,3.081700889444109137e+01,3.375208676479974201e+01,1.515510149805715745e+00,2.549999946582576893e+00,3.375208676479974201e+01,1.515510149805715745e+00,3.225981239251258614e+01,2.334056906940814802e+00
1.260029107332676631e+03,1.333400522480587824e-02,3.081707091461958115e+01,3.375215665918337749e+01,1.515506146894449291e+00,2.549999946573018761e+00,3.375215665918337749e+01,1.515506146894449291e+00,3.225988090933351060e+01,2.334055004383508436e+00
1.260048243079894519e+03,1.913574721788791067e-02,3.081715992113031533e+01,3.375225714644813024e+01,1.515500402365020038e+00,2.549999946559299069e+00,3.375225714644813024e+01,1.515500402365020038e+00,3.225997924035275588e+01,2.334052274016071848e+00
1.260073953129640586e+03,2.571004974606694304e-02,3.081727950834106622e+01,3.375239241876426632e+01,1.515492684381742672e+00,2.549999946540861373e+00,3.375239241876426632e+01,1.515492684381742672e+00,3.226011135768472116e+01,2.334048605616984684e+00
1.260106905846242853e+03,3.295271660226717358e-02,3.081743278647215689e+01,3.375256615181138642e+01,1.515482792428643144e+00,2.549999946517221172e+00,3.375256615181138642e+01,1.515482792428643144e+00,3.226028069920594987e+01,2.334043903837537126e+00
1.260147683738356591e+03,4.077789211373783473e-02,3.081762246699399910e+01,3.375278159723458060e+01,1.515470551809503297e+00,2.549999946487954361e+00,3.375278159723458060e+01,1.515470551809503297e+00,3.226049026300604083e+01,2.334038085585947275e+00
1.260196801877066264e+03,4.911813870967307594e-02,3.081785094838009087e+01,3.375304167611690076e+01,1.515455808124326564e+00,2.549999946452682575e+00,3.375304167611690076e+01,1.515455808124326564e+00,3.226074270222261475e+01,2.334031077400335885e+00
1.260245920015775937e+03,4.911813870967307594e-02,3.081807943606674272e+01,3.375330229518907998e+01,1.515441064964262674e+00,2.549999946417390806e+00,3.375330229518907998e+01,1.515441064964262674e+00,3.226099515628990844e+01,2.334024069285788983e+00
1.260311961235996705e+03,6.604122022076808207e-02,3.081838665644925968e+01,3.375365345684571139e+01,1.515421243033604037e+00,2.549999946369906567e+00,3.375365345684571139e+01,1.515421243033604037e+00,3.226133461381616030e+01,2.334014646719160702e+00
1.260378002456217473e+03,6.604122022076808207e-02,3.081869388821955624e+01,3.375400538660795746e+01,1.515401422022616185e+00,2.549999946322385025e+00,3.375400538660795746e+01,1.515401422022616185e+00,3.226167409807350595e+01,2.334005224280990554e+00
1.260462314711898443e+03,8.431225568097033829e-02,3.081908613561129684e+01,3.375445568258873408e+01,1.515376118629378155e+00,2.549999946261662931e+00,3.375445568258873408e+01,1.515376118629378155e+00,3.226210754317102669e+01,2.333993195207554550e+00
1.260546626967579414e+03,8.431225568097033829e-02,3.081947840155872953e+01,3.375490699683460605e+01,1.515350816701773518e+00,2.549999946200879553e+00,3.375490699683460605e+01,1.515350816701773518e+00,3.226254103163883968e+01,2.333981166343466196e+00
1.260650563589635794e+03,1.039366220563806564e-01,3.081996199614319565e+01,3.375546463276921827e+01,1.515319627542701442e+00,2.549999946125864891e+00,3.375546463276921827e+01,1.515319627542701442e+00,3.226307547763461514e+01,2.333966337951074888e+00
1.260754500211692175e+03,1.039366220563806564e-01,3.082044561891740386e+01,3.375602356013745009e+01,1.515288440574267259e+00,2.549999946050757860e+00,3.375602356013745009e+01,1.515288440574267259e+00,3.226360998922947942e+01,2.333951509876787789e+00
1.260879249682318004e+03,1.247494706258294173e-01,3.082102612222681515e+01,3.375669597828000690e+01,1.515251011426230976e+00,2.549999945960488290e+00,3.375669597828000690e+01,1.515251011426230976e+00,3.226425162081163478e+01,2.333933712966253626e+00
1.261003999152943834e+03,1.247494706258294173e-01,3.082160666612992728e+01,3.375736998037176306e+01,1.515213585394112217e+00,2.549999945870085938e+00,3.375736998037176306e+01,1.515213585394112217e+00,3.226489334643667917e+01,2.333915916513909394e+00
1.261128748623569663e+03,1.247494706258294173e-01,3.082218725061791531e+01,3.375804545707880777e+01,1.515176162462023468e+00,2.549999945779549471e+00,3.375804545707880777e+01,1.515176162462023468e+00,3.226553516588117532e+01,2.333898120519718677e+00
1.261285529271272708e+03,1.567806477030444512e-01,3.082291696586021601e+01,3.375889632514290639e+01,1.515129135043024489e+00,2.549999945665577084e+00,3.375889632514290639e+01,1.515129135043024489e+00,3.226634191420004782e+01,2.333875755803960672e+00
1.261442309918975752e+03,1.567806477030444512e-01,3.082364674517303627e+01,3.375974923099019520e+01,1.515082112477685650e+00,2.549999945551391978e+00,3.375974923099019520e+01,1.515082112477685650e+00,3.226714880998570578e+01,2.333853391811703482e+00
1.261599090566678797e+03,1.567806477030444512e-01,3.082437658853877949e+01,3.376060405050949242e+01,1.515035094747624322e+00,2.549999945436995485e+00,3.376060405050949242e+01,1.515035094747624322e+00,3.226795585287520396e+01,2.333831028542875163e+00
1.261789886540255793e+03,1.907959735769964027e-01,3.082526486601663862e+01,3.376164676317849711e+01,1.514977882492024808e+00,2.549999945297493298e+00,3.376164676317849711e+01,1.514977882492024808e+00,3.226893819074852843e+01,2.333803814286991241e+00
1.261980682513832789e+03,1.907959735769964027e-01,3.082615323829866938e+01,3.376269199361271234e+01,1.514920677349987699e+00,2.549999945157675363e+00,3.376269199361271234e+01,1.514920677349987699e+00,3.226992074539580102e+01,2.333776601102262926e+00
1.262171478487409786e+03,1.907959735769964027e-01,3.082704170535301813e+01,3.376373960455236301e+01,1.514863479300616600e+00,2.549999945017541680e+00,3.376373960455236301e+01,1.514863479300616600e+00,3.227090351626947040e+01,2.333749388988561879e+00
1.262362274460986782e+03,1.907959735769964027e-01,3.082793026714776374e+01,3.376478947738310410e+01,1.514806288325654338e+00,2.549999944877090918e+00,3.376478947738310410e+01,1.514806288325654338e+00,3.227188650285051352e+01,2.333722177945756204e+00
1.262600026863089397e+03,2.377524021026147238e-01,3.082903764370522026e+01,3.376610074169927600e+01,1.514735032066253151e+00,2.549999944701631716e+00,3.376610074169927600e+01,1.514735032066253151e+00,3.227311171148505764e+01,2.333688271544231529e+00
1.262837779265192012e+03,2.377524021026147238e-01,3.083014516726249354e+01,3.376741518234626938e+01,1.514663786739226747e+00,2.549999944525678242e+00,3.376741518234626938e+01,1.514663786739226747e+00,3.227433725339164283e+01,2.333654366805127278e+00
1.263075531667294626e+03,2.377524021026147238e-01,3.083125283775740044e+01,3.376873264653948326e+01,1.514592552320109142e+00,2.549999944349230496e+00,3.376873264653948326e+01,1.514592552320109142e+00,3.227556312770650493e+01,2.333620463728196537e+00
1.263313284069397241e+03,2.377524021026147238e-01,3.083236065512760504e+01,3.377005299972392294e+01,1.514521328787015175e+00,2.549999944172286259e+00,3.377005299972392294e+01,1.514521328787015175e+00,3.227678933360584779e+01,2.333586562313187063e+00
1.263600795129068274e+03,2.875110596710328537e-01,3.083370052117805571e+01,3.377165337575450366e+01,1.514435213557018045e+00,2.549999943957645954e+00,3.377165337575450366e+01,1.514435213557018045e+00,3.227827261115602653e+01,2.333545567968108081e+00
1.263888306188739307e+03,2.875110596710328537e-01,3.083504060181324036e+01,3.377325761432722118e+01,1.514349114186038792e+00,2.549999943742276898e+00,3.377325761432722118e+01,1.514349114186038792e+00,3.227975637112320584e+01,2.333504576052585211e+00
1.264175817248410340e+03,2.875110596710328537e-01,3.083638089692191997e+01,3.377486554896994875e+01,1.514263030645489616e+00,2.549999943526176871e+00,3.377486554896994875e+01,1.514263030645489616e+00,3.228124061223380892e+01,2.333463586566182357e+00
1.264463328308081373e+03,2.875110596710328537e-01,3.083772140639247894e+01,3.377647703090010367e+01,1.514176962909286939e+00,2.549999943309343209e+00,3.377647703090010367e+01,1.514176962909286939e+00,3.228272533326727256e+01,2.333422599508462092e+00
1.264750839367752405e+03,2.875110596710328537e-01,3.083906213011291797e+01,3.377809192611697142e+01,1.514090910953437952e+00,2.549999943091774579e+00,3.377809192611697142e+01,1.514090910953437952e+00,3.228421053305064703e+01,2.333381614878989208e+00
1.265102823093224742e+03,3.519837254723370279e-01,3.084070379478857760e+01,3.378007342242791111e+01,1.513985583804804191e+00,2.549999942824412447e+00,3.378007342242791111e+01,1.513985583804804191e+00,3.228602943033094164e+01,2.333331442992614413e+00
1.265454806818697080e+03,3.519837254723370279e-01,3.084234578020076967e+01,3.378205965157906832e+01,1.513880280236390652e+00,2.549999942555940979e+00,3.378205965157906832e+01,1.513880280236390652e+00,3.228784904146365164e+01,2.333281274744181566e+00
1.265806790544169417e+03,3.519837254723370279e-01,3.084398808614150056e+01,3.378405043220588766e+01,1.513775000213297917e+00,2.549999942286356180e+00,3.378405043220588766e+01,1.513775000213297917e+00,3.228966936453340253e+01,2.333231110132896191e+00
1.266158774269641754e+03,3.519837254723370279e-01,3.084563071240181742e+01,3.378604559994126078e+01,1.513669743703029980e+00,2.549999942015654497e+00,3.378604559994126078e+01,1.513669743703029980e+00,3.229149039769608009e+01,2.333180949157963369e+00
1.266510757995114091e+03,3.519837254723370279e-01,3.084727365877179750e+01,3.378804500494157992e+01,1.513564510675142749e+00,2.549999941743831045e+00,3.378804500494157992e+01,1.513564510675142749e+00,3.229331213917237875e+01,2.333130791818587291e+00
1.266862741720586428e+03,3.519837254723370279e-01,3.084891692504050908e+01,3.379004850988883391e+01,1.513459301100963827e+00,2.549999941470881826e+00,3.379004850988883391e+01,1.513459301100963827e+00,3.229513458724209585e+01,2.333080638113977923e+00
1.267295246100297845e+03,4.325043797114176414e-01,3.085093654663078055e+01,3.379251577010731467e+01,1.513330055603893776e+00,2.549999941133946013e+00,3.379251577010731467e+01,1.513330055603893776e+00,3.229737490806523681e+01,2.333019016101710363e+00
1.267727750480009263e+03,4.325043797114176414e-01,3.085295665050692193e+01,3.379498881529126209e+01,1.513200845430097807e+00,2.549999940795298237e+00,3.379498881529126209e+01,1.513200845430097807e+00,3.229961629024408865e+01,2.332957399574756341e+00
1.268160254859720681e+03,4.325043797114176414e-01,3.085497723627108257e+01,3.379746744903386002e+01,1.513071670534624102e+00,2.549999940454929614e+00,3.379746744903386002e+01,1.513071670534624102e+00,3.230185873089529736e+01,2.332895788531649028e+00
1.268592759239432098e+03,4.325043797114176414e-01,3.085699830352285389e+01,3.379995149109481645e+01,1.512942530874803237e+00,2.549999940112833485e+00,3.379995149109481645e+01,1.512942530874803237e+00,3.230410222723090641e+01,2.332834182970924708e+00
1.269025263619143516e+03,4.325043797114176414e-01,3.085901985185925511e+01,3.380244077533016167e+01,1.512813426409955975e+00,2.549999939769003188e+00,3.380244077533016167e+01,1.512813426409955975e+00,3.230634677655074682e+01,2.332772582891120550e+00
1.269457767998854933e+03,4.325043797114176414e-01,3.086104188087464806e+01,3.380493514797459653e+01,1.512684357101150345e+00,2.549999939423429396e+00,3.380493514797459653e+01,1.512684357101150345e+00,3.230859237623568703e+01,2.332710988290776832e+00
1.269890272378566351e+03,4.325043797114176414e-01,3.086306439016067316e+01,3.380743446620274284e+01,1.512555322910998257e+00,2.549999939076105449e+00,3.380743446620274284e+01,1.512555322910998257e+00,3.231083902374174954e+01,2.332649399168433835e+00
1.270420806325950025e+03,5.305339473836738762e-01,3.086554596792029415e+01,3.381050682832992038e+01,1.512397090298394975e+00,2.549999938647657505e+00,3.381050682832992038e+01,1.512397090298394975e+00,3.231359631398090926e+01,2.332573858001628420e+00
1.270951340273333699e+03,5.305339473836738762e-01,3.086802826695195989e+01,3.381358620425083217e+01,1.512238910410168780e+00,2.549999938216550799e+00,3.381358620425083217e+01,1.512238910410168780e+00,3.231635517270801472e+01,2.332498325072605017e+00
1.271481874220717373e+03,5.305339473836738762e-01,3.087051128648434428e+01,3.381667238321507796e+01,1.512080783184766908e+00,2.549999937782770676e+00,3.381667238321507796e+01,1.512080783184766908e+00,3.231911559562612268e+01,2.332422800378679106e+00
1.272012408168101047e+03,5.305339473836738762e-01,3.087299502573930710e+01,3.381976516971206337e+01,1.511922708562787321e+00,2.549999937346303369e+00,3.381976516971206337e+01,1.511922708562787321e+00,3.232187757856456045e+01,2.332347283917170611e+00
1.272542942115484720e+03,5.305339473836738762e-01,3.087547948393176611e+01,3.382286438175810872e+01,1.511764686486734233e+00,2.549999936907133780e+00,3.382286438175810872e+01,1.511764686486734233e+00,3.232464111747001567e+01,2.332271775685401227e+00
1.273073476062868394e+03,5.305339473836738762e-01,3.087796466026951947e+01,3.382596984944056828e+01,1.511606716900814051e+00,2.549999936465248584e+00,3.382596984944056828e+01,1.511606716900814051e+00,3.232740620839850720e+01,2.332196275680697539e+00
1.273604010010252068e+03,5.305339473836738762e-01,3.088045055395307870e+01,3.382908141367142463e+01,1.511448799750759520e+00,2.549999936020632685e+00,3.382908141367142463e+01,1.511448799750759520e+00,3.233017284750840048e+01,2.332120783900385685e+00
1.274134543957635742e+03,5.305339473836738762e-01,3.088293716417549817e+01,3.383219892511334592e+01,1.511290934983677614e+00,2.549999935573271870e+00,3.383219892511334592e+01,1.511290934983677614e+00,3.233294103105391315e+01,2.332045300341798022e+00
1.274782133040082499e+03,6.475890824467569473e-01,3.088597338122459846e+01,3.383601212968886784e+01,1.511098310411655987e+00,2.549999935023465447e+00,3.383601212968886784e+01,1.511098310411655987e+00,3.233632206468691805e+01,2.331953173496607690e+00
1.275429722122529256e+03,6.475890824467569473e-01,3.088901066317200872e+01,3.383983374690400581e+01,1.510905763719261330e+00,2.549999934469520557e+00,3.383983374690400581e+01,1.510905763719261330e+00,3.233970538753720092e+01,2.331861058892584992e+00
1.276077311204976013e+03,6.475890824467569473e-01,3.089204900850301172e+01,3.384366355309965257e+01,1.510713294817059849e+00,2.549999933911411443e+00,3.384366355309965257e+01,1.510713294817059849e+00,3.234309099330232584e+01,2.331768956524891134e+00
1.276724900287422770e+03,6.475890824467569473e-01,3.089508841568486019e+01,3.384750133887407486e+01,1.510520903617632804e+00,2.549999933349109682e+00,3.384750133887407486e+01,1.510520903617632804e+00,3.234647887584421966e+01,2.331676866388692204e+00
1.277372489369869527e+03,6.475890824467569473e-01,3.089812888316641448e+01,3.385134690767473131e+01,1.510328590035375118e+00,2.549999932782590406e+00,3.385134690767473131e+01,1.510328590035375118e+00,3.234986902917883356e+01,2.331584788479159620e+00
1.278020078452316284e+03,6.475890824467569473e-01,3.090117040937774817e+01,3.385520007457603242e+01,1.510136353986326396e+00,2.549999932211824305e+00,3.385520007457603242e+01,1.510136353986326396e+00,3.235326144746692023e+01,2.331492722791472350e+00
1.278667667534763041e+03,6.475890824467569473e-01,3.090421299272980349e+01,3.385906066521304325e+01,1.509944195388021715e+00,2.549999931636785178e+00,3.385906066521304325e+01,1.509944195388021715e+00,3.235665612500553578e+01,2.331400669320811136e+00
1.279315256617209798e+03,6.475890824467569473e-01,3.090725663161403602e+01,3.386292851484616051e+01,1.509752114159359060e+00,2.549999931057445934e+00,3.386292851484616051e+01,1.509752114159359060e+00,3.236005305622048667e+01,2.331308628062363830e+00
1.279962845699656555e+03,6.475890824467569473e-01,3.091030132440209499e+01,3.386680346753694693e+01,1.509560110220486306e+00,2.549999930473778598e+00,3.386680346753694693e+01,1.509560110220486306e+00,3.236345223565923845e+01,2.331216599011324053e+00
1.280748218117989154e+03,7.853724183325994090e-01,3.091399522849620141e+01,3.387151218765711036e+01,1.509327358439617850e+00,2.549999929760080164e+00,3.387151218765711036e+01,1.509327358439617850e+00,3.236757764545696148e+01,2.331105005907736061e+00
1.281533590536321753e+03,7.853724183325994090e-01,3.091769067726053066e+01,3.387623088864225451e+01,1.509094720082196250e+00,2.549999929039926005e+00,3.387623088864225451e+01,1.509094720082196250e+00,3.237170634478291475e+01,2.330993430743124595e+00
1.282318962954654353e+03,7.853724183325994090e-01,3.092138766766923297e+01,3.388095933583614539e+01,1.508862195011981822e+00,2.549999928313265052e+00,3.388095933583614539e+01,1.508862195011981822e+00,3.237583832455452892e+01,2.330881873508944047e+00
1.283104335372986952e+03,7.853724183325994090e-01,3.092508619665076708e+01,3.388569730783842004e+01,1.508629783094631582e+00,2.549999927580047121e+00,3.388569730783842004e+01,1.508629783094631582e+00,3.237997357589909342e+01,2.330770334196657689e+00
1.283889707791319552e+03,7.853724183325994090e-01,3.092878626108721107e+01,3.389044459534929388e+01,1.508397484197539828e+00,2.549999926840222031e+00,3.389044459534929388e+01,1.508397484197539828e+00,3.238411209014214620e+01,2.330658812797739898e+00
1.284675080209652151e+03,7.853724183325994090e-01,3.093248785781362642e+01,3.389520100014911463e+01,1.508165298189697801e+00,2.549999926093738267e+00,3.389520100014911463e+01,1.508165298189697801e+00,3.238825385879682273e+01,2.330547309303673931e+00
1.285460452627984751e+03,7.853724183325994090e-01,3.093619098361749664e+01,3.389996633419319494e+01,1.507933224941567341e+00,2.549999925340545204e+00,3.389996633419319494e+01,1.507933224941567341e+00,3.239239887355403624e+01,2.330435823705952814e+00
1.286245825046317350e+03,7.853724183325994090e-01,3.093989563523818020e+01,3.390474041880575840e+01,1.507701264324970980e+00,2.549999924580590438e+00,3.390474041880575840e+01,1.507701264324970980e+00,3.239654712627349653e+01,2.330324355996081120e+00
1.287031197464649949e+03,7.853724183325994090e-01,3.094360180936640958e+01,3.390952308395947057e+01,1.507469416212993130e+00,2.549999923813822456e+00,3.390952308395947057e+01,1.507469416212993130e+00,3.240069860897546761e+01,2.330212906165570974e+00
1.287816569882982549e+03,7.853724183325994090e-01,3.094730950264385072e+01,3.391431416762936379e+01,1.507237680479891040e+00,2.549999923040187966e+00,3.391431416762936379e+01,1.507237680479891040e+00,3.240485331383299439e+01,2.330101474205944267e+00
1.288762553641622389e+03,9.459837586398407439e-01,3.095177744393845742e+01,3.392009600249161139e+01,1.506958703023279611e+00,2.549999922099153604e+00,3.392009600249161139e+01,1.506958703023279611e+00,3.240986193707859542e+01,2.329967277744771526e+00
1.289708537400262230e+03,9.459837586398407439e-01,3.095624757825995133e+01,3.392588957026336516e+01,1.506679888212480334e+00,2.549999921147988680e+00,3.392588957026336516e+01,1.506679888212480334e+00,3.241487521082660095e+01,2.329833107184120955e+00
1.290654521158902071e+03,9.459837586398407439e-01,3.096071989945153291e+01,3.393169462729005659e+01,1.506401235833612295e+00,2.549999920186601265e+00,3.393169462729005659e+01,1.506401235833612295e+00,3.241989312219840258e+01,2.329698962509230586e+00
1.291600504917541912e+03,9.459837586398407439e-01,3.096519440125024403e+01,3.393751094218563935e+01,1.506122745674641106e+00,2.549999919214895883e+00,3.393751094218563935e+01,1.506122745674641106e+00,3.242491565857874747e+01,2.329564843705358435e+00
1.292546488676181752e+03,9.459837586398407439e-01,3.096967107728654511e+01,3.394333829488341792e+01,1.505844417525250778e+00,2.549999918232778384e+00,3.394333829488341792e+01,1.505844417525250778e+00,3.242994280760269277e+01,2.329430750757784274e+00
1.293492472434821593e+03,9.459837586398407439e-01,3.097414992108404519e+01,3.394917647578522235e+01,1.505566251176728709e+00,2.549999917240154179e+00,3.394917647578522235e+01,1.505566251176728709e+00,3.243497455714356903e+01,2.329296683651802091e+00
1.294438456193461434e+03,9.459837586398407439e-01,3.097863092605946278e+01,3.395502528499606854e+01,1.505288246421864429e+00,2.549999916236926012e+00,3.395502528499606854e+01,1.505288246421864429e+00,3.244001089530169679e+01,2.329162642372729408e+00
1.295384439952101275e+03,9.459837586398407439e-01,3.098311408552275026e+01,3.396088453163368115e+01,1.505010403054855894e+00,2.549999915222997515e+00,3.396088453163368115e+01,1.505010403054855894e+00,3.244505181039413344e+01,2.329028626905899291e+00
1.296330423710741115e+03,9.459837586398407439e-01,3.098759939267744912e+01,3.396675403320381292e+01,1.504732720871226670e+00,2.549999914198270989e+00,3.396675403320381292e+01,1.504732720871226670e+00,3.245009729094492457e+01,2.328894637236667453e+00
1.297276407469380956e+03,9.459837586398407439e-01,3.099208684062124064e+01,3.397263361503354417e+01,1.504455199667751097e+00,2.549999913162648291e+00,3.397263361503354417e+01,1.504455199667751097e+00,3.245514732567617955e+01,2.328760673350401600e+00
1.298222391228020797e+03,9.459837586398407439e-01,3.099657642234678079e+01,3.397852310975579826e+01,1.504177839242386572e+00,2.549999912116030387e+00,3.397852310975579826e+01,1.504177839242386572e+00,3.246020190349968715e+01,2.328626735232492972e+00
1.299168374986660638e+03,9.459837586398407439e-01,3.100106813074277312e+01,3.398442235683938861e+01,1.503900639394209593e+00,2.549999911058317359e+00,3.398442235683938861e+01,1.503900639394209593e+00,3.246526101350901428e+01,2.328492822868349688e+00
1.300316275311537083e+03,1.147900324876445666e+00,3.100652142250866206e+01,3.399159365102487129e+01,1.503564487672512051e+00,2.549999909759794292e+00,3.399159365102487129e+01,1.503564487672512051e+00,3.247140604200718172e+01,2.328330361994210396e+00
1.301464175636413529e+03,1.147900324876445666e+00,3.101197782197707653e+01,3.399877881492938769e+01,1.503228571743608022e+00,2.549999908444605445e+00,3.399877881492938769e+01,1.503228571743608022e+00,3.247755770929148156e+01,2.328167938993779718e+00
1.302612075961289975e+03,1.147900324876445666e+00,3.101743731584584651e+01,3.400597759708634982e+01,1.502892891254468344e+00,2.549999907112568298e+00,3.400597759708634982e+01,1.502892891254468344e+00,3.248371599686333155e+01,2.328005553841093089e+00
1.303759976286166420e+03,1.147900324876445666e+00,3.102289989060554731e+01,3.401318975727861726e+01,1.502557445854025620e+00,2.549999905763498109e+00,3.401318975727861726e+01,1.502557445854025620e+00,3.248988088655493556e+01,2.327843206510226359e+00
1.304907876611042866e+03,1.147900324876445666e+00,3.102836553254688923e+01,3.402041506576717467e+01,1.502222235193078070e+00,2.549999904397209249e+00,3.402041506576717467e+01,1.502222235193078070e+00,3.249605236051471735e+01,2.327680896975290903e+00
1.306055776935919312e+03,1.147900324876445666e+00,3.103383422776925471e+01,3.402765330259038024e+01,1.501887258924195390e+00,2.549999903013513425e+00,3.402765330259038024e+01,1.501887258924195390e+00,3.250223040119367823e+01,2.327518625210438508e+00
1.307203677260795757e+03,1.147900324876445666e+00,3.103930596219042926e+01,3.403490425692578469e+01,1.501552516701640805e+00,2.549999901612222342e+00,3.403490425692578469e+01,1.501552516701640805e+00,3.250841499133268542e+01,2.327356391189858709e+00
1.308351577585672203e+03,1.147900324876445666e+00,3.104478072155744783e+01,3.404216772650752176e+01,1.501218008181294028e+00,2.549999900193144153e+00,3.404216772650752176e+01,1.501218008181294028e+00,3.251460611395055622e+01,2.327194194887778789e+00
1.309499477910548649e+03,1.147900324876445666e+00,3.105025849145870609e+01,3.404944351709337269e+01,1.500883733020585531e+00,2.549999898756087013e+00,3.404944351709337269e+01,1.500883733020585531e+00,3.252080375233290965e+01,2.327032036278464222e+00
1.310647378235425094e+03,1.147900324876445666e+00,3.105573925733716578e+01,3.405673144197603364e+01,1.500549690878433706e+00,2.549999897300856411e+00,3.405673144197603364e+01,1.500549690878433706e+00,3.252700789002168591e+01,2.326869915336217787e+00
1.311795278560301540e+03,1.147900324876445666e+00,3.106122300450471130e+01,3.406403132153428714e+01,1.500215881415189134e+00,2.549999895827256502e+00,3.406403132153428714e+01,1.500215881415189134e+00,3.253321851080534799e+01,2.326707832035379120e+00
1.312943178885177986e+03,1.147900324876445666e+00,3.106670971815760396e+01,3.407134298281976470e+01,1.499882304292582402e+00,2.549999894335089223e+00,3.407134298281976470e+01,1.499882304292582402e+00,3.253943559870956648e+01,2.326545786350327383e+00
1.314091079210054431e+03,1.147900324876445666e+00,3.107219938339297371e+01,3.407866625917593240e+01,1.499548959173676366e+00,2.549999892824155179e+00,3.407866625917593240e+01,1.499548959173676366e+00,3.254565913798854382e+01,2.326383778255478152e+00
1.315341079210054431e+03,1.250000000000000000e+00,3.107818066487496722e+01,3.408665392490814128e+01,1.499186228247510133e+00,2.549999891157252119e+00,3.408665392490814128e+01,1.499186228247510133e+00,3.255244354767877724e+01,2.326207403119840755e+00
1.316591079210054431e+03,1.250000000000000000e+00,3.108416540914189952e+01,3.409465497334841899e+01,1.498823771601753618e+00,2.549999889467593928e+00,3.409465497334841899e+01,1.498823771601753618e+00,3.255923556924543050e+01,2.326031072495454488e+00
1.317841079210054431e+03,1.250000000000000000e+00,3.109015359670057066e+01,3.410266921195650269e+01,1.498461588806375477e+00,2.549999887754917705e+00,3.410266921195650269e+01,1.498461588806375477e+00,3.256603518321464463e+01,2.325854786349429215e+00
1.319091079210054431e+03,1.250000000000000000e+00,3.109614520802853832e+01,3.411069645520209548e+01,1.498099679432990383e+00,2.549999886018955220e+00,3.411069645520209548e+01,1.498099679432990383e+00,3.257284237038962260e+01,2.325678544648930313e+00
1.320000000000000000e+03,9.089207899455686857e-01,3.110050406686086788e+01,3.411654142147586555e+01,1.497836693316937140e+00,2.549999884741897205e+00,3.411654142147586555e+01,1.497836693316937140e+00,3.257779687018896198e+01,2.325550420742477975e+00
1.320002990642732811e+03,2.990642732811465976e-03,3.110051841187578603e+01,3.411656064832179425e+01,1.497835828254547863e+00,2.549999884737674360e+00,3.411656064832179425e+01,1.497835828254547863e+00,3.257781317865293857e+01,2.325549999212223717e+00
1.320007629162326111e+03,4.638519593299861299e-03,3.110054066118923899e+01,3.411659044509353578e+01,1.497834486549993516e+00,2.549999884731125377e+00,3.411659044509353578e+01,1.497834486549993516e+00,3.257783847324944304e+01,2.325549345414699154e+00
1.320017062003066258e+03,9.432840740146275493e-03,3.110058590728424832e+01,3.411665098701715948e+01,1.497831758115731438e+00,2.549999884717804921e+00,3.411665098701715948e+01,1.497831758115731438e+00,3.257788991201816486e+01,2.325548015861396589e+00
1.320032171793482576e+03,1.510979041631799191e-02,3.110065838415797757e+01,3.411674786447188268e+01,1.497827387721355707e+00,2.549999884696465546e+00,3.411674786447188268e+01,1.497827387721355707e+00,3.257797230799172894e+01,2.325545886150758079e+00
1.320054145274076973e+03,2.197348059439718782e-02,3.110076378486102655e+01,3.411688858813558056e+01,1.497821032217472981e+00,2.549999884665426375e+00,3.411688858813558056e+01,1.497821032217472981e+00,3.257809213249583991e+01,2.325542789021251000e+00
1.320083942268955752e+03,2.979699487877951469e-02,3.110090671446917199e+01,3.411707918147057939e+01,1.497812414145366589e+00,2.549999884623324053e+00,3.411707918147057939e+01,1.497812414145366589e+00,3.257825461934032063e+01,2.325538589201261885e+00
1.320122391865455029e+03,3.844959649927659484e-02,3.110109115154313031e+01,3.411732480217591501e+01,1.497801293924773791e+00,2.549999884568976416e+00,3.411732480217591501e+01,1.497801293924773791e+00,3.257846428927974358e+01,2.325533169854221427e+00
1.320170214632266834e+03,4.782276681180519518e-02,3.110132055481322766e+01,3.411762988854257372e+01,1.497787463434545607e+00,2.549999884501348291e+00,3.411762988854257372e+01,1.497787463434545607e+00,3.257872507115423844e+01,2.325526429448472765e+00
1.320228046150373302e+03,5.783151810646813828e-02,3.110159797615434485e+01,3.411799831362058910e+01,1.497770739213362345e+00,2.549999884419519969e+00,3.411799831362058910e+01,1.497770739213362345e+00,3.257904043019293994e+01,2.325518278441998543e+00
1.320285877668479770e+03,5.783151810646813828e-02,3.110187540474420231e+01,3.411836625479860174e+01,1.497754015858869581e+00,2.549999884337640577e+00,3.411836625479860174e+01,1.497754015858869581e+00,3.257935578766404916e+01,2.325510127532009808e+00
1.320364034091200438e+03,7.815642272066725127e-02,3.110225034721062443e+01,3.411886283725392133e+01,1.497731416399847637e+00,2.549999884226903379e+00,3.411886283725392133e+01,1.497731416399847637e+00,3.257978197517755348e+01,2.325499112135529955e+00
1.320442190513921105e+03,7.815642272066725127e-02,3.110262530290800242e+01,3.411935873429445110e+01,1.497708818414197340e+00,2.549999884116072923e+00,3.411935873429445110e+01,1.497708818414197340e+00,3.258020815995086394e+01,2.325488096915255820e+00
1.320542325194743853e+03,1.001346808227481233e-01,3.110310571869903740e+01,3.411999319013935406e+01,1.497679867772995443e+00,2.549999883973940396e+00,3.411999319013935406e+01,1.497679867772995443e+00,3.258075418763696263e+01,2.325473984377803838e+00
1.320642459875566601e+03,1.001346808227481233e-01,3.110358615619080780e+01,3.412062674366654136e+01,1.497650919427057525e+00,2.549999883831654213e+00,3.412062674366654136e+01,1.497650919427057525e+00,3.258130021103412588e+01,2.325459872129551187e+00
1.320766228427384931e+03,1.237685518183297972e-01,3.110418001691363798e+01,3.412140870309744400e+01,1.497615141773050995e+00,2.549999883655574173e+00,3.412140870309744400e+01,1.497615141773050995e+00,3.258197510155239485e+01,2.325442429496286767e+00
1.320889996979203261e+03,1.237685518183297972e-01,3.110477391075557208e+01,3.412218952837854147e+01,1.497579367490028623e+00,2.549999883479259655e+00,3.412218952837854147e+01,1.497579367490028623e+00,3.258264998584480310e+01,2.325424987304770763e+00
1.321038850388209084e+03,1.488534090058237780e-01,3.110548821618967708e+01,3.412312723660074454e+01,1.497536347027259573e+00,2.549999883266898859e+00,3.412312723660074454e+01,1.497536347027259573e+00,3.258346164464615669e+01,2.325404010592858839e+00
1.321187703797214908e+03,1.488534090058237780e-01,3.110620256946812390e+01,3.412406356836224575e+01,1.497493331293256791e+00,2.549999883054198335e+00,3.412406356836224575e+01,1.497493331293256791e+00,3.258427329492062796e+01,2.325383034519779013e+00
1.321336557206220732e+03,1.488534090058237780e-01,3.110691697055812099e+01,3.412499862777390547e+01,1.497450320229758658e+00,2.549999882841157195e+00,3.412499862777390547e+01,1.497450320229758658e+00,3.258508493689904384e+01,2.325362059085466448e+00
1.321524028474183751e+03,1.874712679630192724e-01,3.110781678062981115e+01,3.412617459607586312e+01,1.497396157140730599e+00,2.549999882572360654e+00,3.412617459607586312e+01,1.497396157140730599e+00,3.258610713614821464e+01,2.325335642787548895e+00
1.321711499742146771e+03,1.874712679630192724e-01,3.110871666642175626e+01,3.412734882419970717e+01,1.497342001303585191e+00,2.549999882303021881e+00,3.412734882419970717e+01,1.497342001303585191e+00,3.258712932297500942e+01,2.325309227502591281e+00
1.321898971010109790e+03,1.874712679630192724e-01,3.110961662786859350e+01,3.412852143034488961e+01,1.497287852651423723e+00,2.549999882033140874e+00,3.412852143034488961e+01,1.497287852651423723e+00,3.258815149774864040e+01,2.325282813230462153e+00
1.322127472887514386e+03,2.285018774045965984e-01,3.111071366019643136e+01,3.412994862782720418e+01,1.497221862472107867e+00,2.549999881703456595e+00,3.412994862782720418e+01,1.497221862472107867e+00,3.258939737342535636e+01,2.325250619208878877e+00
1.322355974764918983e+03,2.285018774045965984e-01,3.111181080470414884e+01,3.413137371728310399e+01,1.497155882794996895e+00,2.549999881372964072e+00,3.413137371728310399e+01,1.497155882794996895e+00,3.259064323229206650e+01,2.325218426691559426e+00
1.322584476642323580e+03,2.285018774045965984e-01,3.111290806127373543e+01,3.413279682930652825e+01,1.497089913544954243e+00,2.549999881041659311e+00,3.413279682930652825e+01,1.497089913544954243e+00,3.259188907489568976e+01,2.325186235678275981e+00
1.322812978519728176e+03,2.285018774045965984e-01,3.111400542978730854e+01,3.413421807655196716e+01,1.497023954656738098e+00,2.549999880709542754e+00,3.413421807655196716e+01,1.497023954656738098e+00,3.259313490175058803e+01,2.325154046168800281e+00
1.323098131148052744e+03,2.851526283245675586e-01,3.111537501745413792e+01,3.413598921576254241e+01,1.496941657524825331e+00,2.549999880293944088e+00,3.413598921576254241e+01,1.496941657524825331e+00,3.259468957572889991e+01,2.325113878265396838e+00
1.323383283776377311e+03,2.851526283245675586e-01,3.111674477904068681e+01,3.413775777030106440e+01,1.496859376342469794e+00,2.549999879877073994e+00,3.413775777030106440e+01,1.496859376342469794e+00,3.259624422682834677e+01,2.325073712703097151e+00
1.323668436404701879e+03,2.851526283245675586e-01,3.111811471431886034e+01,3.413952388513251179e+01,1.496777111023683604e+00,2.549999879458928476e+00,3.413952388513251179e+01,1.496777111023683604e+00,3.259779885588843484e+01,2.325033549481466899e+00
1.323953589033026446e+03,2.851526283245675586e-01,3.111948482306095087e+01,3.414128768768961919e+01,1.496694861492155582e+00,2.549999879039504425e+00,3.414128768768961919e+01,1.496694861492155582e+00,3.259935346370316722e+01,2.324993388600071764e+00
1.324298786885642812e+03,3.451978526163657079e-01,3.112114367042786611e+01,3.414341996528163037e+01,1.496595313519852644e+00,2.549999878530046615e+00,3.414341996528163037e+01,1.496595313519852644e+00,3.260123540139912990e+01,2.324944774083085530e+00
1.324643984738259178e+03,3.451978526163657079e-01,3.112280277126819428e+01,3.414554919730451843e+01,1.496495788474861977e+00,2.549999878018704536e+00,3.414554919730451843e+01,1.496495788474861977e+00,3.260311731033115734e+01,2.324896162994285920e+00
1.324989182590875544e+03,3.451978526163657079e-01,3.112446212518061017e+01,3.414767554100820490e+01,1.496396286259811692e+00,2.549999877505472856e+00,3.414767554100820490e+01,1.496396286259811692e+00,3.260499919169957650e+01,2.324847555332915761e+00
1.325334380443491909e+03,3.451978526163657079e-01,3.112612173176484376e+01,3.414979913664523536e+01,1.496296806786725275e+00,2.549999876990344916e+00,3.414979913664523536e+01,1.496296806786725275e+00,3.260688104664460951e+01,2.324798951098219213e+00
1.325679578296108275e+03,3.451978526163657079e-01,3.112778159062174765e+01,3.415192011028110386e+01,1.496197349975471269e+00,2.549999876473314497e+00,3.415192011028110386e+01,1.496197349975471269e+00,3.260876287625268333e+01,2.324750350289444434e+00
1.326102582846570840e+03,4.230045504625650210e-01,3.112981592073635184e+01,3.415451573713109212e+01,1.496075506649825915e+00,2.549999875837145158e+00,3.415451573713109212e+01,1.496075506649825915e+00,3.261106883232915266e+01,2.324690799654960394e+00
1.326525587397033405e+03,4.230045504625650210e-01,3.113185062833593619e+01,3.415710778673517467e+01,1.495953697119328352e+00,2.549999875198099453e+00,3.415710778673517467e+01,1.495953697119328352e+00,3.261337475373584027e+01,2.324631254162335292e+00
1.326948591947495970e+03,4.230045504625650210e-01,3.113388571269359062e+01,3.415969642907566595e+01,1.495831921270852627e+00,2.549999874556166279e+00,3.415969642907566595e+01,1.495831921270852627e+00,3.261568064220423224e+01,2.324571713810200002e+00
1.327371596497958535e+03,4.230045504625650210e-01,3.113592117308544971e+01,3.416228181783251472e+01,1.495710179000314000e+00,2.549999873911335424e+00,3.416228181783251472e+01,1.495710179000314000e+00,3.261798649938567252e+01,2.324512178597188061e+00
1.327794601048421100e+03,4.230045504625650210e-01,3.113795700879082773e+01,3.416486409277163716e+01,1.495588470211351551e+00,2.549999873263594452e+00,3.416486409277163716e+01,1.495588470211351551e+00,3.262029232685879521e+01,2.324452648521937448e+00
1.328217605598883665e+03,4.230045504625650210e-01,3.113999321909238560e+01,3.416744338167168138e+01,1.495466794814263478e+00,2.549999872612933594e+00,3.416744338167168138e+01,1.495466794814263478e+00,3.262259812613595500e+01,2.324393123583092358e+00
1.328737817344498808e+03,5.202117456151427177e-01,3.114249786668689168e+01,3.417061147401046384e+01,1.495317203855760280e+00,2.549999871808728447e+00,3.417061147401046384e+01,1.495317203855760280e+00,3.262543376565059106e+01,2.324319926748398046e+00
1.329258029090113951e+03,5.202117456151427177e-01,3.114500307842562421e+01,3.417377542680272740e+01,1.495167663127275004e+00,2.549999871000068197e+00,3.417377542680272740e+01,1.495167663127275004e+00,3.262826936729822336e+01,2.324246737677505781e+00
1.329778240835729093e+03,5.202117456151427177e-01,3.114750885299701011e+01,3.417693542182096422e+01,1.495018172493092656e+00,2.549999870186931972e+00,3.417693542182096422e+01,1.495018172493092656e+00,3.263110493354768948e+01,2.324173556367910010e+00
1.330298452581344236e+03,5.202117456151427177e-01,3.115001518909856060e+01,3.418009162538434964e+01,1.494868731826128450e+00,2.549999869369298455e+00,3.418009162538434964e+01,1.494868731826128450e+00,3.263394046676179272e+01,2.324100382817111843e+00
1.330818664326959379e+03,5.202117456151427177e-01,3.115252208543721579e+01,3.418324419035448614e+01,1.494719341006827795e+00,2.549999868547146775e+00,3.418324419035448614e+01,1.494719341006827795e+00,3.263677596920609147e+01,2.324027217022619052e+00
1.331338876072574521e+03,5.202117456151427177e-01,3.115502954072977104e+01,3.418639325778969607e+01,1.494569999922250592e+00,2.549999867720455171e+00,3.418639325778969607e+01,1.494569999922250592e+00,3.263961144305653050e+01,2.323954058981945625e+00
1.331859087818189664e+03,5.202117456151427177e-01,3.115753755370322864e+01,3.418953895832976997e+01,1.494420708465306058e+00,2.549999866889203659e+00,3.418953895832976997e+01,1.494420708465306058e+00,3.264244689040631187e+01,2.323880908692609992e+00
1.332497824277145355e+03,6.387364589556909777e-01,3.116061775164924086e+01,3.419339694626219739e+01,1.494237470264631051e+00,2.549999865862289550e+00,3.419339694626219739e+01,1.494237470264631051e+00,3.264592833099313651e+01,2.323791102485839311e+00
1.333136560736101046e+03,6.387364589556909777e-01,3.116369878613254940e+01,3.419725024866276897e+01,1.494054306549633226e+00,2.549999864828428553e+00,3.419725024866276897e+01,1.494054306549633226e+00,3.264940973824925408e+01,2.323701307956598683e+00
1.333775297195056737e+03,6.387364589556909777e-01,3.116678065486497573e+01,3.420109905696926944e+01,1.493871217150493313e+00,2.549999863787578924e+00,3.420109905696926944e+01,1.493871217150493313e+00,3.265289111561141056e+01,2.323611525100326425e+00
1.334414033654012428e+03,6.387364589556909777e-01,3.116986335558525312e+01,3.420494354813184401e+01,1.493688201905603696e+00,2.549999862739701140e+00,3.420494354813184401e+01,1.493688201905603696e+00,3.265637246637852797e+01,2.323521753912471066e+00
1.335052770112968119e+03,6.387364589556909777e-01,3.117294688606002495e+01,3.420878388626226752e+01,1.493505260660656919e+00,2.549999861684754343e+00,3.420878388626226752e+01,1.493505260660656919e+00,3.265985379372186515e+01,2.323431994388489130e+00
1.335691506571923810e+03,6.387364589556909777e-01,3.117603124408475779e+01,3.421262022403431047e+01,1.493322393267866977e+00,2.549999860622699455e+00,3.421262022403431047e+01,1.493322393267866977e+00,3.266333510069414103e+01,2.323342246523849131e+00
1.336330243030879501e+03,6.387364589556909777e-01,3.117911642748470058e+01,3.421645270388149385e+01,1.493139599585307620e+00,2.549999859553494286e+00,3.421645270388149385e+01,1.493139599585307620e+00,3.266681639023762784e+01,2.323252510314027131e+00
1.336968979489835192e+03,6.387364589556909777e-01,3.118220243411579062e+01,3.422028145902837792e+01,1.492956879476338372e+00,2.549999858477098424e+00,3.422028145902837792e+01,1.492956879476338372e+00,3.267029766519143408e+01,2.323162785754505411e+00
1.337749927818108063e+03,7.809483282728706399e-01,3.118597664206728837e+01,3.422495779044879072e+01,1.492733577313341886e+00,2.549999857151217242e+00,3.422495779044879072e+01,1.492733577313341886e+00,3.267455401490686029e+01,2.323053100238901436e+00
1.338530876146380933e+03,7.809483282728706399e-01,3.118975207368508862e+01,3.422962895335252398e+01,1.492510384703686244e+00,2.549999855814449656e+00,3.422962895335252398e+01,1.492510384703686244e+00,3.267881035173617477e+01,2.322943432123934837e+00
1.339311824474653804e+03,7.809483282728706399e-01,3.119352872524893172e+01,3.423429514585690470e+01,1.492287301423881551e+00,2.549999854466720173e+00,3.423429514585690470e+01,1.492287301423881551e+00,3.268306668032064977e+01,2.322833781401400621e+00
1.340092772802926675e+03,7.809483282728706399e-01,3.119730659311545296e+01,3.423895655263039828e+01,1.492064327258286527e+00,2.549999853107951964e+00,3.423895655263039828e+01,1.492064327258286527e+00,3.268732300512636613e+01,2.322724148063109340e+00
1.340873721131199545e+03,7.809483282728706399e-01,3.120108567372028574e+01,3.424361334624848041e+01,1.491841461998352214e+00,2.549999851738069090e+00,3.424361334624848041e+01,1.491841461998352214e+00,3.269157933045596565e+01,2.322614532100889306e+00
1.341654669459472416e+03,7.809483282728706399e-01,3.120486596358006892e+01,3.424826568836883212e+01,1.491618705441967618e+00,2.549999850356993392e+00,3.424826568836883212e+01,1.491618705441967618e+00,3.269583566045911027e+01,2.322504933506583935e+00
1.342435617787745286e+03,7.809483282728706399e-01,3.120864745929437944e+01,3.425291373075539525e+01,1.491396057392885277e+00,2.549999848964647597e+00,3.425291373075539525e+01,1.491396057392885277e+00,3.270009199914203180e+01,2.322395352272049518e+00
1.343216566116018157e+03,7.809483282728706399e-01,3.121243015754758332e+01,3.425755761617538298e+01,1.491173517660220327e+00,2.549999847560953103e+00,3.425755761617538298e+01,1.491173517660220327e+00,3.270434835037616494e+01,2.322285788389159222e+00
1.343997514444291028e+03,7.809483282728706399e-01,3.121621405511053737e+01,3.426219747918865011e+01,1.490951086058007968e+00,2.549999846145832638e+00,3.426219747918865011e+01,1.490951086058007968e+00,3.270860471790602730e+01,2.322176241849799538e+00
1.344947774703224695e+03,9.502602589336675010e-01,3.122081992595080280e+01,3.426783803650945970e+01,1.490680576194078677e+00,2.549999844408382899e+00,3.426783803650945970e+01,1.490680576194078677e+00,3.271378390584359153e+01,2.322042968673049490e+00
1.345898034962158363e+03,9.502602589336675010e-01,3.122542756237608330e+01,3.427347304117645166e+01,1.490410225842138114e+00,2.549999842653754900e+00,3.427347304117645166e+01,1.490410225842138114e+00,3.271896312957476738e+01,2.321909721148738726e+00
1.346848295221092030e+03,9.502602589336675010e-01,3.123003695910779243e+01,3.427910269478489624e+01,1.490140034691936899e+00,2.549999840881804314e+00,3.427910269478489624e+01,1.490140034691936899e+00,3.272414239517327417e+01,2.321776499262328652e+00
1.347798555480025698e+03,9.502602589336675010e-01,3.123464811107161054e+01,3.428472718654062845e+01,1.489870002440859320e+00,2.549999839092385479e+00,3.428472718654062845e+01,1.489870002440859320e+00,3.272932170849517064e+01,2.321643302999310432e+00
1.348748815738959365e+03,9.502602589336675010e-01,3.123926101340079597e+01,3.429034669437579197e+01,1.489600128793290068e+00,2.549999837285352289e+00,3.429034669437579197e+01,1.489600128793290068e+00,3.273450107519209951e+01,2.321510132345200983e+00
1.349699075997893033e+03,9.502602589336675010e-01,3.124387566143923323e+01,3.429596138593252874e+01,1.489330413460058233e+00,2.549999835460557751e+00,3.429596138593252874e+01,1.489330413460058233e+00,3.273968050072325298e+01,2.321376987285545646e+00
1.350649336256826700e+03,9.502602589336675010e-01,3.124849205074416147e+01,3.430157141943361410e+01,1.489060856157941704e+00,2.549999833617854428e+00,3.430157141943361410e+01,1.489060856157941704e+00,3.274485999036632222e+01,2.321243867805916405e+00
1.351599596515760368e+03,9.502602589336675010e-01,3.125311017708860817e+01,3.430717694445636567e+01,1.488791456609226849e+00,2.549999831757092661e+00,3.430717694445636567e+01,1.488791456609226849e+00,3.275003954922760130e+01,2.321110773891907453e+00
1.352549856774694035e+03,9.502602589336675010e-01,3.125773003646354198e+01,3.431277810262276518e+01,1.488522214541314170e+00,2.549999829878122348e+00,3.431277810262276518e+01,1.488522214541314170e+00,3.275521918225118867e+01,2.320977705529140955e+00
1.353500117033627703e+03,9.502602589336675010e-01,3.126235162507968113e+01,3.431837502821728947e+01,1.488253129686364584e+00,2.549999827980792499e+00,3.431837502821728947e+01,1.488253129686364584e+00,3.276039889422752793e+01,2.320844662703263950e+00
1.354651903216698429e+03,1.151786183070726111e+00,3.126795564768662317e+01,3.432515342708733641e+01,1.487927189189990340e+00,2.549999825656256824e+00,3.432515342708733641e+01,1.487927189189990340e+00,3.276667720328548228e+01,2.320683439107104284e+00
1.355803689399769155e+03,1.151786183070726111e+00,3.127356219962009121e+01,3.433192600949831075e+01,1.487601478811404254e+00,2.549999823304253344e+00,3.433192600949831075e+01,1.487601478811404254e+00,3.277295564314970733e+01,2.320522252981291889e+00
1.356955475582839881e+03,1.151786183070726111e+00,3.127917127544748155e+01,3.433869297781092911e+01,1.487275998098003260e+00,2.549999820924505833e+00,3.433869297781092911e+01,1.487275998098003260e+00,3.277923422153787669e+01,2.320361104300407984e+00
1.358107261765910607e+03,1.151786183070726111e+00,3.128478287021981430e+01,3.434545452302342738e+01,1.486950746604879026e+00,2.549999818516737626e+00,3.434545452302342738e+01,1.486950746604879026e+00,3.278551294590216258e+01,2.320199993039082642e+00
1.359259047948981333e+03,1.151786183070726111e+00,3.129039697947187193e+01,3.435221082569579920e+01,1.486625723894281270e+00,2.549999816080669834e+00,3.435221082569579920e+01,1.486625723894281270e+00,3.279179182344389432e+01,2.320038919171994785e+00
1.360410834132052059e+03,1.151786183070726111e+00,3.129601359922121162e+01,3.435896205677565263e+01,1.486300929535135928e+00,2.549999813616020017e+00,3.435896205677565263e+01,1.486300929535135928e+00,3.279807086112715808e+01,2.319877882673872183e+00
1.361562620315122786e+03,1.151786183070726111e+00,3.130163272596603363e+01,3.436570837833880177e+01,1.485976363102610387e+00,2.549999811122505289e+00,3.436570837833880177e+01,1.485976363102610387e+00,3.280435006569118173e+01,2.319716883519488348e+00
1.362714406498193512e+03,1.151786183070726111e+00,3.130725435668188794e+01,3.437244994425519451e+01,1.485652024177723129e+00,2.549999808599838769e+00,3.437244994425519451e+01,1.485652024177723129e+00,3.281062944366195211e+01,2.319555921683664756e+00
1.363866192681264238e+03,1.151786183070726111e+00,3.131287848881720848e+01,3.437918690078967643e+01,1.485327912346987578e+00,2.549999806047732687e+00,3.437918690078967643e+01,1.485327912346987578e+00,3.281690900136279510e+01,2.319394997141267734e+00
1.365017978864334964e+03,1.151786183070726111e+00,3.131850512028760392e+01,3.438591938714519358e+01,1.485004027202091459e+00,2.549999803465895720e+00,3.438591938714519358e+01,1.485004027202091459e+00,3.282318874492435867e+01,2.319234109867211124e+00
1.366169765047405690e+03,1.151786183070726111e+00,3.132413424946894409e+01,3.439264753595542601e+01,1.484680368339601486e+00,2.549999800854035215e+00,3.439264753595542601e+01,1.484680368339601486e+00,3.282946868029374343e+01,2.319073259836452294e+00
1.367419765047405690e+03,1.250000000000000000e+00,3.133024620433906193e+01,3.439994463887444454e+01,1.484329366386363480e+00,2.549999797985142536e+00,3.439994463887444454e+01,1.484329366386363480e+00,3.283628433500555133e+01,2.318898736095906798e+00
1.368669765047405690e+03,1.250000000000000000e+00,3.133636109876409748e+01,3.440723693600494215e+01,1.483978629977815267e+00,2.549999795080158727e+00,3.440723693600494215e+01,1.483978629977815267e+00,3.284310022958285202e+01,2.318724256159658381e+00
1.369919765047405690e+03,1.250000000000000000e+00,3.134247893243379934e+01,3.441452457409815935e+01,1.483628158615696968e+00,2.549999792138701427e+00,3.441452457409815935e+01,1.483628158615696968e+00,3.284991637096136685e+01,2.318549819995871175e+00
1.371169765047405690e+03,1.250000000000000000e+00,3.134859970561840825e+01,3.442180769304395227e+01,1.483277951807162820e+00,2.549999789160382502e+00,3.442180769304395227e+01,1.483277951807162820e+00,3.285673276586677360e+01,2.318375427572769265e+00
1.372419765047405690e+03,1.250000000000000000e+00,3.135472341914899630e+01,3.442908642633261707e+01,1.482928009064500952e+00,2.549999786144811598e+00,3.442908642633261707e+01,1.482928009064500952e+00,3.286354942082450492e+01,2.318201078858635800e+00
1.373669765047405690e+03,1.250000000000000000e+00,3.136085007439616845e+01,3.443636090147639806e+01,1.482578329904874037e+00,2.549999783091595695e+00,3.443636090147639806e+01,1.482578329904874037e+00,3.287036634216868691e+01,2.318026773821810771e+00
1.374919765047405690e+03,1.250000000000000000e+00,3.136697967324706937e+01,3.444363124039478663e+01,1.482228913850083263e+00,2.549999780000337779e+00,3.444363124039478663e+01,1.482228913850083263e+00,3.287718353605076516e+01,2.317852512430695455e+00
1.376169765047405690e+03,1.250000000000000000e+00,3.137311221808096207e+01,3.445089755976741941e+01,1.481879760426348502e+00,2.549999776870636836e+00,3.445089755976741941e+01,1.481879760426348502e+00,3.288400100844728513e+01,2.317678294653742643e+00
1.377419765047405690e+03,1.250000000000000000e+00,3.137924771174344585e+01,3.445815997135812836e+01,1.481530869164107811e+00,2.549999773702090078e+00,3.445815997135812836e+01,1.481530869164107811e+00,3.289081876516745240e+01,2.317504120459467298e+00
1.378669765047405690e+03,1.250000000000000000e+00,3.138538615751946637e+01,3.446541858231272215e+01,1.481182239597830463e+00,2.549999770494289386e+00,3.446541858231272215e+01,1.481182239597830463e+00,3.289763681186008171e+01,2.317329989816437230e+00
1.379919765047405690e+03,1.250000000000000000e+00,3.139152755910528825e+01,3.447267349543345460e+01,1.480833871265845536e+00,2.549999767246825311e+00,3.447267349543345460e+01,1.480833871265845536e+00,3.290445515402011267e+01,2.317155902693275316e+00
1.380000000000000000e+03,8.023495259431001614e-02,3.139192186420402564e+01,3.447313904956720165e+01,1.480811519123985009e+00,2.549999767037013143e+00,3.447313904956720165e+01,1.480811519123985009e+00,3.290489281972596558e+01,2.317144729881258414e+00
1.380002991847730527e+03,2.991847730527297244e-03,3.139193656751848494e+01,3.447315640767061495e+01,1.480810685650635783e+00,2.549999767029186071e+00,3.447315640767061495e+01,1.480810685650635783e+00,3.290490913968199038e+01,2.317144313266386924e+00
1.380011449942253648e+03,8.458094523120962549e-03,3.139197813457309039e+01,3.447320547439505845e+01,1.480808329336480655e+00,2.549999767007057994e+00,3.447320547439505845e+01,1.480808329336480655e+00,3.290495527695247091e+01,2.317143135477823357e+00
1.380032342025933985e+03,2.089208368033723673e-02,3.139208080867937412e+01,3.447332665437460975e+01,1.480802508951428065e+00,2.549999766952392832e+00,3.447332665437460975e+01,1.480802508951428065e+00,3.290506923913993376e+01,2.317140226266189984e+00
1.380070933616434331e+03,3.859159050034577376e-02,3.139227046915347685e+01,3.447355045300138698e+01,1.480791757392670771e+00,2.549999766851385630e+00,3.447355045300138698e+01,1.480791757392670771e+00,3.290527974830307301e+01,2.317134852438670567e+00
1.380132501155741920e+03,6.156753930758895876e-02,3.139257305202153603e+01,3.447390741047294682e+01,1.480774604530095573e+00,2.549999766690163483e+00,3.447390741047294682e+01,1.480774604530095573e+00,3.290561558562798439e+01,2.317126279324465354e+00
1.380221440674054975e+03,8.893951831305457745e-02,3.139301017125078630e+01,3.447442293028009885e+01,1.480749825680405252e+00,2.549999766457093475e+00,3.447442293028009885e+01,1.480749825680405252e+00,3.290610072911276518e+01,2.317113894917191885e+00
1.380341502468969111e+03,1.200617949141360441e-01,3.139360027377041718e+01,3.447511864088085787e+01,1.480716376399739964e+00,2.549999766142142299e+00,3.447511864088085787e+01,1.480716376399739964e+00,3.290675563345225640e+01,2.317097177220083015e+00
1.380495897097638363e+03,1.543946286692516878e-01,3.139435916197975018e+01,3.447601301128118934e+01,1.480673363122115616e+00,2.549999765736582713e+00,3.447601301128118934e+01,1.480673363122115616e+00,3.290759780798171619e+01,2.317075679509597030e+00
1.380687412359976406e+03,1.915152623380436125e-01,3.139530057017588049e+01,3.447712203020186905e+01,1.480620010723654456e+00,2.549999765232662252e+00,3.447712203020186905e+01,1.480620010723654456e+00,3.290864245459869863e+01,2.317049014067114499e+00
1.380918502337284508e+03,2.310899773081018793e-01,3.139643660355170240e+01,3.447845972297684369e+01,1.480555637859336304e+00,2.549999764623350984e+00,3.447845972297684369e+01,1.480555637859336304e+00,3.290990295327775783e+01,2.317016839800474237e+00
1.381149592314592610e+03,2.310899773081018793e-01,3.139757273820875128e+01,3.447979693138879043e+01,1.480491270217811683e+00,2.549999764012658598e+00,3.447979693138879043e+01,1.480491270217811683e+00,3.291116343708088721e+01,2.316984666980662411e+00
1.381460937530390765e+03,3.113452157981555501e-01,3.139910360127305822e+01,3.448159784340820266e+01,1.480404557284647815e+00,2.549999763187690505e+00,3.448159784340820266e+01,1.480404557284647815e+00,3.291286165100280670e+01,2.316941323149791732e+00
1.381772282746188921e+03,3.113452157981555501e-01,3.140063464830609163e+01,3.448339802029470036e+01,1.480317855234900781e+00,2.549999762360203981e+00,3.448339802029470036e+01,1.480317855234900781e+00,3.291455983842914890e+01,2.316897981944657126e+00
1.382170226045173422e+03,3.979432989845008706e-01,3.140259181129687605e+01,3.448569791166858778e+01,1.480207054347451479e+00,2.549999761298881840e+00,3.448569791166858778e+01,1.480207054347451479e+00,3.291673032440371571e+01,2.316842589565922150e+00
1.382568169344157923e+03,3.979432989845008706e-01,3.140454927510144856e+01,3.448799676591124097e+01,1.480096272799172219e+00,2.549999760233422119e+00,3.448799676591124097e+01,1.480096272799172219e+00,3.291890076801667675e+01,2.316787201475438707e+00
1.383059040230808478e+03,4.908708866505548940e-01,3.140696425982614315e+01,3.449083110937564101e+01,1.479959649058837812e+00,2.549999758913435333e+00,3.449083110937564101e+01,1.479959649058837812e+00,3.292157799524393624e+01,2.316718885082516000e+00
1.383549911117459033e+03,4.908708866505548940e-01,3.140937970280349489e+01,3.449366405806676283e+01,1.479823056430755068e+00,2.549999757587105176e+00,3.449366405806676283e+01,1.479823056430755068e+00,3.292425515955473969e+01,2.316650575211882668e+00
1.384139203937681032e+03,5.892928202219991363e-01,3.141228005924078204e+01,3.449706328437162028e+01,1.479659118320720834e+00,2.549999755986426031e+00,3.449706328437162028e+01,1.479659118320720834e+00,3.292746902596199732e+01,2.316568577502152060e+00
1.384728496757903031e+03,5.892928202219991363e-01,3.141518107711004504e+01,3.450046070420071942e+01,1.479495226836123223e+00,2.549999754376522709e+00,3.450046070420071942e+01,1.479495226836123223e+00,3.293068280409946880e+01,2.316486589187669143e+00
1.385317789578125030e+03,5.892928202219991363e-01,3.141808275697053787e+01,3.450385640027244705e+01,1.479331382669862416e+00,2.549999752757351690e+00,3.450385640027244705e+01,1.479331382669862416e+00,3.293389649518598361e+01,2.316404610265775599e+00
1.386058110409682286e+03,7.403208315572555875e-01,3.142172903837570885e+01,3.450812003203197520e+01,1.479125615318624298e+00,2.549999750710002733e+00,3.450812003203197520e+01,1.479125615318624298e+00,3.293793369151131145e+01,2.316301634530438136e+00
1.386798431241239541e+03,7.403208315572555875e-01,3.142537636663084299e+01,3.451238117028172070e+01,1.478919924449838108e+00,2.549999748647866049e+00,3.451238117028172070e+01,1.478919924449838108e+00,3.294197075449953616e+01,2.316198673609360714e+00
1.387538752072796797e+03,7.403208315572555875e-01,3.142902474291689430e+01,3.451663991514979557e+01,1.478714310809623456e+00,2.549999746570850601e+00,3.451663991514979557e+01,1.478714310809623456e+00,3.294600768627076093e+01,2.316095727497079704e+00
1.388438182355021127e+03,8.994302822243298579e-01,3.143345863857987155e+01,3.452181085217420531e+01,1.478464611563706788e+00,2.549999744027294124e+00,3.452181085217420531e+01,1.478464611563706788e+00,3.295091206015436569e+01,2.315970676165314046e+00
1.389337612637245456e+03,8.994302822243298579e-01,3.143789408514378181e+01,3.452697852076893525e+01,1.478215028138171849e+00,2.549999741461479896e+00,3.452697852076893525e+01,1.478215028138171849e+00,3.295581624688080780e+01,2.315845646673672764e+00
1.390237042919469786e+03,8.994302822243298579e-01,3.144233108484579020e+01,3.453214304046043281e+01,1.477965561292830188e+00,2.549999738873243160e+00,3.453214304046043281e+01,1.477965561292830188e+00,3.296072024983289595e+01,2.315720639012118998e+00
1.391136473201694116e+03,8.994302822243298579e-01,3.144676963995597774e+01,3.453730451759129494e+01,1.477716211663199664e+00,2.549999736262418715e+00,3.453730451759129494e+01,1.477716211663199664e+00,3.296562407227459346e+01,2.315595653170560375e+00
1.392249953357508048e+03,1.113480155813931560e+00,3.145226665759564000e+01,3.454369027044810991e+01,1.477407684024912182e+00,2.549999732998722290e+00,3.454369027044810991e+01,1.477407684024912182e+00,3.297169467987081504e+01,2.315440952930245544e+00
1.393363433513321979e+03,1.113480155813931560e+00,3.145776606698541045e+01,3.455007167019856951e+01,1.477099337703841941e+00,2.549999729699835349e+00,3.455007167019856951e+01,1.477099337703841941e+00,3.297776502143757682e+01,2.315286286096452262e+00
1.394476913669135911e+03,1.113480155813931560e+00,3.146326787256296598e+01,3.455644886428435569e+01,1.476791173407016045e+00,2.549999726365439479e+00,3.455644886428435569e+01,1.476791173407016045e+00,3.298383510256073947e+01,2.315131652649760508e+00
1.395590393824949842e+03,1.113480155813931560e+00,3.146877207878493010e+01,3.456282198684750284e+01,1.476483191723640953e+00,2.549999722995211826e+00,3.456282198684750284e+01,1.476483191723640953e+00,3.298990492864267310e+01,2.314977052570679206e+00
1.396703873980763774e+03,1.113480155813931560e+00,3.147427869011159629e+01,3.456919116096855760e+01,1.476175393146871073e+00,2.549999719588829095e+00,3.456919116096855760e+01,1.476175393146871073e+00,3.299597450491798867e+01,2.314822485839661770e+00
1.397953873980763774e+03,1.250000000000000000e+00,3.148046331850095569e+01,3.457633667334570760e+01,1.475830075148972798e+00,2.549999715721320115e+00,3.457633667334570760e+01,1.475830075148972798e+00,3.300278795903543738e+01,2.314649007938583747e+00
1.399203873980763774e+03,1.250000000000000000e+00,3.148665098977320298e+01,3.458347750181815172e+01,1.475484988915998663e+00,2.549999711807369174e+00,3.458347750181815172e+01,1.475484988915998663e+00,3.300960111170692102e+01,2.314475572011764459e+00
1.400453873980763774e+03,1.250000000000000000e+00,3.149284171011806777e+01,3.459061378452335589e+01,1.475140134846070428e+00,2.549999707846507313e+00,3.459061378452335589e+01,1.475140134846070428e+00,3.301641396969547770e+01,2.314302178031366175e+00
1.401703873980763774e+03,1.250000000000000000e+00,3.149903548563650091e+01,3.459774565023710835e+01,1.474795513263255309e+00,2.549999703838261578e+00,3.459774565023710835e+01,1.474795513263255309e+00,3.302322653956863263e+01,2.314128825969510750e+00
1.402953873980763774e+03,1.250000000000000000e+00,3.150523232231817161e+01,3.460487321956721019e+01,1.474451124428686422e+00,2.549999699782154572e+00,3.460487321956721019e+01,1.474451124428686422e+00,3.303003882771135125e+01,2.313955515798282736e+00
1.404203873980763774e+03,1.250000000000000000e+00,3.151143222601999838e+01,3.461199660592607330e+01,1.474106968549519614e+00,2.549999695677706235e+00,3.461199660592607330e+01,1.474106968549519614e+00,3.303685084033714503e+01,2.313782247489739152e+00
1.405453873980763774e+03,1.250000000000000000e+00,3.151763520244584171e+01,3.461911591633376162e+01,1.473763045786236736e+00,2.549999691524432066e+00,3.461911591633376162e+01,1.473763045786236736e+00,3.304366258349806174e+01,2.313609021015915257e+00
1.406703873980763774e+03,1.250000000000000000e+00,3.152384125712731588e+01,3.462623125208896369e+01,1.473419356258668822e+00,2.549999687321843123e+00,3.462623125208896369e+01,1.473419356258668822e+00,3.305047406309356717e+01,2.313435836348829877e+00
1.407953873980763774e+03,1.250000000000000000e+00,3.153005039540578380e+01,3.463334270933555814e+01,1.473075900051012299e+00,2.549999683069448242e+00,3.463334270933555814e+01,1.473075900051012299e+00,3.305728528487851037e+01,2.313262693460490294e+00
1.409203873980763774e+03,1.250000000000000000e+00,3.153626262241540701e+01,3.464045037954555539e+01,1.472732677216044062e+00,2.549999678766750932e+00,3.464045037954555539e+01,1.472732677216044062e+00,3.306409625447023615e+01,2.313089592322891352e+00
1.410453873980763774e+03,1.250000000000000000e+00,3.154247794306744623e+01,3.464755434993446670e+01,1.472389687778691503e+00,2.549999674413252038e+00,3.464755434993446670e+01,1.472389687778691503e+00,3.307090697735523577e+01,2.312916532908030565e+00
1.411703873980763774e+03,1.250000000000000000e+00,3.154869636203558514e+01,3.465465470382118696e+01,1.472046931739081188e+00,2.549999670008446628e+00,3.465465470382118696e+01,1.472046931739081188e+00,3.307771745889503734e+01,2.312743515187898335e+00
1.412953873980763774e+03,1.250000000000000000e+00,3.155491788374240514e+01,3.466175152094213274e+01,1.471704409075154985e+00,2.549999665551827110e+00,3.466175152094213274e+01,1.471704409075154985e+00,3.308452770433171253e+01,2.312570539134487735e+00
1.414203873980763774e+03,1.250000000000000000e+00,3.156114251234696155e+01,3.466884487772727397e+01,1.471362119744934471e+00,2.549999661042882337e+00,3.466884487772727397e+01,1.471362119744934471e+00,3.309133771879289299e+01,2.312397604719796274e+00
1.415453873980763774e+03,1.250000000000000000e+00,3.156737025173333677e+01,3.467593484754402766e+01,1.471020063688487811e+00,2.549999656481096277e+00,3.467593484754402766e+01,1.471020063688487811e+00,3.309814750729648125e+01,2.312224711915826791e+00
1.416703873980763774e+03,1.250000000000000000e+00,3.157360110550030896e+01,3.468302150091407299e+01,1.470678240829648376e+00,2.549999651865948902e+00,3.468302150091407299e+01,1.470678240829648376e+00,3.310495707475494953e+01,2.312051860694591010e+00
1.417953873980763774e+03,1.250000000000000000e+00,3.157983507695191250e+01,3.469010490570692440e+01,1.470336651077525092e+00,2.549999647196916186e+00,3.469010490570692440e+01,1.470336651077525092e+00,3.311176642597934006e+01,2.311879051028111753e+00
1.419203873980763774e+03,1.250000000000000000e+00,3.158607216908901449e+01,3.469718512731373750e+01,1.469995294327832935e+00,2.549999642473471440e+00,3.469718512731373750e+01,1.469995294327832935e+00,3.311857556568308070e+01,2.311706282888422059e+00
1.420453873980763774e+03,1.250000000000000000e+00,3.159231238460173685e+01,3.470426222880385581e+01,1.469654170464073317e+00,2.549999637695081312e+00,3.470426222880385581e+01,1.469654170464073317e+00,3.312538449848545952e+01,2.311533556247566956e+00
1.421703873980763774e+03,1.250000000000000000e+00,3.159855572586277717e+01,3.471133627106652852e+01,1.469313279358581026e+00,2.549999632861210674e+00,3.471133627106652852e+01,1.469313279358581026e+00,3.313219322891492169e+01,2.311360871077609236e+00
1.422953873980763774e+03,1.250000000000000000e+00,3.160480219492152898e+01,3.471840731293964666e+01,1.468972620873462143e+00,2.549999627971319072e+00,3.471840731293964666e+01,1.468972620873462143e+00,3.313900176141223142e+01,2.311188227350625901e+00
1.424203873980763774e+03,1.250000000000000000e+00,3.161105179349895167e+01,3.472547541132696125e+01,1.468632194861430040e+00,2.549999623024862050e+00,3.472547541132696125e+01,1.468632194861430040e+00,3.314581010033327146e+01,2.311015625038710386e+00
1.425453873980763774e+03,1.250000000000000000e+00,3.161730452298320060e+01,3.473254062130538955e+01,1.468292001166559002e+00,2.549999618021291603e+00,3.473254062130538955e+01,1.468292001166559002e+00,3.315261824995191375e+01,2.310843064113975220e+00
1.426703873980763774e+03,1.250000000000000000e+00,3.162356038442591100e+01,3.473960299622336834e+01,1.467952039624962346e+00,2.549999612960054840e+00,3.473960299622336834e+01,1.467952039624962346e+00,3.315942621446258443e+01,2.310670544548553362e+00
1.427953873980763774e+03,1.250000000000000000e+00,3.162981937853915326e+01,3.474666258779126338e+01,1.467612310065404824e+00,2.549999607840594873e+00,3.474666258779126338e+01,1.467612310065404824e+00,3.316623399798267258e+01,2.310498066314595977e+00
1.429203873980763774e+03,1.250000000000000000e+00,3.163608150569295319e+01,3.475371944616484399e+01,1.467272812309859065e+00,2.549999602662350373e+00,3.475371944616484399e+01,1.467272812309859065e+00,3.317304160455498874e+01,2.310325629384273771e+00
1.430453873980763774e+03,1.250000000000000000e+00,3.164234676591341255e+01,3.476077362002234850e+01,1.466933546174008063e+00,2.549999597424756459e+00,3.476077362002234850e+01,1.466933546174008063e+00,3.317984903814989650e+01,2.310153233729784539e+00
1.431703873980763774e+03,1.250000000000000000e+00,3.164861515888132715e+01,3.476782515663594353e+01,1.466594511467705697e+00,2.549999592127242920e+00,3.476782515663594353e+01,1.466594511467705697e+00,3.318665630266740152e+01,2.309980879323343839e+00
1.432953873980763774e+03,1.250000000000000000e+00,3.165488668393134120e+01,3.477487410193803186e+01,1.466255707995395285e+00,2.549999586769235993e+00,3.477487410193803186e+01,1.466255707995395285e+00,3.319346340193928313e+01,2.309808566137192987e+00
1.434203873980763774e+03,1.250000000000000000e+00,3.166116134005152816e+01,3.478192050058301277e+01,1.465917135556493500e+00,2.549999581350157474e+00,3.478192050058301277e+01,1.465917135556493500e+00,3.320027033973087072e+01,2.309636294143593283e+00
1.435453873980763774e+03,1.250000000000000000e+00,3.166743912588344401e+01,3.478896439600480051e+01,1.465578793945739644e+00,2.549999575869425161e+00,3.478896439600480051e+01,1.465578793945739644e+00,3.320707711974300480e+01,2.309464063314834892e+00
1.436703873980763774e+03,1.250000000000000000e+00,3.167372003972256422e+01,3.479600583047060525e+01,1.465240682953520501e+00,2.549999570326452414e+00,3.479600583047060525e+01,1.465240682953520501e+00,3.321388374561367840e+01,2.309291873623231073e+00
1.437953873980763774e+03,1.250000000000000000e+00,3.168000407951913644e+01,3.480304484513114716e+01,1.464902802366165435e+00,2.549999564720646816e+00,3.480304484513114716e+01,1.464902802366165435e+00,3.322069022091977075e+01,2.309119725041119064e+00
1.439203873980763774e+03,1.250000000000000000e+00,3.168629124287938481e+01,3.481008148006784353e+01,1.464565151966219725e+00,2.549999559051412845e+00,3.481008148006784353e+01,1.464565151966219725e+00,3.322749654917863182e+01,2.308947617540864528e+00
1.440000000000000000e+03,7.961260192362260568e-01,3.169029716933595608e+01,3.481456189605007268e+01,1.464350222040255778e+00,2.549999555407335361e+00,3.481456189605007268e+01,1.464350222040255778e+00,3.323183143013232410e+01,2.308838023535777051e+00
1.440002994668320753e+03,2.994668320752680302e-03,3.169031224022005233e+01,3.481457873608476916e+01,1.464349413754366225e+00,2.549999555393578810e+00,3.481457873608476916e+01,1.464349413754366225e+00,3.323184773588045715e+01,2.308837611323811601e+00
1.440008072417811945e+03,5.077749491192662390e-03,3.169033779440114174e+01,3.481460727015124945e+01,1.464348043244455333e+00,2.549999555370251691e+00,3.481460727015124945e+01,1.464348043244455333e+00,3.323187538377170824e+01,2.308836912379140571e+00
1.440018678295657992e+03,1.060587784604649642e-02,3.169039116949704749e+01,3.481466682322244566e+01,1.464345180709302419e+00,2.549999555321526223e+00,3.481466682322244566e+01,1.464345180709302419e+00,3.323193313150169814e+01,2.308835452498035679e+00
1.440036010333477407e+03,1.733203781941483612e-02,3.169047839512040809e+01,3.481476405364892912e+01,1.464340502876601446e+00,2.549999555241889926e+00,3.481476405364892912e+01,1.464340502876601446e+00,3.323202750141919637e+01,2.308833066778868570e+00
1.440061561483816149e+03,2.555115033874244546e-02,3.169060698553733246e+01,3.481490724294064165e+01,1.464333606929442588e+00,2.549999555124465633e+00,3.481490724294064165e+01,1.464333606929442588e+00,3.323216662083327577e+01,2.308829549730463615e+00
1.440096539410642663e+03,3.497792682651379437e-02,3.169078301988892576e+01,3.481510303833081821e+01,1.464324167118301823e+00,2.549999554963676029e+00,3.481510303833081821e+01,1.464324167118301823e+00,3.323235706249278820e+01,2.308824735139380024e+00
1.440141985234463391e+03,4.544582382072803739e-02,3.169101173995435516e+01,3.481535712301431573e+01,1.464311902721473047e+00,2.549999554754690756e+00,3.481535712301431573e+01,1.464311902721473047e+00,3.323260449082089707e+01,2.308818479727070994e+00
1.440198801455804414e+03,5.681622134102326527e-02,3.169129769083549775e+01,3.481567437613298921e+01,1.464296570517805041e+00,2.549999554493297627e+00,3.481567437613298921e+01,1.464296570517805041e+00,3.323291381365859820e+01,2.308810659308364155e+00
1.440267782148696597e+03,6.898069289218256017e-02,3.169164487305630473e+01,3.481605904494915649e+01,1.464277956646465650e+00,2.549999554175761407e+00,3.481605904494915649e+01,1.464277956646465650e+00,3.323328934638920629e+01,2.308801164637353409e+00
1.440336762841588779e+03,6.898069289218256017e-02,3.169199206477324893e+01,3.481644322908898914e+01,1.464259343808852920e+00,2.549999553858028456e+00,3.481644322908898914e+01,1.464259343808852920e+00,3.323366486076525916e+01,2.308791670093180759e+00
1.440430466460710477e+03,9.370361912169755669e-02,3.169246370644945188e+01,3.481696442286764182e+01,1.464234061655003805e+00,2.549999553426104182e+00,3.481696442286764182e+01,1.464234061655003805e+00,3.323417493149695900e+01,2.308778772873693708e+00
1.440524170079832174e+03,9.370361912169755669e-02,3.169293536564614655e+01,3.481748491247605415e+01,1.464208781276291171e+00,2.549999552993816199e+00,3.481748491247605415e+01,1.464208781276291171e+00,3.323468496850955489e+01,2.308765875888229235e+00
1.440644649814651757e+03,1.204797348195825180e-01,3.169354182874466375e+01,3.481815320454322915e+01,1.464176279481602672e+00,2.549999552437467010e+00,3.481815320454322915e+01,1.464176279481602672e+00,3.323534070083581327e+01,2.308749293890835386e+00
1.440765129549471339e+03,1.204797348195825180e-01,3.169414832080218147e+01,3.481882054661669912e+01,1.464143780472332734e+00,2.549999551880516080e+00,3.481882054661669912e+01,1.464143780472332734e+00,3.323599637768116821e+01,2.308732712280260557e+00
1.440914436028080672e+03,1.493064786093327712e-01,3.169489996616433558e+01,3.481964635948846620e+01,1.464103509328048780e+00,2.549999551189470637e+00,3.481964635948846620e+01,1.464103509328048780e+00,3.323680885912832395e+01,2.308712163785274551e+00
1.441063742506690005e+03,1.493064786093327712e-01,3.169565165599091472e+01,3.482047094870359416e+01,1.464063242297335643e+00,2.549999550497499712e+00,3.482047094870359416e+01,1.464063242297335643e+00,3.323762125578935667e+01,2.308691615884245874e+00
1.441243669031412765e+03,1.799265247227594955e-01,3.169655756281351344e+01,3.482146314672106513e+01,1.464014722607378971e+00,2.549999549662387732e+00,3.482146314672106513e+01,1.464014722607378971e+00,3.323860014788594697e+01,2.308666854771117549e+00
1.441423595556135524e+03,1.799265247227594955e-01,3.169746353418969420e+01,3.482245382245187670e+01,1.463966208713029626e+00,2.549999548825928386e+00,3.482245382245187670e+01,1.463966208713029626e+00,3.323957891748661808e+01,2.308642094520362065e+00
1.441603522080858284e+03,1.799265247227594955e-01,3.169836957010906175e+01,3.482344307622404500e+01,1.463917700543922118e+00,2.549999547988120341e+00,3.482344307622404500e+01,1.463917700543922118e+00,3.324055756490160718e+01,2.308617335131879500e+00
1.441830601505211462e+03,2.270794243531781831e-01,3.169951314073770376e+01,3.482468967871880494e+01,1.463856488041888504e+00,2.549999546928821470e+00,3.482468967871880494e+01,1.463856488041888504e+00,3.324179251006302138e+01,2.308586088342344134e+00
1.442057680929564640e+03,2.270794243531781831e-01,3.170065681413337444e+01,3.482593428525363777e+01,1.463795284469890268e+00,2.549999545867367434e+00,3.482593428525363777e+01,1.463795284469890268e+00,3.324302726161683097e+01,2.308554842925898409e+00
1.442284760353917818e+03,2.270794243531781831e-01,3.170180059027419972e+01,3.482717701020780510e+01,1.463734089747158018e+00,2.549999544803754681e+00,3.482717701020780510e+01,1.463734089747158018e+00,3.324426182007884734e+01,2.308523598882346928e+00
1.442561962175904910e+03,2.772018219870915345e-01,3.170319696710641466e+01,3.482869162658324313e+01,1.463659399636395131e+00,2.549999543502443178e+00,3.482869162658324313e+01,1.463659399636395131e+00,3.324576861702490760e+01,2.308485460317758697e+00
1.442839163997892001e+03,2.772018219870915345e-01,3.170459349697230778e+01,3.483020373204694664e+01,1.463584722504728708e+00,2.549999542197902702e+00,3.483020373204694664e+01,1.463584722504728708e+00,3.324727512779605121e+01,2.308447323798390460e+00
1.443116365819879093e+03,2.772018219870915345e-01,3.170599017982987533e+01,3.483171345358191928e+01,1.463510058261580093e+00,2.549999540890126148e+00,3.483171345358191928e+01,1.463510058261580093e+00,3.324878135318729733e+01,2.308409189323893607e+00
1.443393567641866184e+03,2.772018219870915345e-01,3.170738701563632134e+01,3.483322090079171574e+01,1.463435406828444751e+00,2.549999539579106855e+00,3.483322090079171574e+01,1.463435406828444751e+00,3.325028729395530291e+01,2.308371056893929740e+00
1.443739982426372535e+03,3.464147845063507702e-01,3.170913283444567199e+01,3.483510168189067002e+01,1.463342134001945016e+00,2.549999537936178395e+00,3.483510168189067002e+01,1.463342134001945016e+00,3.325216884560086328e+01,2.308323406265658129e+00
1.444086397210878886e+03,3.464147845063507702e-01,3.171087889196193998e+01,3.483697922340011388e+01,1.463248880955761333e+00,2.549999536288162005e+00,3.483697922340011388e+01,1.463248880955761333e+00,3.325404995522301022e+01,2.308275758829163582e+00
1.444432811995385237e+03,3.464147845063507702e-01,3.171262518809630748e+01,3.483885366740528156e+01,1.463155647586567909e+00,2.549999534635045251e+00,3.483885366740528156e+01,1.463155647586567909e+00,3.325593062410820266e+01,2.308228114583789736e+00
1.444779226779891587e+03,3.464147845063507702e-01,3.171437172275799554e+01,3.484072513899788248e+01,1.463062433802836404e+00,2.549999532976814365e+00,3.484072513899788248e+01,1.463062433802836404e+00,3.325781085348873489e+01,2.308180473528885557e+00
1.445199010895958509e+03,4.197841160669213423e-01,3.171648848632975870e+01,3.484298915646328254e+01,1.462949503824860775e+00,2.549999530960504135e+00,3.484298915646328254e+01,1.462949503824860775e+00,3.326008872099431102e+01,2.308122746554747806e+00
1.445618795012025430e+03,4.197841160669213423e-01,3.171860559986192030e+01,3.484524914761303194e+01,1.462836602356908600e+00,2.549999528936640836e+00,3.484524914761303194e+01,1.462836602356908600e+00,3.326236594687035364e+01,2.308065024263546761e+00
1.446038579128092351e+03,4.197841160669213423e-01,3.172072306318152357e+01,3.484750526821238026e+01,1.462723729282478624e+00,2.549999526905201819e+00,3.484750526821238026e+01,1.462723729282478624e+00,3.326464253305970686e+01,2.308007306654137558e+00
1.446458363244159273e+03,4.197841160669213423e-01,3.172284087611144798e+01,3.484975765753788579e+01,1.462610884496500230e+00,2.549999524866162215e+00,3.484975765753788579e+01,1.462610884496500230e+00,3.326691848143272523e+01,2.307949593725377557e+00
1.446878147360226194e+03,4.197841160669213423e-01,3.172495903847045895e+01,3.485200644111052526e+01,1.462498067903432952e+00,2.549999522819498488e+00,3.485200644111052526e+01,1.462498067903432952e+00,3.326919379379468467e+01,2.307891885476129001e+00
1.447392978902121058e+03,5.148315418948641309e-01,3.172755727146778071e+01,3.485475963735898830e+01,1.462359745765395846e+00,2.549999520298986688e+00,3.485475963735898830e+01,1.462359745765395846e+00,3.327198341611125443e+01,2.307821117325067117e+00
1.447907810444015922e+03,5.148315418948641309e-01,3.173015602941385893e+01,3.485750777094101949e+01,1.462221465753773320e+00,2.549999517766927237e+00,3.485750777094101949e+01,1.462221465753773320e+00,3.327477208753622051e+01,2.307750356208691400e+00
1.448422641985910786e+03,5.148315418948641309e-01,3.173275531194907728e+01,3.486025101315946273e+01,1.462083227734014779e+00,2.549999515223276614e+00,3.486025101315946273e+01,1.462083227734014779e+00,3.327755981107330285e+01,2.307679602124924401e+00
1.448937473527805651e+03,5.148315418948641309e-01,3.173535511870463210e+01,3.486298951947112101e+01,1.461945031582517540e+00,2.549999512667990853e+00,3.486298951947112101e+01,1.461945031582517540e+00,3.328034658962773307e+01,2.307608855071693110e+00
1.449452305069700515e+03,5.148315418948641309e-01,3.173795544930256796e+01,3.486572343180726818e+01,1.461806877185015674e+00,2.549999510101024214e+00,3.486572343180726818e+01,1.461806877185015674e+00,3.328313242601509359e+01,2.307538115046930738e+00
1.449967136611595379e+03,5.148315418948641309e-01,3.174055630335582023e+01,3.486845288044421665e+01,1.461668764435280155e+00,2.549999507522333175e+00,3.486845288044421665e+01,1.461668764435280155e+00,3.328591732296889205e+01,2.307467382048576710e+00
1.450600593271345133e+03,6.334566597497541807e-01,3.174375715193016845e+01,3.487180528790044320e+01,1.461498885382123358e+00,2.549999504333317457e+00,3.487180528790044320e+01,1.461498885382123358e+00,3.328934261794004357e+01,2.307380360716192236e+00
1.451234049931094887e+03,6.334566597497541807e-01,3.174695879161824763e+01,3.487515132462525713e+01,1.461329069058194818e+00,2.549999501126400059e+00,3.487515132462525713e+01,1.461329069058194818e+00,3.329276649950880085e+01,2.307293350014311351e+00
1.451867506590844641e+03,6.334566597497541807e-01,3.175016122164300114e+01,3.487849117880976735e+01,1.461159315303104167e+00,2.549999497901496603e+00,3.487849117880976735e+01,1.461159315303104167e+00,3.329618897233640240e+01,2.307206349939122436e+00
1.452500963250594396e+03,6.334566597497541807e-01,3.175336444120702950e+01,3.488182502355850545e+01,1.460989623966813866e+00,2.549999494658523602e+00,3.488182502355850545e+01,1.460989623966813866e+00,3.329961004095004284e+01,2.307119360486825865e+00
1.453134419910344150e+03,6.334566597497541807e-01,3.175656844949272184e+01,3.488515301882618758e+01,1.460819994908295838e+00,2.549999491397395346e+00,3.488515301882618758e+01,1.460819994908295838e+00,3.330302970975337473e+01,2.307032381653630448e+00
1.453767876570093904e+03,6.334566597497541807e-01,3.175977324566242643e+01,3.488847531302277361e+01,1.460650427994418354e+00,2.549999488118027902e+00,3.488847531302277361e+01,1.460650427994418354e+00,3.330644798303556797e+01,2.306945413435752990e+00
1.454401333229843658e+03,6.334566597497541807e-01,3.176297882885858925e+01,3.489179204435636450e+01,1.460480923099017891e+00,2.549999484820336448e+00,3.489179204435636450e+01,1.460480923099017891e+00,3.330986486497941002e+01,2.306858455829418730e+00
1.455178924962056499e+03,7.775917322128407250e-01,3.176691487680042769e+01,3.489585603982264672e+01,1.460272934118012511e+00,2.549999480747116909e+00,3.489585603982264672e+01,1.460272934118012511e+00,3.331405731907985057e+01,2.306751726619133080e+00
1.455956516694269339e+03,7.775917322128407250e-01,3.177085210768535717e+01,3.489991206935041390e+01,1.460065038198277154e+00,2.549999476645997021e+00,3.489991206935041390e+01,1.460065038198277154e+00,3.331824769015577203e+01,2.306645013386198428e+00
1.456734108426482180e+03,7.775917322128407250e-01,3.177479051980636626e+01,3.490396033915427410e+01,1.459857235140078702e+00,2.549999472516817800e+00,3.490396033915427410e+01,1.459857235140078702e+00,3.332243598537547058e+01,2.306538316123674992e+00
1.457511700158695021e+03,7.775917322128407250e-01,3.177873011141293347e+01,3.490800104118787317e+01,1.459649524753346084e+00,2.549999468359418486e+00,3.490800104118787317e+01,1.459649524753346084e+00,3.332662221172576977e+01,2.306431634824637644e+00
1.458289291890907862e+03,7.775917322128407250e-01,3.178267088071149260e+01,3.491203435474140093e+01,1.459441906856568938e+00,2.549999464173638763e+00,3.491203435474140093e+01,1.459441906856568938e+00,3.333080637602442664e+01,2.306324969482174581e+00
1.459066883623120702e+03,7.775917322128407250e-01,3.178661282586589465e+01,3.491606044779844353e+01,1.459234381275862136e+00,2.549999459959316539e+00,3.491606044779844353e+01,1.459234381275862136e+00,3.333498848493089639e+01,2.306218320089389540e+00
1.459844475355333543e+03,7.775917322128407250e-01,3.179055594499791937e+01,3.492007947819694635e+01,1.459026947844166866e+00,2.549999455716289276e+00,3.492007947819694635e+01,1.459026947844166866e+00,3.333916854495625870e+01,2.306111686639396918e+00
1.460622067087546384e+03,7.775917322128407250e-01,3.179450023618776910e+01,3.492409159462913237e+01,1.458819606400563851e+00,2.549999451444394438e+00,3.492409159462913237e+01,1.458819606400563851e+00,3.334334656247184370e+01,2.306005069125323548e+00
1.461570844707304786e+03,9.487776197584025795e-01,3.179931444300064669e+01,3.492897781254966105e+01,1.458566743355078632e+00,2.549999446192707797e+00,3.492897781254966105e+01,1.458566743355078632e+00,3.334844160810609281e+01,2.305875001467885266e+00
1.462519622327063189e+03,9.487776197584025795e-01,3.180413038816458382e+01,3.493385418583763879e+01,1.458314016754848508e+00,2.549999440897501746e+00,3.493385418583763879e+01,1.458314016754848508e+00,3.335353363329357279e+01,2.305744957512601889e+00
1.463468399946821592e+03,9.487776197584025795e-01,3.180894806794743701e+01,3.493872093960769121e+01,1.458061426337607047e+00,2.549999435558473859e+00,3.493872093960769121e+01,1.458061426337607047e+00,3.335862264886032591e+01,2.305614937247057572e+00
1.464417177566579994e+03,9.487776197584025795e-01,3.181376747852997511e+01,3.494357828556510981e+01,1.457808971849994917e+00,2.549999430175322601e+00,3.494357828556510981e+01,1.457808971849994917e+00,3.336370866538955937e+01,2.305484940658861337e+00
1.465365955186338397e+03,9.487776197584025795e-01,3.181858861600729682e+01,3.494842642331281013e+01,1.457556653046668371e+00,2.549999424747745103e+00,3.494842642331281013e+01,1.457556653046668371e+00,3.336879169323577088e+01,2.305354967735642635e+00
1.466314732806096799e+03,9.487776197584025795e-01,3.182341147639031220e+01,3.495326554148569187e+01,1.457304469689528759e+00,2.549999419275434054e+00,3.495326554148569187e+01,1.457304469689528759e+00,3.337387174253759525e+01,2.305225018465054454e+00
1.467263510425855202e+03,9.487776197584025795e-01,3.182823605560718860e+01,3.495809581874044625e+01,1.457052421547049947e+00,2.549999413758083477e+00,3.495809581874044625e+01,1.457052421547049947e+00,3.337894882322945733e+01,2.305095092834768433e+00
1.468212288045613604e+03,9.487776197584025795e-01,3.183306234950481439e+01,3.496291742462389607e+01,1.456800508393690796e+00,2.549999408195383843e+00,3.496291742462389607e+01,1.456800508393690796e+00,3.338402294505213774e+01,2.304965190832481525e+00
1.469161065665372007e+03,9.487776197584025795e-01,3.183789035385030530e+01,3.496773052033829288e+01,1.456548730009378900e+00,2.549999402587025621e+00,3.496773052033829288e+01,1.456548730009378900e+00,3.338909411756250023e+01,2.304835312445908002e+00
1.470308720018732629e+03,1.147654353360621826e+00,3.184373265343138115e+01,3.497354135266466812e+01,1.456244355237405363e+00,2.549999395741614716e+00,3.497354135266466812e+01,1.456244355237405363e+00,3.339522434899032532e+01,2.304678241319786824e+00
1.471456374372093251e+03,1.147654353360621826e+00,3.184957744158773707e+01,3.497934021549058059e+01,1.455940176968702815e+00,2.549999388828384284e+00,3.497934021549058059e+01,1.455940176968702815e+00,3.340135029508481779e+01,2.304521204707740356e+00
1.472604028725453873e+03,1.147654353360621826e+00,3.185542471037858903e+01,3.498512735309255817e+01,1.455636194840525421e+00,2.549999381846775659e+00,3.498512735309255817e+01,1.455636194840525421e+00,3.340747197178811234e+01,2.304364202588137900e+00
1.473751683078814494e+03,1.147654353360621826e+00,3.186127445170628292e+01,3.499090299719681951e+01,1.455332408498269059e+00,2.549999374796226181e+00,3.499090299719681951e+01,1.455332408498269059e+00,3.341358939472210920e+01,2.304207234939389171e+00
1.474899337432175116e+03,1.147654353360621826e+00,3.186712665731997873e+01,3.499666736804168465e+01,1.455028817594767210e+00,2.549999367676170081e+00,3.499666736804168465e+01,1.455028817594767210e+00,3.341970257920477394e+01,2.304050301739943851e+00
1.476046991785535738e+03,1.147654353360621826e+00,3.187298131881922458e+01,3.500242067531694090e+01,1.454725421789665907e+00,2.549999360486036259e+00,3.500242067531694090e+01,1.454725421789665907e+00,3.342581154026481016e+01,2.303893402968286708e+00
1.477194646138896360e+03,1.147654353360621826e+00,3.187883842765739573e+01,3.500816311899806266e+01,1.454422220748875283e+00,2.549999353225251397e+00,3.500816311899806266e+01,1.454422220748875283e+00,3.343191629265542275e+01,2.303736538602942918e+00
1.478342300492256982e+03,1.147654353360621826e+00,3.188469797514489201e+01,3.501389489008987965e+01,1.454119214144080408e+00,2.549999345893239067e+00,3.501389489008987965e+01,1.454119214144080408e+00,3.343801685086677367e+01,2.303579708622471411e+00
1.479489954845617603e+03,1.147654353360621826e+00,3.189055995245216479e+01,3.501961617129207838e+01,1.453816401652305190e+00,2.549999338489417511e+00,3.501961617129207838e+01,1.453816401652305190e+00,3.344411322913768458e+01,2.303422913005468420e+00
1.480637609198978225e+03,1.147654353360621826e+00,3.189642435061238857e+01,3.502532713759679694e+01,1.453513782955523137e+00,2.549999331013202308e+00,3.502532713759679694e+01,1.453513782955523137e+00,3.345020544146628083e+01,2.303266151730565259e+00
1.481785263552338847e+03,1.147654353360621826e+00,3.190229116052385905e+01,3.503102795682698201e+01,1.453211357740307852e+00,2.549999323464005929e+00,3.503102795682698201e+01,1.453211357740307852e+00,3.345629350162018056e+01,2.303109424776427439e+00
1.483035263552338847e+03,1.250000000000000000e+00,3.190868389458941934e+01,3.503722580819667343e+01,1.452882182586187509e+00,2.549999315157858604e+00,3.503722580819667343e+01,1.452882182586187509e+00,3.346291977522943739e+01,2.302938760231945547e+00
1.484285263552338847e+03,1.250000000000000000e+00,3.191507946667040585e+01,3.504341201285778595e+01,1.452553236200263997e+00,2.549999306763660378e+00,3.504341201285778595e+01,1.452553236200263997e+00,3.346954115635942628e+01,2.302768136349751860e+00
1.485535263552338847e+03,1.250000000000000000e+00,3.192147786447455360e+01,3.504958676244595495e+01,1.452224518193723002e+00,2.549999298280636761e+00,3.504958676244595495e+01,1.452224518193723002e+00,3.347615766194003584e+01,2.302597553102417649e+00
1.486785263552338847e+03,1.250000000000000000e+00,3.192787907552743221e+01,3.505575024097604597e+01,1.451896028182639409e+00,2.549999289708005712e+00,3.505575024097604597e+01,1.451896028182639409e+00,3.348276930862588330e+01,2.302427010462561263e+00
1.488035263552338847e+03,1.250000000000000000e+00,3.193428308717249919e+01,3.506190262534357061e+01,1.451567765787658226e+00,2.549999281044983412e+00,3.506190262534357061e+01,1.451567765787658226e+00,3.348937611280716453e+01,2.302256508402844126e+00
1.489285263552338847e+03,1.250000000000000000e+00,3.194068988657036101e+01,3.506804408578046406e+01,1.451239730633707925e+00,2.549999272290777608e+00,3.506804408578046406e+01,1.451239730633707925e+00,3.349597809061967979e+01,2.302086046895977400e+00
1.490535263552338847e+03,1.250000000000000000e+00,3.194709946069704998e+01,3.507417478627048268e+01,1.450911922349739758e+00,2.549999263444592934e+00,3.507417478627048268e+01,1.450911922349739758e+00,3.350257525795439051e+01,2.301915625914713104e+00
1.491785263552338847e+03,1.250000000000000000e+00,3.195351179634155869e+01,3.508029488492871195e+01,1.450584340568490616e+00,2.549999254505626922e+00,3.508029488492871195e+01,1.450584340568490616e+00,3.350916763046621583e+01,2.301745245431849440e+00
1.493035263552338847e+03,1.250000000000000000e+00,3.195992688010244009e+01,3.508640453434904316e+01,1.450256984926267201e+00,2.549999245473072662e+00,3.508640453434904316e+01,1.450256984926267201e+00,3.351575522358240278e+01,2.301574905420227246e+00
1.494285263552338847e+03,1.250000000000000000e+00,3.196634469838362591e+01,3.509250388192318582e+01,1.449929855062748851e+00,2.549999236346117915e+00,3.509250388192318582e+01,1.449929855062748851e+00,3.352233805251038490e+01,2.301404605852731322e+00
1.495535263552338847e+03,1.250000000000000000e+00,3.197276523738946707e+01,3.509859307013398677e+01,1.449602950620807240e+00,2.549999227123943779e+00,3.509859307013398677e+01,1.449602950620807240e+00,3.352891613224519318e+01,2.301234346702289990e+00
1.496785263552338847e+03,1.250000000000000000e+00,3.197918848311912043e+01,3.510467223682577753e+01,1.449276271246342063e+00,2.549999217805727358e+00,3.510467223682577753e+01,1.449276271246342063e+00,3.353548947757646204e+01,2.301064127941875093e+00
1.498035263552338847e+03,1.250000000000000000e+00,3.198561442136021427e+01,3.511074151545400923e+01,1.448949816588127604e+00,2.549999208390640426e+00,3.511074151545400923e+01,1.448949816588127604e+00,3.354205810309496627e+01,2.300893949544497996e+00
1.499285263552338847e+03,1.250000000000000000e+00,3.199204303768199509e+01,3.511680103531616481e+01,1.448623586297674404e+00,2.549999198877847650e+00,3.511680103531616481e+01,1.448623586297674404e+00,3.354862202319900888e+01,2.300723811483214032e+00
1.500000000000000000e+03,7.147364476611528517e-01,3.199572004859847496e+01,3.512026146626514844e+01,1.448437152044436793e+00,2.549999193394306918e+00,3.512026146626514844e+01,1.448437152044436793e+00,3.355237309257825729e+01,2.300626546499690672e+00
1.500003010618911503e+03,3.010618911503115669e-03,3.199573553877275600e+01,3.512027605514573736e+01,1.448436366896765026e+00,2.549999193371141004e+00,3.512027605514573736e+01,1.448436366896765026e+00,3.355238888965341459e+01,2.300626136827169876e+00
1.500007494905859176e+03,4.484286947672444512e-03,3.199575861126195164e+01,3.512029781289624708e+01,1.448435197425777865e+00,2.549999193336633496e+00,3.512029781289624708e+01,1.448435197425777865e+00,3.355241241929735452e+01,2.300625526624452188e+00
1.500016505566268734e+03,9.010660409558113315e-03,3.199580497288658520e+01,3.512034159093911967e+01,1.448432847508811516e+00,2.549999193267292519e+00,3.512034159093911967e+01,1.448432847508811516e+00,3.355245969962623320e+01,2.300624300493622876e+00
1.500030811295364174e+03,1.430572909544025606e-02,3.199587857896711540e+01,3.512041120540798289e+01,1.448429116684141649e+00,2.549999193157192146e+00,3.512041120540798289e+01,1.448429116684141649e+00,3.355253476456739037e+01,2.300622353837536771e+00
1.500051487406571823e+03,2.067611120764922816e-02,3.199598496266038339e+01,3.512051199539023827e+01,1.448423724540619739e+00,2.549999192998041231e+00,3.512051199539023827e+01,1.448423724540619739e+00,3.355264325736971642e+01,2.300619540339204683e+00
1.500079404773956412e+03,2.791736738458894251e-02,3.199612860555548366e+01,3.512064833965148125e+01,1.448416444005296011e+00,2.549999192783108715e+00,3.512064833965148125e+01,1.448416444005296011e+00,3.355278974917700197e+01,2.300615741505569911e+00
1.500115316220344766e+03,3.591144638835430669e-02,3.199631338223595733e+01,3.512082407217533131e+01,1.448407078821124516e+00,2.549999192506558376e+00,3.512082407217533131e+01,1.448407078821124516e+00,3.355297819247022773e+01,2.300610854913379910e+00
1.500159876900296467e+03,4.456067995170087670e-02,3.199654266522777490e+01,3.512104257746052838e+01,1.448395458237899280e+00,2.549999192163287187e+00,3.512104257746052838e+01,1.448395458237899280e+00,3.355321202815900250e+01,2.300604791436677399e+00
1.500213665357092395e+03,5.378845679592814122e-02,3.199681943341078494e+01,3.512130688972221293e+01,1.448381431526965635e+00,2.549999191748762328e+00,3.512130688972221293e+01,1.448381431526965635e+00,3.355349429619903390e+01,2.300597472382507558e+00
1.500267453813888324e+03,5.378845679592814122e-02,3.199709620650511965e+01,3.512157173092330709e+01,1.448367405157309662e+00,2.549999191334054505e+00,3.512157173092330709e+01,1.448367405157309662e+00,3.355377657390021540e+01,2.300590153402572557e+00
1.500339974360716496e+03,7.252054682817288267e-02,3.199746937493980070e+01,3.512192953892565583e+01,1.448348494590500302e+00,2.549999190774630886e+00,3.512192953892565583e+01,1.448348494590500302e+00,3.355415717141389820e+01,2.300580285670013936e+00
1.500412494907544669e+03,7.252054682817288267e-02,3.199784255229714702e+01,3.512228809859957579e+01,1.448329584671853354e+00,2.549999190214873757e+00,3.512228809859957579e+01,1.448329584671853354e+00,3.355453778636483264e+01,2.300570418072389600e+00
1.500505256785149641e+03,9.276187760497123236e-02,3.199831990081029787e+01,3.512274771592947786e+01,1.448305397734395150e+00,2.549999189498393992e+00,3.512274771592947786e+01,1.448305397734395150e+00,3.355502466071043699e+01,2.300557796509810959e+00
1.500598018662754612e+03,9.276187760497123236e-02,3.199879726391115042e+01,3.512320832764012124e+01,1.448281211888482245e+00,2.549999188781367110e+00,3.512320832764012124e+01,1.448281211888482245e+00,3.355551156337275387e+01,2.300545175167985068e+00
1.500712535014680725e+03,1.145163519261132024e-01,3.199938659810571195e+01,3.512377820553130192e+01,1.448251355511073868e+00,2.549999187895428676e+00,3.512377820553130192e+01,1.448251355511073868e+00,3.355611269313502731e+01,2.300529594179145931e+00
1.500827051366606838e+03,1.145163519261132024e-01,3.199997595451159427e+01,3.512434934073834825e+01,1.448221500831097908e+00,2.549999187008654467e+00,3.512434934073834825e+01,1.448221500831097908e+00,3.355671386571933823e+01,2.300514013526709256e+00
1.500964649589261853e+03,1.375982226550149790e-01,3.200068413072371243e+01,3.512503711834131792e+01,1.448185630916762001e+00,2.549999185942037450e+00,3.512503711834131792e+01,1.448185630916762001e+00,3.355743626682362191e+01,2.300495292889029209e+00
1.501102247811916868e+03,1.375982226550149790e-01,3.200139233896649671e+01,3.512572643229599123e+01,1.448149763489378072e+00,2.549999184874212066e+00,3.512572643229599123e+01,1.448149763489378072e+00,3.355815872926038423e+01,2.300476572736968262e+00
1.501239846034571883e+03,1.375982226550149790e-01,3.200210057921979256e+01,3.512641717246548012e+01,1.448113898563158530e+00,2.549999183805177871e+00,3.512641717246548012e+01,1.448113898563158530e+00,3.355888125279091838e+01,2.300457853070493108e+00
1.501412973586938278e+03,1.731275523663953209e-01,3.200299174011039582e+01,3.512728815617361988e+01,1.448068776501309385e+00,2.549999182458388525e+00,3.512728815617361988e+01,1.448068776501309385e+00,3.355979042605972040e+01,2.300434300476132066e+00
1.501586101139304674e+03,1.731275523663953209e-01,3.200388295160441743e+01,3.512816110387563384e+01,1.448023658436568661e+00,2.549999181109680269e+00,3.512816110387563384e+01,1.448023658436568661e+00,3.356069969528092400e+01,2.300410748650381088e+00
1.501759228691671069e+03,1.731275523663953209e-01,3.200477421366147013e+01,3.512903589049587794e+01,1.447978544384708854e+00,2.549999179759052215e+00,3.512903589049587794e+01,1.447978544384708854e+00,3.356160906006886080e+01,2.300387197593173116e+00
1.501970096857618955e+03,2.108681659478861548e-01,3.200585983294562453e+01,3.513010370614347266e+01,1.447923601219791578e+00,2.549999178111399534e+00,3.513010370614347266e+01,1.447923601219791578e+00,3.356271678867864239e+01,2.300358513605772259e+00
1.502180965023566841e+03,2.108681659478861548e-01,3.200694552710707086e+01,3.513117393074794848e+01,1.447868664047621712e+00,2.549999176460890471e+00,3.513117393074794848e+01,1.447868664047621712e+00,3.356382465791093495e+01,2.300329830758288896e+00
1.502391833189514728e+03,2.108681659478861548e-01,3.200803129607228215e+01,3.513224642598851943e+01,1.447813732885045779e+00,2.549999174807521474e+00,3.513224642598851943e+01,1.447813732885045779e+00,3.356493266718760538e+01,2.300301149050604899e+00
1.502602701355462614e+03,2.108681659478861548e-01,3.200911713976755379e+01,3.513332107242555935e+01,1.447758807746399201e+00,2.549999173151287213e+00,3.513332107242555935e+01,1.447758807746399201e+00,3.356604081596234579e+01,2.300272468482596366e+00
1.502865673564031113e+03,2.629722085684988997e-01,3.201047139240988315e+01,3.513466411333926942e+01,1.447690319450904983e+00,2.549999171081789751e+00,3.513466411333926942e+01,1.447690319450904983e+00,3.356742297519112128e+01,2.300236702744383077e+00
1.503128645772599612e+03,2.629722085684988997e-01,3.201182576101665234e+01,3.513601016133654298e+01,1.447621840563695583e+00,2.549999169007822974e+00,3.513601016133654298e+01,1.447621840563695583e+00,3.356880534961409523e+01,2.300200938778212301e+00
1.503391617981168110e+03,2.629722085684988997e-01,3.201318024544352880e+01,3.513735906254488839e+01,1.447553371102242137e+00,2.549999166929379335e+00,3.513735906254488839e+01,1.447553371102242137e+00,3.357018793832824599e+01,2.300165176583847337e+00
1.503654590189736609e+03,2.629722085684988997e-01,3.201453484554571105e+01,3.513871068155001609e+01,1.447484911081565073e+00,2.549999164846449506e+00,3.513871068155001609e+01,1.447484911081565073e+00,3.357157074047503897e+01,2.300129416161049267e+00
1.503972782120398051e+03,3.181919306614418019e-01,3.201617404324193217e+01,3.514034958025169431e+01,1.447402088253879837e+00,2.549999162320131241e+00,3.514034958025169431e+01,1.447402088253879837e+00,3.357324419191131426e+01,2.300086149021754345e+00
1.504290974051059493e+03,3.181919306614418019e-01,3.201781340982231683e+01,3.514199209326601192e+01,1.447319279286898519e+00,2.549999159787220471e+00,3.514199209326601192e+01,1.447319279286898519e+00,3.357491795324520467e+01,2.300042884475366645e+00
1.504609165981720935e+03,3.181919306614418019e-01,3.201945294502728956e+01,3.514363805313642786e+01,1.447236484197615303e+00,2.549999157247702986e+00,3.514363805313642786e+01,1.447236484197615303e+00,3.357659202315998925e+01,2.299999622521462950e+00
1.504927357912382377e+03,3.181919306614418019e-01,3.202109264859613091e+01,3.514528731031276010e+01,1.447153703000650715e+00,2.549999154701563242e+00,3.514528731031276010e+01,1.447153703000650715e+00,3.357826640039800736e+01,2.299956363159618267e+00
1.505245549843043818e+03,3.181919306614418019e-01,3.202273252026699168e+01,3.514693973019959117e+01,1.447070935708643091e+00,2.549999152148788806e+00,3.514693973019959117e+01,1.447070935708643091e+00,3.357994108375453379e+01,2.299913106389408046e+00
1.505635289602211515e+03,3.897397591676963202e-01,3.202474135797725552e+01,3.514896784070982250e+01,1.446969576536162982e+00,2.549999149012940780e+00,3.514896784070982250e+01,1.446969576536162982e+00,3.358199274756852759e+01,2.299860126542485173e+00
1.506025029361379211e+03,3.897397591676963202e-01,3.202675044700673368e+01,3.515100031149606252e+01,1.446868238258581352e+00,2.549999145867089645e+00,3.515100031149606252e+01,1.446868238258581352e+00,3.358404486687358315e+01,2.299807150582309223e+00
1.506414769120546907e+03,3.897397591676963202e-01,3.202875978686722647e+01,3.515303696053624094e+01,1.446766920890476094e+00,2.549999142711208755e+00,3.515303696053624094e+01,1.446766920890476094e+00,3.358609743971931749e+01,2.299754178508099489e+00
1.506804508879714604e+03,3.897397591676963202e-01,3.203076937706790517e+01,3.515507762300448036e+01,1.446665624444152920e+00,2.549999139545271465e+00,3.515507762300448036e+01,1.446665624444152920e+00,3.358815046423445239e+01,2.299701210319074374e+00
1.507194248638882300e+03,3.897397591676963202e-01,3.203277921711529785e+01,3.515712214876125330e+01,1.446564348929977983e+00,2.549999136369251573e+00,3.515712214876125330e+01,1.446564348929977983e+00,3.359020393861967335e+01,2.299648246014448283e+00
1.507583988398049996e+03,3.897397591676963202e-01,3.203478930651324674e+01,3.515917040032766749e+01,1.446463094356647883e+00,2.549999133183122879e+00,3.515917040032766749e+01,1.446463094356647883e+00,3.359225786114122769e+01,2.299595285593440064e+00
1.508063083247773193e+03,4.790948497231966030e-01,3.203726058722197934e+01,3.516169317101440583e+01,1.446338653992040202e+00,2.549999129252623398e+00,3.516169317101440583e+01,1.446338653992040202e+00,3.359478329517857276e+01,2.299530188330751290e+00
1.508542178097496389e+03,4.790948497231966030e-01,3.203973224303832978e+01,3.516422116602934267e+01,1.446214245292913203e+00,2.549999125306758430e+00,3.516422116602934267e+01,1.446214245292913203e+00,3.359730940087569451e+01,2.299465096933961394e+00
1.509021272947219586e+03,4.790948497231966030e-01,3.204220427302369245e+01,3.516675418901699146e+01,1.446089868267659284e+00,2.549999121345477349e+00,3.516675418901699146e+01,1.446089868267659284e+00,3.359983617535355904e+01,2.299400011401612876e+00
1.509500367796942783e+03,4.790948497231966030e-01,3.204467667623309524e+01,3.516929205996120089e+01,1.445965522922527224e+00,2.549999117368730417e+00,3.516929205996120089e+01,1.445965522922527224e+00,3.360236361583881859e+01,2.299334931732250009e+00
1.509979462646665979e+03,4.790948497231966030e-01,3.204714945171515694e+01,3.517183461308647452e+01,1.445841209261902627e+00,2.549999113376468340e+00,3.517183461308647452e+01,1.445841209261902627e+00,3.360489171965509314e+01,2.299269857924413962e+00
1.510458557496389176e+03,4.790948497231966030e-01,3.204962259851200201e+01,3.517438169511751767e+01,1.445716927288539511e+00,2.549999109368640049e+00,3.517438169511751767e+01,1.445716927288539511e+00,3.360742048421560924e+01,2.299204789976649010e+00
1.510937652346112372e+03,4.790948497231966030e-01,3.205209611565920369e+01,3.517693316382183610e+01,1.445592677003751936e+00,2.549999105345196249e+00,3.517693316382183610e+01,1.445592677003751936e+00,3.360994990701648533e+01,2.299139727887497653e+00
1.511525542663431224e+03,5.878903173188518849e-01,3.205513183717419423e+01,3.518006983404404764e+01,1.445440254587249562e+00,2.549999100386674211e+00,3.518006983404404764e+01,1.445440254587249562e+00,3.361305462078876616e+01,2.299059899147954944e+00
1.512113432980750076e+03,5.878903173188518849e-01,3.205816811306963388e+01,3.518321268376500655e+01,1.445287879883210724e+00,2.549999095404469340e+00,3.518321268376500655e+01,1.445287879883210724e+00,3.361616031771247748e+01,2.298980079225064088e+00
1.512701323298068928e+03,5.878903173188518849e-01,3.206120494152233391e+01,3.518636150357109216e+01,1.445135552887144348e+00,2.549999090398488377e+00,3.518636150357109216e+01,1.445135552887144348e+00,3.361926699360081017e+01,2.298900268116134793e+00
1.513289213615387780e+03,5.878903173188518849e-01,3.206424232069367974e+01,3.518951609942624259e+01,1.444983273592578277e+00,2.549999085368637175e+00,3.518951609942624259e+01,1.444983273592578277e+00,3.362237464440590884e+01,2.298820465818472769e+00
1.513877103932706632e+03,5.878903173188518849e-01,3.206728024872945326e+01,3.519267629093694438e+01,1.444831041991289311e+00,2.549999080314822031e+00,3.519267629093694438e+01,1.444831041991289311e+00,3.362548326620891004e+01,2.298740672329387724e+00
1.514464994250025484e+03,5.878903173188518849e-01,3.207031872375969783e+01,3.519584190987814765e+01,1.444678858073498162e+00,2.549999075236947466e+00,3.519584190987814765e+01,1.444678858073498162e+00,3.362859285521097519e+01,2.298660887646186701e+00
1.515052884567344336e+03,5.878903173188518849e-01,3.207335774389854066e+01,3.519901279893174717e+01,1.444526721828037097e+00,2.549999070134918888e+00,3.519901279893174717e+01,1.444526721828037097e+00,3.363170340772546041e+01,2.298581111766178964e+00
1.515640774884663188e+03,5.878903173188518849e-01,3.207639730724409333e+01,3.520218881059977178e+01,1.444374633242493600e+00,2.549999065008642152e+00,3.520218881059977178e+01,1.444374633242493600e+00,3.363481492017070451e+01,2.298501344686675996e+00
1.516358648088845484e+03,7.178732041822968313e-01,3.208010965363646250e+01,3.520607378583881797e+01,1.444188982394842169e+00,2.549999058715919809e+00,3.520607378583881797e+01,1.444188982394842169e+00,3.363861568649694078e+01,2.298403952990463850e+00
1.517076521293027781e+03,7.178732041822968313e-01,3.208382280361082195e+01,3.520996595687201847e+01,1.444003402565348537e+00,2.549999052386724863e+00,3.520996595687201847e+01,1.444003402565348537e+00,3.364241787281961393e+01,2.298306574407660730e+00
1.517794394497210078e+03,7.178732041822968313e-01,3.208753675360532753e+01,3.521386510343783982e+01,1.443817893725348522e+00,2.549999046020881899e+00,3.521386510343783982e+01,1.443817893725348522e+00,3.364622147317516720e+01,2.298209208933371439e+00
1.518512267701392375e+03,7.178732041822968313e-01,3.209125150002131477e+01,3.521777101962513257e+01,1.443632455844397811e+00,2.549999039618215946e+00,3.521777101962513257e+01,1.443632455844397811e+00,3.365002648177935640e+01,2.298111856562705668e+00
1.519230140905574672e+03,7.178732041822968313e-01,3.209496703922295779e+01,3.522168351244781093e+01,1.443447088890459584e+00,2.549999033178550256e+00,3.522168351244781093e+01,1.443447088890459584e+00,3.365383289301568936e+01,2.298014517290773107e+00
1.519948014109756969e+03,7.178732041822968313e-01,3.209868336753707041e+01,3.522560240060847292e+01,1.443261792830067503e+00,2.549999026701708971e+00,3.522560240060847292e+01,1.443261792830067503e+00,3.365764070142517284e+01,2.297917191112689217e+00
1.520665887313939265e+03,7.178732041822968313e-01,3.210240048125280765e+01,3.522952751341991018e+01,1.443076567628466922e+00,2.549999020187514009e+00,3.522952751341991018e+01,1.443076567628466922e+00,3.366144990169682671e+01,2.297819878023567686e+00
1.521383760518121562e+03,7.178732041822968313e-01,3.210611837662148815e+01,3.523345868985954610e+01,1.442891413249738575e+00,2.549999013635787737e+00,3.523345868985954610e+01,1.442891413249738575e+00,3.366526048865929965e+01,2.297722578018526640e+00
1.522101633722303859e+03,7.178732041822968313e-01,3.210983704985637388e+01,3.523739577773655895e+01,1.442706329656909148e+00,2.549999007046351629e+00,3.523739577773655895e+01,1.442706329656909148e+00,3.366907245727294651e+01,2.297625291092687760e+00
1.522972752741616887e+03,8.711190193130278203e-01,3.211435059479766352e+01,3.524218105587074490e+01,1.442481830913173724e+00,2.549998998999353450e+00,3.524218105587074490e+01,1.442481830913173724e+00,3.367370002286546793e+01,2.297507253692308016e+00
1.523843871760929915e+03,8.711190193130278203e-01,3.211886527261297175e+01,3.524697458403902317e+01,1.442257436277286642e+00,2.549998990896240603e+00,3.524697458403902317e+01,1.442257436277286642e+00,3.367832960717855428e+01,2.297389235535348906e+00
1.524714990780242942e+03,8.711190193130278203e-01,3.212338107630821327e+01,3.525177613397664089e+01,1.442033145678061734e+00,2.549998982736690678e+00,3.525177613397664089e+01,1.442033145678061734e+00,3.368296120190272802e+01,2.297271236613105838e+00
1.525586109799555970e+03,8.711190193130278203e-01,3.212789799880555819e+01,3.525658549071391690e+01,1.441808959042789606e+00,2.549998974520379491e+00,3.525658549071391690e+01,1.441808959042789606e+00,3.368759479895474840e+01,2.297153256916881325e+00
1.526457228818868998e+03,8.711190193130278203e-01,3.213241603294321180e+01,3.526140245140761209e+01,1.441584876297389739e+00,2.549998966246980636e+00,3.526140245140761209e+01,1.441584876297389739e+00,3.369223039046473644e+01,2.297035296437985874e+00
1.527328347838182026e+03,8.711190193130278203e-01,3.213693517147530798e+01,3.526622682430922140e+01,1.441360897366543270e+00,2.549998957916166376e+00,3.526622682430922140e+01,1.441360897366543270e+00,3.369686796876420942e+01,2.296917355167732655e+00
1.528199466857495054e+03,8.711190193130278203e-01,3.214145540707188786e+01,3.527105842785017842e+01,1.441137022173812010e+00,2.549998949527608527e+00,3.527105842785017842e+01,1.441137022173812010e+00,3.370150752637530900e+01,2.296799433097444609e+00
1.529070585876808082e+03,8.711190193130278203e-01,3.214597673231894248e+01,3.527589708982763028e+01,1.440913250641743248e+00,2.549998941080976689e+00,3.527589708982763028e+01,1.440913250641743248e+00,3.370614905600078970e+01,2.296681530218449119e+00
1.529941704896121109e+03,8.711190193130278203e-01,3.215049913971854778e+01,3.528074264667701243e+01,1.440689582691963677e+00,2.549998932575939126e+00,3.528074264667701243e+01,1.440689582691963677e+00,3.371079255051486001e+01,2.296563646522080671e+00
1.530812823915434137e+03,8.711190193130278203e-01,3.215502262168904224e+01,3.528559494281999775e+01,1.440466018245262658e+00,2.549998924012163659e+00,3.528559494281999775e+01,1.440466018245262658e+00,3.371543800295461324e+01,2.296445781999679969e+00
1.531863175885525607e+03,1.050351970091469411e+00,3.216047822923632538e+01,3.529145435188392099e+01,1.440196592882970306e+00,2.549998913607802731e+00,3.529145435188392099e+01,1.440196592882970306e+00,3.372104185233827423e+01,2.296303692308129474e+00
1.532913527855617076e+03,1.050351970091469411e+00,3.216593537428553162e+01,3.529732309714645311e+01,1.439927317739111423e+00,2.549998903116969640e+00,3.529732309714645311e+01,1.439927317739111423e+00,3.372664852668162183e+01,2.296161630464605530e+00
1.533963879825708545e+03,1.050351970091469411e+00,3.217139404306524142e+01,3.530320094536540410e+01,1.439658192670850267e+00,2.549998892539071971e+00,3.530320094536540410e+01,1.439658192670850267e+00,3.373225801463063789e+01,2.296019596453968692e+00
1.535014231795800015e+03,1.050351970091469411e+00,3.217685422163119568e+01,3.530908767554497274e+01,1.439389217534173149e+00,2.549998881873515089e+00,3.530908767554497274e+01,1.439389217534173149e+00,3.373787030511097385e+01,2.295877590261093282e+00
1.536064583765891484e+03,1.050351970091469411e+00,3.218231589586813612e+01,3.531498307797564706e+01,1.439120392184007446e+00,2.549998871119699473e+00,3.531498307797564706e+01,1.439120392184007446e+00,3.374348538731342728e+01,2.295735611870868276e+00
1.537114935735982954e+03,1.050351970091469411e+00,3.218777905149194396e+01,3.532088695337401418e+01,1.438851716474332409e+00,2.549998860277024271e+00,3.532088695337401418e+01,1.438851716474332409e+00,3.374910325068054107e+01,2.295593661268196861e+00
1.538165287706074423e+03,1.050351970091469411e+00,3.219324367405220499e+01,3.532679911210962587e+01,1.438583190258273303e+00,2.549998849344883745e+00,3.532679911210962587e+01,1.438583190258273303e+00,3.375472388489431808e+01,2.295451738437999545e+00
1.539215639676165893e+03,1.050351970091469411e+00,3.219870974893515836e+01,3.533271937350788505e+01,1.438314813388191338e+00,2.549998838322670380e+00,3.533271937350788505e+01,1.438314813388191338e+00,3.376034727986472461e+01,2.295309843365207936e+00
1.540265991646257362e+03,1.050351970091469411e+00,3.220417726136708580e+01,3.533864756521987260e+01,1.438046585715759385e+00,2.549998827209773111e+00,3.533864756521987260e+01,1.438046585715759385e+00,3.376597342571906779e+01,2.295167976034770518e+00
1.541316343616348831e+03,1.050351970091469411e+00,3.220964619641813442e+01,3.534458352265089331e+01,1.437778507092034808e+00,2.549998816005578650e+00,3.534458352265089331e+01,1.437778507092034808e+00,3.377160231279209768e+01,2.295026136431652208e+00
1.542366695586440301e+03,1.050351970091469411e+00,3.221511653900667227e+01,3.535052708844116154e+01,1.437510577367521858e+00,2.549998804709467937e+00,3.535052708844116154e+01,1.437510577367521858e+00,3.377723393161679155e+01,2.294884324540829912e+00
1.543417047556531770e+03,1.050351970091469411e+00,3.222058827390413427e+01,3.535647811199264368e+01,1.437242796392230959e+00,2.549998793320821466e+00,3.535647811199264368e+01,1.437242796392230959e+00,3.378286827291572081e+01,2.294742540347297410e+00
1.544667047556531770e+03,1.250000000000000000e+00,3.222710185432836028e+01,3.536356980910999681e+01,1.436924309980111891e+00,2.549998779645996638e+00,3.536356980910999681e+01,1.436924309980111891e+00,3.378957710968206385e+01,2.294573842275815512e+00
1.545917047556531770e+03,1.250000000000000000e+00,3.223361735872709488e+01,3.537067163222632615e+01,1.436606033771779867e+00,2.549998765838173753e+00,3.537067163222632615e+01,1.436606033771779867e+00,3.379628977435989867e+01,2.294405183385088698e+00
1.547167047556531770e+03,1.250000000000000000e+00,3.224013476068902406e+01,3.537778336011516700e+01,1.436287967512280606e+00,2.549998751896290106e+00,3.537778336011516700e+01,1.436287967512280606e+00,3.380300625227037870e+01,2.294236563649906468e+00
1.548417047556531770e+03,1.250000000000000000e+00,3.224665403356414828e+01,3.538490478182045251e+01,1.435970110946068079e+00,2.549998737819274108e+00,3.538490478182045251e+01,1.435970110946068079e+00,3.380972652905128228e+01,2.294067983045091630e+00
1.549667047556531770e+03,1.250000000000000000e+00,3.225317515048270423e+01,3.539203569595121479e+01,1.435652463817087776e+00,2.549998723606049733e+00,3.539203569595121479e+01,1.435652463817087776e+00,3.381645059064253900e+01,2.293899441545496298e+00
1.550917047556531770e+03,1.250000000000000000e+00,3.225969808437587005e+01,3.539917591004022057e+01,1.435335025868853087e+00,2.549998709255534735e+00,3.539917591004022057e+01,1.435335025868853087e+00,3.382317842327264401e+01,2.293730939126002788e+00
1.552167047556531770e+03,1.250000000000000000e+00,3.226622280799796982e+01,3.540632523995944325e+01,1.435017796844514804e+00,2.549998694766638430e+00,3.540632523995944325e+01,1.435017796844514804e+00,3.382991001344601756e+01,2.293562475761525388e+00
1.553417047556531770e+03,1.250000000000000000e+00,3.227274929395024117e+01,3.541348350938605449e+01,1.434700776486923290e+00,2.549998680138265694e+00,3.541348350938605449e+01,1.434700776486923290e+00,3.383664534793118861e+01,2.293394051427007696e+00
1.554667047556531770e+03,1.250000000000000000e+00,3.227927751470595297e+01,3.542065054931354950e+01,1.434383964538685552e+00,2.549998665369313411e+00,3.542065054931354950e+01,1.434383964538685552e+00,3.384338441374969619e+01,2.293225666097425730e+00
1.555917047556531770e+03,1.250000000000000000e+00,3.228580744263684466e+01,3.542782619760328799e+01,1.434067360742216746e+00,2.549998650458671356e+00,3.542782619760328799e+01,1.434067360742216746e+00,3.385012719816575810e+01,2.293057319747786149e+00
1.557167047556531770e+03,1.250000000000000000e+00,3.229233905004078053e+01,3.543501029857232254e+01,1.433750964839787700e+00,2.549998635405224867e+00,3.543501029857232254e+01,1.433750964839787700e+00,3.385687368867642988e+01,2.292889012353126255e+00
1.558417047556531770e+03,1.250000000000000000e+00,3.229887230917035623e+01,3.544220270261384087e+01,1.433434776573568215e+00,2.549998620207850841e+00,3.544220270261384087e+01,1.433434776573568215e+00,3.386362387300248145e+01,2.292720743888513990e+00
1.559667047556531770e+03,1.250000000000000000e+00,3.230540719226242885e+01,3.544940326584707435e+01,1.433118795685666802e+00,2.549998604865419960e+00,3.544940326584707435e+01,1.433118795685666802e+00,3.387037773907972849e+01,2.292552514329047497e+00
1.560000000000000000e+03,3.329524434682298306e-01,3.230714810685066851e+01,3.545132258027118866e+01,1.433034665341289537e+00,2.549998600754171285e+00,3.545132258027118866e+01,1.433034665341289537e+00,3.387217733148181509e+01,2.292507710933128440e+00
1.560003006957334264e+03,3.006957334264370729e-03,3.230716382989839985e+01,3.545133989949603404e+01,1.433033905611921455e+00,2.549998600716994357e+00,3.545133989949603404e+01,1.433033905611921455e+00,3.387219358510589728e+01,2.292507306317639326e+00
1.560007646597311123e+03,4.639639976858234149e-03,3.230718809008136105e+01,3.545136659691920045e+01,1.433032733377384682e+00,2.549998600659630021e+00,3.545136659691920045e+01,1.433032733377384682e+00,3.387221866387494629e+01,2.292506682009191721e+00
1.560017067064998173e+03,9.420467687050404493e-03,3.230723734877020803e+01,3.545142074900402918e+01,1.433030353248279765e+00,2.549998600543149863e+00,3.545142074900402918e+01,1.433030353248279765e+00,3.387226958436135504e+01,2.292505414395771268e+00
1.560032139589590543e+03,1.507252459236951836e-02,3.230731616169028086e+01,3.545150728548329511e+01,1.433026545128772034e+00,2.549998600356766065e+00,3.545150728548329511e+01,1.433026545128772034e+00,3.387235105532557355e+01,2.292503386249002517e+00
1.560054041421451529e+03,2.190183186098693113e-02,3.230743068487556258e+01,3.545163286189582408e+01,1.433021011627306995e+00,2.549998600085895184e+00,3.545163286189582408e+01,1.433021011627306995e+00,3.387246943917054409e+01,2.292500439166239357e+00
1.560083724828703680e+03,2.968340725215057319e-02,3.230758589816583282e+01,3.545180280772368064e+01,1.433013512225305153e+00,2.549998599718714232e+00,3.545180280772368064e+01,1.433013512225305153e+00,3.387262988151440624e+01,2.292496445023629370e+00
1.560122012453592106e+03,3.828762488842585299e-02,3.230778610387041283e+01,3.545202167866643350e+01,1.433003839191864914e+00,2.549998599244977626e+00,3.545202167866643350e+01,1.433003839191864914e+00,3.387283682644975613e+01,2.292491293146355691e+00
1.560169619393472431e+03,4.760693988032471680e-02,3.230803504227889533e+01,3.545229338729670587e+01,1.432991812011462418e+00,2.549998598655740523e+00,3.545229338729670587e+01,1.432991812011462418e+00,3.387309413574025996e+01,2.292484887338703814e+00
1.560227176498295194e+03,5.755710482276299444e-02,3.230833601352934892e+01,3.545262134008142851e+01,1.432977271503929284e+00,2.549998597943064382e+00,3.545262134008142851e+01,1.432977271503929284e+00,3.387340521460473042e+01,2.292477142750368291e+00
1.560284733603117957e+03,5.755710482276299444e-02,3.230863698813775642e+01,3.545294877676796830e+01,1.432962731465804662e+00,2.549998597230077380e+00,3.545294877676796830e+01,1.432962731465804662e+00,3.387371628281252356e+01,2.292469398244600942e+00
1.560362495819694914e+03,7.776221657695714384e-02,3.230904362359021320e+01,3.545339043984691330e+01,1.432943087965280471e+00,2.549998596266305650e+00,3.545339043984691330e+01,1.432943087965280471e+00,3.387413653297266336e+01,2.292458935202909664e+00
1.560440258036271871e+03,7.776221657695714384e-02,3.230945026516040741e+01,3.545383136752036535e+01,1.432923445309697730e+00,2.549998595301966375e+00,3.545383136752036535e+01,1.432923445309697730e+00,3.387455676381171088e+01,2.292448472311920948e+00
1.560539867103603683e+03,9.960906733181218442e-02,3.230997115928461483e+01,3.545439521145847550e+01,1.432898285389917259e+00,2.549998594065870705e+00,3.545439521145847550e+01,1.432898285389917259e+00,3.387509502798070571e+01,2.292435070151597198e+00
1.560639476170935495e+03,9.960906733181218442e-02,3.231049206342196101e+01,3.545495808077631494e+01,1.432873126843076994e+00,2.549998592828841115e+00,3.545495808077631494e+01,1.432873126843076994e+00,3.387563326067125757e+01,2.292421668238525001e+00
1.560762576382956468e+03,1.231002120209723216e-01,3.231113582796421468e+01,3.545565247298390688e+01,1.432842036960100485e+00,2.549998591298788586e+00,3.545565247298390688e+01,1.432842036960100485e+00,3.387629838327715248e+01,2.292405106048343910e+00
1.560885676594977440e+03,1.231002120209723216e-01,3.231177960775153934e+01,3.545634563120518123e+01,1.432810949159037728e+00,2.549998589767308310e+00,3.545634563120518123e+01,1.432810949159037728e+00,3.387696345815854926e+01,2.292388544235743453e+00
1.561033709186106535e+03,1.480325911290947261e-01,3.231255379708211706e+01,3.545717768207044429e+01,1.432773567669045844e+00,2.549998587923755000e+00,3.545717768207044429e+01,1.432773567669045844e+00,3.387776317251941549e+01,2.292368628539069864e+00
1.561181741777235629e+03,1.480325911290947261e-01,3.231332800837433439e+01,3.545800822350964410e+01,1.432736189173227759e+00,2.549998586078133123e+00,3.545800822350964410e+01,1.432736189173227759e+00,3.387856281838569572e+01,2.292348713388334680e+00
1.561329774368364724e+03,1.480325911290947261e-01,3.231410224158225475e+01,3.545883736401904684e+01,1.432698813664962323e+00,2.549998584230441345e+00,3.545883736401904684e+01,1.432698813664962323e+00,3.387936239600966815e+01,2.292328798783493937e+00
1.561516189607243405e+03,1.864152388786806114e-01,3.231507725304329171e+01,3.545987963257771725e+01,1.432651751485080505e+00,2.549998581900724037e+00,3.545987963257771725e+01,1.432651751485080505e+00,3.388036919549607262e+01,2.292303721394496119e+00
1.561702604846122085e+03,1.864152388786806114e-01,3.231605229909371957e+01,3.546091996927202672e+01,1.432604694024773195e+00,2.549998579567717805e+00,3.546091996927202672e+01,1.432604694024773195e+00,3.388137588757369656e+01,2.292278644871026838e+00
1.561889020085000766e+03,1.864152388786806114e-01,3.231702737964190675e+01,3.546195849733494043e+01,1.432557641276140714e+00,2.549998577231418206e+00,3.546195849733494043e+01,1.432557641276140714e+00,3.388238247265098124e+01,2.292253569213001274e+00
1.562116215090260766e+03,2.271950052600004710e-01,3.231821581306527236e+01,3.546322191618136088e+01,1.432500301737728909e+00,2.549998574379577665e+00,3.546322191618136088e+01,1.432500301737728909e+00,3.388360911183453794e+01,2.292223009232053244e+00
1.562343410095520767e+03,2.271950052600004710e-01,3.231940429742887488e+01,3.546448296309144155e+01,1.432442969177079028e+00,2.549998571522833490e+00,3.546448296309144155e+01,1.432442969177079028e+00,3.388483559330423134e+01,2.292192450536332693e+00
1.562570605100780767e+03,2.271950052600004710e-01,3.232059283256712945e+01,3.546574177431675423e+01,1.432385643584835666e+00,2.549998568661178577e+00,3.546574177431675423e+01,1.432385643584835666e+00,3.388606191767334508e+01,2.292161893125687744e+00
1.562797800106040768e+03,2.271950052600004710e-01,3.232178141831458618e+01,3.546699846743457840e+01,1.432328324952707899e+00,2.549998565794606264e+00,3.546699846743457840e+01,1.432328324952707899e+00,3.388728808552145466e+01,2.292131336999966074e+00
1.563081299184746968e+03,2.834990787061997253e-01,3.232326463328430322e+01,3.546856378199653648e+01,1.432256811213880709e+00,2.549998562210725517e+00,3.546856378199653648e+01,1.432256811213880709e+00,3.388881790688440532e+01,2.292093210175298879e+00
1.563364798263453167e+03,2.834990787061997253e-01,3.232474792647733608e+01,3.547012613198509712e+01,1.432185308287810654e+00,2.549998558619163802e+00,3.547012613198509712e+01,1.432185308287810654e+00,3.389034748640331429e+01,2.292055085350805932e+00
1.563648297342159367e+03,2.834990787061997253e-01,3.232623129757313052e+01,3.547168566885282814e+01,1.432113816162776221e+00,2.549998555019906465e+00,3.547168566885282814e+01,1.432113816162776221e+00,3.389187682503799692e+01,2.292016962526192803e+00
1.563931796420865567e+03,2.834990787061997253e-01,3.232771474625148755e+01,3.547324252579978321e+01,1.432042334828097063e+00,2.549998551412941961e+00,3.547324252579978321e+01,1.432042334828097063e+00,3.389340592370101035e+01,2.291978841701165948e+00
1.564274972349270001e+03,3.431759284044346714e-01,3.232951056575344495e+01,3.547512368571075569e+01,1.431955821020899355e+00,2.549998547036374408e+00,3.547512368571075569e+01,1.431955821020899355e+00,3.389525657940062331e+01,2.291932699077828151e+00
1.564618148277674436e+03,3.431759284044346714e-01,3.233130649790300737e+01,3.547700127748812093e+01,1.431869322994494542e+00,2.549998542648468369e+00,3.547700127748812093e+01,1.431869322994494542e+00,3.389710688621316592e+01,2.291886559383559341e+00
1.564961324206078871e+03,3.431759284044346714e-01,3.233310254213460411e+01,3.547887546574407480e+01,1.431782840734024287e+00,2.549998538249198976e+00,3.547887546574407480e+01,1.431782840734024287e+00,3.389895684554071664e+01,2.291840422617839934e+00
1.565304500134483305e+03,3.431759284044346714e-01,3.233489869788362370e+01,3.548074639739135705e+01,1.431696374225641444e+00,2.549998533838542691e+00,3.548074639739135705e+01,1.431696374225641444e+00,3.390080645872281195e+01,2.291794288780151234e+00
1.565647676062887740e+03,3.431759284044346714e-01,3.233669496458643522e+01,3.548261420456793047e+01,1.431609923456342193e+00,2.549998529416475090e+00,3.548261420456793047e+01,1.431609923456342193e+00,3.390265572704288388e+01,2.291748157869972768e+00
1.566068179465477442e+03,4.205034025897020911e-01,3.233889613264051377e+01,3.548489879743324593e+01,1.431504014265710278e+00,2.549998523982394349e+00,3.548489879743324593e+01,1.431504014265710278e+00,3.390492122069093739e+01,2.291691636320448033e+00
1.566488682868067144e+03,4.205034025897020911e-01,3.234109746540685393e+01,3.548717907675789007e+01,1.431398128666428571e+00,2.549998518531098934e+00,3.548717907675789007e+01,1.431398128666428571e+00,3.390718620057564436e+01,2.291635119164646905e+00
1.566909186270656846e+03,4.205034025897020911e-01,3.234329896185542452e+01,3.548945522108576256e+01,1.431292266638264588e+00,2.549998513062544436e+00,3.548945522108576256e+01,1.431292266638264588e+00,3.390945066877919345e+01,2.291578606401622586e+00
1.567329689673246548e+03,4.205034025897020911e-01,3.234550062095894418e+01,3.549172739197744875e+01,1.431186428161957735e+00,2.549998507576686002e+00,3.549172739197744875e+01,1.431186428161957735e+00,3.391171462729998609e+01,2.291522098030417620e+00
1.567750193075836251e+03,4.205034025897020911e-01,3.234770244169302345e+01,3.549399573649593975e+01,1.431080613219078534e+00,2.549998502073478335e+00,3.549399573649593975e+01,1.431080613219078534e+00,3.391397807806047382e+01,2.291465594050086985e+00
1.568170696478425953e+03,4.205034025897020911e-01,3.234990442303630687e+01,3.549626038921212512e+01,1.430974821791914264e+00,2.549998496552877469e+00,3.549626038921212512e+01,1.430974821791914264e+00,3.391624102291374498e+01,2.291409094459678109e+00
1.568687797645451610e+03,5.171011670256575599e-01,3.235261246076911590e+01,3.549904039690580504e+01,1.430844760241876790e+00,2.549998489740174179e+00,3.549904039690580504e+01,1.430844760241876790e+00,3.391902311902215672e+01,2.291339621837634954e+00
1.569204898812477268e+03,5.171011670256575599e-01,3.235532073795052810e+01,3.550181521893340886e+01,1.430714734196060434e+00,2.549998482901016050e+00,3.550181521893340886e+01,1.430714734196060434e+00,3.392180445600223493e+01,2.291270155850876122e+00
1.569721999979502925e+03,5.171011670256575599e-01,3.235802925270180452e+01,3.550458504728845099e+01,1.430584743624876864e+00,2.549998476035317818e+00,3.550458504728845099e+01,1.430584743624876864e+00,3.392458503693927696e+01,2.291200696497641243e+00
1.570239101146528583e+03,5.171011670256575599e-01,3.236073800315238458e+01,3.550735005785121956e+01,1.430454788499667451e+00,2.549998469142995994e+00,3.550735005785121956e+01,1.430454788499667451e+00,3.392736486480711733e+01,2.291131243776169057e+00
1.570756202313554240e+03,5.171011670256575599e-01,3.236344698744029813e+01,3.551011041246606226e+01,1.430324868792584470e+00,2.549998462223965312e+00,3.551011041246606226e+01,1.430324868792584470e+00,3.393014394247735765e+01,2.291061797684700974e+00
1.571273303480579898e+03,5.171011670256575599e-01,3.236615620371250657e+01,3.551286626066365670e+01,1.430194984476494957e+00,2.549998455278140952e+00,3.551286626066365670e+01,1.430194984476494957e+00,3.393292227272723949e+01,2.290992358221480174e+00
1.571790404647605556e+03,5.171011670256575599e-01,3.236886565012524386e+01,3.551561774110246006e+01,1.430065135524895892e+00,2.549998448305438092e+00,3.551561774110246006e+01,1.430065135524895892e+00,3.393569985824668578e+01,2.290922925384748954e+00
1.572425238439935129e+03,6.348337923295730434e-01,3.237219229022785072e+01,3.551898988988243389e+01,1.429905771127723213e+00,2.549998439708323072e+00,3.551898988988243389e+01,1.429905771127723213e+00,3.393910882469616297e+01,2.290837693268501507e+00
1.573060072232264702e+03,6.348337923295730434e-01,3.237551927105964467e+01,3.552235587063589861e+01,1.429746459945644865e+00,2.549998431070410465e+00,3.552235587063589861e+01,1.429746459945644865e+00,3.394251667729268007e+01,2.290752471133767454e+00
1.573694906024594275e+03,6.348337923295730434e-01,3.237884658927086434e+01,3.552571588734061692e+01,1.429587201932692953e+00,2.549998422391540842e+00,3.552571588734061692e+01,1.429587201932692953e+00,3.394592342055086220e+01,2.290667258977306719e+00
1.574329739816923848e+03,6.348337923295730434e-01,3.238217424153610580e+01,3.552907012884310944e+01,1.429427997043789089e+00,2.549998413671555664e+00,3.552907012884310944e+01,1.429427997043789089e+00,3.394932905883925400e+01,2.290582056795879673e+00
1.574964573609253421e+03,6.348337923295730434e-01,3.238550222455528171e+01,3.553241877057539710e+01,1.429268845234647589e+00,2.549998404910295502e+00,3.553241877057539710e+01,1.429268845234647589e+00,3.395273359639088540e+01,2.290496864586249348e+00
1.575599407401582994e+03,6.348337923295730434e-01,3.238883053505445275e+01,3.553576197601310582e+01,1.429109746461691310e+00,2.549998396107600485e+00,3.553576197601310582e+01,1.429109746461691310e+00,3.395613703731275024e+01,2.290411682345184108e+00
1.576234241193912567e+03,6.348337923295730434e-01,3.239215916978668020e+01,3.553909989792263246e+01,1.428950700681982378e+00,2.549998387263308963e+00,3.553909989792263246e+01,1.428950700681982378e+00,3.395953938559417651e+01,2.290326510069450539e+00
1.576869074986242140e+03,6.348337923295730434e-01,3.239548812553286439e+01,3.554243267943513018e+01,1.428791707853159565e+00,2.549998378377261954e+00,3.554243267943513018e+01,1.428791707853159565e+00,3.396294064511446464e+01,2.290241347755822776e+00
1.577644994307028810e+03,7.759193207866701414e-01,3.239955734005583565e+01,3.554649935314883180e+01,1.428597452290673031e+00,2.549998367459434423e+00,3.554649935314883180e+01,1.428597452290673031e+00,3.396709632780849120e+01,2.290137272485085695e+00
1.578420913627815480e+03,7.759193207866701414e-01,3.240362702360230429e+01,3.555055877769556361e+01,1.428403275692076813e+00,2.549998356478691885e+00,3.555055877769556361e+01,1.428403275692076813e+00,3.397125039636771504e+01,2.290033212085743397e+00
1.579196832948602150e+03,7.759193207866701414e-01,3.240769717047444942e+01,3.555461116694424106e+01,1.428209177982905143e+00,2.549998345434736358e+00,3.555461116694424106e+01,1.428209177982905143e+00,3.397540285728933185e+01,2.289929166551915696e+00
1.579972752269388820e+03,7.759193207866701414e-01,3.241176777504417572e+01,3.555865672067877625e+01,1.428015159089558006e+00,2.549998334327270744e+00,3.555865672067877625e+01,1.428015159089558006e+00,3.397955371688254189e+01,2.289825135877730400e+00
1.580748671590175491e+03,7.759193207866701414e-01,3.241583883175503189e+01,3.556269562600938627e+01,1.427821218939222092e+00,2.549998323155995728e+00,3.556269562600938627e+01,1.427821218939222092e+00,3.398370298128058664e+01,2.289721120057318426e+00
1.581524590910962161e+03,7.759193207866701414e-01,3.241991033512410070e+01,3.556672805859601993e+01,1.427627357459803070e+00,2.549998311920611993e+00,3.556672805859601993e+01,1.427627357459803070e+00,3.398785065645175507e+01,2.289617119084817354e+00
1.582300510231748831e+03,7.759193207866701414e-01,3.242398227974369007e+01,3.557075418371486109e+01,1.427433574579862086e+00,2.549998300620817560e+00,3.557075418371486109e+01,1.427433574579862086e+00,3.399199674820935257e+01,2.289513132954371866e+00
1.583076429552535501e+03,7.759193207866701414e-01,3.242805466028315919e+01,3.557477415719274205e+01,1.427239870228565133e+00,2.549998289256311779e+00,3.557477415719274205e+01,1.427239870228565133e+00,3.399614126222063248e+01,2.289409161660125314e+00
1.583852348873322171e+03,7.759193207866701414e-01,3.243212747149042485e+01,3.557878812622968212e+01,1.427046244335635317e+00,2.549998277826790449e+00,3.557878812622968212e+01,1.427046244335635317e+00,3.400028420401507390e+01,2.289305205196234372e+00
1.584795743820653115e+03,9.433949473309439782e-01,3.243707993724120797e+01,3.558366058880803706e+01,1.426810931517564551e+00,2.549998263842285340e+00,3.558366058880803706e+01,1.426810931517564551e+00,3.400531925469785932e+01,2.289178830577241808e+00
1.585739138767984059e+03,9.433949473309439782e-01,3.244203302286202018e+01,3.558852461674532464e+01,1.426575734454664568e+00,2.549998249760671687e+00,3.558852461674532464e+01,1.426575734454664568e+00,3.401035199865265213e+01,2.289052477862403290e+00
1.586682533715315003e+03,9.433949473309439782e-01,3.244698671940199119e+01,3.559338043174123811e+01,1.426340653023462579e+00,2.549998235581398820e+00,3.559338043174123811e+01,1.426340653023462579e+00,3.401538244508626008e+01,2.288926147041240533e+00
1.587625928662645947e+03,9.433949473309439782e-01,3.245194101809568821e+01,3.559822824246593598e+01,1.426105687101374642e+00,2.549998221303912960e+00,3.559822824246593598e+01,1.426105687101374642e+00,3.402041060296751596e+01,2.288799838103287687e+00
1.588569323609976891e+03,9.433949473309439782e-01,3.245689591036631327e+01,3.560306824572045059e+01,1.425870836566639932e+00,2.549998206927658995e+00,3.560306824572045059e+01,1.425870836566639932e+00,3.402543648104111185e+01,2.288673551038088672e+00
1.589512718557307835e+03,9.433949473309439782e-01,3.246185138782853841e+01,3.560790062746020368e+01,1.425636101298261904e+00,2.549998192452077372e+00,3.560790062746020368e+01,1.425636101298261904e+00,3.403046008784012599e+01,2.288547285835198064e+00
1.590456113504638779e+03,9.433949473309439782e-01,3.246680744229120563e+01,3.561272556370154518e+01,1.425401481175958329e+00,2.549998177876608541e+00,3.561272556370154518e+01,1.425401481175958329e+00,3.403548143169748386e+01,2.288421042484183321e+00
1.591399508451969723e+03,9.433949473309439782e-01,3.247176406575973573e+01,3.561754322132777872e+01,1.425166976080114445e+00,2.549998163200689838e+00,3.561754322132777872e+01,1.425166976080114445e+00,3.404050052075649546e+01,2.288294820974620780e+00
1.592342903399300667e+03,9.433949473309439782e-01,3.247672125043818880e+01,3.562235375880853638e+01,1.424932585891743431e+00,2.549998148423755051e+00,3.562235375880853638e+01,1.424932585891743431e+00,3.404551736298064668e+01,2.288168621296098326e+00
1.593286298346631611e+03,9.433949473309439782e-01,3.248167898873124670e+01,3.562715732684397096e+01,1.424698310492449327e+00,2.549998133545237522e+00,3.562715732684397096e+01,1.424698310492449327e+00,3.405053196616240285e+01,2.288042443438214057e+00
1.594427895679707945e+03,1.141597333076333598e+00,3.248767905186438298e+01,3.563296098481907137e+01,1.424414968375554036e+00,2.549998115404166210e+00,3.563296098481907137e+01,1.424414968375554036e+00,3.405659712829642416e+01,2.287889785430737177e+00
1.595569493012784278e+03,1.141597333076333598e+00,3.249367990215524316e+01,3.563875488833188854e+01,1.424131793967387871e+00,2.549998097112494033e+00,3.563875488833188854e+01,1.424131793967387871e+00,3.406265903611627266e+01,2.287737159342257964e+00
1.596711090345860612e+03,1.141597333076333598e+00,3.249968152734080462e+01,3.564453926561978392e+01,1.423848787061241961e+00,2.549998078669201806e+00,3.564453926561978392e+01,1.423848787061241961e+00,3.406871770252556786e+01,2.287584565154410221e+00
1.597852687678936945e+03,1.141597333076333598e+00,3.250568391559865944e+01,3.565031433289940566e+01,1.423565947451412628e+00,2.549998060073263240e+00,3.565031433289940566e+01,1.423565947451412628e+00,3.407477314013051739e+01,2.287432002848845070e+00
1.598994285012013279e+03,1.141597333076333598e+00,3.251168705554768223e+01,3.565608029532603496e+01,1.423283274933147879e+00,2.549998041323649378e+00,3.565608029532603496e+01,1.423283274933147879e+00,3.408082536125545658e+01,2.287279472407242054e+00
1.600135882345089612e+03,1.141597333076333598e+00,3.251769093624784546e+01,3.566183734785178672e+01,1.423000769302598556e+00,2.549998022419324162e+00,3.566183734785178672e+01,1.423000769302598556e+00,3.408687437795696695e+01,2.287126973811299369e+00
1.601277479678165946e+03,1.141597333076333598e+00,3.252369554719887645e+01,3.566758567599581653e+01,1.422718430356774810e+00,2.549998003359246646e+00,3.566758567599581653e+01,1.422718430356774810e+00,3.409292020203708518e+01,2.286974507042736970e+00
1.602419077011242280e+03,1.141597333076333598e+00,3.252970087833793400e+01,3.567332545653757592e+01,1.422436257893506806e+00,2.549997984142371887e+00,3.567332545653757592e+01,1.422436257893506806e+00,3.409896284505538944e+01,2.286822072083301016e+00
1.603560674344318613e+03,1.141597333076333598e+00,3.253570692003616216e+01,3.567905685814275074e+01,1.422154251711408968e+00,2.549997964767648728e+00,3.567905685814275074e+01,1.422154251711408968e+00,3.410500231834033968e+01,2.286669668914754094e+00
1.604702271677394947e+03,1.141597333076333598e+00,3.254171366309410729e+01,3.568478004192979114e+01,1.421872411609849340e+00,2.549997945234020236e+00,3.568478004192979114e+01,1.421872411609849340e+00,3.411103863299970840e+01,2.286517297518885883e+00
1.605843869010471280e+03,1.141597333076333598e+00,3.254772109873608343e+01,3.569049516198420946e+01,1.421590737388918502e+00,2.549997925540425037e+00,3.569049516198420946e+01,1.421590737388918502e+00,3.411707179993035766e+01,2.286364957877506487e+00
1.607093869010471280e+03,1.250000000000000000e+00,3.255429976696752448e+01,3.569674389846802853e+01,1.421282506246859922e+00,2.549997903792050380e+00,3.569674389846802853e+01,1.421282506246859922e+00,3.412367426072169252e+01,2.286198188918723506e+00
1.608343869010471280e+03,1.250000000000000000e+00,3.256087924513428788e+01,3.570298332908506467e+01,1.420974473484778455e+00,2.549997881849199732e+00,3.570298332908506467e+01,1.420974473484778455e+00,3.413027297419760941e+01,2.286031457985771898e+00
1.609593869010471280e+03,1.250000000000000000e+00,3.256745952339820604e+01,3.570921363086744549e+01,1.420666638843008034e+00,2.549997859710457337e+00,3.570921363086744549e+01,1.420666638843008034e+00,3.413686795386757922e+01,2.285864765054862247e+00
1.610843869010471280e+03,1.250000000000000000e+00,3.257404059247818395e+01,3.571543497318863558e+01,1.420359002062784093e+00,2.549997837374401222e+00,3.571543497318863558e+01,1.420359002062784093e+00,3.414345921298723852e+01,2.285698110102234448e+00
1.612093869010471280e+03,1.250000000000000000e+00,3.258062244363205906e+01,3.572164751826910134e+01,1.420051562886212482e+00,2.549997814839600530e+00,3.572164751826910134e+01,1.420051562886212482e+00,3.415004676456926802e+01,2.285531493104163037e+00
1.613343869010471280e+03,1.250000000000000000e+00,3.258720506863675581e+01,3.572785142163784400e+01,1.419744321056244818e+00,2.549997792104615968e+00,3.572785142163784400e+01,1.419744321056244818e+00,3.415663062139355333e+01,2.285364914036948303e+00
1.614593869010471280e+03,1.250000000000000000e+00,3.259378845976671357e+01,3.573404683255446912e+01,1.419437276316654284e+00,2.549997769168002026e+00,3.573404683255446912e+01,1.419437276316654284e+00,3.416321079601662092e+01,2.285198372876925621e+00
1.615843869010471280e+03,1.250000000000000000e+00,3.260037260977093609e+01,3.574023389439602738e+01,1.419130428412011424e+00,2.549997746028304757e+00,3.574023389439602738e+01,1.419130428412011424e+00,3.416978730078059812e+01,2.285031869600458343e+00
1.617093869010471280e+03,1.250000000000000000e+00,3.260695751184850621e+01,3.574641274501222199e+01,1.418823777087666382e+00,2.549997722684061774e+00,3.574641274501222199e+01,1.418823777087666382e+00,3.417636014782153353e+01,2.284865404183943127e+00
1.618343869010471280e+03,1.250000000000000000e+00,3.261354315962291395e+01,3.575258351705219440e+01,1.418517322089727140e+00,2.549997699133804030e+00,3.575258351705219440e+01,1.418517322089727140e+00,3.418292934907729830e+01,2.284698976603804610e+00
1.619593869010471280e+03,1.250000000000000000e+00,3.262012954711534007e+01,3.575874633826565230e+01,1.418211063165044195e+00,2.549997675376054929e+00,3.575874633826565230e+01,1.418211063165044195e+00,3.418949491629492599e+01,2.284532586836498513e+00
1.620000000000000000e+03,4.061309895287195104e-01,3.262226965423811009e+01,3.576074697778289391e+01,1.418111600332435662e+00,2.549997667612141417e+00,3.576074697778289391e+01,1.418111600332435662e+00,3.419162732030903129e+01,2.284478534138507655e+00
1.620003022418445426e+03,3.022418445425500977e-03,3.262228558116119359e+01,3.576076187566561515e+01,1.418110860208911639e+00,2.549997667554279701e+00,3.576076187566561515e+01,1.418110860208911639e+00,3.419164318820157433e+01,2.284478131894395414e+00
1.620008097516578573e+03,5.075098133147548651e-03,3.262231232488585420e+01,3.576078691218024375e+01,1.418109617430918457e+00,2.549997667457118755e+00,3.576078691218024375e+01,1.418109617430918457e+00,3.419166983283038519e+01,2.284477456466133205e+00
1.620018666368782306e+03,1.056885220373260381e-02,3.262236801852223067e+01,3.576083909792261295e+01,1.418107029363253613e+00,2.549997667254769507e+00,3.576083909792261295e+01,1.418107029363253613e+00,3.419172532020197508e+01,2.284476049894050398e+00
1.620035899513365848e+03,1.723314458354252565e-02,3.262245883043406280e+01,3.576092428270988677e+01,1.418102809389366170e+00,2.549997666924795681e+00,3.576092428270988677e+01,1.418102809389366170e+00,3.419181579607973021e+01,2.284473756400069000e+00
1.620061266788319926e+03,2.536727495407831157e-02,3.262259250627533191e+01,3.576104982658978315e+01,1.418096597626142596e+00,2.549997666438999833e+00,3.576104982658978315e+01,1.418096597626142596e+00,3.419194897793438059e+01,2.284470380378512910e+00
1.620095957011930295e+03,3.469022361036877555e-02,3.262277531097996786e+01,3.576122173334739784e+01,1.418088103041842629e+00,2.549997665774526023e+00,3.576122173334739784e+01,1.418088103041842629e+00,3.419213110836272307e+01,2.284465763630960211e+00
1.620140995285116787e+03,4.503827318649200606e-02,3.262301264693648051e+01,3.576144522559845029e+01,1.418077074741859844e+00,2.549997664911598960e+00,3.576144522559845029e+01,1.418077074741859844e+00,3.419236757106453695e+01,2.284459769756839176e+00
1.620197270510110911e+03,5.627522499412407342e-02,3.262330919903612880e+01,3.576172487689027690e+01,1.418063295239802235e+00,2.549997663832990646e+00,3.576172487689027690e+01,1.418063295239802235e+00,3.419266303543698626e+01,2.284452280492916820e+00
1.620265565019986980e+03,6.829450987606833223e-02,3.262366909084225597e+01,3.576206475483298419e+01,1.418046573211078298e+00,2.549997662523442621e+00,3.576206475483298419e+01,1.418046573211078298e+00,3.419302161224089076e+01,2.284443191771744708e+00
1.620333859529863048e+03,6.829450987606833223e-02,3.262402898483107805e+01,3.576240510375843229e+01,1.418029851739925240e+00,2.549997661213267985e+00,3.576240510375843229e+01,1.418029851739925240e+00,3.419338019671895523e+01,2.284434103163190066e+00
1.620426579904971504e+03,9.272037510845621000e-02,3.262451760015566293e+01,3.576286783795063684e+01,1.418007150650308690e+00,2.549997659433500097e+00,3.576286783795063684e+01,1.418007150650308690e+00,3.419386704290732837e+01,2.284421764149597855e+00
1.620519300280079960e+03,9.272037510845621000e-02,3.262500621949975965e+01,3.576333124413575604e+01,1.417984450598730017e+00,2.549997657652577576e+00,3.576333124413575604e+01,1.417984450598730017e+00,3.419435390309815403e+01,2.284409425343569833e+00
1.620638470896740955e+03,1.191706166609947104e-01,3.262563423265753215e+01,3.576392772374572360e+01,1.417955276457995240e+00,2.549997655361915694e+00,3.576392772374572360e+01,1.417955276457995240e+00,3.419497966982480364e+01,2.284393566964445288e+00
1.620757641513401950e+03,1.191706166609947104e-01,3.262626225244720501e+01,3.576452509278090730e+01,1.417926104043426783e+00,2.549997653069342007e+00,3.576452509278090730e+01,1.417926104043426783e+00,3.419560545943726737e+01,2.284377708928163386e+00
1.620905284787782421e+03,1.476432743804707570e-01,3.262704033009801208e+01,3.576526630094908654e+01,1.417889964054385832e+00,2.549997650226368151e+00,3.576526630094908654e+01,1.417889964054385832e+00,3.419638079644249729e+01,2.284358062510231324e+00
1.621052928062162891e+03,1.476432743804707570e-01,3.262781841791309034e+01,3.576600863204373582e+01,1.417853826727110800e+00,2.549997647380455756e+00,3.576600863204373582e+01,1.417853826727110800e+00,3.419715616819064508e+01,2.284338416618470369e+00
1.621230813112917758e+03,1.778850507548668247e-01,3.262875589496750450e+01,3.576690437637513753e+01,1.417810290931783124e+00,2.549997643947711001e+00,3.576690437637513753e+01,1.417810290931783124e+00,3.419809040524084764e+01,2.284314747356923192e+00
1.621408698163672625e+03,1.778850507548668247e-01,3.262969338674992059e+01,3.576780148883788968e+01,1.417766759013023181e+00,2.549997640510694552e+00,3.576780148883788968e+01,1.417766759013023181e+00,3.419902469215680441e+01,2.284291078859054913e+00
1.621586583214427492e+03,1.778850507548668247e-01,3.263063089324595012e+01,3.576869986636855714e+01,1.417723230975633797e+00,2.549997637069401524e+00,3.576869986636855714e+01,1.417723230975633797e+00,3.419995902866420323e+01,2.284267411124796698e+00
1.621811037779342314e+03,2.244545649148221855e-01,3.263181385574155513e+01,3.576983510983062331e+01,1.417668313036336780e+00,2.549997632721085150e+00,3.576983510983062331e+01,1.417668313036336780e+00,3.420113804068022745e+01,2.284237548372645144e+00
1.622035492344257136e+03,2.244545649148221855e-01,3.263299684161209058e+01,3.577097209162663205e+01,1.417613401288882580e+00,2.549997628365945346e+00,3.577097209162663205e+01,1.417613401288882580e+00,3.420231713077238567e+01,2.284207686836021267e+00
1.622259946909171958e+03,2.244545649148221855e-01,3.263417985082950423e+01,3.577211069464748050e+01,1.417558495738114877e+00,2.549997624003973229e+00,3.577211069464748050e+01,1.417558495738114877e+00,3.420349629849901163e+01,2.284177826514792731e+00
1.622533901905315361e+03,2.739549961434022407e-01,3.263562378839401390e+01,3.577350245532548456e+01,1.417491489910471358e+00,2.549997618670755362e+00,3.577350245532548456e+01,1.417491489910471358e+00,3.420493562039109747e+01,2.284141382548705579e+00
1.622807856901458763e+03,2.739549961434022407e-01,3.263706776064738335e+01,3.577489633188326223e+01,1.417424493325408763e+00,2.549997613327330548e+00,3.577489633188326223e+01,1.417424493325408763e+00,3.420637505661820654e+01,2.284104940392761129e+00
1.623081811897602165e+03,2.739549961434022407e-01,3.263851176754035066e+01,3.577629219491004164e+01,1.417357505987274058e+00,2.549997607973683245e+00,3.577629219491004164e+01,1.417357505987274058e+00,3.420781460652197126e+01,2.284068500046717354e+00
1.623355766893745567e+03,2.739549961434022407e-01,3.263995580902427918e+01,3.577768993289896571e+01,1.417290527899458530e+00,2.549997602609796576e+00,3.577768993289896571e+01,1.417290527899458530e+00,3.420925426948257098e+01,2.284032061510330003e+00
1.623698076157358173e+03,3.423092636126057187e-01,3.264176020055549543e+01,3.577943890721611098e+01,1.417206851172783111e+00,2.549997595893158220e+00,3.577943890721611098e+01,1.417206851172783111e+00,3.421105329946754381e+01,2.283986533770037575e+00
1.624040385420970779e+03,3.423092636126057187e-01,3.264356464592525953e+01,3.578119049223204229e+01,1.417123188896290742e+00,2.549997589160477585e+00,3.578119049223204229e+01,1.417123188896290742e+00,3.421285250397152566e+01,2.283941008854258659e+00
1.624382694684583385e+03,3.423092636126057187e-01,3.264536914504249410e+01,3.578294454436726113e+01,1.417039541072651510e+00,2.549997582411724473e+00,3.578294454436726113e+01,1.417039541072651510e+00,3.421465188197603169e+01,2.283895486762517635e+00
1.624725003948195990e+03,3.423092636126057187e-01,3.264717369781750023e+01,3.578470093753464454e+01,1.416955907703603579e+00,2.549997575646867798e+00,3.578470093753464454e+01,1.416955907703603579e+00,3.421645143251661381e+01,2.283849967494341104e+00
1.625139776130294649e+03,4.147721820986589591e-01,3.264936032534924237e+01,3.578683211617970272e+01,1.416854589485658122e+00,2.549997567428346379e+00,3.578683211617970272e+01,1.416854589485658122e+00,3.421863215700325611e+01,2.283794816105419567e+00
1.625554548312393308e+03,4.147721820986589591e-01,3.265154703137599768e+01,3.578896639219078679e+01,1.416753292491714777e+00,2.549997559186079954e+00,3.578896639219078679e+01,1.416753292491714777e+00,3.422081313191345942e+01,2.283739668860480965e+00
1.625969320494491967e+03,4.147721820986589591e-01,3.265373381574541156e+01,3.579110361000195439e+01,1.416652016721205776e+00,2.549997550920012124e+00,3.579110361000195439e+01,1.416652016721205776e+00,3.422299435577939164e+01,2.283684525758678863e+00
1.626384092676590626e+03,4.147721820986589591e-01,3.265592067830755951e+01,3.579324363099478745e+01,1.416550762172663402e+00,2.549997542630088709e+00,3.579324363099478745e+01,1.416550762172663402e+00,3.422517582720455209e+01,2.283629386799170380e+00
1.626798864858689285e+03,4.147721820986589591e-01,3.265810761891479785e+01,3.579538633068286657e+01,1.416449528843870320e+00,2.549997534316252423e+00,3.579538633068286657e+01,1.416449528843870320e+00,3.422735754485639603e+01,2.283574251981108194e+00
1.627307541124426280e+03,5.086762657369945373e-01,3.266078978742723393e+01,3.579801762846268076e+01,1.416325405337576004e+00,2.549997524087442624e+00,3.579801762846268076e+01,1.416325405337576004e+00,3.423003353589238884e+01,2.283506640337993332e+00
1.627816217390163274e+03,5.086762657369945373e-01,3.266347207284115939e+01,3.580065259944588973e+01,1.416201313736286327e+00,2.549997513822479078e+00,3.580065259944588973e+01,1.416201313736286327e+00,3.423270989310671553e+01,2.283439034921014521e+00
1.628324893655900269e+03,5.086762657369945373e-01,3.266615447489687796e+01,3.580329107582423376e+01,1.416077254032641397e+00,2.549997503521257869e+00,3.580329107582423376e+01,1.416077254032641397e+00,3.423538661435932795e+01,2.283371435728612564e+00
1.628833569921637263e+03,5.086762657369945373e-01,3.266883699333877189e+01,3.580593290602441670e+01,1.415953226218424676e+00,2.549997493183675967e+00,3.580593290602441670e+01,1.415953226218424676e+00,3.423806369760527701e+01,2.283303842759231372e+00
1.629342246187374258e+03,5.086762657369945373e-01,3.267151962791488984e+01,3.580857795231787577e+01,1.415829230284693097e+00,2.549997482809629012e+00,3.580857795231787577e+01,1.415829230284693097e+00,3.424074114088580245e+01,2.283236256011313081e+00
1.629850922453111252e+03,5.086762657369945373e-01,3.267420237837667685e+01,3.581122608889428705e+01,1.415705266221878311e+00,2.549997472399011755e+00,3.581122608889428705e+01,1.415705266221878311e+00,3.424341894232063765e+01,2.283168675483301158e+00
1.630476962575212383e+03,6.260401221011306916e-01,3.267750426264727537e+01,3.581448928644773844e+01,1.415552744400755181e+00,2.549997459536061051e+00,3.581448928644773844e+01,1.415552744400755181e+00,3.424671506596266113e+01,2.283085511036859305e+00
1.631103002697313514e+03,6.260401221011306916e-01,3.268080632162408250e+01,3.581775679379666855e+01,1.415400270818775619e+00,2.549997446617364272e+00,3.581775679379666855e+01,1.415400270818775619e+00,3.425001172612483913e+01,2.283002356006339717e+00
1.631729042819414644e+03,6.260401221011306916e-01,3.268410855486045818e+01,3.582102843204177844e+01,1.415247845455207321e+00,2.549997433642726019e+00,3.582102843204177844e+01,1.415247845455207321e+00,3.425330891970999403e+01,2.282919210388844267e+00
1.632355082941515775e+03,6.260401221011306916e-01,3.268741096191428852e+01,3.582430403764460181e+01,1.415095468288525282e+00,2.549997420611949117e+00,3.582430403764460181e+01,1.415095468288525282e+00,3.425660664374657927e+01,2.282836074181473496e+00
1.632981123063616906e+03,6.260401221011306916e-01,3.269071354234705495e+01,3.582758346043257802e+01,1.414943139296519270e+00,2.549997407524837278e+00,3.582758346043257802e+01,1.414943139296519270e+00,3.425990489537799988e+01,2.282752947381334163e+00
1.633607163185718036e+03,6.260401221011306916e-01,3.269401629572307399e+01,3.583086656194655006e+01,1.414790858456381084e+00,2.549997394381192883e+00,3.583086656194655006e+01,1.414790858456381084e+00,3.426320367185359572e+01,2.282669829985530363e+00
1.634233203307819167e+03,6.260401221011306916e-01,3.269731922160855930e+01,3.583415321405870202e+01,1.414638625744778500e+00,2.549997381180816980e+00,3.583415321405870202e+01,1.414638625744778500e+00,3.426650297052041338e+01,2.282586721991167966e+00
1.635002551864096176e+03,7.693485562770092656e-01,3.270137846427211059e+01,3.583819691018430120e+01,1.414451610936825254e+00,2.549997364880720152e+00,3.583819691018430120e+01,1.414451610936825254e+00,3.427055823143084012e+01,2.282484602406428920e+00
1.635771900420373186e+03,7.693485562770092656e-01,3.270543796600781405e+01,3.584224558529657401e+01,1.414264668732888364e+00,2.549997348494277283e+00,3.584224558529657401e+01,1.414264668732888364e+00,3.427461427252130477e+01,2.282382497010261080e+00
1.636541248976650195e+03,7.693485562770092656e-01,3.270949772601133532e+01,3.584629905163750863e+01,1.414077799087168019e+00,2.549997332021117558e+00,3.584629905163750863e+01,1.414077799087168019e+00,3.427867108938588814e+01,2.282280405797304290e+00
1.637310597532927204e+03,7.693485562770092656e-01,3.271355774347449596e+01,3.585035713581714134e+01,1.413891001953161197e+00,2.549997315460869274e+00,3.585035713581714134e+01,1.413891001953161197e+00,3.428272867778143507e+01,2.282178328762200614e+00
1.638079946089204213e+03,7.693485562770092656e-01,3.271761801758313482e+01,3.585441967716621292e+01,1.413704277283751143e+00,2.549997298813158508e+00,3.585441967716621292e+01,1.413704277283751143e+00,3.428678703361534019e+01,2.282076265899598333e+00
1.638849294645481223e+03,7.693485562770092656e-01,3.272167854751495497e+01,3.585848652633857370e+01,1.413517625031279978e+00,2.549997282077611782e+00,3.585848652633857370e+01,1.413517625031279978e+00,3.429084615293477611e+01,2.281974217204144839e+00
1.639618643201758232e+03,7.693485562770092656e-01,3.272573933243752720e+01,3.586255754411659069e+01,1.413331045147613318e+00,2.549997265253852952e+00,3.586255754411659069e+01,1.413331045147613318e+00,3.429490603191701581e+01,2.281872182670494631e+00
1.640387991758035241e+03,7.693485562770092656e-01,3.272980037150625776e+01,3.586663260038346834e+01,1.413144537584196447e+00,2.549997248341505873e+00,3.586663260038346834e+01,1.413144537584196447e+00,3.429896666686066453e+01,2.281770162293303539e+00
1.641329903831807769e+03,9.419120737725279469e-01,3.273477263922803360e+01,3.587162700558536699e+01,1.412916295104670095e+00,2.549997227514573694e+00,3.587162700558536699e+01,1.412916295104670095e+00,3.430393911910195470e+01,2.281645278193994653e+00
1.642271815905580297e+03,9.419120737725279469e-01,3.273974528499441305e+01,3.587662707315216437e+01,1.412688160862586972e+00,2.549997206553592743e+00,3.587662707315216437e+01,1.412688160862586972e+00,3.430891269271963040e+01,2.281520415296095727e+00
1.643213727979352825e+03,9.419120737725279469e-01,3.274471830715603460e+01,3.588163260928079268e+01,1.412460134766835962e+00,2.549997185457866244e+00,3.588163260928079268e+01,1.412460134766835962e+00,3.431388738156795171e+01,2.281395573589823034e+00
1.644155640053125353e+03,9.419120737725279469e-01,3.274969170401805485e+01,3.588664343347980434e+01,1.412232216725739287e+00,2.549997164226690760e+00,3.588664343347980434e+01,1.412232216725739287e+00,3.431886317970776190e+01,2.281270753065402168e+00
1.645097552126897881e+03,9.419120737725279469e-01,3.275466547383562244e+01,3.589165937721465127e+01,1.412004406647124899e+00,2.549997142859364629e+00,3.589165937721465127e+01,1.412004406647124899e+00,3.432384008139256082e+01,2.281145953713066721e+00
1.646039464200670409e+03,9.419120737725279469e-01,3.275963961480958631e+01,3.589668028273457168e+01,1.411776704438389540e+00,2.549997121355179530e+00,3.589668028273457168e+01,1.411776704438389540e+00,3.432881808105587140e+01,2.281021175523059163e+00
1.646981376274442937e+03,9.419120737725279469e-01,3.276461412508233906e+01,3.590170600205129858e+01,1.411549110006552699e+00,2.549997099713426696e+00,3.590170600205129858e+01,1.411549110006552699e+00,3.433379717330004866e+01,2.280896418485629518e+00
1.647923288348215465e+03,9.419120737725279469e-01,3.276958900273402264e+01,3.590673639604523260e+01,1.411321623258305236e+00,2.549997077933394696e+00,3.590673639604523260e+01,1.411321623258305236e+00,3.433877735288590571e+01,2.280771682591036242e+00
1.648865200421987993e+03,9.419120737725279469e-01,3.277456424577874117e+01,3.591177133367959584e+01,1.411094244100049355e+00,2.549997056014368990e+00,3.591177133367959584e+01,1.411094244100049355e+00,3.434375861472333469e+01,2.280646967829545346e+00
1.650013796811251723e+03,1.148596389263730089e+00,3.278063170077239619e+01,3.591791706014800667e+01,1.410817116457239617e+00,2.549997029096506829e+00,3.591791706014800667e+01,1.410817116457239617e+00,3.434983437509821158e+01,2.280494915418864732e+00
1.651162393200515453e+03,1.148596389263730089e+00,3.278669969217515501e+01,3.592406914889760827e+01,1.410540148491750800e+00,2.549997001969585231e+00,3.592406914889760827e+01,1.410540148491750800e+00,3.435591172873176191e+01,2.280342894401263365e+00
1.652310989589779183e+03,1.148596389263730089e+00,3.279276821594456948e+01,3.593022740275222304e+01,1.410263340032569479e+00,2.549996974632293245e+00,3.593022740275222304e+01,1.410263340032569479e+00,3.436199066718913286e+01,2.280190904759145099e+00
1.653459585979042913e+03,1.148596389263730089e+00,3.279883726786224685e+01,3.593639163678930970e+01,1.409986690908344498e+00,2.549996947083311039e+00,3.593639163678930970e+01,1.409986690908344498e+00,3.436807118229269520e+01,2.280038946474930217e+00
1.654608182368306643e+03,1.148596389263730089e+00,3.280490684352719910e+01,3.594256167722301853e+01,1.409710200947446035e+00,2.549996919321316113e+00,3.594256167722301853e+01,1.409710200947446035e+00,3.437415326610624788e+01,2.279887019531059433e+00
1.655756778757570373e+03,1.148596389263730089e+00,3.281097693835011597e+01,3.594873736042068657e+01,1.409433869978017562e+00,2.549996891344976646e+00,3.594873736042068657e+01,1.409433869978017562e+00,3.438023691092068646e+01,2.279735123909992556e+00
1.656905375146834103e+03,1.148596389263730089e+00,3.281704754754827036e+01,3.595491853203326826e+01,1.409157697828021361e+00,2.549996863152956372e+00,3.595491853203326826e+01,1.409157697828021361e+00,3.438632210924100008e+01,2.279583259594207600e+00
1.658053971536097833e+03,1.148596389263730089e+00,3.282311866614139717e+01,3.596110504622343740e+01,1.408881684325279604e+00,2.549996834743913698e+00,3.596110504622343740e+01,1.408881684325279604e+00,3.439240885377420653e+01,2.279431426566200791e+00
1.659202567925361564e+03,1.148596389263730089e+00,3.282919028894824720e+01,3.596729676497785988e+01,1.408605829297510548e+00,2.549996806116499037e+00,3.596729676497785988e+01,1.408605829297510548e+00,3.439849713741844539e+01,2.279279624808490112e+00
1.660351164314625294e+03,1.148596389263730089e+00,3.283526241058412154e+01,3.597349355749226874e+01,1.408330132572360061e+00,2.549996777269358361e+00,3.597349355749226874e+01,1.408330132572360061e+00,3.440458695325277461e+01,2.279127854303609535e+00
1.661601164314625294e+03,1.250000000000000000e+00,3.284187116859516919e+01,3.598024305301463244e+01,1.408030275696444455e+00,2.549996745624180328e+00,3.598024305301463244e+01,1.408030275696444455e+00,3.441121614047773392e+01,2.278962720261917152e+00
1.662851164314625294e+03,1.250000000000000000e+00,3.284848050329529201e+01,3.598699825904148497e+01,1.407730605882014485e+00,2.549996713715391827e+00,3.598699825904148497e+01,1.407730605882014485e+00,3.441784712590213502e+01,2.278797623191822996e+00
1.664101164314625294e+03,1.250000000000000000e+00,3.285509040691430727e+01,3.599375903178634672e+01,1.407431122906853460e+00,2.549996681541222276e+00,3.599375903178634672e+01,1.407431122906853460e+00,3.442447990126206747e+01,2.278632563070894346e+00
1.665351164314625294e+03,1.250000000000000000e+00,3.286170087139561247e+01,3.600052523481617328e+01,1.407131826548786435e+00,2.549996649099891766e+00,3.600052523481617328e+01,1.407131826548786435e+00,3.443111445849891794e+01,2.278467539876724235e+00
1.666601164314625294e+03,1.250000000000000000e+00,3.286831188839966700e+01,3.600729673850201351e+01,1.406832716585711962e+00,2.549996616389611948e+00,3.600729673850201351e+01,1.406832716585711962e+00,3.443775078974897497e+01,2.278302553586930568e+00
1.667851164314625294e+03,1.250000000000000000e+00,3.287492344930905119e+01,3.601407341952324970e+01,1.406533792795623405e+00,2.549996583408586037e+00,3.601407341952324970e+01,1.406533792795623405e+00,3.444438888733387927e+01,2.278137604179158782e+00
1.669101164314625294e+03,1.250000000000000000e+00,3.288153554523505306e+01,3.602085516041922375e+01,1.406235054956634700e+00,2.549996550155007036e+00,3.602085516041922375e+01,1.406235054956634700e+00,3.445102874375167090e+01,2.277972691631084068e+00
1.670351164314625294e+03,1.250000000000000000e+00,3.288814816702575428e+01,3.602764184918240886e+01,1.405936502847001002e+00,2.549996516627062171e+00,3.602764184918240886e+01,1.405936502847001002e+00,3.445767035166853276e+01,2.277807815920403378e+00
1.671601164314625294e+03,1.250000000000000000e+00,3.289476130527572195e+01,3.603443337888861464e+01,1.405638136245135561e+00,2.549996482822926236e+00,3.603443337888861464e+01,1.405638136245135561e+00,3.446431370391103144e+01,2.277642977024843418e+00
1.672851164314625294e+03,1.250000000000000000e+00,3.290137495033690129e+01,3.604122964735991985e+01,1.405339954929629265e+00,2.549996448740768251e+00,3.604122964735991985e+01,1.405339954929629265e+00,3.447095879345896208e+01,2.277478174922155763e+00
1.674101164314625294e+03,1.250000000000000000e+00,3.290798909233103586e+01,3.604803055685685820e+01,1.405041958679263736e+00,2.549996414378746579e+00,3.604803055685685820e+01,1.405041958679263736e+00,3.447760561343857688e+01,2.277313409590120408e+00
1.675351164314625294e+03,1.250000000000000000e+00,3.291460372116323896e+01,3.605483601379671654e+01,1.404744147273027322e+00,2.549996379735011587e+00,3.605483601379671654e+01,1.404744147273027322e+00,3.448425415711632525e+01,2.277148681006541775e+00
1.676601164314625294e+03,1.250000000000000000e+00,3.292121882653677289e+01,3.606164592849519579e+01,1.404446520490127082e+00,2.549996344807705206e+00,3.606164592849519579e+01,1.404446520490127082e+00,3.449090441789294204e+01,2.276983989149252263e+00
1.677851164314625294e+03,1.250000000000000000e+00,3.292783439796880884e+01,3.606846021492903276e+01,1.404149078109999449e+00,2.549996309594958710e+00,3.606846021492903276e+01,1.404149078109999449e+00,3.449755638929789825e+01,2.276819333996111361e+00
1.679101164314625294e+03,1.250000000000000000e+00,3.293445042480718143e+01,3.607527879051759356e+01,1.403851819912322885e+00,2.549996274094896265e+00,3.607527879051759356e+01,1.403851819912322885e+00,3.450421006498419985e+01,2.276654715525002093e+00
1.680000000000000000e+03,8.988356853747063724e-01,3.293920807704489562e+01,3.608018442017305460e+01,1.403638184604912631e+00,2.549996248389282183e+00,3.608018442017305460e+01,1.403638184604912631e+00,3.450899556376231914e+01,2.276536366219429564e+00
1.680003025405711696e+03,3.025405711696294020e-03,3.293922409128788331e+01,3.608020094540441391e+01,1.403637465687843200e+00,2.549996248302506263e+00,3.608020094540441391e+01,1.403637465687843200e+00,3.450901167284528981e+01,2.276535967897568291e+00
1.680008429698197233e+03,5.404292485536643653e-03,3.293925269759081687e+01,3.608023048246155895e+01,1.403636181488372436e+00,2.549996248147492928e+00,3.608023048246155895e+01,1.403636181488372436e+00,3.450904044865153963e+01,2.276535256374412786e+00
1.680019898538853568e+03,1.146884065633457794e-02,3.293931340512601480e+01,3.608029320843999699e+01,1.403633456211418773e+00,2.549996247818510753e+00,3.608029320843999699e+01,1.403633456211418773e+00,3.450910151628515621e+01,2.276533746401842695e+00
1.680038865670136829e+03,1.896713128326155129e-02,3.293941380313044220e+01,3.608039703135798959e+01,1.403628949200059983e+00,2.549996247274387340e+00,3.608039703135798959e+01,1.403628949200059983e+00,3.450920251096088265e+01,2.276531249220914432e+00
1.680067051519567940e+03,2.818584943111090979e-02,3.293956299841536861e+01,3.608055146089255771e+01,1.403622251709504720e+00,2.549996246465676908e+00,3.608055146089255771e+01,1.403622251709504720e+00,3.450935259554593415e+01,2.276527538334516709e+00
1.680105849749266781e+03,3.879822969884116901e-02,3.293976836824720777e+01,3.608076425276966859e+01,1.403613032691608975e+00,2.549996245352232904e+00,3.608076425276966859e+01,1.403613032691608975e+00,3.450955919463692823e+01,2.276522430276215037e+00
1.680156460484481386e+03,5.061073521460457414e-02,3.294003626559056386e+01,3.608104213411054673e+01,1.403601007148949531e+00,2.549996243899369297e+00,3.608104213411054673e+01,1.403601007148949531e+00,3.450982870440770256e+01,2.276515767072110119e+00
1.680219922505770455e+03,6.346202128906952566e-02,3.294037218953787516e+01,3.608139097640717807e+01,1.403585928496880131e+00,2.549996242076914221e+00,3.608139097640717807e+01,1.403585928496880131e+00,3.451016666444304093e+01,2.276507412004864506e+00
1.680297148571043635e+03,7.722606527318021108e-02,3.294078097230411117e+01,3.608181598616531005e+01,1.403567580181195984e+00,2.549996239858183245e+00,3.608181598616531005e+01,1.403567580181195984e+00,3.451057794620916042e+01,2.276497244965512756e+00
1.680374374636316816e+03,7.722606527318021108e-02,3.294118975672744654e+01,3.608224148105804119e+01,1.403549232615157294e+00,2.549996237638341157e+00,3.608224148105804119e+01,1.403549232615157294e+00,3.451098925298794029e+01,2.276487078066290692e+00
1.680479588169134558e+03,1.052135328177428164e-01,3.294174669121281340e+01,3.608282186737911701e+01,1.403524236911841694e+00,2.549996234612218249e+00,3.608282186737911701e+01,1.403524236911841694e+00,3.451154966147106506e+01,2.276473226810669992e+00
1.680584801701952301e+03,1.052135328177428164e-01,3.294230362876263740e+01,3.608340296457962637e+01,1.403499242580378281e+00,2.549996231584032103e+00,3.608340296457962637e+01,1.403499242580378281e+00,3.451211011621228408e+01,2.276459375815128361e+00
1.680720354710574611e+03,1.355530086223097896e-01,3.294302116986826690e+01,3.608415257004532606e+01,1.403467042870674142e+00,2.549996227679590444e+00,3.608415257004532606e+01,1.403467042870674142e+00,3.451283225227924589e+01,2.276441531116514927e+00
1.680855907719196921e+03,1.355530086223097896e-01,3.294373871603552573e+01,3.608490314171023527e+01,1.403434845415729715e+00,2.549996223771719972e+00,3.608490314171023527e+01,1.403434845415729715e+00,3.451355446482955358e+01,2.276423686849546879e+00
1.681024145705244791e+03,1.682379860478704359e-01,3.294462928626087717e+01,3.608583592100637816e+01,1.403394887530401203e+00,2.549996218916796842e+00,3.608583592100637816e+01,1.403394887530401203e+00,3.451445092574256535e+01,2.276401540515801347e+00
1.681192383691292662e+03,1.682379860478704359e-01,3.294551986423449819e+01,3.608676995340857729e+01,1.403354933093284851e+00,2.549996214056582389e+00,3.608676995340857729e+01,1.403354933093284851e+00,3.451534750398571560e+01,2.276379394846855586e+00
1.681395355465171406e+03,2.029717738787439885e-01,3.294659431789322213e+01,3.608789836414446484e+01,1.403306734387825605e+00,2.549996208185896229e+00,3.608789836414446484e+01,1.403306734387825605e+00,3.451642934226129000e+01,2.276352677950368442e+00
1.681598327239050150e+03,2.029717738787439885e-01,3.294766878274311495e+01,3.608902834393771286e+01,1.403258540673634203e+00,2.549996202307493132e+00,3.608902834393771286e+01,1.403258540673634203e+00,3.451751135058185582e+01,2.276325962021342963e+00
1.681801299012928894e+03,2.029717738787439885e-01,3.294874325873666265e+01,3.609015979247842409e+01,1.403210351939542022e+00,2.549996196421364658e+00,3.609015979247842409e+01,1.403210351939542022e+00,3.451859352858627972e+01,2.276299247059680120e+00
1.682057767856782903e+03,2.564688438540088100e-01,3.295010094916901267e+01,3.609159142884607263e+01,1.403149469255934090e+00,2.549996188972774469e+00,3.609159142884607263e+01,1.403149469255934090e+00,3.451996117731520997e+01,2.276265492245222344e+00
1.682314236700636911e+03,2.564688438540088100e-01,3.295145865722130907e+01,3.609302514072835777e+01,1.403088594492733820e+00,2.549996181511821280e+00,3.609302514072835777e+01,1.403088594492733820e+00,3.452132909577774456e+01,2.276231738974913821e+00
1.682570705544490920e+03,2.564688438540088100e-01,3.295281638279727332e+01,3.609446081351269697e+01,1.403027727636383171e+00,2.549996174038487773e+00,3.609446081351269697e+01,1.403027727636383171e+00,3.452269728336742105e+01,2.276197987248560484e+00
1.682884056010880158e+03,3.133504663892381359e-01,3.295447525878386585e+01,3.609621742203741945e+01,1.402953371977674335e+00,2.549996164890833139e+00,3.609621742203741945e+01,1.402953371977674335e+00,3.452436928251369608e+01,2.276156751901378783e+00
1.683197406477269396e+03,3.133504663892381359e-01,3.295613416060904655e+01,3.609797666357501100e+01,1.402879028085860069e+00,2.549996155724643554e+00,3.609797666357501100e+01,1.402879028085860069e+00,3.452604168155300357e+01,2.276115518858313536e+00
1.683510756943658635e+03,3.133504663892381359e-01,3.295779308809638053e+01,3.609973841056813626e+01,1.402804695944545710e+00,2.549996146539887931e+00,3.609973841056813626e+01,1.402804695944545710e+00,3.452771447954193462e+01,2.276074288119011690e+00
1.683824107410047873e+03,3.133504663892381359e-01,3.295945204106912030e+01,3.610150255289427434e+01,1.402730375539119390e+00,2.549996137336535629e+00,3.610150255289427434e+01,1.402730375539119390e+00,3.452938767558057265e+01,2.276033059683120197e+00
1.684216009626049072e+03,3.919022160011991218e-01,3.296152690155626175e+01,3.610371216180499943e+01,1.402637440741915098e+00,2.549996125799837809e+00,3.610371216180499943e+01,1.402637440741915098e+00,3.453148087295602409e+01,2.275981499205537606e+00
1.684607911842050271e+03,3.919022160011991218e-01,3.296360180128424133e+01,3.610592520298335018e+01,1.402544524258135583e+00,2.549996114233945121e+00,3.610592520298335018e+01,1.402544524258135583e+00,3.453357469000418689e+01,2.275929942329729450e+00
1.684999814058051470e+03,3.919022160011991218e-01,3.296567673990575997e+01,3.610814153314404962e+01,1.402451626066577139e+00,2.549996102638797613e+00,3.610814153314404962e+01,1.402451626066577139e+00,3.453566912518139986e+01,2.275878389055004281e+00
1.685391716274052669e+03,3.919022160011991218e-01,3.296775171707304253e+01,3.611036102605834941e+01,1.402358746147782220e+00,2.549996091014336663e+00,3.611036102605834941e+01,1.402358746147782220e+00,3.453776417700584034e+01,2.275826839380677757e+00
1.685866886060720844e+03,4.751697866681752203e-01,3.297026761640513826e+01,3.611305617691540704e+01,1.402246156490348561e+00,2.549996076880619800e+00,3.611305617691540704e+01,1.402246156490348561e+00,3.454030519011141109e+01,2.275764341761136400e+00
1.686342055847389020e+03,4.751697866681752203e-01,3.297278357126962334e+01,3.611575563481095230e+01,1.402133593639095510e+00,2.549996062703615340e+00,3.611575563481095230e+01,1.402133593639095510e+00,3.454284710519669943e+01,2.275701849432248736e+00
1.686817225634057195e+03,4.751697866681752203e-01,3.297529958104463788e+01,3.611845924190613033e+01,1.402021057566213091e+00,2.549996048483216260e+00,3.611845924190613033e+01,1.402021057566213091e+00,3.454538991990667540e+01,2.275639362392792631e+00
1.687292395420725370e+03,4.751697866681752203e-01,3.297781564510790986e+01,3.612116685692566165e+01,1.401908548245589303e+00,2.549996034219316421e+00,3.612116685692566165e+01,1.401908548245589303e+00,3.454793363196953493e+01,2.275576880641546396e+00
1.687767565207393545e+03,4.751697866681752203e-01,3.298033176283690437e+01,3.612387835241039369e+01,1.401796065652526790e+00,2.549996019911807910e+00,3.612387835241039369e+01,1.401796065652526790e+00,3.455047823918820882e+01,2.275514404177289229e+00
1.688350547519239399e+03,5.829823118458534736e-01,3.298341884154517345e+01,3.612721019798075162e+01,1.401658098064999303e+00,2.549996002298302589e+00,3.612721019798075162e+01,1.401658098064999303e+00,3.455360141877477531e+01,2.275437759484061573e+00
1.688933529831085252e+03,5.829823118458534736e-01,3.298650599894754976e+01,3.613054751733241687e+01,1.401520170632901463e+00,2.549995984618795397e+00,3.613054751733241687e+01,1.401520170632901463e+00,3.455672593880017729e+01,2.275361122745073850e+00
1.689516512142931106e+03,5.829823118458534736e-01,3.298959323389475173e+01,3.613389013566133912e+01,1.401382283316833899e+00,2.549995966873087827e+00,3.613389013566133912e+01,1.401382283316833899e+00,3.455985179558319942e+01,2.275284493958081189e+00
1.690099494454776959e+03,5.829823118458534736e-01,3.299268054523848548e+01,3.613723789410759224e+01,1.401244436079034594e+00,2.549995949060981371e+00,3.613723789410759224e+01,1.401244436079034594e+00,3.456297898555658321e+01,2.275207873120840496e+00
1.690682476766622813e+03,5.829823118458534736e-01,3.299576793183184265e+01,3.614059064742405525e+01,1.401106628883139749e+00,2.549995931182275744e+00,3.614059064742405525e+01,1.401106628883139749e+00,3.456610750525682363e+01,2.275131260231108232e+00
1.691265459078468666e+03,5.829823118458534736e-01,3.299885539252974809e+01,3.614394826209781542e+01,1.400968861693993261e+00,2.549995913236771550e+00,3.614394826209781542e+01,1.400968861693993261e+00,3.456923735131564257e+01,2.275054655286644856e+00
1.691982729989572590e+03,7.172709111039239360e-01,3.300265414249766849e+01,3.614808578401147088e+01,1.400799414999069459e+00,2.549995891065614639e+00,3.614808578401147088e+01,1.400799414999069459e+00,3.457308996501783582e+01,2.274960415472080832e+00
1.692700000900676514e+03,7.172709111039239360e-01,3.300645300078897293e+01,3.615223026738649992e+01,1.400630028751368661e+00,2.549995868792662712e+00,3.615223026738649992e+01,1.400630028751368661e+00,3.457694457559895795e+01,2.274866187677157203e+00
1.693417271811780438e+03,7.172709111039239360e-01,3.301025196528799910e+01,3.615638151845550397e+01,1.400460702891072051e+00,2.549995846417540957e+00,3.615638151845550397e+01,1.400460702891072051e+00,3.458080117728651004e+01,2.274771971897714629e+00
1.694134542722884362e+03,7.172709111039239360e-01,3.301405103388741225e+01,3.616053935867144986e+01,1.400291437359934887e+00,2.549995823939872786e+00,3.616053935867144986e+01,1.400291437359934887e+00,3.458465976446441914e+01,2.274677768129597322e+00
1.694851813633988286e+03,7.172709111039239360e-01,3.301785020448943442e+01,3.616470362276432127e+01,1.400122232101088660e+00,2.549995801359281167e+00,3.616470362276432127e+01,1.400122232101088660e+00,3.458852033166105855e+01,2.274583576368651272e+00
1.695569084545092210e+03,7.172709111039239360e-01,3.302164947500683922e+01,3.616887415713068066e+01,1.399953087058876999e+00,2.549995778675387292e+00,3.616887415713068066e+01,1.399953087058876999e+00,3.459238287353885255e+01,2.274489396610730019e+00
1.696286355456196134e+03,7.172709111039239360e-01,3.302544884336408870e+01,3.617305081848592607e+01,1.399784002178717346e+00,2.549995755887812354e+00,3.617305081848592607e+01,1.399784002178717346e+00,3.459624738488491857e+01,2.274395228851687545e+00
1.697165819427653105e+03,8.794639714569711941e-01,3.303010747532222524e+01,3.617818009412565061e+01,1.399576764966427911e+00,2.549995727805333789e+00,3.617818009412565061e+01,1.399576764966427911e+00,3.460098844017492326e+01,2.274279783754525663e+00
1.698045283399110076e+03,8.794639714569711941e-01,3.303476624749693258e+01,3.618331814934445134e+01,1.399369618023089457e+00,2.549995699565708485e+00,3.618331814934445134e+01,1.399369618023089457e+00,3.460573243950405953e+01,2.274164356682424781e+00
1.698924747370567047e+03,8.794639714569711941e-01,3.303942515614819087e+01,3.618846476992348471e+01,1.399162561253319836e+00,2.549995671168230338e+00,3.618846476992348471e+01,1.399162561253319836e+00,3.461047937393001916e+01,2.274048947627770989e+00
1.699804211342024018e+03,8.794639714569711941e-01,3.304408419757265847e+01,3.619361975607164794e+01,1.398955594563259908e+00,2.549995642612191915e+00,3.619361975607164794e+01,1.398955594563259908e+00,3.461522923472383440e+01,2.273933556582951265e+00
1.700683675313480990e+03,8.794639714569711941e-01,3.304874336810626545e+01,3.619878292082847793e+01,1.398748717860413882e+00,2.549995613896884450e+00,3.619878292082847793e+01,1.398748717860413882e+00,3.461998201335581626e+01,2.273818183540368132e+00
1.701563139284937961e+03,8.794639714569711941e-01,3.305340266412674310e+01,3.620395408870670906e+01,1.398541931053510545e+00,2.549995585021593847e+00,3.620395408870670906e+01,1.398541931053510545e+00,3.462473770148304197e+01,2.273702828492425443e+00
1.702442603256394932e+03,8.794639714569711941e-01,3.305806208205607533e+01,3.620913309453001006e+01,1.398335234052386689e+00,2.549995555985607787e+00,3.620913309453001006e+01,1.398335234052386689e+00,3.462949629093818515e+01,2.273587491431537710e+00
1.703322067227851903e+03,8.794639714569711941e-01,3.306272161836285761e+01,3.621431978243116845e+01,1.398128626767884519e+00,2.549995526788208178e+00,3.621431978243116845e+01,1.398128626767884519e+00,3.463425777371936221e+01,2.273472172350126996e+00
1.704391492193233717e+03,1.069424965381813308e+00,3.306838775189766011e+01,3.622063691381076467e+01,1.397877513817076922e+00,2.549995491065763176e+00,3.622063691381076467e+01,1.397877513817076922e+00,3.464005160624786583e+01,2.273331968983068663e+00
1.705460917158615530e+03,1.069424965381813308e+00,3.307405404916487868e+01,3.622696493681422680e+01,1.397626533238072177e+00,2.549995455102285202e+00,3.622696493681422680e+01,1.397626533238072177e+00,3.464584969157908745e+01,2.273191792176518788e+00
1.706530342123997343e+03,1.069424965381813308e+00,3.307972050412191578e+01,3.623330361658955923e+01,1.397375684875542978e+00,2.549995418896470856e+00,3.623330361658955923e+01,1.397375684875542978e+00,3.465165201620347091e+01,2.273051641916896237e+00
1.707599767089379156e+03,1.069424965381813308e+00,3.308538711084833039e+01,3.623965273185191194e+01,1.397124968575678805e+00,2.549995382447013181e+00,3.623965273185191194e+01,1.397124968575678805e+00,3.465745856689739668e+01,2.272911518190633640e+00
1.708669192054760970e+03,1.069424965381813308e+00,3.309105386355066969e+01,3.624601207358852406e+01,1.396874384186054474e+00,2.549995345752599896e+00,3.624601207358852406e+01,1.396874384186054474e+00,3.466326933070683936e+01,2.272771420984180502e+00
1.709738617020142783e+03,1.069424965381813308e+00,3.309672075656700940e+01,3.625238144393292572e+01,1.396623931555518450e+00,2.549995308811912942e+00,3.625238144393292572e+01,1.396623931555518450e+00,3.466908429493281574e+01,2.272631350284004537e+00
1.710808041985524596e+03,1.069424965381813308e+00,3.310238778437123131e+01,3.625876065518092162e+01,1.396373610534093590e+00,2.549995271623629822e+00,3.625876065518092162e+01,1.396373610534093590e+00,3.467490344711796979e+01,2.272491306076583673e+00
1.711877466950906410e+03,1.069424965381813308e+00,3.310805494157688145e+01,3.626514952892603105e+01,1.396123420972892326e+00,2.549995234186423598e+00,3.626514952892603105e+01,1.396123420972892326e+00,3.468072677503450052e+01,2.272351288348415377e+00
1.712946891916288223e+03,1.069424965381813308e+00,3.311372222294095735e+01,3.627154789529615897e+01,1.395873362724038724e+00,2.549995196498959782e+00,3.627154789529615897e+01,1.395873362724038724e+00,3.468655426667280040e+01,2.272211297086009996e+00
1.714196891916288223e+03,1.250000000000000000e+00,3.312034658925681896e+01,3.627903845728386756e+01,1.395581247771320088e+00,2.549995152128875731e+00,3.627903845728386756e+01,1.395581247771320088e+00,3.469337100647181416e+01,2.272047701482997617e+00
1.715446891916288223e+03,1.250000000000000000e+00,3.312697111036560216e+01,3.628654152096594743e+01,1.395289311785832043e+00,2.549995107412913686e+00,3.628654152096594743e+01,1.395289311785832043e+00,3.470019340019592846e+01,2.271884141998040008e+00
1.716696891916288223e+03,1.250000000000000000e+00,3.313359577867567651e+01,3.629405685248733704e+01,1.394997554536004936e+00,2.549995062348918484e+00,3.629405685248733704e+01,1.394997554536004936e+00,3.470702142969344806e+01,2.271720618609674336e+00
1.717946891916288223e+03,1.250000000000000000e+00,3.314022058688769334e+01,3.630158422934820095e+01,1.394705975791705521e+00,2.549995016934725633e+00,3.630158422934820095e+01,1.394705975791705521e+00,3.471385507714710172e+01,2.271557131296465304e+00
1.719196891916288223e+03,1.250000000000000000e+00,3.314684552800017769e+01,3.630912343949394483e+01,1.394414575324147698e+00,2.549994971168161317e+00,3.630912343949394483e+01,1.394414575324147698e+00,3.472069432505792719e+01,2.271393680037007368e+00
1.720446891916288223e+03,1.250000000000000000e+00,3.315347059531472951e+01,3.631667428050602098e+01,1.394123352905812796e+00,2.549994925047041949e+00,3.631667428050602098e+01,1.394123352905812796e+00,3.472753915623065524e+01,2.271230264809919408e+00
1.721696891916288223e+03,1.250000000000000000e+00,3.316009578244109690e+01,3.632423655887940583e+01,1.393832308310378520e+00,2.549994878569173729e+00,3.632423655887940583e+01,1.393832308310378520e+00,3.473438955376009574e+01,2.271066885593850948e+00
1.722946891916288223e+03,1.250000000000000000e+00,3.316672108330198654e+01,3.633181008937517475e+01,1.393541441312655449e+00,2.549994831732353529e+00,3.633181008937517475e+01,1.393541441312655449e+00,3.474124550101857523e+01,2.270903542367475492e+00
1.724196891916288223e+03,1.250000000000000000e+00,3.317334649213788822e+01,3.633939469443820514e+01,1.393250751688530409e+00,2.549994784534368897e+00,3.633939469443820514e+01,1.393250751688530409e+00,3.474810698164416323e+01,2.270740235109494964e+00
1.725446891916288223e+03,1.250000000000000000e+00,3.317997200351197762e+01,3.634699020367175137e+01,1.392960239214914298e+00,2.549994736972997167e+00,3.634699020367175137e+01,1.392960239214914298e+00,3.475497397952995726e+01,2.270576963798637937e+00
1.726696891916288223e+03,1.250000000000000000e+00,3.318659761231491956e+01,3.635459645336202072e+01,1.392669903669698117e+00,2.549994689046005902e+00,3.635459645336202072e+01,1.392669903669698117e+00,3.476184647881385814e+01,2.270413728413660071e+00
1.727946891916288223e+03,1.250000000000000000e+00,3.319322331376999813e+01,3.636221328604651148e+01,1.392379744831707677e+00,2.549994640751153785e+00,3.636221328604651148e+01,1.392379744831707677e+00,3.476872446386904159e+01,2.270250528933343226e+00
1.729196891916288223e+03,1.250000000000000000e+00,3.319984910343831785e+01,3.636984055012111128e+01,1.392089762480667847e+00,2.549994592086187950e+00,3.636984055012111128e+01,1.392089762480667847e+00,3.477560791929519013e+01,2.270087365336495022e+00
1.730446891916288223e+03,1.250000000000000000e+00,3.320647497722425356e+01,3.637747809948160693e+01,1.391799956397167692e+00,2.549994543048847984e+00,3.637747809948160693e+01,1.391799956397167692e+00,3.478249682991011582e+01,2.269924237601951500e+00
1.731696891916288223e+03,1.250000000000000000e+00,3.321310093138111341e+01,3.638512579319564821e+01,1.391510326362627170e+00,2.549994493636861925e+00,3.638512579319564821e+01,1.391510326362627170e+00,3.478939118074195846e+01,2.269761145708572236e+00
1.732946891916288223e+03,1.250000000000000000e+00,3.321972696251706481e+01,3.639278349520201061e+01,1.391220872159270039e+00,2.549994443847948489e+00,3.639278349520201061e+01,1.391220872159270039e+00,3.479629095702185992e+01,2.269598089635244786e+00
1.734196891916288223e+03,1.250000000000000000e+00,3.322635306760126639e+01,3.640045107403412317e+01,1.390931593570095659e+00,2.549994393679817062e+00,3.640045107403412317e+01,1.390931593570095659e+00,3.480319614417690133e+01,2.269435069360882906e+00
1.735446891916288223e+03,1.250000000000000000e+00,3.323297924397021319e+01,3.640812840256552363e+01,1.390642490378854346e+00,2.549994343130166374e+00,3.640812840256552363e+01,1.390642490378854346e+00,3.481010672782375082e+01,2.269272084864426109e+00
1.736696891916288223e+03,1.250000000000000000e+00,3.323960548933433756e+01,3.641581535777496725e+01,1.390353562370026719e+00,2.549994292196685830e+00,3.641581535777496725e+01,1.390353562370026719e+00,3.481702269376233261e+01,2.269109136124838777e+00
1.737946891916288223e+03,1.250000000000000000e+00,3.324623180178463855e+01,3.642351182052916414e+01,1.390064809328800166e+00,2.549994240877054175e+00,3.642351182052916414e+01,1.390064809328800166e+00,3.482394402797001476e+01,2.268946223121113270e+00
1.739196891916288223e+03,1.250000000000000000e+00,3.325285817979954572e+01,3.643121767538162459e+01,1.389776231041051302e+00,2.549994189168941716e+00,3.643121767538162459e+01,1.389776231041051302e+00,3.483087071659607403e+01,2.268783345832264153e+00
1.740000000000000000e+03,8.031080837117769988e-01,3.325711557205301716e+01,3.643617348629745578e+01,1.389590915503796653e+00,2.549994155741114099e+00,3.643617348629745578e+01,1.389590915503796653e+00,3.483532383912546493e+01,2.268678718213175571e+00
1.740003017800332600e+03,3.017800332600018010e-03,3.325713156989946384e+01,3.643619210394653862e+01,1.389590219289032369e+00,2.549994155615198821e+00,3.643619210394653862e+01,1.389590219289032369e+00,3.483534057654369320e+01,2.268678325086820546e+00
1.740008162915321691e+03,5.145114989090870949e-03,3.325715884498497132e+01,3.643622382531141568e+01,1.389589032300473370e+00,2.549994155400518103e+00,3.643622382531141568e+01,1.389589032300473370e+00,3.483536911253129631e+01,2.268677654837424118e+00
1.740018927212645849e+03,1.076429732415817853e-02,3.325721590826705665e+01,3.643629014396224619e+01,1.389586548967264523e+00,2.549994154951353842e+00,3.643629014396224619e+01,1.389586548967264523e+00,3.483542881375464617e+01,2.268676252584273190e+00
1.740036539894550742e+03,1.761268190489317931e-02,3.325730927595428454e+01,3.643639856329392046e+01,1.389582485738628082e+00,2.549994154216363995e+00,3.643639856329392046e+01,1.389582485738628082e+00,3.483552649755532116e+01,2.268673958205321473e+00
1.740062526413037403e+03,2.598651848666122532e-02,3.325744703473235830e+01,3.643655837931711261e+01,1.389576490745874970e+00,2.549994153131784902e+00,3.643655837931711261e+01,1.389576490745874970e+00,3.483567062424690164e+01,2.268670572991577039e+00
1.740098120864134899e+03,3.559445109749503899e-02,3.325763572677497848e+01,3.643677706166553776e+01,1.389568279374102655e+00,2.549994151645932128e+00,3.643677706166553776e+01,1.389568279374102655e+00,3.483586803808466925e+01,2.268665936196005983e+00
1.740144387035126556e+03,4.626617099165741820e-02,3.325788099143822762e+01,3.643706100362069122e+01,1.389557606346001783e+00,2.549994149714124525e+00,3.643706100362069122e+01,1.389557606346001783e+00,3.483612463859090269e+01,2.268659909266840469e+00
1.740202246936732536e+03,5.785990160597975773e-02,3.325818771651771755e+01,3.643741570182611866e+01,1.389544259148415284e+00,2.549994147297471869e+00,3.643741570182611866e+01,1.389544259148415284e+00,3.483644553877564221e+01,2.268652372132596184e+00
1.740272511692271792e+03,7.026475553925592976e-02,3.325856020200010477e+01,3.643784594990334114e+01,1.389528050914625501e+00,2.549994144361571013e+00,3.643784594990334114e+01,1.389528050914625501e+00,3.483683523643477997e+01,2.268643219179941273e+00
1.740342776447811048e+03,7.026475553925592976e-02,3.325893268768394506e+01,3.643827573078602455e+01,1.389511843259690682e+00,2.549994141424428484e+00,3.643827573078602455e+01,1.389511843259690682e+00,3.483722493214578009e+01,2.268634066340170730e+00
1.740438254073929329e+03,9.547762611828147783e-02,3.325943883150036129e+01,3.643885907655401013e+01,1.389489820787568553e+00,2.549994137431371044e+00,3.643885907655401013e+01,1.389489820787568553e+00,3.483775445802593396e+01,2.268621629397983064e+00
1.740533731700047611e+03,9.547762611828147783e-02,3.325994497568829189e+01,3.643944175746467096e+01,1.389467799373014012e+00,2.549994133436019439e+00,3.643944175746467096e+01,1.389467799373014012e+00,3.483828398045471886e+01,2.268609192664209129e+00
1.740656518865805083e+03,1.227871657574723940e-01,3.326059589323764243e+01,3.644019023552506553e+01,1.389439480704404595e+00,2.549994128294501561e+00,3.644019023552506553e+01,1.389439480704404595e+00,3.483896495763459455e+01,2.268593198948146039e+00
1.740779306031562555e+03,1.227871657574723940e-01,3.326124681140062478e+01,3.644093783656728647e+01,1.389411163772056090e+00,2.549994123149185832e+00,3.644093783656728647e+01,1.389411163772056090e+00,3.483964592935576832e+01,2.268577205576736144e+00
1.740931496490337622e+03,1.521904587750668725e-01,3.326205360287378454e+01,3.644186336608500199e+01,1.389376068313281198e+00,2.549994116766470142e+00,3.644186336608500199e+01,1.389376068313281198e+00,3.484048996293020650e+01,2.268557382822559809e+00
1.741083686949112689e+03,1.521904587750668725e-01,3.326286039528831395e+01,3.644278779270592139e+01,1.389340975507487697e+00,2.549994110377913348e+00,3.644278779270592139e+01,1.389340975507487697e+00,3.484133398850944729e+01,2.268537560597795544e+00
1.741267111573839202e+03,1.834246247265127749e-01,3.326383276758628682e+01,3.644390060561142519e+01,1.389298684095594982e+00,2.549994102670458229e+00,3.644390060561142519e+01,1.389298684095594982e+00,3.484235122375442728e+01,2.268513670945945027e+00
1.741450536198565715e+03,1.834246247265127749e-01,3.326480514124990862e+01,3.644501208077490872e+01,1.389256396521319825e+00,2.549994094954503687e+00,3.644501208077490872e+01,1.389256396521319825e+00,3.484336844795937793e+01,2.268489782062983906e+00
1.741633960823292227e+03,1.834246247265127749e-01,3.326577751627846880e+01,3.644612232215649072e+01,1.389214112778154764e+00,2.549994087230043061e+00,3.644612232215649072e+01,1.389214112778154764e+00,3.484438566140043747e+01,2.268465893948845569e+00
1.741865485349109122e+03,2.315245258168943110e-01,3.326700488160658153e+01,3.644752207511400854e+01,1.389160746323933493e+00,2.549994077467820031e+00,3.644752207511400854e+01,1.389160746323933493e+00,3.484566960631042321e+01,2.268435742691968571e+00
1.742097009874926016e+03,2.315245258168943110e-01,3.326823224910795318e+01,3.644892014071284336e+01,1.389107385955495211e+00,2.549994067692016753e+00,3.644892014071284336e+01,1.389107385955495211e+00,3.484695353495420989e+01,2.268405592659759940e+00
1.742328534400742910e+03,2.315245258168943110e-01,3.326945961878247005e+01,3.645031663710818748e+01,1.389054031664842759e+00,2.549994057902619016e+00,3.645031663710818748e+01,1.389054031664842759e+00,3.484823744777342824e+01,2.268375443852085116e+00
1.742611189980251538e+03,2.826555795086278522e-01,3.327095804996427120e+01,3.645201955974786756e+01,1.388988902570604145e+00,2.549994045932827191e+00,3.645201955974786756e+01,1.388988902570604145e+00,3.484980488557398814e+01,2.268338638488249792e+00
1.742893845559760166e+03,2.826555795086278522e-01,3.327245648438734094e+01,3.645372044558815361e+01,1.388923782513598271e+00,2.549994033942723171e+00,3.645372044558815361e+01,1.388923782513598271e+00,3.485137230110115070e+01,2.268301834949089546e+00
1.743176501139268794e+03,2.826555795086278522e-01,3.327395492205445748e+01,3.645541942521170853e+01,1.388858671484004104e+00,2.549994021932278088e+00,3.645541942521170853e+01,1.388858671484004104e+00,3.485293969500780520e+01,2.268265033234358352e+00
1.743459156718777422e+03,2.826555795086278522e-01,3.327545336296950040e+01,3.645711661111513990e+01,1.388793569473014022e+00,2.549994009901465741e+00,3.645711661111513990e+01,1.388793569473014022e+00,3.485450706790667397e+01,2.268228233343813294e+00
1.743812419822194215e+03,3.532631034167934558e-01,3.327732611984807676e+01,3.645923538166315581e+01,1.388712217609929578e+00,2.549993994836671440e+00,3.645923538166315581e+01,1.388712217609929578e+00,3.485646594278598087e+01,2.268182243384010643e+00
1.744165682925611009e+03,3.532631034167934558e-01,3.327919888181997976e+01,3.646135166996772625e+01,1.388630879807221330e+00,2.549993979739966221e+00,3.646135166996772625e+01,1.388630879807221330e+00,3.485842478681350087e+01,2.268136256272728080e+00
1.744518946029027802e+03,3.532631034167934558e-01,3.328107164890007397e+01,3.646346562091302701e+01,1.388549556051891898e+00,2.549993964611295016e+00,3.646346562091302701e+01,1.388549556051891898e+00,3.486038360098677202e+01,2.268090272009489095e+00
1.744872209132444596e+03,3.532631034167934558e-01,3.328294442110599505e+01,3.646557736171174469e+01,1.388468246331937550e+00,2.549993949450604980e+00,3.646557736171174469e+01,1.388468246331937550e+00,3.486234238624714976e+01,2.268044290593818069e+00
1.745300324507183404e+03,4.281153747388088959e-01,3.328521401848062311e+01,3.646813375414443215e+01,1.388369726839823848e+00,2.549993931034551409e+00,3.646813375414443215e+01,1.388369726839823848e+00,3.486471617744989970e+01,2.267988570076139521e+00
1.745728439881922213e+03,4.281153747388088959e-01,3.328748362345511680e+01,3.647068724340181234e+01,1.388271227926060281e+00,2.549993912571296928e+00,3.647068724340181234e+01,1.388271227926060281e+00,3.486708992899723114e+01,2.267932853739060839e+00
1.746156555256661022e+03,4.281153747388088959e-01,3.328975323607710379e+01,3.647323798644119108e+01,1.388172749573199027e+00,2.549993894060745170e+00,3.647323798644119108e+01,1.388172749573199027e+00,3.486946364230639972e+01,2.267877141581736922e+00
1.746584670631399831e+03,4.281153747388088959e-01,3.329202285640019454e+01,3.647578612309732193e+01,1.388074291764760604e+00,2.549993875502799323e+00,3.647578612309732193e+01,1.388074291764760604e+00,3.487183731872027437e+01,2.267821433603324888e+00
1.747012786006138640e+03,4.281153747388088959e-01,3.329429248448400358e+01,3.647833177892839274e+01,1.387975854485074212e+00,2.549993856897363464e+00,3.647833177892839274e+01,1.387975854485074212e+00,3.487421095951524563e+01,2.267765729802978747e+00
1.747537891816272804e+03,5.251058101341641304e-01,3.329707631226108333e+01,3.648145093670185446e+01,1.387855144043238509e+00,2.549993834011837102e+00,3.648145093670185446e+01,1.387855144043238509e+00,3.487712230675158764e+01,2.267697411893793813e+00
1.748062997626406968e+03,5.251058101341641304e-01,3.329986015194647564e+01,3.648456672102943799e+01,1.387734464436497950e+00,2.549993811054540149e+00,3.648456672102943799e+01,1.387734464436497950e+00,3.488003360436258049e+01,2.267629100267394282e+00
1.748588103436541132e+03,5.251058101341641304e-01,3.330264400368769628e+01,3.648767930113179858e+01,1.387613815639494153e+00,2.549993788025294084e+00,3.648767930113179858e+01,1.387613815639494153e+00,3.488294485437236148e+01,2.267560794922225842e+00
1.749113209246675297e+03,5.251058101341641304e-01,3.330542786764611662e+01,3.649078882982425398e+01,1.387493197627809760e+00,2.549993764923919937e+00,3.649078882982425398e+01,1.387493197627809760e+00,3.488585605870610351e+01,2.267492495856737289e+00
1.749638315056809461e+03,5.251058101341641304e-01,3.330821174399707019e+01,3.649389544593246626e+01,1.387372610377832771e+00,2.549993741750237852e+00,3.649389544593246626e+01,1.387372610377832771e+00,3.488876721919928769e+01,2.267424203069373867e+00
1.750163420866943625e+03,5.251058101341641304e-01,3.331099563292990950e+01,3.649699927623925078e+01,1.387252053866645518e+00,2.549993718504067086e+00,3.649699927623925078e+01,1.387252053866645518e+00,3.489167833760570403e+01,2.267355916558589701e+00
1.750809698890881009e+03,6.462780239373842051e-01,3.331442194326929496e+01,3.650081568625732586e+01,1.387103720175195010e+00,2.549993689793888407e+00,3.650081568625732586e+01,1.387103720175195010e+00,3.489526116372780251e+01,2.267271881022963065e+00
1.751455976914818393e+03,6.462780239373842051e-01,3.331784827338506716e+01,3.650462825018675517e+01,1.386955432971513691e+00,2.549993660973297160e+00,3.650462825018675517e+01,1.386955432971513691e+00,3.489884393162574838e+01,2.267187854989641593e+00
1.752102254938755777e+03,6.462780239373842051e-01,3.332127462371859394e+01,3.650843714817041530e+01,1.386807192216157558e+00,2.549993632041956726e+00,3.650843714817041530e+01,1.386807192216157558e+00,3.490242664414493134e+01,2.267103838455741815e+00
1.752748532962693162e+03,6.462780239373842051e-01,3.332470099474396363e+01,3.651224254482652043e+01,1.386658997870598542e+00,2.549993602999527376e+00,3.651224254482652043e+01,1.386658997870598542e+00,3.490600930400021440e+01,2.267019831418384257e+00
1.753394810986630546e+03,6.462780239373842051e-01,3.332812738696822663e+01,3.651604459126411228e+01,1.386510849897111264e+00,2.549993573845672046e+00,3.651604459126411228e+01,1.386510849897111264e+00,3.490959191378697568e+01,2.266935833874690331e+00
1.754041089010567930e+03,6.462780239373842051e-01,3.333155380093148068e+01,3.651984342675252293e+01,1.386362748258680666e+00,2.549993544580050120e+00,3.651984342675252293e+01,1.386362748258680666e+00,3.491317447599060841e+01,2.266851845821782785e+00
1.754687367034505314e+03,6.462780239373842051e-01,3.333498023720702008e+01,3.652363918011758415e+01,1.386214692918922076e+00,2.549993515202321426e+00,3.652363918011758415e+01,1.386214692918922076e+00,3.491675699299506164e+01,2.266767867256789248e+00
1.755481420343986656e+03,7.940533094813417847e-01,3.333919017981021682e+01,3.652829881054588412e+01,1.386032847187627537e+00,2.549993478953210158e+00,3.652829881054588412e+01,1.386032847187627537e+00,3.492115861514562880e+01,2.266664699483049716e+00
1.756275473653467998e+03,7.940533094813417847e-01,3.334340015820792047e+01,3.653295417305556470e+01,1.385851071229149190e+00,2.549993442533713850e+00,3.653295417305556470e+01,1.385851071229149190e+00,3.492556017658281320e+01,2.266561546022564322e+00
1.757069526962949340e+03,7.940533094813417847e-01,3.334761017367068803e+01,3.653760545603520171e+01,1.385669364979110529e+00,2.549993405943196567e+00,3.653760545603520171e+01,1.385669364979110529e+00,3.492996168119165645e+01,2.266458406870017317e+00
1.757863580272430681e+03,7.940533094813417847e-01,3.335182022754566589e+01,3.654225283335541263e+01,1.385487728374048322e+00,2.549993369181021041e+00,3.654225283335541263e+01,1.385487728374048322e+00,3.493436313268863813e+01,2.266355282020098283e+00
1.758657633581912023e+03,7.940533094813417847e-01,3.335603032125682432e+01,3.654689646603168285e+01,1.385306161351318233e+00,2.549993332246546895e+00,3.654689646603168285e+01,1.385306161351318233e+00,3.493876453463447973e+01,2.266252171467498577e+00
1.759451686891393365e+03,7.940533094813417847e-01,3.336024045630505697e+01,3.655153650363524065e+01,1.385124663849014448e+00,2.549993295139135085e+00,3.655153650363524065e+01,1.385124663849014448e+00,3.494316589044539256e+01,2.266149075206918440e+00
1.760245740200874707e+03,7.940533094813417847e-01,3.336445063426834423e+01,3.655617308549913247e+01,1.384943235805901507e+00,2.549993257858141682e+00,3.655617308549913247e+01,1.384943235805901507e+00,3.494756720340316747e+01,2.266045993233059441e+00
1.761039793510356049e+03,7.940533094813417847e-01,3.336866085680178173e+01,3.656080634175586397e+01,1.384761877161354571e+00,2.549993220402922756e+00,3.656080634175586397e+01,1.384761877161354571e+00,3.495196847666422713e+01,2.265942925540629815e+00
1.762011266974989894e+03,9.714734646338456514e-01,3.337381185809320527e+01,3.656647048881757200e+01,1.384540090755384423e+00,2.549993174340946300e+00,3.656647048881757200e+01,1.384540090755384423e+00,3.495735310358997339e+01,2.265816848224172286e+00
1.762982740439623740e+03,9.714734646338456514e-01,3.337896293202393849e+01,3.657213004796189892e+01,1.384318408026071090e+00,2.549993128016037058e+00,3.657213004796189892e+01,1.384318408026071090e+00,3.496273768098337342e+01,2.265690792266509046e+00
1.763954213904257585e+03,9.714734646338456514e-01,3.338411408209594811e+01,3.657778521212373590e+01,1.384096828865508444e+00,2.549993081427004871e+00,3.657778521212373590e+01,1.384096828865508444e+00,3.496812221395957465e+01,2.265564757657975825e+00
1.764925687368891431e+03,9.714734646338456514e-01,3.338926531198366376e+01,3.658343616080986749e+01,1.383875353166747368e+00,2.549993034572656025e+00,3.658343616080986749e+01,1.383875353166747368e+00,3.497350670742167011e+01,2.265438744388919901e+00
1.765897160833525277e+03,9.714734646338456514e-01,3.339441662553361567e+01,3.658908306146351919e+01,1.383653980823716712e+00,2.549992987451792814e+00,3.658908306146351919e+01,1.383653980823716712e+00,3.497889116607533566e+01,2.265312752449697875e+00
1.766868634298159122e+03,9.714734646338456514e-01,3.339956802676384484e+01,3.659472607064610372e+01,1.383432711731155340e+00,2.549992940063214419e+00,3.659472607064610372e+01,1.383432711731155340e+00,3.498427559444172630e+01,2.265186781830672569e+00
1.767840107762792968e+03,9.714734646338456514e-01,3.340471951986332755e+01,3.660036533506652034e+01,1.383211545784550855e+00,2.549992892405716027e+00,3.660036533506652034e+01,1.383211545784550855e+00,3.498965999686939909e+01,2.265060832522222789e+00
1.768811581227426814e+03,9.714734646338456514e-01,3.340987110919112979e+01,3.660600099248203065e+01,1.382990482880089189e+00,2.549992844478087051e+00,3.660600099248203065e+01,1.382990482880089189e+00,3.499504437754495001e+01,2.264934904514731784e+00
1.769783054692060659e+03,9.714734646338456514e-01,3.341502279927558305e+01,3.661163317249071980e+01,1.382769522914606197e+00,2.549992796279116902e+00,3.661163317249071980e+01,1.382769522914606197e+00,3.500042874050276254e+01,2.264808997798594348e+00
1.770965969028409972e+03,1.182914336349313089e+00,3.342129589582015115e+01,3.661848667584639827e+01,1.382500609922852508e+00,2.549992737221539407e+00,3.661848667584639827e+01,1.382500609922852508e+00,3.500698498994338337e+01,2.264655716261027241e+00
1.772148883364759286e+03,1.182914336349313089e+00,3.342756915754005576e+01,3.662533541097567991e+01,1.382231849219677011e+00,2.549992677757643378e+00,3.662533541097567991e+01,1.382231849219677011e+00,3.501354122563141402e+01,2.264502466259997071e+00
1.773331797701108599e+03,1.182914336349313089e+00,3.343384259361205579e+01,3.663217957123620039e+01,1.381963240622241962e+00,2.549992617885215918e+00,3.663217957123620039e+01,1.381963240622241962e+00,3.502009745404524210e+01,2.264349247778220331e+00
1.774514712037457912e+03,1.182914336349313089e+00,3.344011621357265795e+01,3.663901933768214292e+01,1.381694783948808292e+00,2.549992557602036580e+00,3.663901933768214292e+01,1.381694783948808292e+00,3.502665368140371527e+01,2.264196060798433052e+00
1.775697626373807225e+03,1.182914336349313089e+00,3.344639002731369715e+01,3.664585488018447279e+01,1.381426479018664555e+00,2.549992496905876926e+00,3.664585488018447279e+01,1.381426479018664555e+00,3.503320991368243398e+01,2.264042905303394360e+00
1.776880540710156538e+03,1.182914336349313089e+00,3.345266404507744085e+01,3.665268635841766809e+01,1.381158325652069641e+00,2.549992435794498746e+00,3.665268635841766809e+01,1.381158325652069641e+00,3.503976615662852367e+01,2.263889781275882473e+00
1.778063455046505851e+03,1.182914336349313089e+00,3.345893827745119609e+01,3.665951392273267118e+01,1.380890323670198816e+00,2.549992374265656281e+00,3.665951392273267118e+01,1.380890323670198816e+00,3.504632241577423457e+01,2.263736688698695598e+00
1.779246369382855164e+03,1.182914336349313089e+00,3.346521273536125562e+01,3.666633771493202687e+01,1.380622472895096209e+00,2.549992312317094889e+00,3.666633771493202687e+01,1.380622472895096209e+00,3.505287869644921273e+01,2.263583627554652811e+00
1.780429283719204477e+03,1.182914336349313089e+00,3.347148743006634675e+01,3.667315786896094210e+01,1.380354773149631953e+00,2.549992249946551937e+00,3.667315786896094210e+01,1.380354773149631953e+00,3.505943500379198241e+01,2.263430597826593171e+00
1.781612198055553790e+03,1.182914336349313089e+00,3.347776237315043346e+01,3.667997451152521649e+01,1.380087224257464884e+00,2.549992187151756351e+00,3.667997451152521649e+01,1.380087224257464884e+00,3.506599134276036267e+01,2.263277599497375725e+00
1.782862198055553790e+03,1.250000000000000000e+00,3.348439346509437087e+01,3.668717405778905061e+01,1.379804665815769660e+00,2.549992120332179812e+00,3.668717405778905061e+01,1.379804665815769660e+00,3.507291954574006354e+01,2.263115958399131600e+00
1.784112198055553790e+03,1.250000000000000000e+00,3.349102486209873319e+01,3.669436995109265354e+01,1.379522275420622890e+00,2.549992053033618866e+00,3.669436995109265354e+01,1.379522275420622890e+00,3.507984779482929127e+01,2.262954352322814611e+00
1.785362198055553790e+03,1.250000000000000000e+00,3.349765657895377302e+01,3.670156231844476480e+01,1.379240052866572031e+00,2.549991985253361459e+00,3.670156231844476480e+01,1.379240052866572031e+00,3.508677609528846375e+01,2.262792781248272878e+00
1.786612198055553790e+03,1.250000000000000000e+00,3.350428863080916386e+01,3.670875128026506218e+01,1.378957997948993430e+00,2.549991916988687102e+00,3.670875128026506218e+01,1.378957997948993430e+00,3.509370445219677492e+01,2.262631245155377613e+00
1.787862198055553790e+03,1.250000000000000000e+00,3.351092103315966853e+01,3.671593695086515652e+01,1.378676110464059468e+00,2.549991848236861980e+00,3.671593695086515652e+01,1.378676110464059468e+00,3.510063287046141767e+01,2.262469744024024898e+00
1.789112198055553790e+03,1.250000000000000000e+00,3.351755380182982691e+01,3.672311943888399810e+01,1.378394390208711240e+00,2.549991778995143843e+00,3.672311943888399810e+01,1.378394390208711240e+00,3.510756135482622398e+01,2.262308277834133019e+00
1.790362198055553790e+03,1.250000000000000000e+00,3.352418695295752826e+01,3.673029884768288156e+01,1.378112836980632139e+00,2.549991709260778894e+00,3.673029884768288156e+01,1.378112836980632139e+00,3.511448990987973673e+01,2.262146846565650016e+00
1.791612198055553790e+03,1.250000000000000000e+00,3.353082050297664551e+01,3.673747527570468208e+01,1.377831450578223871e+00,2.549991639031001345e+00,3.673747527570468208e+01,1.377831450578223871e+00,3.512141854006262776e+01,2.261985450198541692e+00
1.792862198055553790e+03,1.250000000000000000e+00,3.353745446859873880e+01,3.674464881680150796e+01,1.377550230800584252e+00,2.549991568303036971e+00,3.674464881680150796e+01,1.377550230800584252e+00,3.512834724967466826e+01,2.261824088712801828e+00
1.794112198055553790e+03,1.250000000000000000e+00,3.354408886679384239e+01,3.675181956053381782e+01,1.377269177447487669e+00,2.549991497074099112e+00,3.675181956053381782e+01,1.377269177447487669e+00,3.513527604288125872e+01,2.261662762088449075e+00
1.795362198055553790e+03,1.250000000000000000e+00,3.355072371477041315e+01,3.675898759244441294e+01,1.376988290319364650e+00,2.549991425341391782e+00,3.675898759244441294e+01,1.376988290319364650e+00,3.514220492371948978e+01,2.261501470305522066e+00
1.796612198055553790e+03,1.250000000000000000e+00,3.355735902995461117e+01,3.676615299430972783e+01,1.376707569217286764e+00,2.549991353102105673e+00,3.676615299430972783e+01,1.376707569217286764e+00,3.514913389610386929e+01,2.261340213344088301e+00
1.797862198055553790e+03,1.250000000000000000e+00,3.356399482996886263e+01,3.677331584437073531e+01,1.376427013942948419e+00,2.549991280353423928e+00,3.677331584437073531e+01,1.376427013942948419e+00,3.515606296383165130e+01,2.261178991184233489e+00
1.799112198055553790e+03,1.250000000000000000e+00,3.357063113260986853e+01,3.678047621754549112e+01,1.376146624298652643e+00,2.549991207092515477e+00,3.678047621754549112e+01,1.376146624298652643e+00,3.516299213058787387e+01,2.261017803806072646e+00
1.800000000000000000e+03,8.878019444462097454e-01,3.357534482562993361e+01,3.678556034731908397e+01,1.375947580407488990e+00,2.549991154746920063e+00,3.678556034731908397e+01,1.375947580407488990e+00,3.516791357487474556e+01,2.260903342945365768e+00
