time_s,heat_balance,moisture_balance,heat_quadrature_difference,moisture_quadrature_difference
0.000000000000000000e+00,0.000000000000000000e+00,0.000000000000000000e+00,0.000000000000000000e+00,0.000000000000000000e+00
1.000000000000000000e+00,7.389366171260263874e-17,1.768778858041846121e-14,5.994629547672466014e-20,4.924943147686662250e-21
2.000000000000000000e+00,3.205991148105835854e-16,3.446439063039002447e-14,1.347709071273924108e-19,1.115312658338004829e-20
3.000000000000000000e+00,6.961081575179073609e-16,4.959191423293414376e-14,1.873053668458729840e-19,1.537012578463077909e-20
4.000000000000000000e+00,1.254609724254174947e-15,6.556872104196706099e-14,2.810210986500428732e-19,2.056027864770860091e-20
5.000000000000000000e+00,1.900060986442023708e-15,7.987580670186833536e-14,3.211471354492582710e-19,2.678846208340198771e-20
6.000000000000000000e+00,2.722969697062007272e-15,9.475163637847130017e-14,3.888507905768660028e-19,3.094058437386424457e-20
7.000000000000000000e+00,3.653549322459804480e-15,1.089962404874759885e-13,4.179216947885424006e-19,3.223812258963369927e-20
8.000000000000000000e+00,4.710763902936351053e-15,1.229913148913664426e-13,5.241858450635354500e-19,3.639024488009595914e-20
9.000000000000000000e+00,5.942534133149243168e-15,1.373805748596124150e-13,5.531363229943018046e-19,4.475936637180894680e-20
1.000000000000000000e+01,7.391989098284826081e-15,1.524502262059982081e-13,5.942739405531613342e-19,5.358262623904123999e-20
1.100000000000000000e+01,8.534419194913119289e-15,1.631665225778581403e-13,6.855088909705850654e-19,5.773474852950350588e-20
1.200000000000000000e+01,9.397822755496532355e-15,1.705458878084447797e-13,7.594987979616953479e-19,6.292490139258132469e-20
1.300000000000000000e+01,1.003760765198805950e-14,1.755442797140140809e-13,8.113302692653636515e-19,6.707702368304358456e-20
1.400000000000000000e+01,1.051931390206421965e-14,1.790140378434440320e-13,8.908116146659703055e-19,6.915308482827470246e-20
1.500000000000000000e+01,1.088770203810412923e-14,1.814896421371381732e-13,9.304077758291816480e-19,7.797634469550701371e-20
1.600000000000000000e+01,1.117638232558292557e-14,1.833013758223636866e-13,1.028675621051750130e-18,8.679960456273930088e-20
1.700000000000000000e+01,1.140646544584466668e-14,1.846544929415159158e-13,1.085902189740186752e-18,9.147074213950934022e-20
1.800000000000000000e+01,1.159362801176424893e-14,1.856839351412694654e-13,1.201704101463252555e-18,9.562286442997160009e-20
1.900000000000000000e+01,1.174646885403440384e-14,1.864786502455342137e-13,1.258737988102233647e-18,9.769892557520273003e-20
2.000000000000000000e+01,1.187121936494030036e-14,1.871007563482739568e-13,1.350647325692753273e-18,9.977498672043384792e-20
2.100000000000000000e+01,1.197546025399421408e-14,1.875942647798928831e-13,1.431092081340640176e-18,1.018510478656649899e-19
2.200000000000000000e+01,1.206554557868378223e-14,1.879912919166318258e-13,1.505852716529574312e-18,1.049651395835116788e-19
2.300000000000000000e+01,1.214066574867274083e-14,1.883132486759847074e-13,1.561345146772907120e-18,1.143074147370517575e-19
2.400000000000000000e+01,1.220506497996634508e-14,1.885762593291506486e-13,1.652291074116146978e-18,1.163834758822828994e-19
2.500000000000000000e+01,1.226053418452056870e-14,1.887938048241813942e-13,1.686395796869861853e-18,1.210546134590529267e-19
2.600000000000000000e+01,1.230871707604843075e-14,1.889751367920927720e-13,1.759229611564236068e-18,1.241687051768996277e-19
2.700000000000000000e+01,1.235081577353407848e-14,1.891263348761238545e-13,1.851716995303123824e-18,1.309159038989007969e-19
2.800000000000000000e+01,1.238835132548806587e-14,1.892537430518283788e-13,1.873682748941109695e-18,1.335109803304397063e-19
2.900000000000000000e+01,1.241636805773084456e-14,1.893618549685568761e-13,1.987750522219071108e-18,1.366250720482863832e-19
3.000000000000000000e+01,1.244629836713206366e-14,1.894533139494567979e-13,2.018772332181489994e-18,1.387011331935175252e-19
3.100000000000000000e+01,1.246989915208613823e-14,1.895318206469344802e-13,2.101625613447576991e-18,1.407771943387486431e-19
3.200000000000000000e+01,1.249094850082896210e-14,1.896005470487667790e-13,2.149603443762124875e-18,1.412962096250564346e-19
3.300000000000000000e+01,1.250934828119856286e-14,1.896602861518979397e-13,2.227446991742355384e-18,1.433722707702875765e-19
3.400000000000000000e+01,1.252676673994845230e-14,1.897115666209574426e-13,2.302014944881833797e-18,1.501194694922887217e-19
3.500000000000000000e+01,1.254374360396947148e-14,1.897570317790926634e-13,2.353653734136045993e-18,1.521955306375198396e-19
3.600000000000000000e+01,1.255895408907500807e-14,1.897980032878773026e-13,2.399126697807666211e-18,1.542715917827509816e-19
3.700000000000000000e+01,1.256945423040592651e-14,1.898323664887934393e-13,2.467336143315095576e-18,1.563476529279820995e-19
3.800000000000000000e+01,1.258319273308189611e-14,1.898638220342474602e-13,2.580247824296321113e-18,1.584237140732132656e-19
3.900000000000000000e+01,1.259428166738464261e-14,1.898907839303508996e-13,2.664835244007512501e-18,1.584237140732132656e-19
4.000000000000000000e+01,1.260684258411695609e-14,1.899148381709922231e-13,2.735934920256782517e-18,1.625758363636754773e-19
4.100000000000000000e+01,1.261871657571547228e-14,1.899365134208008604e-13,2.836707632122279243e-18,1.646518975089066433e-19
4.200000000000000000e+01,1.262764660245485292e-14,1.899560740120916023e-13,2.883914734239003082e-18,1.688040197993689032e-19
4.300000000000000000e+01,1.263647849703226116e-14,1.899719339509759828e-13,2.922836508229118336e-18,1.776272796666011663e-19
4.400000000000000000e+01,1.264069817999702364e-14,1.899893798837488039e-13,3.021875081649510671e-18,1.802223560981400998e-19
4.500000000000000000e+01,1.264805809214486332e-14,1.900020678348563033e-13,3.089699163058028206e-18,1.822984172433712177e-19
4.600000000000000000e+01,1.265168898213779775e-14,1.900168704444817234e-13,3.188930418527876456e-18,1.885266006790646195e-19
4.700000000000000000e+01,1.265669372239832992e-14,1.900258577431828614e-13,3.244808212870121094e-18,2.009829675504513750e-19
4.800000000000000000e+01,1.266356297373631394e-14,1.900380170296608806e-13,3.319568848059055422e-18,2.051350898409136590e-19
4.900000000000000000e+01,1.266886211048275856e-14,1.900459469991030835e-13,3.400880672929494328e-18,2.056541051272214264e-19
5.000000000000000000e+01,1.267475004020103125e-14,1.900570489563221423e-13,3.501460702745535139e-18,2.082491815587603118e-19
5.100000000000000000e+01,1.267828279803199486e-14,1.900639215965053848e-13,3.541153204933474439e-18,2.144773649944537377e-19
5.200000000000000000e+01,1.268456325639815239e-14,1.900729088952065228e-13,3.635952773265834717e-18,2.186294872849159735e-19
5.300000000000000000e+01,1.268946986449671218e-14,1.900766095476128842e-13,3.678342824146158369e-18,2.227816095753782093e-19
5.400000000000000000e+01,1.269202130070796446e-14,1.900813675292782059e-13,3.790483776929559475e-18,2.253766860069171668e-19
5.500000000000000000e+01,1.269496526556710002e-14,1.900882401694614231e-13,3.878732155580414790e-18,2.321238847289183120e-19
5.600000000000000000e+01,1.269418020827133032e-14,1.900908834926088241e-13,4.015536410694186119e-18,2.341999458741494299e-19
5.700000000000000000e+01,1.269889055204594847e-14,1.900951128096446656e-13,4.092609230476592968e-18,2.404281293098428317e-19
5.800000000000000000e+01,1.270046066663748786e-14,1.900993421266804819e-13,4.144248019730805164e-18,2.430232057413817412e-19
5.900000000000000000e+01,1.270477848176422116e-14,1.901035714437163235e-13,4.259857249404415053e-18,2.471753280318439770e-19
6.000000000000000000e+01,1.270732991797547187e-14,1.901083294253816452e-13,4.313037495054276110e-18,2.492513891770750948e-19
6.100000000000000000e+01,9.670929861399147603e-12,6.625584628582489517e-13,4.349877587879223158e-18,2.527547423596526635e-19
6.200000000000000000e+01,9.577743756655613636e-12,6.625156410232612076e-13,4.394579823353018560e-18,2.558688340774993644e-19
6.300000000000000000e+01,9.457865703855911623e-12,6.623898188414451238e-13,4.491691576278851360e-18,2.579448952227304823e-19
6.400000000000000000e+01,9.333708500001292633e-12,6.620874226733829588e-13,4.543523047582519085e-18,2.579448952227304823e-19
6.500000000000000000e+01,9.239541466166694618e-12,6.616755929270185455e-13,4.605181303408445027e-18,2.641730786584238841e-19
6.600000000000000000e+01,9.047441871178339480e-12,6.604908554923555050e-13,4.734663640642887732e-18,2.724773232393484039e-19
6.700000000000000000e+01,8.958990446985593333e-12,6.595519471104002995e-13,4.834858306360015943e-18,2.766294455298106397e-19
6.800000000000000000e+01,8.757284890926200692e-12,6.569794650233540267e-13,4.903453115966357908e-18,2.818195983928885066e-19
6.900000000000000000e+01,8.610695263637935713e-12,6.544942126001719351e-13,4.979755207550940326e-18,2.901238429738129782e-19
7.000000000000000000e+01,8.501365436928519924e-12,6.518122969348235149e-13,5.056828027333346405e-18,2.942759652642752622e-19
7.100000000000000000e+01,8.280639512707219917e-12,6.463141847882389078e-13,5.106154631994086850e-18,2.984280875547374980e-19
7.200000000000000000e+01,8.118720660397434052e-12,6.412643802474526958e-13,5.158564149446123477e-18,2.994661181273530328e-19
7.300000000000000000e+01,8.031419541407313092e-12,6.375769444568346669e-13,5.198642015732974607e-18,3.036182404178153168e-19
7.400000000000000000e+01,7.998731325726056313e-12,6.353512663667268952e-13,5.326582896571769222e-18,3.129605155713554195e-19
7.500000000000000000e+01,8.051611607583156026e-12,6.359058355630506574e-13,5.372826588441213485e-18,3.129605155713554195e-19
7.600000000000000000e+01,8.109455806721407185e-12,6.369409609075710560e-13,5.477645623345285968e-18,3.212647601522798911e-19
7.700000000000000000e+01,8.137092571233035532e-12,6.373231854346846795e-13,5.477645623345285968e-18,3.295690047332044109e-19
7.800000000000000000e+01,8.155188141900525576e-12,6.375801164446115480e-13,5.516182033236489778e-18,3.316450658784355288e-19
7.900000000000000000e+01,8.236798380553611138e-12,6.393347543498533268e-13,5.654142380646997368e-18,3.316450658784355288e-19
8.000000000000000000e+01,8.365333456418089761e-12,6.423306968051124762e-13,5.792873456255329388e-18,3.316450658784355288e-19
8.100000000000000000e+01,8.497284709105109213e-12,6.456559973245371289e-13,5.882277927202920193e-18,3.399493104593600485e-19
8.200000000000000000e+01,8.604719407502538021e-12,6.487095642244095687e-13,5.943936183028846134e-18,3.420253716045911664e-19
8.300000000000000000e+01,8.677741119339903549e-12,6.512365811533205450e-13,5.970333623804319978e-18,3.425443868908989579e-19
8.400000000000000000e+01,8.735875397148943397e-12,6.537403368385344938e-13,6.019660228465060423e-18,3.508486314718235258e-19
8.500000000000000000e+01,8.787454054009656235e-12,6.560231107086260252e-13,6.019660228465060423e-18,3.508486314718235258e-19
8.600000000000000000e+01,8.865365495213723803e-12,6.594160803006241425e-13,6.068986833125800097e-18,3.550007537622857616e-19
8.700000000000000000e+01,8.960440251546555800e-12,6.635861868979567286e-13,6.256273785197048132e-18,3.550007537622857616e-19
8.800000000000000000e+01,9.107295816993762665e-12,6.706153118115133466e-13,6.280937087527417584e-18,3.550007537622857616e-19
8.900000000000000000e+01,9.212412633725431309e-12,6.763164311758180446e-13,6.351844081727232841e-18,3.633049983432102813e-19
9.000000000000000000e+01,9.293744177038518690e-12,6.812277255836805472e-13,6.441248552674822875e-18,3.643430289158258162e-19
9.100000000000000000e+01,9.371348268311292624e-12,6.868305133269021314e-13,6.539901761996304536e-18,3.643430289158258162e-19
9.200000000000000000e+01,9.422048053529393386e-12,6.908747977424186337e-13,6.647803709691673200e-18,3.643430289158258162e-19
9.300000000000000000e+01,9.465996346003874070e-12,6.944062774673402583e-13,6.689423032374173192e-18,3.653810594884413992e-19
9.400000000000000000e+01,9.525883264225718137e-12,6.990839021089730210e-13,6.763412939365283089e-18,3.736853040693659189e-19
9.500000000000000000e+01,9.598367211815482225e-12,7.048780664480660308e-13,6.852817410312874664e-18,3.861416709407526745e-19
9.600000000000000000e+01,9.684337658689272798e-12,7.118511529108978495e-13,6.963802270799540280e-18,3.861416709407526745e-19
9.700000000000000000e+01,9.797659894276326195e-12,7.218503157128691380e-13,7.053206741747132626e-18,3.861416709407526745e-19
9.800000000000000000e+01,9.880068143670562252e-12,7.294176212192356828e-13,7.128738105133889844e-18,3.861416709407526745e-19
9.900000000000000000e+01,9.987849837392722595e-12,7.403578070616800977e-13,7.202728012125001282e-18,3.861416709407526745e-19
1.000000000000000000e+02,1.004985837295638408e-11,7.471109690386484594e-13,7.273635006324813457e-18,3.861416709407526745e-19
1.010000000000000000e+02,1.012107523807077603e-11,7.554924180744130864e-13,7.310629959820369176e-18,3.944459155216771942e-19
1.020000000000000000e+02,1.016836787462523488e-11,7.613151303034980266e-13,7.359956564481109621e-18,3.985980378121394300e-19
1.030000000000000000e+02,1.021969452809400631e-11,7.676971697105720002e-13,7.359956564481109621e-18,3.985980378121394300e-19
1.040000000000000000e+02,1.026983535251751847e-11,7.739481002895350882e-13,7.437029384263515700e-18,4.006740989573705961e-19
1.050000000000000000e+02,1.030956160685535148e-11,7.788773692948000184e-13,7.498735810601803790e-18,4.089783435382950676e-19
1.060000000000000000e+02,1.039468379932106250e-11,7.898503323442721041e-13,7.498735810601803790e-18,4.172825881192195874e-19
1.070000000000000000e+02,1.045479642151544088e-11,7.976650528972349750e-13,7.548062415262545776e-18,4.255868327001441071e-19
1.080000000000000000e+02,1.055336115005661667e-11,8.112147273507890741e-13,7.622437686352568274e-18,4.341505849242225226e-19
1.090000000000000000e+02,1.062231587257324712e-11,8.208575701924913190e-13,7.634769337517753000e-18,4.341505849242225226e-19
1.100000000000000000e+02,1.070783059368684363e-11,8.335899291288704548e-13,7.688720311365436947e-18,4.346696002105303141e-19
1.110000000000000000e+02,1.076775401707294274e-11,8.427305405725674260e-13,7.725715264860991125e-18,4.429738447914547857e-19
1.120000000000000000e+02,1.083110029026859484e-11,8.529686597870632565e-13,7.818202648599879652e-18,4.440118753640703687e-19
1.130000000000000000e+02,1.087836230958851956e-11,8.607548324500342979e-13,7.867529253260620097e-18,4.523161199449949366e-19
1.140000000000000000e+02,1.092839479610521563e-11,8.692504730457664445e-13,7.916855857921360543e-18,4.606203645259194082e-19
1.150000000000000000e+02,1.097065600045108742e-11,8.764403120066847380e-13,7.990845764912470440e-18,4.689246091068439761e-19
1.160000000000000000e+02,1.101654181433152779e-11,8.843142429981492894e-13,8.074084410277470422e-18,4.689246091068439761e-19
1.170000000000000000e+02,1.105904795655367914e-11,8.916077002264454986e-13,8.098747712607839875e-18,4.689246091068439761e-19
1.180000000000000000e+02,1.111492126935090167e-11,9.014207730788400624e-13,8.148074317268580320e-18,4.710006702520750458e-19
1.190000000000000000e+02,1.118138971541183016e-11,9.131698158043877575e-13,8.283722480085615388e-18,4.710006702520750458e-19
1.200000000000000000e+02,1.119400480109755286e-11,9.154134684918978557e-13,8.345380735911540559e-18,4.751527925425372816e-19
1.210000000000000000e+02,1.706731518240812058e-11,1.275726961372024852e-12,8.411211762370997232e-18,4.799541907917498423e-19
1.220000000000000000e+02,1.716267373695337392e-11,1.275724846713506931e-12,8.475567566889305985e-18,4.822897595801348559e-19
1.230000000000000000e+02,1.727921392239578510e-11,1.275721674725730151e-12,8.568054950628194512e-18,4.843658207253660220e-19
1.240000000000000000e+02,1.743488371863124793e-11,1.275700528140550944e-12,8.586552427375971601e-18,4.864418818705970917e-19
1.250000000000000000e+02,1.756191776494621246e-11,1.275659292299451590e-12,8.705244569840878441e-18,4.885179430158282578e-19
1.260000000000000000e+02,1.771011931112701758e-11,1.275590565897619266e-12,8.788483215205876883e-18,4.885179430158282578e-19
1.270000000000000000e+02,1.785284115738334826e-11,1.275471087691357045e-12,8.816229430327544058e-18,4.970816952399066733e-19
1.280000000000000000e+02,1.803487317761075093e-11,1.275286055071039281e-12,8.848600014636154734e-18,4.970816952399066733e-19
1.290000000000000000e+02,1.814559373331962605e-11,1.275098907792203596e-12,8.941087398375041720e-18,5.064239703934467279e-19
1.300000000000000000e+02,1.836026765084783704e-11,1.274706638637130000e-12,9.064403910026893603e-18,5.147282149743712957e-19
1.310000000000000000e+02,1.853205074807896916e-11,1.274293222896877197e-12,9.123364617160433653e-18,5.152472302606789910e-19
1.320000000000000000e+02,1.860420536413315795e-11,1.274022546606583742e-12,9.197354524151545091e-18,5.152472302606789910e-19
1.330000000000000000e+02,1.859331504932624175e-11,1.273923157656241668e-12,9.277510256725247351e-18,5.193993525511413231e-19
1.340000000000000000e+02,1.853189452167710915e-11,1.273977081448448547e-12,9.437821721872651872e-18,5.193993525511413231e-19
1.350000000000000000e+02,1.849228445581905181e-11,1.274008801326217156e-12,9.617401391965660223e-18,5.214754136963723928e-19
1.360000000000000000e+02,1.847096072955135766e-11,1.274008801326217156e-12,9.679059647791583854e-18,5.256275359868346286e-19
1.370000000000000000e+02,1.840341911016711141e-11,1.274068011764718938e-12,9.716054601287139573e-18,5.297796582772968644e-19
1.380000000000000000e+02,1.827718896252301182e-11,1.274208636556160366e-12,9.771547031530472381e-18,5.380839028582214323e-19
1.390000000000000000e+02,1.813949462318879084e-11,1.274368293274263081e-12,9.833205287356397552e-18,5.422360251486836681e-19
1.400000000000000000e+02,1.803477504544878117e-11,1.274515262041258473e-12,9.907195194347507449e-18,5.505402697296081397e-19
1.410000000000000000e+02,1.796898096360491921e-11,1.274631568259743914e-12,9.975019275756026524e-18,5.526163308748394020e-19
1.420000000000000000e+02,1.792045735721069036e-11,1.274740473173416530e-12,1.004284335716454406e-17,5.713008811819194149e-19
1.430000000000000000e+02,1.786566035796597167e-11,1.274865238025973654e-12,1.011066743857306159e-17,5.733769423271506773e-19
1.440000000000000000e+02,1.775145571797847043e-11,1.275126398352936364e-12,1.012299908973824632e-17,5.733769423271506773e-19
1.450000000000000000e+02,1.761924971419897476e-11,1.275471087691357045e-12,1.018774025835546767e-17,5.754530034723818433e-19
1.460000000000000000e+02,1.750872149752756502e-11,1.275794630444598317e-12,1.023706686301620812e-17,5.837572480533063149e-19
1.470000000000000000e+02,1.741995663920948273e-11,1.276098083941919442e-12,1.030951531361167069e-17,5.837572480533063149e-19
1.480000000000000000e+02,1.734433049979339928e-11,1.276433257317009177e-12,1.030951531361167069e-17,5.837572480533063149e-19
1.490000000000000000e+02,1.729182272762314207e-11,1.276708162924338473e-12,1.034651026710722641e-17,5.837572480533063149e-19
1.500000000000000000e+02,1.724584349192450705e-11,1.276954520641675738e-12,1.046366095317648285e-17,5.879093703437685507e-19
1.510000000000000000e+02,1.719689830976245242e-11,1.277210394322343747e-12,1.051298755783722330e-17,5.962136149246931186e-19
1.520000000000000000e+02,1.708635439194512674e-11,1.277818358646245059e-12,1.063630406948907364e-17,6.045178595056175902e-19
1.530000000000000000e+02,1.699082705008128516e-11,1.278377685824233992e-12,1.072262562764536980e-17,6.086699817960798260e-19
1.540000000000000000e+02,1.686517548966416748e-11,1.279183370719560593e-12,1.082127883696684915e-17,6.169742263770043939e-19
1.550000000000000000e+02,1.676036563033514602e-11,1.279956278407859321e-12,1.085210796487981097e-17,6.335827155388533370e-19
1.560000000000000000e+02,1.668477717366926017e-11,1.280564242731760431e-12,1.085827379046240487e-17,6.429249906923933916e-19
1.570000000000000000e+02,1.660272455523000812e-11,1.281354067688202525e-12,1.085827379046240487e-17,6.429249906923933916e-19
1.580000000000000000e+02,1.655333503063854670e-11,1.281879560329904927e-12,1.093226369745351477e-17,6.429249906923933916e-19
1.590000000000000000e+02,1.650003435059956055e-11,1.282469550056403812e-12,1.093226369745351477e-17,6.429249906923933916e-19
1.600000000000000000e+02,1.644739782903279784e-11,1.283065883758456459e-12,1.095384408699258804e-17,6.429249906923933916e-19
1.610000000000000000e+02,1.640060527397574444e-11,1.283598777704971483e-12,1.110490681376610556e-17,6.439630212650089747e-19
1.620000000000000000e+02,1.629325496923760975e-11,1.284884490083865089e-12,1.116656506959203073e-17,6.439630212650089747e-19
1.630000000000000000e+02,1.621651718869071805e-11,1.285827627782856136e-12,1.120201856669193758e-17,6.533052964185491256e-19
1.640000000000000000e+02,1.607704547963887316e-11,1.287681125973810559e-12,1.131300342717860320e-17,6.533052964185491256e-19
1.650000000000000000e+02,1.599125912870094193e-11,1.288869564060880011e-12,1.145327595918258177e-17,6.543433269911646123e-19
1.660000000000000000e+02,1.586750897705418019e-11,1.290783330019595075e-12,1.149027091267813749e-17,6.543433269911646123e-19
1.670000000000000000e+02,1.579919329117630218e-11,1.291904099034091063e-12,1.151955858419545199e-17,6.553813575637801953e-19
1.680000000000000000e+02,1.571143801654058101e-11,1.293551418019548716e-12,1.159354849118656342e-17,6.636856021447046669e-19
1.690000000000000000e+02,1.566389180647958851e-11,1.294498785035575605e-12,1.159354849118656342e-17,6.642046174310124584e-19
1.700000000000000000e+02,1.559720903977691297e-11,1.295932523510723261e-12,1.160588014235174661e-17,6.725088620119371226e-19
1.710000000000000000e+02,1.555804724163473979e-11,1.296793189527515600e-12,1.168526514672762675e-17,6.808131065928615942e-19
1.720000000000000000e+02,1.549477476382488742e-11,1.298199437441930487e-12,1.178391835604910610e-17,6.891173511737859695e-19
1.730000000000000000e+02,1.545495037732508627e-11,1.299087594019455796e-12,1.183324496070984654e-17,6.979406110410184252e-19
1.740000000000000000e+02,1.535314571732426780e-11,1.301462355535076780e-12,1.185790826304021754e-17,6.979406110410184252e-19
1.750000000000000000e+02,1.525896553377996705e-11,1.303667944369264305e-12,1.200588807702243733e-17,6.979406110410184252e-19
1.760000000000000000e+02,1.516576353162619230e-11,1.305994068738973111e-12,1.213537041425688004e-17,7.020927333314806610e-19
1.770000000000000000e+02,1.503448625062759294e-11,1.309369063733569003e-12,1.219702867008280521e-17,7.020927333314806610e-19
1.780000000000000000e+02,1.496339146192269433e-11,1.311263797765622780e-12,1.223710653636965711e-17,7.103969779124051326e-19
1.790000000000000000e+02,1.487621869980042920e-11,1.313818305255266625e-12,1.229876479219558228e-17,7.103969779124051326e-19
1.800000000000000000e+02,1.483503930440812926e-11,1.315089215024534785e-12,1.248373955967335779e-17,7.187012224933297004e-19
1.810000000000000000e+02,1.819374051221188212e-11,1.625155249531173374e-12,1.255343928040704830e-17,7.235715524602548529e-19
1.820000000000000000e+02,1.829218669710139550e-11,1.625144676238583770e-12,1.260584879785908647e-17,7.287617053233327680e-19
1.830000000000000000e+02,1.841218427487438088e-11,1.625144676238583770e-12,1.268022406894910896e-17,7.309675202901409060e-19
1.840000000000000000e+02,1.854114877707964486e-11,1.625129873628958325e-12,1.274496523756632878e-17,7.351196425806031418e-19
1.850000000000000000e+02,1.863474487799589410e-11,1.625117185677850800e-12,1.276654562710540205e-17,7.423858565889120304e-19
1.860000000000000000e+02,1.881584189498403474e-11,1.625087580458600111e-12,1.287907194398771498e-17,7.423858565889120304e-19
1.870000000000000000e+02,1.892410914664363039e-11,1.625051631263795458e-12,1.290681815910938216e-17,7.506901011698365019e-19
1.880000000000000000e+02,1.910732267810116690e-11,1.624983962191222196e-12,1.306404671146549204e-17,7.548422234602987377e-19
1.890000000000000000e+02,1.926378459714805933e-11,1.624901490509023286e-12,1.320894361265641719e-17,7.589943457507609735e-19
1.900000000000000000e+02,1.935800874390092341e-11,1.624838050753485864e-12,1.335075760105604308e-17,7.589943457507609735e-19
1.910000000000000000e+02,1.959330297635982175e-11,1.624647731486873197e-12,1.341241585688196979e-17,7.589943457507609735e-19
1.920000000000000000e+02,1.974719932816413803e-11,1.624499705390619147e-12,1.347099119991659724e-17,7.595133610370687650e-19
1.930000000000000000e+02,1.984853609401667581e-11,1.624362252586954499e-12,1.357581023482067204e-17,7.636654833275310008e-19
1.940000000000000000e+02,1.989765241866920703e-11,1.624267092953648267e-12,1.368679509530733765e-17,7.657415444727622632e-19
1.950000000000000000e+02,1.985601769004536108e-11,1.624260748978094504e-12,1.373149733078113305e-17,7.667795750453777499e-19
1.960000000000000000e+02,1.979307964664350717e-11,1.624290354197345193e-12,1.384248219126779713e-17,7.667795750453777499e-19
1.970000000000000000e+02,1.975922483582073637e-11,1.624298812831416876e-12,1.387331131918075895e-17,7.709316973358399857e-19
1.980000000000000000e+02,1.973963294594751057e-11,1.624294583514381035e-12,1.389797462151113148e-17,7.750838196263023178e-19
1.990000000000000000e+02,1.967337096995536791e-11,1.624326303392149846e-12,1.397813035408483220e-17,7.833880642072267894e-19
2.000000000000000000e+02,1.956038866417738259e-11,1.624364367245472420e-12,1.402745695874557418e-17,7.875401864976890252e-19
2.010000000000000000e+02,1.942765274672324183e-11,1.624423577683974000e-12,1.409528104015409018e-17,7.896162476429201912e-19
2.020000000000000000e+02,1.930888456867543422e-11,1.624476444146922019e-12,1.419586106997013099e-17,7.896162476429201912e-19
2.030000000000000000e+02,1.921646762381743046e-11,1.624527195951351915e-12,1.429451427929161188e-17,7.896162476429201912e-19
2.040000000000000000e+02,1.916141469589428653e-11,1.624567374463192410e-12,1.430992884324809125e-17,7.916923087881512610e-19
2.050000000000000000e+02,1.911430340757515061e-11,1.624607552975032905e-12,1.436542127349142560e-17,7.916923087881512610e-19
2.060000000000000000e+02,1.905198712955154904e-11,1.624664648755016563e-12,1.439008457582179505e-17,7.916923087881512610e-19
2.070000000000000000e+02,1.894197862080993806e-11,1.624753464412769236e-12,1.453806438980401484e-17,7.916923087881512610e-19
2.080000000000000000e+02,1.880744806237766844e-11,1.624880343923844078e-12,1.469221002936883008e-17,7.999965533690759252e-19
2.090000000000000000e+02,1.870042120124538977e-11,1.624988191508258037e-12,1.474153663402957207e-17,8.020726145143069949e-19
2.100000000000000000e+02,1.859128096587290293e-11,1.625117185677850800e-12,1.479086323869031097e-17,8.020726145143069949e-19
2.110000000000000000e+02,1.851630485389771599e-11,1.625239835871890003e-12,1.482477527939457051e-17,8.041486756595381609e-19
2.120000000000000000e+02,1.846590731573848893e-11,1.625326536871124754e-12,1.488643353522049106e-17,8.124529202404625362e-19
2.130000000000000000e+02,1.841119824291089367e-11,1.625430155138502670e-12,1.493576013988123612e-17,8.207571648213872004e-19
2.140000000000000000e+02,1.835872187303246511e-11,1.625525314771808902e-12,1.501591587245493684e-17,8.228332259666182702e-19
2.150000000000000000e+02,1.830416039097647578e-11,1.625635277014740580e-12,1.502824752362012157e-17,8.249092871118494362e-19
2.160000000000000000e+02,1.819094256800975787e-11,1.625865774793193540e-12,1.505291082595049102e-17,8.332135316927739078e-19
2.170000000000000000e+02,1.809758669462601470e-11,1.626064552693877689e-12,1.510840325619382229e-17,8.332135316927739078e-19
2.180000000000000000e+02,1.796116571822553159e-11,1.626383866130083321e-12,1.510840325619382229e-17,8.332135316927739078e-19
2.190000000000000000e+02,1.786428964792755694e-11,1.626631281176679647e-12,1.525638307017604517e-17,8.373656539832362399e-19
2.200000000000000000e+02,1.775998379538241831e-11,1.626929448027705869e-12,1.530570967483678715e-17,8.456698985641607115e-19
2.210000000000000000e+02,1.768670654739527883e-11,1.627174748415784274e-12,1.534270462833234133e-17,8.560502042903162528e-19
2.220000000000000000e+02,1.762347175233562406e-11,1.627396787560165551e-12,1.539203123299308023e-17,8.560502042903162528e-19
2.230000000000000000e+02,1.756421876788011250e-11,1.627633629314172273e-12,1.546910405277548631e-17,8.560502042903162528e-19
2.240000000000000000e+02,1.752098723271666944e-11,1.627813375288195337e-12,1.549376735510585885e-17,8.643544488712408207e-19
2.250000000000000000e+02,1.745727826305037148e-11,1.628075592944416906e-12,1.554386468796442295e-17,8.643544488712408207e-19
2.260000000000000000e+02,1.741179204333347683e-11,1.628257453576957890e-12,1.560552294379034658e-17,8.653924794438563074e-19
2.270000000000000000e+02,1.730097963592100092e-11,1.628752283670150542e-12,1.570417615311182747e-17,8.820009686057053469e-19
2.280000000000000000e+02,1.721419626221744003e-11,1.629143495495965077e-12,1.575350275777256638e-17,8.820009686057053469e-19
2.290000000000000000e+02,1.708757280086816206e-11,1.629754631807643169e-12,1.580282936243330836e-17,8.903052131866300111e-19
2.300000000000000000e+02,1.696118799693679793e-11,1.630372112094875024e-12,1.590148257175478617e-17,8.986094577675544827e-19
2.310000000000000000e+02,1.686351116819713636e-11,1.630909235358425889e-12,1.595080917641552816e-17,9.027615800580166222e-19
2.320000000000000000e+02,1.674322468933931132e-11,1.631609187327856654e-12,1.600013578107626706e-17,9.110658246389412864e-19
2.330000000000000000e+02,1.667564067686109075e-11,1.632027889714404158e-12,1.600630160665885942e-17,9.193700692198657579e-19
2.340000000000000000e+02,1.658345924919181957e-11,1.632662287269779379e-12,1.600630160665885942e-17,9.276743138007902295e-19
2.350000000000000000e+02,1.653529755421094368e-11,1.633019664559307383e-12,1.616044724622367158e-17,9.276743138007902295e-19
2.360000000000000000e+02,1.646165289940938486e-11,1.633599080993216664e-12,1.620977385088441357e-17,9.276743138007902295e-19
2.370000000000000000e+02,1.640996786728509301e-11,1.634013554062728326e-12,1.620977385088441357e-17,9.276743138007902295e-19
2.380000000000000000e+02,1.635250795369312131e-11,1.634487237570741771e-12,1.632692453695367155e-17,9.380546195269458672e-19
2.390000000000000000e+02,1.629152156272855239e-11,1.634977838346898581e-12,1.637625114161441045e-17,9.380546195269458672e-19
2.400000000000000000e+02,1.628165182240613330e-11,1.635060310029097289e-12,1.642557774627515244e-17,9.422067418174081993e-19
2.410000000000000000e+02,2.244180800855960897e-11,1.760150819997968759e-12,1.647000601195987661e-17,9.477258408922181152e-19
2.420000000000000000e+02,2.231720371457505000e-11,1.760138132046861234e-12,1.657636650325959718e-17,9.482448561785260030e-19
2.430000000000000000e+02,2.216830346740101155e-11,1.760142361363897076e-12,1.669929765081253801e-17,9.482448561785260030e-19
2.440000000000000000e+02,2.198205333432343695e-11,1.760146590680932917e-12,1.674708279907762959e-17,9.529159937552960303e-19
2.450000000000000000e+02,2.176474947485439706e-11,1.760155049315004600e-12,1.680565814211225858e-17,9.570681160457581698e-19
2.460000000000000000e+02,2.167749820700255871e-11,1.760142361363897076e-12,1.685806765956429521e-17,9.622582689088360849e-19
2.470000000000000000e+02,2.173328751866913356e-11,1.760142361363897076e-12,1.695055504330318065e-17,9.684864523445293904e-19
2.480000000000000000e+02,2.175990096099572193e-11,1.760140246705379155e-12,1.695749159708360130e-17,9.727034515457803048e-19
2.490000000000000000e+02,2.189294619102439823e-11,1.760131788071307472e-12,1.706847645757026383e-17,9.768555738362424443e-19
2.500000000000000000e+02,2.202528172925769553e-11,1.760133902729825393e-12,1.715479801572656000e-17,9.768555738362424443e-19
2.510000000000000000e+02,2.208488641938171049e-11,1.760133902729825393e-12,1.724420248667415080e-17,9.810076961267047764e-19
2.520000000000000000e+02,2.218326351922919763e-11,1.760136017388343313e-12,1.731819239366525916e-17,9.810076961267047764e-19
2.530000000000000000e+02,2.232927475555480392e-11,1.760125444095753710e-12,1.733206550122609429e-17,9.924260324254759970e-19
2.540000000000000000e+02,2.242799100015406301e-11,1.760127558754271630e-12,1.738139210588683627e-17,9.924260324254759970e-19
2.550000000000000000e+02,2.248237348914661777e-11,1.760125444095753710e-12,1.751704026870386826e-17,9.924260324254759970e-19
2.560000000000000000e+02,2.256856335953457693e-11,1.760129673412789551e-12,1.759103017569497970e-17,9.965781547159381365e-19
2.570000000000000000e+02,2.270415845565991021e-11,1.760123329437235789e-12,1.765268843152090641e-17,1.000730277006400469e-18
2.580000000000000000e+02,2.282639501684042802e-11,1.760123329437235789e-12,1.768968338501646059e-17,1.000730277006400469e-18
2.590000000000000000e+02,2.290406230522551214e-11,1.760123329437235789e-12,1.772976125130331249e-17,1.000730277006400469e-18
2.600000000000000000e+02,2.296253337261443720e-11,1.760131788071307472e-12,1.773284416409460713e-17,1.001249292292708164e-18
2.610000000000000000e+02,2.303199838237331782e-11,1.760125444095753710e-12,1.778217076875534603e-17,1.009553536873632828e-18
2.620000000000000000e+02,2.314602324424008514e-11,1.760131788071307472e-12,1.788390689086812465e-17,1.017857781454557300e-18
2.630000000000000000e+02,2.328317589404022569e-11,1.760136017388343313e-12,1.801415995630039255e-17,1.017857781454557300e-18
2.640000000000000000e+02,2.340523974261567466e-11,1.760140246705379155e-12,1.806348656096113146e-17,1.017857781454557300e-18
2.650000000000000000e+02,2.349483990189645698e-11,1.760146590680932917e-12,1.806348656096113146e-17,1.018117289097711051e-18
2.660000000000000000e+02,2.356295775333580001e-11,1.760142361363897076e-12,1.814055938074353753e-17,1.018117289097711051e-18
2.670000000000000000e+02,2.362731989067217896e-11,1.760152934656486680e-12,1.823304676448242606e-17,1.018117289097711051e-18
2.680000000000000000e+02,2.373308909001663247e-11,1.760163507949076283e-12,1.833786579938649932e-17,1.018117289097711051e-18
2.690000000000000000e+02,2.385725689214474262e-11,1.760178310558701527e-12,1.843651900870798021e-17,1.026421533678635523e-18
2.700000000000000000e+02,2.398714305161524105e-11,1.760195227826844893e-12,1.849509435174260611e-17,1.026421533678635523e-18
2.710000000000000000e+02,2.411972980818318364e-11,1.760201571802398655e-12,1.851975765407297865e-17,1.026421533678635523e-18
2.720000000000000000e+02,2.421731557027653730e-11,1.760216374412024101e-12,1.855366969477723818e-17,1.036801839404791353e-18
2.730000000000000000e+02,2.428782313612419992e-11,1.760231177021649546e-12,1.860299629943797709e-17,1.040953961695253492e-18
2.740000000000000000e+02,2.435019436815850726e-11,1.760241750314239150e-12,1.866465455526390380e-17,1.043030022840484658e-18
2.750000000000000000e+02,2.441699332334095685e-11,1.760256552923864595e-12,1.868931785759427325e-17,1.043030022840484658e-18
2.760000000000000000e+02,2.454345663300189744e-11,1.760279814167561724e-12,1.876639067737667933e-17,1.051853282707717018e-18
2.770000000000000000e+02,2.465951008292093397e-11,1.760303075411258650e-12,1.888970718902852967e-17,1.056005404998179157e-18
2.780000000000000000e+02,2.480937438045417797e-11,1.760332680630509541e-12,1.896369709601964111e-17,1.064309649579103629e-18
2.790000000000000000e+02,2.494617532458581189e-11,1.760381317776421719e-12,1.910551108441926854e-17,1.072613894160028293e-18
2.800000000000000000e+02,2.504276563402812813e-11,1.760406693678636566e-12,1.917950099141037998e-17,1.072613894160028293e-18
2.810000000000000000e+02,2.514454360208088821e-11,1.760442642873441219e-12,1.925349089840148834e-17,1.080918138740952765e-18
2.820000000000000000e+02,2.521884770501089375e-11,1.760476477409727951e-12,1.928432002631445015e-17,1.080918138740952765e-18
2.830000000000000000e+02,2.528013869820622473e-11,1.760506082628978842e-12,1.929665167747963796e-17,1.080918138740952765e-18
2.840000000000000000e+02,2.536335163132862184e-11,1.760531458531193689e-12,1.937064158447074632e-17,1.080918138740952765e-18
2.850000000000000000e+02,2.545319986871486820e-11,1.760577981018587946e-12,1.944463149146185776e-17,1.089222383321877236e-18
2.860000000000000000e+02,2.557944022210381089e-11,1.760630847481535965e-12,1.946929479379222721e-17,1.097526627902801708e-18
2.870000000000000000e+02,2.571679384657167091e-11,1.760696401895591307e-12,1.952478722403556156e-17,1.105830872483726179e-18
2.880000000000000000e+02,2.584951249276530349e-11,1.760757726992611010e-12,1.967276703801778135e-17,1.105830872483726179e-18
2.890000000000000000e+02,2.599348886058027484e-11,1.760844427991845559e-12,1.970051325313944544e-17,1.106868903056341762e-18
2.900000000000000000e+02,2.608844625084738861e-11,1.760890950479239614e-12,1.972594728366764010e-17,1.115432655280420370e-18
2.910000000000000000e+02,2.620763992994950260e-11,1.760977651478474366e-12,1.989859039998023243e-17,1.123736899861344842e-18
2.920000000000000000e+02,2.627595247559819612e-11,1.761028403282904262e-12,1.992941952789319116e-17,1.134117205587500480e-18
2.930000000000000000e+02,2.636890639964650682e-11,1.761098187013995647e-12,2.012672594653615602e-17,1.134117205587500480e-18
2.940000000000000000e+02,2.642927416546200787e-11,1.761155282793979306e-12,2.021921333027504147e-17,1.146573572458887283e-18
2.950000000000000000e+02,2.651539809103712204e-11,1.761225066525070692e-12,2.031786653959652236e-17,1.146573572458887283e-18
2.960000000000000000e+02,2.659642542464810026e-11,1.761286391622090192e-12,2.039185644658763379e-17,1.150725694749349423e-18
2.970000000000000000e+02,2.673586102106433980e-11,1.761419615108718998e-12,2.044118305124837270e-17,1.159029939330273894e-18
2.980000000000000000e+02,2.683716167428127222e-11,1.761504201449435627e-12,2.047817800474392688e-17,1.167334183911198559e-18
2.990000000000000000e+02,2.701070644008411232e-11,1.761669144813833245e-12,2.057683121406541085e-17,1.183942673073047502e-18
3.000000000000000000e+02,2.709037405445881503e-11,1.761751616496031953e-12,2.061382616756096503e-17,1.184980703645663085e-18
3.010000000000000000e+02,2.947834877581420947e-11,1.905489185275896850e-12,2.068844755986259495e-17,1.187640910413423213e-18
3.020000000000000000e+02,2.962521415447761621e-11,1.905489185275896850e-12,2.076397892324935371e-17,1.189716971558654379e-18
3.030000000000000000e+02,2.977515067728206771e-11,1.905484955958861009e-12,2.085338339419694451e-17,1.201394815500579543e-18
3.040000000000000000e+02,2.993468374047001135e-11,1.905480726641825167e-12,2.090502218345115902e-17,1.203470876645810517e-18
3.050000000000000000e+02,3.007331543821538272e-11,1.905476497324789326e-12,2.100213393637698951e-17,1.207103983649965154e-18
3.060000000000000000e+02,3.028499828744671119e-11,1.905472268007753484e-12,2.103296306428995440e-17,1.207103983649965154e-18
3.070000000000000000e+02,3.036697711050016351e-11,1.905478611983307044e-12,2.110078714569847040e-17,1.211256105940427486e-18
3.080000000000000000e+02,3.031403284647345426e-11,1.905480726641825167e-12,2.121986465226228830e-17,1.215408228230889625e-18
3.090000000000000000e+02,3.028074641713282550e-11,1.905487070617378727e-12,2.126919125692303028e-17,1.215408228230889625e-18
3.100000000000000000e+02,3.021190631298137524e-11,1.905472268007753484e-12,2.129385455925339665e-17,1.215667735874043377e-18
3.110000000000000000e+02,3.004656696603391989e-11,1.905474382666271203e-12,2.147882932673117371e-17,1.219819858164505709e-18
3.120000000000000000e+02,2.995555056339156726e-11,1.905478611983307044e-12,2.160522875117432177e-17,1.234352286181123678e-18
3.130000000000000000e+02,2.989746260396298072e-11,1.905478611983307044e-12,2.166688700700024540e-17,1.238504408471585818e-18
3.140000000000000000e+02,2.979792361931775628e-11,1.905476497324789326e-12,2.169771613491321030e-17,1.240580469616817176e-18
3.150000000000000000e+02,2.965891195384123088e-11,1.905484955958861009e-12,2.170234050410015226e-17,1.241099484903124872e-18
3.160000000000000000e+02,2.954934307718524996e-11,1.905478611983307044e-12,2.177633041109126370e-17,1.245251607193587204e-18
3.170000000000000000e+02,2.948539545010104140e-11,1.905487070617378727e-12,2.181332536458681788e-17,1.253555851774511675e-18
3.180000000000000000e+02,2.943034095206330523e-11,1.905484955958861009e-12,2.192431022507348349e-17,1.268088279791129453e-18
3.190000000000000000e+02,2.932671338902171050e-11,1.905491299934414569e-12,2.203529508556014911e-17,1.269126310363745228e-18
3.200000000000000000e+02,2.919295846719765842e-11,1.905503987885522094e-12,2.222026985303792616e-17,1.271202371508976202e-18
3.210000000000000000e+02,2.907724102180121582e-11,1.905493414592932692e-12,2.231892306235940397e-17,1.271202371508976202e-18
3.220000000000000000e+02,2.899757340742650988e-11,1.905503987885522094e-12,2.239907879493311085e-17,1.271202371508976202e-18
3.230000000000000000e+02,2.893784624836435514e-11,1.905501873227004375e-12,2.241757627168088486e-17,1.271202371508976202e-18
3.240000000000000000e+02,2.888088877144167402e-11,1.905508217202557935e-12,2.242990792284606959e-17,1.271202371508976202e-18
3.250000000000000000e+02,2.878423879764488175e-11,1.905501873227004375e-12,2.252239530658495811e-17,1.281582677235131839e-18
3.260000000000000000e+02,2.866563862185836948e-11,1.905516675836629618e-12,2.265804346940199318e-17,1.294039044106518643e-18
3.270000000000000000e+02,2.854342718251131459e-11,1.905518790495147741e-12,2.275669667872347407e-17,1.296115105251749809e-18
3.280000000000000000e+02,2.843385202539697118e-11,1.905525134470701301e-12,2.297866639969680531e-17,1.304419349832674281e-18
3.290000000000000000e+02,2.834168629887361271e-11,1.905535707763291107e-12,2.302799300435754421e-17,1.304419349832674281e-18
3.300000000000000000e+02,2.827757537987188228e-11,1.905535707763291107e-12,2.309581708576606329e-17,1.306495410977905447e-18
3.310000000000000000e+02,2.822101357182626790e-11,1.905548395714398632e-12,2.309581708576606329e-17,1.306495410977905447e-18
3.320000000000000000e+02,2.815714131024245131e-11,1.905552625031434473e-12,2.324996272533087544e-17,1.314799655558829918e-18
3.330000000000000000e+02,2.803574005002463031e-11,1.905556854348470315e-12,2.347193244630420668e-17,1.314799655558829918e-18
3.340000000000000000e+02,2.790736120056201009e-11,1.905567427641059717e-12,2.352742487654754102e-17,1.325179961284985363e-18
3.350000000000000000e+02,2.779248533658663002e-11,1.905588574226238924e-12,2.358291730679087229e-17,1.333484205865910027e-18
3.360000000000000000e+02,2.765844779413610078e-11,1.905603376835864168e-12,2.360758060912124174e-17,1.341788450446834499e-18
3.370000000000000000e+02,2.757117454467998076e-11,1.905613950128453974e-12,2.361991226028642647e-17,1.343864511592065665e-18
3.380000000000000000e+02,2.750516692725166788e-11,1.905626638079561498e-12,2.363532682424290584e-17,1.343864511592065665e-18
3.390000000000000000e+02,2.742922990514646310e-11,1.905647784664740706e-12,2.370931673123401727e-17,1.343864511592065665e-18
3.400000000000000000e+02,2.737013707237928893e-11,1.905652013981776547e-12,2.373398003356438981e-17,1.343864511592065665e-18
3.410000000000000000e+02,2.731286557253830201e-11,1.905662587274365949e-12,2.379255537659901880e-17,1.354244817318221303e-18
3.420000000000000000e+02,2.718679793175442816e-11,1.905687963176580999e-12,2.386654528359013024e-17,1.354244817318221303e-18
3.430000000000000000e+02,2.708859040428282862e-11,1.905717568395831889e-12,2.392203771383346150e-17,1.362549061899145774e-18
3.440000000000000000e+02,2.693081272920822723e-11,1.905755632249154463e-12,2.399602762082456986e-17,1.370853306480070438e-18
3.450000000000000000e+02,2.682340433023020552e-11,1.905772549517297829e-12,2.404535422548531185e-17,1.370853306480070438e-18
3.460000000000000000e+02,2.669601779318943824e-11,1.905814842687655841e-12,2.409468083014605383e-17,1.370853306480070438e-18
3.470000000000000000e+02,2.661060355940969984e-11,1.905848677223942573e-12,2.424266064412827054e-17,1.375005428770532771e-18
3.480000000000000000e+02,2.652999387628007325e-11,1.905869823809121781e-12,2.429198724878901253e-17,1.383309673351457242e-18
3.490000000000000000e+02,2.645879860024131329e-11,1.905895199711336830e-12,2.432281637670197435e-17,1.383309673351457242e-18
3.500000000000000000e+02,2.640467989050013851e-11,1.905912116979480196e-12,2.437214298136271633e-17,1.391613917932381714e-18
3.510000000000000000e+02,2.632729208251234707e-11,1.905950180832802770e-12,2.447079619068419722e-17,1.399918162513306185e-18
3.520000000000000000e+02,2.627125155251112692e-11,1.905971327417981978e-12,2.453245444651012085e-17,1.401994223658537351e-18
3.530000000000000000e+02,2.614544769097863305e-11,1.906026308539447918e-12,2.463110765583160174e-17,1.401994223658537351e-18
3.540000000000000000e+02,2.606186735104181337e-11,1.906055913758698404e-12,2.468043426049234065e-17,1.410298468239461823e-18
3.550000000000000000e+02,2.590449790576101018e-11,1.906144729416451077e-12,2.470586829102053530e-17,1.410298468239461823e-18
3.560000000000000000e+02,2.578691516422981377e-11,1.906199710537917017e-12,2.475519489568127420e-17,1.418602712820386294e-18
3.570000000000000000e+02,2.566131227736503613e-11,1.906263150293454640e-12,2.480452150034201311e-17,1.428983018546541932e-18
3.580000000000000000e+02,2.554803793027302667e-11,1.906326590048991859e-12,2.487851140733312455e-17,1.437287263127466404e-18
3.590000000000000000e+02,2.549974120543727631e-11,1.906360424585278591e-12,2.505115452364571687e-17,1.441439385417928736e-18
3.600000000000000000e+02,2.547885240091143873e-11,1.906377341853421957e-12,2.517447103529756414e-17,1.441439385417928736e-18
3.610000000000000000e+02,3.171512146200436928e-11,2.121801834390678117e-12,2.526758162504016199e-17,1.448219276020757001e-18
3.620000000000000000e+02,3.165006219378934600e-11,2.121839898244000691e-12,2.536931774715294061e-17,1.452371398311219333e-18
3.630000000000000000e+02,3.155481276220820810e-11,2.121839898244000691e-12,2.541864435181367951e-17,1.452890413597527028e-18
3.640000000000000000e+02,3.142142210696939411e-11,2.121831439609929008e-12,2.546642950007877109e-17,1.452890413597527028e-18
3.650000000000000000e+02,3.135451010353635495e-11,2.121822980975857325e-12,2.553425358148729017e-17,1.452890413597527028e-18
3.660000000000000000e+02,3.119378689348802985e-11,2.121814522341785641e-12,2.559591183731321688e-17,1.454966474742758002e-18
3.670000000000000000e+02,3.112475209512722586e-11,2.121801834390678117e-12,2.563907261639136650e-17,1.457042535887989360e-18
3.680000000000000000e+02,3.098183398454695244e-11,2.121784917122535155e-12,2.569456504663469777e-17,1.457042535887989360e-18
3.690000000000000000e+02,3.083159285951174211e-11,2.121767999854391788e-12,2.571922834896506414e-17,1.465346780468913832e-18
3.700000000000000000e+02,3.075172427046931671e-11,2.121755311903284264e-12,2.573464291292154967e-17,1.471574963904606945e-18
3.710000000000000000e+02,3.062155549037234434e-11,2.121725706684033373e-12,2.575930621525191604e-17,1.471574963904606945e-18
3.720000000000000000e+02,3.044595387445459086e-11,2.121696101464782482e-12,2.578396951758228549e-17,1.471574963904606945e-18
3.730000000000000000e+02,3.030960512332531524e-11,2.121645349660352384e-12,2.582096447107784275e-17,1.471574963904606945e-18
3.740000000000000000e+02,3.023155786720908031e-11,2.121628432392209018e-12,2.588262272690376638e-17,1.475727086195069470e-18
3.750000000000000000e+02,3.008099015833882626e-11,2.121560763319635553e-12,2.594428098272969618e-17,1.475727086195069470e-18
3.760000000000000000e+02,2.988743271195223070e-11,2.121476176978919126e-12,2.598127593622524727e-17,1.484031330775993941e-18
3.770000000000000000e+02,2.973375617619072460e-11,2.121404278589309820e-12,2.608609497112932053e-17,1.486107391921224915e-18
3.780000000000000000e+02,2.963487663967395012e-11,2.121332380199700514e-12,2.617241652928561669e-17,1.494411636502149579e-18
3.790000000000000000e+02,2.958340200290492471e-11,2.121281628395270820e-12,2.627723556418968995e-17,1.504791942228305024e-18
3.800000000000000000e+02,2.954379115198957125e-11,2.121235105907876563e-12,2.638205459909376012e-17,1.504791942228305024e-18
3.810000000000000000e+02,2.956753128461364662e-11,2.121222417956769038e-12,2.641904955258931738e-17,1.508944064518767356e-18
3.820000000000000000e+02,2.961595361861671478e-11,2.121226647273804880e-12,2.646837615725005628e-17,1.508944064518767356e-18
3.830000000000000000e+02,2.966620356600434237e-11,2.121247793858984087e-12,2.647454198283265173e-17,1.509982095091382939e-18
3.840000000000000000e+02,2.970410613224410139e-11,2.121239335224912404e-12,2.647454198283265173e-17,1.509982095091382939e-18
3.850000000000000000e+02,2.972515822868745759e-11,2.121235105907876563e-12,2.653311732586727763e-17,1.518286339672307411e-18
3.860000000000000000e+02,2.974126132393828379e-11,2.121239335224912404e-12,2.657011227936283489e-17,1.520362400817538577e-18
3.870000000000000000e+02,2.977701597341681506e-11,2.121260481810091612e-12,2.660710723285838599e-17,1.524514523108000909e-18
3.880000000000000000e+02,2.985802760588188058e-11,2.121252023176019929e-12,2.670576044217986688e-17,1.524514523108000909e-18
3.890000000000000000e+02,2.995959517857937422e-11,2.121273169761199136e-12,2.675508704684060887e-17,1.526590584253232075e-18
3.900000000000000000e+02,3.007681993398369827e-11,2.121311233614521710e-12,2.685374025616208976e-17,1.526590584253232075e-18
3.910000000000000000e+02,3.019869222857897798e-11,2.121328150882664673e-12,2.693389598873579356e-17,1.535932859406772129e-18
3.920000000000000000e+02,3.028027538275536032e-11,2.121349297467843880e-12,2.703563211084856909e-17,1.544237103987696601e-18
3.930000000000000000e+02,3.036634906466354543e-11,2.121370444053023088e-12,2.720827522716116142e-17,1.560845593149545544e-18
3.940000000000000000e+02,3.040983495839082150e-11,2.121387361321166454e-12,2.734392338997819340e-17,1.560845593149545544e-18
3.950000000000000000e+02,3.045830125560245298e-11,2.121404278589309820e-12,2.754122980862115827e-17,1.569149837730470016e-18
3.960000000000000000e+02,3.049103500460686533e-11,2.121408507906345662e-12,2.762755136677745135e-17,1.577454082311394872e-18
3.970000000000000000e+02,3.053547552800579673e-11,2.121438113125596552e-12,2.772620457609893224e-17,1.577454082311394872e-18
3.980000000000000000e+02,3.059732548199570984e-11,2.121459259710775760e-12,2.778786283192485587e-17,1.577454082311394872e-18
3.990000000000000000e+02,3.069407594312636346e-11,2.121501552881134176e-12,2.788651604124633368e-17,1.577454082311394872e-18
4.000000000000000000e+02,3.077154539707291260e-11,2.121535387417420908e-12,2.789884769241151840e-17,1.581606204601857012e-18
4.010000000000000000e+02,3.089657048176800122e-11,2.121581909904814761e-12,2.812081741338484964e-17,1.581606204601857012e-18
4.020000000000000000e+02,3.096922910460607283e-11,2.121628432392209018e-12,2.816397819246299926e-17,1.583682265747087985e-18
4.030000000000000000e+02,3.107331514110840128e-11,2.121679184196639116e-12,2.841061121576669994e-17,1.583682265747087985e-18
4.040000000000000000e+02,3.113010932611355730e-11,2.121725706684033373e-12,2.850926442508817775e-17,1.591986510328012457e-18
4.050000000000000000e+02,3.119435213474098418e-11,2.121776458488463472e-12,2.853392772741855337e-17,1.591986510328012457e-18
4.060000000000000000e+02,3.123847863522160331e-11,2.121810293024749800e-12,2.863258093674003118e-17,1.591986510328012457e-18
4.070000000000000000e+02,3.127523815803872221e-11,2.121835668926964849e-12,2.878672657630484333e-17,1.594062571473243623e-18
4.080000000000000000e+02,3.131492437445446441e-11,2.121886420731394948e-12,2.900869629727817457e-17,1.602366816054168095e-18
4.090000000000000000e+02,3.134515222057077988e-11,2.121911796633609997e-12,2.905802290193891963e-17,1.606518938344630427e-18
4.100000000000000000e+02,3.138965554855337502e-11,2.121958319121004254e-12,2.915667611126039744e-17,1.614823182925554898e-18
4.110000000000000000e+02,3.142117088863475205e-11,2.121992153657290986e-12,2.926766097174705998e-17,1.614823182925554898e-18
4.120000000000000000e+02,3.148405083779671571e-11,2.122047134778756522e-12,2.936631418106854395e-17,1.614823182925554898e-18
4.130000000000000000e+02,3.153080885033275275e-11,2.122114803851329987e-12,2.941564078572927669e-17,1.623127427506479563e-18
4.140000000000000000e+02,3.158463865898909110e-11,2.122174014289831768e-12,2.947729904155520648e-17,1.631431672087404034e-18
4.150000000000000000e+02,3.164495618113766309e-11,2.122254371313512757e-12,2.967460546019816826e-17,1.639735916668328506e-18
4.160000000000000000e+02,3.167912187464955844e-11,2.122300893800906610e-12,2.968693711136335299e-17,1.648040161249252977e-18
4.170000000000000000e+02,3.173007523337419286e-11,2.122377021507551758e-12,2.976092701835446135e-17,1.648040161249252977e-18
4.180000000000000000e+02,3.176255148358558772e-11,2.122444690580125223e-12,2.981025362301520641e-17,1.656344405830177449e-18
4.190000000000000000e+02,3.177536361865255252e-11,2.122465837165304430e-12,2.986574605325853460e-17,1.656344405830177449e-18
4.200000000000000000e+02,3.177919469825590533e-11,2.122474295799376113e-12,2.991507265791927350e-17,1.656344405830177449e-18
4.210000000000000000e+02,3.231266311233566565e-11,2.285425651873035992e-12,2.999170291111933813e-17,1.660239047880948083e-18
4.220000000000000000e+02,3.243884380137013230e-11,2.285425651873035992e-12,3.006415136171480225e-17,1.665429200744025998e-18
4.230000000000000000e+02,3.256243694155773791e-11,2.285421422556000151e-12,3.018361423237752967e-17,1.669581323034488137e-18
4.240000000000000000e+02,3.269361059499329791e-11,2.285421422556000151e-12,3.025760413936864419e-17,1.671657384179719303e-18
4.250000000000000000e+02,3.289016382002055595e-11,2.285425651873035992e-12,3.030962829272176205e-17,1.671657384179719303e-18
4.260000000000000000e+02,3.302468495776527859e-11,2.285425651873035992e-12,3.037282800494333609e-17,1.673992952968104413e-18
4.270000000000000000e+02,3.321622637701634286e-11,2.285421422556000151e-12,3.043564235306600060e-17,1.674122706789681385e-18
4.280000000000000000e+02,3.334740003045189640e-11,2.285421422556000151e-12,3.050963226005711512e-17,1.682426951370605857e-18
4.290000000000000000e+02,3.357611548277224995e-11,2.285412963921928468e-12,3.061136838216988757e-17,1.686579073661067996e-18
4.300000000000000000e+02,3.372316613495745053e-11,2.285408734604892626e-12,3.072851906823913938e-17,1.686579073661067996e-18
4.310000000000000000e+02,3.379270965044590761e-11,2.285412963921928468e-12,3.074085071940433027e-17,1.694883318241992468e-18
4.320000000000000000e+02,3.374311915118673642e-11,2.285421422556000151e-12,3.079017732406506918e-17,1.694883318241992468e-18
4.330000000000000000e+02,3.368373741733471936e-11,2.285408734604892626e-12,3.080250897523025390e-17,1.699035440532454607e-18
4.340000000000000000e+02,3.366048716046320311e-11,2.285408734604892626e-12,3.088574762059525235e-17,1.709415746258610438e-18
4.350000000000000000e+02,3.359696660454788993e-11,2.285400275970820943e-12,3.091041092292562796e-17,1.721872113129997049e-18
4.360000000000000000e+02,3.345897237332668361e-11,2.285400275970820943e-12,3.094740587642117598e-17,1.730176357710921713e-18
4.370000000000000000e+02,3.331072215359354166e-11,2.285400275970820943e-12,3.094740587642117598e-17,1.746784846872770849e-18
4.380000000000000000e+02,3.321083146327981059e-11,2.285400275970820943e-12,3.105839073690784467e-17,1.750936969163232795e-18
4.390000000000000000e+02,3.315074003763241775e-11,2.285404505287856784e-12,3.112004899273377447e-17,1.755089091453695128e-18
4.400000000000000000e+02,3.309678461980876483e-11,2.285396046653785101e-12,3.129269210904636063e-17,1.763393336034619792e-18
4.410000000000000000e+02,3.299180047776007583e-11,2.285404505287856784e-12,3.145300357419376823e-17,1.763393336034619792e-18
4.420000000000000000e+02,3.285959054869410280e-11,2.285408734604892626e-12,3.147766687652413152e-17,1.771697580615544456e-18
4.430000000000000000e+02,3.273470363408306667e-11,2.285408734604892626e-12,3.152699348118487659e-17,1.780001825196468735e-18
4.440000000000000000e+02,3.263840536595477780e-11,2.285421422556000151e-12,3.155165678351524604e-17,1.788306069777393399e-18
4.450000000000000000e+02,3.257139915564624302e-11,2.285421422556000151e-12,3.174896320215820782e-17,1.796610314358317678e-18
4.460000000000000000e+02,3.251049127041125379e-11,2.285421422556000151e-12,3.177362650448857728e-17,1.804914558939242342e-18
4.470000000000000000e+02,3.245190715477173916e-11,2.285417193238964309e-12,3.185378223706227491e-17,1.804914558939242342e-18
4.480000000000000000e+02,3.236317683897466677e-11,2.285417193238964309e-12,3.192777214405338943e-17,1.804914558939242342e-18
4.490000000000000000e+02,3.226139573069272543e-11,2.285425651873035992e-12,3.205725448128783214e-17,1.806990620084473508e-18
4.500000000000000000e+02,3.211805682940191913e-11,2.285425651873035992e-12,3.213124438827894050e-17,1.815294864665397787e-18
4.510000000000000000e+02,3.200258432188175286e-11,2.285446798458215200e-12,3.218057099293968556e-17,1.815294864665397787e-18
4.520000000000000000e+02,3.191920495661264941e-11,2.285446798458215200e-12,3.221756594643523974e-17,1.815294864665397787e-18
4.530000000000000000e+02,3.184281574150508310e-11,2.285442569141179358e-12,3.226689255109597865e-17,1.823599109246322452e-18
4.540000000000000000e+02,3.177934542925669574e-11,2.285451027775251041e-12,3.235321410925227173e-17,1.823599109246322452e-18
4.550000000000000000e+02,3.172856164290794569e-11,2.285451027775251041e-12,3.235321410925227173e-17,1.823599109246322452e-18
4.560000000000000000e+02,3.167373324137139513e-11,2.285455257092286883e-12,3.245186731857374954e-17,1.823599109246322452e-18
4.570000000000000000e+02,3.156347351429513886e-11,2.285459486409322724e-12,3.263992499884282739e-17,1.831903353827247116e-18
4.580000000000000000e+02,3.147176626123251087e-11,2.285459486409322724e-12,3.272008073141653120e-17,1.831903353827247116e-18
4.590000000000000000e+02,3.131690271883980779e-11,2.285463715726358566e-12,3.294205045238986243e-17,1.831903353827247116e-18
4.600000000000000000e+02,3.121340076496553409e-11,2.285467945043394408e-12,3.299137705705059517e-17,1.836055476117709448e-18
4.610000000000000000e+02,3.108830659522841923e-11,2.285484862311537774e-12,3.301604035938097078e-17,1.836055476117709448e-18
4.620000000000000000e+02,3.100730124322172267e-11,2.285493320945609457e-12,3.322567842918911729e-17,1.848511842989096059e-18
4.630000000000000000e+02,3.093247586224732290e-11,2.285493320945609457e-12,3.327500503384985620e-17,1.856816087570020338e-18
4.640000000000000000e+02,3.086512422672865690e-11,2.285510238213752823e-12,3.341065319666689435e-17,1.865120332150945002e-18
4.650000000000000000e+02,3.081629994339014981e-11,2.285510238213752823e-12,3.346306271411892789e-17,1.865120332150945002e-18
4.660000000000000000e+02,3.074323309075827677e-11,2.285518696847824506e-12,3.346306271411892789e-17,1.873424576731869666e-18
4.670000000000000000e+02,3.068481226703627755e-11,2.285535614115967872e-12,3.370969573742262858e-17,1.883804882458025111e-18
4.680000000000000000e+02,3.056052199597002762e-11,2.285539843433003714e-12,3.375902234208337364e-17,1.892109127038949775e-18
4.690000000000000000e+02,3.047544690694206118e-11,2.285544072750039555e-12,3.382684642349188655e-17,1.893147157611565166e-18
4.700000000000000000e+02,3.031587302077473869e-11,2.285577907286325884e-12,3.390083633048299491e-17,1.893147157611565166e-18
4.710000000000000000e+02,3.021948054577096067e-11,2.285569448652254201e-12,3.412280605145632614e-17,1.893147157611565166e-18
4.720000000000000000e+02,3.007469085859757094e-11,2.285615971139648457e-12,3.419891546099145226e-17,1.893212034522353941e-18
4.730000000000000000e+02,2.997865008926229310e-11,2.285620200456684299e-12,3.429756867031293623e-17,1.893212034522353941e-18
4.740000000000000000e+02,2.988406638626796764e-11,2.285632888407791824e-12,3.440238770521700949e-17,1.893212034522353941e-18
4.750000000000000000e+02,2.980559833944119983e-11,2.285654034992971031e-12,3.447637761220811784e-17,1.893212034522353941e-18
4.760000000000000000e+02,2.974028157243316554e-11,2.285658264310006873e-12,3.451337256570367202e-17,1.893212034522353941e-18
4.770000000000000000e+02,2.967010373064972143e-11,2.285683640212221922e-12,3.456269917036441709e-17,1.893212034522353941e-18
4.780000000000000000e+02,2.961507435444545464e-11,2.285687869529257764e-12,3.466135237968589490e-17,1.897364156812815888e-18
4.790000000000000000e+02,2.954239689023228261e-11,2.285717474748508654e-12,3.476000558900737271e-17,1.905668401393740552e-18
4.800000000000000000e+02,2.952546477447712211e-11,2.285717474748508654e-12,3.485865879832885668e-17,1.913972645974665216e-18
4.810000000000000000e+02,3.499516620923036956e-11,2.407048121872523056e-12,3.495778317547439344e-17,1.916924545415540606e-18
4.820000000000000000e+02,3.485883001901783185e-11,2.407043892555487215e-12,3.507271801797490782e-17,1.922512069357197648e-18
4.830000000000000000e+02,3.471009620399049328e-11,2.407039663238451373e-12,3.527040980071677912e-17,1.924588130502428814e-18
4.840000000000000000e+02,3.457175026710078678e-11,2.407043892555487215e-12,3.529545846714606425e-17,1.926664191647660366e-18
4.850000000000000000e+02,3.439661340510212305e-11,2.407039663238451373e-12,3.538794585088495278e-17,1.934968436228584645e-18
4.860000000000000000e+02,3.419718373014316755e-11,2.407031204604380094e-12,3.542648226077615736e-17,1.941456127307432087e-18
4.870000000000000000e+02,3.405918949892196123e-11,2.407035433921415532e-12,3.552513547009763517e-17,1.945608249597894034e-18
4.880000000000000000e+02,3.405793340724873154e-11,2.407039663238451373e-12,3.562070576662781834e-17,1.950798402460972141e-18
4.890000000000000000e+02,3.411416863145930219e-11,2.407031204604380094e-12,3.568159329425591677e-17,1.954950524751434088e-18
4.900000000000000000e+02,3.414004411992786738e-11,2.407039663238451373e-12,3.585115349777721445e-17,1.960140677614512196e-18
4.910000000000000000e+02,3.426677120884018795e-11,2.407031204604380094e-12,3.608545486991573041e-17,1.960140677614512196e-18
4.920000000000000000e+02,3.440771725549348694e-11,2.407035433921415532e-12,3.615944477690683877e-17,1.962216738759742977e-18
4.930000000000000000e+02,3.449201356768405136e-11,2.407043892555487215e-12,3.623420541209577233e-17,1.974673105631129973e-18
4.940000000000000000e+02,3.454625160613418468e-11,2.407043892555487215e-12,3.633285862141725630e-17,1.974673105631129973e-18
4.950000000000000000e+02,3.464788198341534207e-11,2.407052351189558898e-12,3.633902444699985174e-17,1.975713163607207609e-18
4.960000000000000000e+02,3.479676652944346459e-11,2.407056580506594739e-12,3.647467260981688373e-17,1.985055438760747664e-18
4.970000000000000000e+02,3.490717698752051127e-11,2.407048121872523056e-12,3.656099416797318298e-17,1.985055438760747664e-18
4.980000000000000000e+02,3.497322228769901529e-11,2.407056580506594739e-12,3.658565747030354626e-17,1.993359683341672328e-18
4.990000000000000000e+02,3.502990970491195070e-11,2.407056580506594739e-12,3.680762719127687750e-17,1.997511805632134660e-18
5.000000000000000000e+02,3.512356390006809020e-11,2.407060809823630581e-12,3.688161709826799202e-17,2.007892111358290105e-18
5.010000000000000000e+02,3.525122049681860319e-11,2.407060809823630581e-12,3.711591847040650181e-17,2.012044233648752437e-18
5.020000000000000000e+02,3.537470686921398172e-11,2.407069268457702264e-12,3.731322488904946976e-17,2.012044233648752437e-18
5.030000000000000000e+02,3.546810984603547269e-11,2.407056580506594739e-12,3.739954644720576284e-17,2.016196355939214769e-18
5.040000000000000000e+02,3.553451941279922127e-11,2.407090415042881472e-12,3.742420974953613229e-17,2.024500600520139048e-18
5.050000000000000000e+02,3.559091792892731379e-11,2.407069268457702264e-12,3.748586800536205592e-17,2.024500600520139048e-18
5.060000000000000000e+02,3.565183837507903447e-11,2.407077727091773947e-12,3.749203383094465137e-17,2.024500600520139048e-18
5.070000000000000000e+02,3.577008684519704656e-11,2.407077727091773947e-12,3.759068704026612917e-17,2.032804845101063712e-18
5.080000000000000000e+02,3.590716412949679191e-11,2.407086185725845630e-12,3.768934024958761315e-17,2.032804845101063712e-18
5.090000000000000000e+02,3.602548796511519274e-11,2.407069268457702264e-12,3.778799345890909095e-17,2.036956967391526044e-18
5.100000000000000000e+02,3.612461871996662221e-11,2.407098873676953155e-12,3.784965171473501459e-17,2.037994997964141435e-18
5.110000000000000000e+02,3.621442927460267098e-11,2.407073497774738105e-12,3.784965171473501459e-17,2.046299242545066099e-18
5.120000000000000000e+02,3.628051225753137583e-11,2.407094644359917313e-12,3.789897831939575349e-17,2.048375303690297265e-18
5.130000000000000000e+02,3.633660931165789399e-11,2.407090415042881472e-12,3.792364162172612910e-17,2.056679548271221544e-18
5.140000000000000000e+02,3.639587171680095253e-11,2.407098873676953155e-12,3.803462648221279164e-17,2.057717578843837320e-18
5.150000000000000000e+02,3.652200844262684939e-11,2.407098873676953155e-12,3.818260629619500835e-17,2.057717578843837320e-18
5.160000000000000000e+02,3.663655144230882969e-11,2.407107332311024838e-12,3.830592280784686178e-17,2.061869701134299652e-18
5.170000000000000000e+02,3.677062666750955008e-11,2.407107332311024838e-12,3.850322922648981739e-17,2.070173945715223931e-18
5.180000000000000000e+02,3.690435018704177028e-11,2.407115790945096521e-12,3.850939505207241284e-17,2.070173945715223931e-18
5.190000000000000000e+02,3.699321867292289517e-11,2.407115790945096521e-12,3.869436981955018989e-17,2.070173945715223931e-18
5.200000000000000000e+02,3.708878212742234534e-11,2.407124249579168204e-12,3.889167623819315167e-17,2.070173945715223931e-18
5.210000000000000000e+02,3.715394816342958923e-11,2.407120020262132362e-12,3.891633954052352113e-17,2.076402129150917429e-18
5.220000000000000000e+02,3.720865095579881875e-11,2.407124249579168204e-12,3.896643687338208523e-17,2.076531882972494208e-18
5.230000000000000000e+02,3.728595083736948353e-11,2.407120020262132362e-12,3.916374329202504701e-17,2.076531882972494208e-18
5.240000000000000000e+02,3.735580209531788391e-11,2.407145396164347412e-12,3.920073824552060119e-17,2.080684005262956540e-18
5.250000000000000000e+02,3.748431283440619413e-11,2.407153854798419095e-12,3.929939145484207900e-17,2.080684005262956540e-18
5.260000000000000000e+02,3.759061587271177010e-11,2.407149625481383253e-12,3.938571301299837824e-17,2.084836127553418872e-18
5.270000000000000000e+02,3.774676062861117224e-11,2.407153854798419095e-12,3.948436622231985605e-17,2.084836127553418872e-18
5.280000000000000000e+02,3.785600292143210943e-11,2.407183460017669985e-12,3.960768273397170948e-17,2.084836127553418872e-18
5.290000000000000000e+02,3.798706352661707985e-11,2.407183460017669985e-12,3.990364236193614290e-17,2.084836127553418872e-18
5.300000000000000000e+02,3.807171154447614445e-11,2.407200377285813352e-12,3.992830566426651852e-17,2.084836127553418872e-18
5.310000000000000000e+02,3.816339367570530952e-11,2.407196147968777510e-12,4.002695887358799633e-17,2.084836127553418872e-18
5.320000000000000000e+02,3.822871044271334381e-11,2.407191918651741668e-12,4.024892859456132756e-17,2.084836127553418872e-18
5.330000000000000000e+02,3.830074730017316631e-11,2.407217294553956718e-12,4.029825519922207263e-17,2.084836127553418872e-18
5.340000000000000000e+02,3.836294895983158606e-11,2.407213065236920876e-12,4.042157171087391989e-17,2.084836127553418872e-18
5.350000000000000000e+02,3.843070254468569099e-11,2.407221523870992559e-12,4.052022492019540386e-17,2.093140372134343151e-18
5.360000000000000000e+02,3.852434417892509903e-11,2.407238441139135925e-12,4.059421482718651221e-17,2.103520677860498982e-18
5.370000000000000000e+02,3.865012919908249571e-11,2.407242670456171767e-12,4.079152124582946783e-17,2.111824922441423646e-18
5.380000000000000000e+02,3.874937300218450829e-11,2.407259587724315133e-12,4.092716940864650598e-17,2.111824922441423646e-18
5.390000000000000000e+02,3.891135858436443850e-11,2.407263817041350975e-12,4.102582261796798379e-17,2.111824922441423646e-18
5.400000000000000000e+02,3.898633469633962222e-11,2.407280734309493937e-12,4.104432009471577012e-17,2.121167197594963700e-18
5.410000000000000000e+02,4.209653072751126397e-11,2.546382971618084588e-12,4.111415981100101334e-17,2.123962986969254275e-18
5.420000000000000000e+02,4.220157767414361025e-11,2.546391430252156271e-12,4.122514467148767588e-17,2.126039048114485441e-18
5.430000000000000000e+02,4.232221271844076068e-11,2.546378742301048746e-12,4.129759312208313999e-17,2.130191170404947388e-18
5.440000000000000000e+02,4.245383856487867897e-11,2.546387200935120429e-12,4.137158302907425451e-17,2.136419353840641271e-18
5.450000000000000000e+02,4.255901112067835275e-11,2.546374512984012905e-12,4.147640206397832160e-17,2.143685567848950159e-18
5.460000000000000000e+02,4.272568192479943299e-11,2.546378742301048746e-12,4.153189449422165595e-17,2.148875720712027882e-18
5.470000000000000000e+02,4.285198194254285172e-11,2.546387200935120429e-12,4.168604013378646811e-17,2.158217995865567937e-18
5.480000000000000000e+02,4.300881754886252922e-11,2.546382971618084588e-12,4.176003004077757647e-17,2.161332087583414493e-18
5.490000000000000000e+02,4.318886572930352213e-11,2.546387200935120429e-12,4.182245902480132530e-17,2.169636332164339157e-18
5.500000000000000000e+02,4.329852253237662970e-11,2.546399888886227954e-12,4.182245902480132530e-17,2.169636332164339157e-18
5.510000000000000000e+02,4.349508831832061919e-11,2.546370283666977063e-12,4.197352175157484282e-17,2.169636332164339157e-18
5.520000000000000000e+02,4.370941524052409703e-11,2.546370283666977063e-12,4.209683826322669624e-17,2.169636332164339157e-18
5.530000000000000000e+02,4.380373516426704898e-11,2.546378742301048746e-12,4.222632060046113894e-17,2.175864515600032270e-18
5.540000000000000000e+02,4.387524446322411151e-11,2.546374512984012905e-12,4.232497380978261675e-17,2.180016637890494987e-18
5.550000000000000000e+02,4.384777373833054145e-11,2.546370283666977063e-12,4.244829032143447018e-17,2.188320882471419266e-18
5.560000000000000000e+02,4.378486866733511488e-11,2.546374512984012905e-12,4.253461187959076326e-17,2.188320882471419266e-18
5.570000000000000000e+02,4.374415873620567818e-11,2.546374512984012905e-12,4.263943091449483651e-17,2.189358913044035042e-18
5.580000000000000000e+02,4.372188823083928665e-11,2.546361825032905380e-12,4.282440568197261357e-17,2.198701188197575097e-18
5.590000000000000000e+02,4.368639108015376640e-11,2.546366054349941222e-12,4.302171210061557535e-17,2.198701188197575097e-18
5.600000000000000000e+02,4.360184354962855992e-11,2.546361825032905380e-12,4.312190676633270356e-17,2.198960695840728655e-18
5.610000000000000000e+02,4.344263393004647553e-11,2.546361825032905380e-12,4.326988658031492643e-17,2.198960695840728655e-18
5.620000000000000000e+02,4.330448896782447880e-11,2.546378742301048746e-12,4.328221823148011116e-17,2.201036756985960207e-18
5.630000000000000000e+02,4.320883758690790197e-11,2.546370283666977063e-12,4.338087144080158897e-17,2.205188879276422154e-18
5.640000000000000000e+02,4.314529190915912587e-11,2.546353366398833697e-12,4.354118290594899041e-17,2.209341001566884486e-18
5.650000000000000000e+02,4.309800005766195991e-11,2.546361825032905380e-12,4.373848932459195835e-17,2.209341001566884486e-18
5.660000000000000000e+02,4.304112422669803972e-11,2.546353366398833697e-12,4.388666182062363291e-17,2.209341001566884486e-18
5.670000000000000000e+02,4.295113781922774410e-11,2.546366054349941222e-12,4.397298337877992599e-17,2.213493123857346818e-18
5.680000000000000000e+02,4.285322547329934995e-11,2.546349137081797855e-12,4.413329484392733359e-17,2.213493123857346818e-18
5.690000000000000000e+02,4.270434092727122743e-11,2.546357595715869538e-12,4.423194805324881140e-17,2.213493123857346818e-18
5.700000000000000000e+02,4.259717118571112278e-11,2.546353366398833697e-12,4.424427970441400229e-17,2.217645246147809150e-18
5.710000000000000000e+02,4.251502279028178610e-11,2.546366054349941222e-12,4.445391777422214263e-17,2.217645246147809150e-18
5.720000000000000000e+02,4.243546194369930401e-11,2.546357595715869538e-12,4.455257098354362660e-17,2.225949490728733429e-18
5.730000000000000000e+02,4.238761741186592163e-11,2.546357595715869538e-12,4.467588749519547386e-17,2.230101613019195761e-18
5.740000000000000000e+02,4.234434505372309326e-11,2.546361825032905380e-12,4.472521409985621277e-17,2.238405857600120425e-18
5.750000000000000000e+02,4.228550971974893657e-11,2.546366054349941222e-12,4.497415930775338906e-17,2.238405857600120425e-18
5.760000000000000000e+02,4.222559414693579705e-11,2.546382971618084588e-12,4.514680242406597522e-17,2.242557979890582372e-18
5.770000000000000000e+02,4.211697989995147148e-11,2.546366054349941222e-12,4.534410884270894316e-17,2.250862224471507421e-18
5.780000000000000000e+02,4.202195656487151272e-11,2.546370283666977063e-12,4.541809874970005152e-17,2.255014346761969368e-18
5.790000000000000000e+02,4.189418691987041015e-11,2.546370283666977063e-12,4.556607856368227440e-17,2.255014346761969368e-18
5.800000000000000000e+02,4.180013077537883819e-11,2.546366054349941222e-12,4.566473177300375221e-17,2.255014346761969368e-18
5.810000000000000000e+02,4.170224355128391341e-11,2.546378742301048746e-12,4.586203819164671399e-17,2.255014346761969368e-18
5.820000000000000000e+02,4.163364838500874272e-11,2.546366054349941222e-12,4.601001800562893070e-17,2.257090407907200534e-18
5.830000000000000000e+02,4.157266513427335829e-11,2.546382971618084588e-12,4.601001800562893070e-17,2.265394652488124813e-18
5.840000000000000000e+02,4.152000977133149839e-11,2.546391430252156271e-12,4.602851548237671087e-17,2.269546774778587531e-18
5.850000000000000000e+02,4.147528034684772409e-11,2.546387200935120429e-12,4.612716869169818868e-17,2.286155263940436474e-18
5.860000000000000000e+02,4.142178340248479843e-11,2.546395659569192112e-12,4.623815355218485738e-17,2.286155263940436474e-18
5.870000000000000000e+02,4.138196529644335978e-11,2.546412576837335478e-12,4.628748015684559012e-17,2.286155263940436474e-18
5.880000000000000000e+02,4.128593708802481986e-11,2.546387200935120429e-12,4.643545997082781299e-17,2.294719016164514697e-18
5.890000000000000000e+02,4.119191862628344226e-11,2.546412576837335478e-12,4.658343978481003587e-17,2.294719016164514697e-18
5.900000000000000000e+02,4.109693297395368434e-11,2.546416806154371320e-12,4.676841455228781292e-17,2.305099321890670527e-18
5.910000000000000000e+02,4.096773138444509876e-11,2.546429494105478845e-12,4.686706776160929073e-17,2.305099321890670527e-18
5.920000000000000000e+02,4.088931358128525678e-11,2.546433723422514686e-12,4.689173106393966018e-17,2.309251444181132474e-18
5.930000000000000000e+02,4.077116559850110927e-11,2.546442182056586369e-12,4.703971087792188306e-17,2.309251444181132474e-18
5.940000000000000000e+02,4.070584883149307498e-11,2.546446411373622211e-12,4.708903748258262196e-17,2.309251444181132474e-18
5.950000000000000000e+02,4.062304726839365731e-11,2.546450640690658052e-12,4.715069573840855176e-17,2.309251444181132474e-18
5.960000000000000000e+02,4.055986585723011285e-11,2.546459099324729735e-12,4.724934894773002957e-17,2.309251444181132474e-18
5.970000000000000000e+02,4.051266193215007355e-11,2.546476016592872698e-12,4.728634390122558375e-17,2.313403566471594806e-18
5.980000000000000000e+02,4.045415318201095412e-11,2.546492933861016064e-12,4.728634390122558375e-17,2.313403566471594806e-18
5.990000000000000000e+02,4.043047585397054250e-11,2.546484475226944381e-12,4.728634390122558375e-17,2.317555688762057138e-18
6.000000000000000000e+02,4.042753659945518128e-11,2.546480245909908539e-12,4.728634390122558375e-17,2.317555688762057138e-18
6.010000000000000000e+02,4.692874051626609286e-11,2.665577813639002649e-12,4.737230719119616818e-17,2.319826887490519227e-18
6.020000000000000000e+02,4.681057997256520743e-11,2.665586272273074332e-12,4.746209702624267775e-17,2.320864918063135003e-18
6.030000000000000000e+02,4.668522202357671259e-11,2.665598960224181856e-12,4.760391101464230518e-17,2.321383933349442505e-18
6.040000000000000000e+02,4.653863612531060176e-11,2.665611648175289381e-12,4.768714966000730362e-17,2.326574086212520228e-18
6.050000000000000000e+02,4.636385096898044467e-11,2.665615877492325222e-12,4.776422247978970662e-17,2.328650147357751394e-18
6.060000000000000000e+02,4.625170710439434063e-11,2.665620106809361064e-12,4.783821238678082114e-17,2.330726208502982560e-18
6.070000000000000000e+02,4.603260703383258610e-11,2.665628565443432747e-12,4.793185586281644438e-17,2.330726208502982560e-18
6.080000000000000000e+02,4.589266586051786827e-11,2.665645482711576113e-12,4.798734829305977873e-17,2.330726208502982560e-18
6.090000000000000000e+02,4.570246845935716034e-11,2.665662399979719479e-12,4.815999140937236490e-17,2.332802269648213726e-18
6.100000000000000000e+02,4.550273732239663048e-11,2.665670858613791162e-12,4.821085947042875420e-17,2.336954391938675673e-18
6.110000000000000000e+02,4.538830737096524621e-11,2.665687775881934529e-12,4.830951267975023817e-17,2.345258636519600337e-18
6.120000000000000000e+02,4.536740600552267395e-11,2.665679317247862846e-12,4.838966841232393581e-17,2.345258636519600337e-18
6.130000000000000000e+02,4.543590068446398652e-11,2.665666629296755321e-12,4.841433171465430526e-17,2.345258636519600337e-18
6.140000000000000000e+02,4.547966291835936756e-11,2.665683546564898687e-12,4.850681909839319379e-17,2.345258636519600337e-18
6.150000000000000000e+02,4.550320207631572670e-11,2.665670858613791162e-12,4.853148240072356324e-17,2.345258636519600337e-18
6.160000000000000000e+02,4.557937147538048282e-11,2.665670858613791162e-12,4.860547230771467776e-17,2.345258636519600337e-18
6.170000000000000000e+02,4.572336982479973261e-11,2.665662399979719479e-12,4.863013561004504722e-17,2.351486819955294220e-18
6.180000000000000000e+02,4.587104852282155773e-11,2.665649712028611955e-12,4.888910028451393263e-17,2.355638942245756167e-18
6.190000000000000000e+02,4.597223926801708182e-11,2.665666629296755321e-12,4.902474844733096461e-17,2.355638942245756167e-18
6.200000000000000000e+02,4.603441580584203866e-11,2.665632794760468589e-12,4.923438651713911112e-17,2.355638942245756167e-18
6.210000000000000000e+02,4.608810116395594910e-11,2.665624336126396906e-12,4.934537137762577982e-17,2.359791064536218499e-18
6.220000000000000000e+02,4.617710781992112647e-11,2.665615877492325222e-12,4.939469798228651872e-17,2.363943186826680446e-18
6.230000000000000000e+02,4.629653701621197304e-11,2.665628565443432747e-12,4.961666770325984995e-17,2.370171370262374330e-18
6.240000000000000000e+02,4.642768554781407013e-11,2.665594730907146015e-12,4.966907722071188350e-17,2.370171370262374330e-18
6.250000000000000000e+02,4.655558080198249372e-11,2.665603189541217698e-12,4.971840382537262857e-17,2.370171370262374330e-18
6.260000000000000000e+02,4.663576969440158743e-11,2.665607418858253539e-12,4.987871529052003001e-17,2.370171370262374330e-18
6.270000000000000000e+02,4.669215564961294849e-11,2.665569355004930966e-12,5.000203180217187727e-17,2.374323492552836276e-18
6.280000000000000000e+02,4.674298967962862437e-11,2.665577813639002649e-12,5.001436345333706199e-17,2.378475614843298609e-18
6.290000000000000000e+02,4.679653686765848232e-11,2.665569355004930966e-12,5.021166987198002377e-17,2.386779859424223273e-18
6.300000000000000000e+02,4.691678252353692529e-11,2.665569355004930966e-12,5.045830289528372446e-17,2.386779859424223273e-18
6.310000000000000000e+02,4.702661517944428618e-11,2.665569355004930966e-12,5.053229280227483898e-17,2.390931981714685220e-18
6.320000000000000000e+02,4.714859424183179296e-11,2.665560896370859686e-12,5.063094601159632295e-17,2.399236226295609884e-18
6.330000000000000000e+02,4.727594937658072514e-11,2.665535520468644637e-12,5.077892582557854583e-17,2.407540470876534548e-18
6.340000000000000000e+02,4.735543485766281204e-11,2.665535520468644637e-12,5.090224233723039925e-17,2.407540470876534548e-18
6.350000000000000000e+02,4.742990853296870517e-11,2.665535520468644637e-12,5.109954875587336103e-17,2.407540470876534548e-18
6.360000000000000000e+02,4.749288896946452694e-11,2.665518603200501271e-12,5.122903109310779757e-17,2.407540470876534548e-18
6.370000000000000000e+02,4.754171325280303403e-11,2.665531291151608796e-12,5.122903109310779757e-17,2.413768654312227661e-18
6.380000000000000000e+02,4.760390235154472232e-11,2.665522832517537113e-12,5.137701090709002045e-17,2.413768654312227661e-18
6.390000000000000000e+02,4.769357473609671860e-11,2.665522832517537113e-12,5.137701090709002045e-17,2.415844715457458827e-18
6.400000000000000000e+02,4.779453938479106354e-11,2.665514373883465429e-12,5.147566411641149826e-17,2.415844715457458827e-18
6.410000000000000000e+02,4.793027265100045255e-11,2.665505915249393746e-12,5.158664897689816079e-17,2.415844715457458827e-18
6.420000000000000000e+02,4.803663849388969226e-11,2.665497456615322063e-12,5.178395539554112257e-17,2.415844715457458827e-18
6.430000000000000000e+02,4.817268578301738707e-11,2.665501685932357905e-12,5.188415006125825078e-17,2.415844715457458827e-18
6.440000000000000000e+02,4.825337711210577783e-11,2.665476310030142856e-12,5.203521278803176830e-17,2.416363730743766715e-18
6.450000000000000000e+02,4.835275908529184936e-11,2.665472080713107014e-12,5.218319260201398501e-17,2.416363730743766715e-18
6.460000000000000000e+02,4.840815272808135424e-11,2.665467851396071173e-12,5.231884076483102316e-17,2.424667975324690994e-18
6.470000000000000000e+02,4.848289018263862089e-11,2.665467851396071173e-12,5.241749397415250713e-17,2.424667975324690994e-18
6.480000000000000000e+02,4.853040813063697246e-11,2.665463622079035331e-12,5.246682057881325220e-17,2.428820097615153326e-18
6.490000000000000000e+02,4.860072414250446260e-11,2.665463622079035331e-12,5.246682057881325220e-17,2.428820097615153326e-18
6.500000000000000000e+02,4.866399348008513372e-11,2.665459392761999490e-12,5.263946369512583837e-17,2.441276464486539937e-18
6.510000000000000000e+02,4.878760546164783975e-11,2.665476310030142856e-12,5.273811690444731618e-17,2.449580709067464986e-18
6.520000000000000000e+02,4.886900020207323732e-11,2.665463622079035331e-12,5.278744350910805508e-17,2.450618739640079992e-18
6.530000000000000000e+02,4.902689092539842828e-11,2.665455163444963648e-12,5.293542332309028412e-17,2.450618739640079992e-18
6.540000000000000000e+02,4.913790430747862366e-11,2.665446704810891965e-12,5.303407653241175576e-17,2.450618739640079992e-18
6.550000000000000000e+02,4.926362652305235659e-11,2.665455163444963648e-12,5.313889556731583518e-17,2.450618739640079992e-18
6.560000000000000000e+02,4.937921207882311890e-11,2.665417099591641074e-12,5.333620198595879080e-17,2.450618739640079992e-18
6.570000000000000000e+02,4.945726561539771632e-11,2.665434016859784440e-12,5.341019189294990532e-17,2.458922984221005041e-18
6.580000000000000000e+02,4.955135944263948912e-11,2.665438246176820282e-12,5.350884510227138313e-17,2.458922984221005041e-18
6.590000000000000000e+02,4.958752232191182181e-11,2.665429787542748599e-12,5.350884510227138313e-17,2.460999045366235822e-18
6.600000000000000000e+02,4.959105193951360027e-11,2.665442475493856123e-12,5.355817170693212203e-17,2.469303289947160101e-18
6.610000000000000000e+02,5.026640218854322097e-11,2.766933396402772208e-12,5.369229196131011329e-17,2.472486313382719923e-18
6.620000000000000000e+02,5.041887915675678570e-11,2.766916479134628842e-12,5.375703312992733773e-17,2.477157450959489758e-18
6.630000000000000000e+02,5.056974832762861410e-11,2.766912249817593000e-12,5.382177429854456216e-17,2.482347603822567866e-18
6.640000000000000000e+02,5.071653520056243471e-11,2.766908020500557159e-12,5.394509081019640326e-17,2.486499726113029812e-18
6.650000000000000000e+02,5.086450279966910272e-11,2.766916479134628842e-12,5.403757819393529179e-17,2.489613817830876754e-18
6.660000000000000000e+02,5.108616529724425539e-11,2.766908020500557159e-12,5.417939218233491922e-17,2.493765940121339086e-18
6.670000000000000000e+02,5.120353450319100088e-11,2.766912249817593000e-12,5.435203529864751771e-17,2.495906878177358642e-18
6.680000000000000000e+02,5.145114785473511394e-11,2.766899561866485476e-12,5.442602520563861990e-17,2.500578015754128862e-18
6.690000000000000000e+02,5.160879992064239429e-11,2.766912249817593000e-12,5.454934171729047333e-17,2.500578015754128862e-18
6.700000000000000000e+02,5.166430661168248875e-11,2.766908020500557159e-12,5.469115570569010076e-17,2.503173092185667531e-18
6.710000000000000000e+02,5.159399059981499215e-11,2.766899561866485476e-12,5.483913551967231747e-17,2.507325214476129477e-18
6.720000000000000000e+02,5.155060519342158067e-11,2.766903791183521317e-12,5.493778872899380761e-17,2.511477336766592195e-18
6.730000000000000000e+02,5.152187837685477445e-11,2.766899561866485476e-12,5.502411028715010069e-17,2.511477336766592195e-18
6.740000000000000000e+02,5.140124333255763048e-11,2.766903791183521317e-12,5.512276349647157233e-17,2.513553397911823361e-18
6.750000000000000000e+02,5.123314058392906723e-11,2.766908020500557159e-12,5.529540661278417083e-17,2.513553397911823361e-18
6.760000000000000000e+02,5.111604771815043317e-11,2.766886873915377951e-12,5.529540661278417083e-17,2.521857642492747640e-18
6.770000000000000000e+02,5.105196192098216566e-11,2.766908020500557159e-12,5.538172817094046391e-17,2.523933703637979191e-18
6.780000000000000000e+02,5.099812583186746481e-11,2.766916479134628842e-12,5.555437128725305624e-17,2.535352039936750026e-18
6.790000000000000000e+02,5.087673713256637527e-11,2.766908020500557159e-12,5.565456595297018445e-17,2.535611547579903970e-18
6.800000000000000000e+02,5.072309199909670751e-11,2.766933396402772208e-12,5.570697547042221183e-17,2.536130562866211858e-18
6.810000000000000000e+02,5.059650308026843943e-11,2.766912249817593000e-12,5.598443762163887741e-17,2.536130562866211858e-18
6.820000000000000000e+02,5.051390249183674446e-11,2.766924937768700525e-12,5.599676927280406830e-17,2.536130562866211858e-18
6.830000000000000000e+02,5.045308253301887543e-11,2.766924937768700525e-12,5.609542248212554611e-17,2.538206624011443024e-18
6.840000000000000000e+02,5.039389549337621210e-11,2.766920708451664683e-12,5.618174404028184535e-17,2.542358746301904971e-18
6.850000000000000000e+02,5.030009056721928220e-11,2.766891103232413792e-12,5.624340229610776282e-17,2.542358746301904971e-18
6.860000000000000000e+02,5.018367599094419205e-11,2.766916479134628842e-12,5.626806559843813227e-17,2.542358746301904971e-18
6.870000000000000000e+02,5.005673536644742379e-11,2.766924937768700525e-12,5.626806559843813227e-17,2.542358746301904971e-18
6.880000000000000000e+02,4.992376550191914269e-11,2.766929167085736366e-12,5.631739220309887118e-17,2.542358746301904971e-18
6.890000000000000000e+02,4.983787395330357986e-11,2.766924937768700525e-12,5.646537201708108789e-17,2.548586929737598469e-18
6.900000000000000000e+02,4.977486839497428871e-11,2.766924937768700525e-12,5.653936192407220857e-17,2.548586929737598469e-18
6.910000000000000000e+02,4.971894719368202387e-11,2.766916479134628842e-12,5.668734173805442529e-17,2.548586929737598469e-18
6.920000000000000000e+02,4.965413286334328016e-11,2.766920708451664683e-12,5.673666834271516419e-17,2.556891174318523133e-18
6.930000000000000000e+02,4.954530508077451336e-11,2.766929167085736366e-12,5.684148737761924361e-17,2.556891174318523133e-18
6.940000000000000000e+02,4.944006972039118230e-11,2.766958772304986853e-12,5.685381902878442217e-17,2.556891174318523133e-18
6.950000000000000000e+02,4.928624873408726122e-11,2.766933396402772208e-12,5.695247223810591231e-17,2.556891174318523133e-18
6.960000000000000000e+02,4.916511125312082020e-11,2.766933396402772208e-12,5.697713554043628176e-17,2.558967235463754299e-18
6.970000000000000000e+02,4.907133144879735968e-11,2.766937625719808049e-12,5.708812040092295046e-17,2.558967235463754299e-18
6.980000000000000000e+02,4.897051753110380514e-11,2.766933396402772208e-12,5.713744700558368936e-17,2.567271480044678964e-18
6.990000000000000000e+02,4.890731099810679776e-11,2.766946084353879732e-12,5.748273323820886169e-17,2.571423602335140911e-18
7.000000000000000000e+02,4.884782249646255362e-11,2.766946084353879732e-12,5.758138644753035182e-17,2.579727846916065190e-18
7.010000000000000000e+02,4.877532088508363491e-11,2.766937625719808049e-12,5.768620548243441891e-17,2.579727846916065190e-18
7.020000000000000000e+02,4.870714022906063460e-11,2.766963001622022695e-12,5.774786373826034871e-17,2.583879969206527907e-18
7.030000000000000000e+02,4.857788839588511674e-11,2.766954542987951012e-12,5.774786373826034871e-17,2.592184213787452186e-18
7.040000000000000000e+02,4.846988963382067778e-11,2.766967230939058536e-12,5.779719034292107529e-17,2.592184213787452186e-18
7.050000000000000000e+02,4.831317963666832131e-11,2.766958772304986853e-12,5.779719034292107529e-17,2.600488458368376850e-18
7.060000000000000000e+02,4.820070918824718001e-11,2.766967230939058536e-12,5.792050685457293487e-17,2.600488458368376850e-18
7.070000000000000000e+02,4.807248735024371269e-11,2.766967230939058536e-12,5.811781327321589049e-17,2.600488458368376850e-18
7.080000000000000000e+02,4.798503824795333936e-11,2.766958772304986853e-12,5.825346143603292864e-17,2.604640580658839182e-18
7.090000000000000000e+02,4.789902109017044903e-11,2.766975689573130219e-12,5.825346143603292864e-17,2.604640580658839182e-18
7.100000000000000000e+02,4.782986068264233047e-11,2.766988377524237744e-12,5.836444629651959734e-17,2.606716641804069963e-18
7.110000000000000000e+02,4.776499610863665448e-11,2.766984148207201902e-12,5.836444629651959734e-17,2.606716641804069963e-18
7.120000000000000000e+02,4.769611204127664735e-11,2.766984148207201902e-12,5.846926533142367675e-17,2.606716641804069963e-18
7.130000000000000000e+02,4.763825645880760245e-11,2.766963001622022695e-12,5.856791854074514224e-17,2.606716641804069963e-18
7.140000000000000000e+02,4.752397723837700859e-11,2.766984148207201902e-12,5.862649388377978355e-17,2.615020886384994242e-18
7.150000000000000000e+02,4.740628144859521937e-11,2.766992606841273585e-12,5.867582048844052246e-17,2.615020886384994242e-18
7.160000000000000000e+02,4.728810834397760895e-11,2.766984148207201902e-12,5.887312690708347807e-17,2.619173008675456959e-18
7.170000000000000000e+02,4.713117225032407333e-11,2.766992606841273585e-12,5.892245351174421698e-17,2.619173008675456959e-18
7.180000000000000000e+02,4.703088589113327229e-11,2.766988377524237744e-12,5.893478516290940787e-17,2.623325130965919291e-18
7.190000000000000000e+02,4.688465169853566810e-11,2.766996836158309427e-12,5.903343837223088568e-17,2.623325130965919291e-18
7.200000000000000000e+02,4.681785274335321851e-11,2.766996836158309427e-12,5.920608148854348417e-17,2.631629375546843955e-18
7.210000000000000000e+02,5.065777523208867322e-11,2.869583150179506450e-12,5.927226626720310728e-17,2.633839245320576007e-18
7.220000000000000000e+02,5.055598156288999397e-11,2.869608526081721499e-12,5.934779763058986604e-17,2.641105459328884895e-18
7.230000000000000000e+02,5.042519729787313498e-11,2.869574691545434767e-12,5.944645083991134385e-17,2.644219551046731837e-18
7.240000000000000000e+02,5.028986598099917844e-11,2.869583150179506450e-12,5.960984521785005226e-17,2.646555119835116562e-18
7.250000000000000000e+02,5.018759499696467798e-11,2.869574691545434767e-12,5.969924968879762765e-17,2.656935425561272392e-18
7.260000000000000000e+02,4.997968670321140754e-11,2.869566232911363084e-12,5.982256620044948724e-17,2.656935425561272392e-18
7.270000000000000000e+02,4.988535421855172414e-11,2.869557774277291401e-12,5.989655610744060792e-17,2.656935425561272392e-18
7.280000000000000000e+02,4.966860303941890711e-11,2.869566232911363084e-12,5.992121940977096505e-17,2.656935425561272392e-18
7.290000000000000000e+02,4.951282255010474307e-11,2.869557774277291401e-12,5.995821436326652539e-17,2.661087547851734339e-18
7.300000000000000000e+02,4.939635773016272709e-11,2.869540857009148035e-12,6.013085747957911156e-17,2.669391792432659003e-18
7.310000000000000000e+02,4.916604076095900617e-11,2.869540857009148035e-12,6.020484738657023224e-17,2.673543914723121335e-18
7.320000000000000000e+02,4.899573985190228934e-11,2.869523939741004669e-12,6.022642777610930089e-17,2.681848159304045999e-18
7.330000000000000000e+02,4.890728587627333484e-11,2.869515481106932985e-12,6.027575438077003979e-17,2.686000281594508331e-18
7.340000000000000000e+02,4.887716479794923999e-11,2.869540857009148035e-12,6.033741263659596958e-17,2.686000281594508331e-18
7.350000000000000000e+02,4.893486964941749448e-11,2.869532398375076352e-12,6.060870896223003356e-17,2.686000281594508331e-18
7.360000000000000000e+02,4.899596594840346849e-11,2.869532398375076352e-12,6.068269886922114191e-17,2.690152403884970278e-18
7.370000000000000000e+02,4.902513239705590800e-11,2.869540857009148035e-12,6.083067868320337095e-17,2.702608770756357275e-18
7.380000000000000000e+02,4.904442596515673748e-11,2.869540857009148035e-12,6.095399519485521821e-17,2.702608770756357275e-18
7.390000000000000000e+02,4.913267896611798221e-11,2.869549315643219718e-12,6.101257053788984720e-17,2.711432030623589441e-18
7.400000000000000000e+02,4.927074856283958373e-11,2.869557774277291401e-12,6.101257053788984720e-17,2.711432030623589441e-18
7.410000000000000000e+02,4.941037571323598929e-11,2.869549315643219718e-12,6.106189714255057378e-17,2.711432030623589441e-18
7.420000000000000000e+02,4.952226835948744481e-11,2.869557774277291401e-12,6.113588704954169447e-17,2.711432030623589441e-18
7.430000000000000000e+02,4.959740776338015038e-11,2.869557774277291401e-12,6.128694977631521198e-17,2.711432030623589441e-18
7.440000000000000000e+02,4.965616773185391833e-11,2.869566232911363084e-12,6.143492959029742869e-17,2.711432030623589441e-18
7.450000000000000000e+02,4.971005406463554501e-11,2.869557774277291401e-12,6.150891949728853705e-17,2.711432030623589441e-18
7.460000000000000000e+02,4.979448854691016191e-11,2.869566232911363084e-12,6.158290940427965773e-17,2.711432030623589441e-18
7.470000000000000000e+02,4.989590538860687162e-11,2.869557774277291401e-12,6.165689931127075376e-17,2.720774305777129496e-18
7.480000000000000000e+02,5.005243953292497477e-11,2.869557774277291401e-12,6.185420572991372171e-17,2.720774305777129496e-18
7.490000000000000000e+02,5.016445778834375131e-11,2.869583150179506450e-12,6.197752224156556897e-17,2.720774305777129496e-18
7.500000000000000000e+02,5.025012324045814146e-11,2.869583150179506450e-12,6.223648691603445438e-17,2.720774305777129496e-18
7.510000000000000000e+02,5.033073920404613055e-11,2.869583150179506450e-12,6.228581352069519328e-17,2.720774305777129496e-18
7.520000000000000000e+02,5.038183701331318641e-11,2.869591608813578133e-12,6.245845663700779178e-17,2.720774305777129496e-18
7.530000000000000000e+02,5.042595095287707409e-11,2.869583150179506450e-12,6.261876810215519938e-17,2.737382794938978439e-18
7.540000000000000000e+02,5.048707237369651747e-11,2.869583150179506450e-12,6.271742131147667719e-17,2.745687039519903103e-18
7.550000000000000000e+02,5.056283982342584112e-11,2.869608526081721499e-12,6.289006442778926335e-17,2.758143406391289714e-18
7.560000000000000000e+02,5.066649250830089876e-11,2.869600067447649816e-12,6.298871763711074116e-17,2.766447650972213993e-18
7.570000000000000000e+02,5.078609755742599220e-11,2.869600067447649816e-12,6.317369240458851821e-17,2.774751895553138658e-18
7.580000000000000000e+02,5.089206145097979944e-11,2.869591608813578133e-12,6.332167221857073493e-17,2.774751895553138658e-18
7.590000000000000000e+02,5.101181723110568328e-11,2.869633901983936548e-12,6.352206155000500367e-17,2.783056140134063707e-18
7.600000000000000000e+02,5.108504737565507818e-11,2.869608526081721499e-12,6.357138815466574258e-17,2.783056140134063707e-18
7.610000000000000000e+02,5.117126550810568474e-11,2.869625443349864865e-12,6.376869457330869820e-17,2.783056140134063707e-18
7.620000000000000000e+02,5.121932357552352126e-11,2.869625443349864865e-12,6.391667438729091491e-17,2.783056140134063707e-18
7.630000000000000000e+02,5.128260547402091738e-11,2.869625443349864865e-12,6.406465420127314395e-17,2.783056140134063707e-18
7.640000000000000000e+02,5.132498600707574770e-11,2.869650819252079915e-12,6.413864410826425230e-17,2.783056140134063707e-18
7.650000000000000000e+02,5.138409768121802229e-11,2.869625443349864865e-12,6.423729731758573011e-17,2.783056140134063707e-18
7.660000000000000000e+02,5.144843469672093833e-11,2.869642360618008232e-12,6.423729731758573011e-17,2.791360384714987986e-18
7.670000000000000000e+02,5.155894564213183666e-11,2.869650819252079915e-12,6.443460373622869806e-17,2.799664629295912650e-18
7.680000000000000000e+02,5.163830551404660252e-11,2.869650819252079915e-12,6.464424180603683224e-17,2.812120996167298876e-18
7.690000000000000000e+02,5.178062070062372078e-11,2.869676195154294964e-12,6.474289501535832237e-17,2.812120996167298876e-18
7.700000000000000000e+02,5.186289470522038495e-11,2.869667736520223281e-12,6.479376307641471168e-17,2.812250749988876041e-18
7.710000000000000000e+02,5.199104117772345707e-11,2.869667736520223281e-12,6.484308968107545058e-17,2.812250749988876041e-18
7.720000000000000000e+02,5.207977149352052300e-11,2.869701571056510013e-12,6.489241628573618949e-17,2.812250749988876041e-18
7.730000000000000000e+02,5.215496114108015441e-11,2.869693112422438330e-12,6.520070756486581380e-17,2.812250749988876041e-18
7.740000000000000000e+02,5.222831689479687680e-11,2.869701571056510013e-12,6.539801398350878175e-17,2.812250749988876041e-18
7.750000000000000000e+02,5.227592276921234211e-11,2.869710029690581696e-12,6.542267728583915120e-17,2.816402872279338373e-18
7.760000000000000000e+02,5.233943076421093030e-11,2.869701571056510013e-12,6.542267728583915120e-17,2.816402872279338373e-18
7.770000000000000000e+02,5.237749034190984222e-11,2.869701571056510013e-12,6.552133049516061668e-17,2.822631055715031871e-18
7.780000000000000000e+02,5.244109882424228206e-11,2.869718488324653379e-12,6.566931030914284572e-17,2.830935300295956150e-18
7.790000000000000000e+02,5.247825401593646447e-11,2.869718488324653379e-12,6.576796351846432353e-17,2.830935300295956150e-18
7.800000000000000000e+02,5.247996230061205891e-11,2.869701571056510013e-12,6.586969964057710214e-17,2.830935300295956150e-18
7.810000000000000000e+02,5.248742348515105477e-11,2.960699556399521016e-12,6.596031289031932509e-17,2.832987032599641525e-18
7.820000000000000000e+02,5.260717926527693860e-11,2.960682639131377650e-12,6.604278080748650449e-17,2.833116786421218690e-18
7.830000000000000000e+02,5.273170819376110560e-11,2.960674180497305967e-12,6.612293654006021446e-17,2.833116786421218690e-18
7.840000000000000000e+02,5.288588088573353331e-11,2.960657263229162601e-12,6.624027990817892411e-17,2.834154816993834080e-18
7.850000000000000000e+02,5.305485033761662525e-11,2.960657263229162601e-12,6.637592807099594994e-17,2.838306939284296412e-18
7.860000000000000000e+02,5.318852361348191963e-11,2.960631887326947552e-12,6.653633587716808954e-17,2.840383000429527578e-18
7.870000000000000000e+02,5.339253802304816705e-11,2.960614970058804186e-12,6.665348656323734752e-17,2.840902015715835466e-18
7.880000000000000000e+02,5.354377146050523355e-11,2.960606511424732503e-12,6.680300783361521464e-17,2.845183891827874578e-18
7.890000000000000000e+02,5.370965092687218032e-11,2.960589594156589137e-12,6.683229550513253529e-17,2.845183891827874578e-18
7.900000000000000000e+02,5.396215047502516611e-11,2.960564218254374087e-12,6.693094871445400078e-17,2.845183891827874578e-18
7.910000000000000000e+02,5.406680803323880492e-11,2.960555759620302404e-12,6.699260697027993057e-17,2.849336014118336525e-18
7.920000000000000000e+02,5.411551926832672243e-11,2.960547300986230721e-12,6.702189464179725123e-17,2.853747644051952801e-18
7.930000000000000000e+02,5.405140834932499201e-11,2.960530383718087355e-12,6.710821619995353815e-17,2.857899766342415518e-18
7.940000000000000000e+02,5.399536153886540613e-11,2.960555759620302404e-12,6.720686940927502828e-17,2.857899766342415518e-18
7.950000000000000000e+02,5.397189774640944220e-11,2.960555759620302404e-12,6.745350243257872280e-17,2.858937796915030908e-18
7.960000000000000000e+02,5.391547410844788677e-11,2.960572676888445770e-12,6.757681894423057007e-17,2.858937796915030908e-18
7.970000000000000000e+02,5.378737787961174048e-11,2.960581135522517453e-12,6.770013545588242965e-17,2.858937796915030908e-18
7.980000000000000000e+02,5.363215007063379931e-11,2.960581135522517453e-12,6.772479875821279910e-17,2.858937796915030908e-18
7.990000000000000000e+02,5.351058551849846291e-11,2.960598052790660820e-12,6.794676847918613650e-17,2.863089919205492855e-18
8.000000000000000000e+02,5.343594855127504791e-11,2.960606511424732503e-12,6.813174324666390123e-17,2.863089919205492855e-18
8.010000000000000000e+02,5.338153465999066128e-11,2.960623428692875869e-12,6.823039645598539136e-17,2.863089919205492855e-18
8.020000000000000000e+02,5.331548935981215080e-11,2.960614970058804186e-12,6.840303957229797753e-17,2.865165980350724406e-18
8.030000000000000000e+02,5.319872307786856047e-11,2.960631887326947552e-12,6.855101938628019424e-17,2.865165980350724406e-18
8.040000000000000000e+02,5.303894821703351529e-11,2.960648804595090918e-12,6.880073532237518957e-17,2.873470224931648685e-18
8.050000000000000000e+02,5.291570050205604736e-11,2.960648804595090918e-12,6.889938853169666738e-17,2.877622347222111017e-18
8.060000000000000000e+02,5.282681945525819102e-11,2.960648804595090918e-12,6.902270504334852696e-17,2.885926591803035682e-18
8.070000000000000000e+02,5.276260804892260247e-11,2.960674180497305967e-12,6.912135825267000477e-17,2.894230836383959961e-18
8.080000000000000000e+02,5.270023053642992940e-11,2.960665721863234284e-12,6.917068485733074368e-17,2.894230836383959961e-18
8.090000000000000000e+02,5.264134495878883396e-11,2.960665721863234284e-12,6.934332797364332984e-17,2.902535080964884625e-18
8.100000000000000000e+02,5.256283922921187178e-11,2.960665721863234284e-12,6.944198118296481998e-17,2.902535080964884625e-18
8.110000000000000000e+02,5.246041751417658091e-11,2.960691097765449333e-12,6.954063439228628546e-17,2.902535080964884625e-18
8.120000000000000000e+02,5.230915895488605150e-11,2.960682639131377650e-12,6.983659402025073121e-17,2.902535080964884625e-18
8.130000000000000000e+02,5.220073312165271070e-11,2.960699556399521016e-12,6.995991053190259080e-17,2.902535080964884625e-18
8.140000000000000000e+02,5.208612731738707311e-11,2.960724932301736066e-12,7.005856374122406861e-17,2.902535080964884625e-18
8.150000000000000000e+02,5.200244649011639531e-11,2.960716473667664383e-12,7.013255364821517696e-17,2.902535080964884625e-18
8.160000000000000000e+02,5.194459090764735687e-11,2.960724932301736066e-12,7.034219171802332347e-17,2.904611142110115791e-18
8.170000000000000000e+02,5.187688756646017777e-11,2.960724932301736066e-12,7.039151832268406237e-17,2.904611142110115791e-18
8.180000000000000000e+02,5.182257416250965572e-11,2.960741849569879028e-12,7.049017153200555251e-17,2.904611142110115791e-18
8.190000000000000000e+02,5.177162708424338380e-11,2.960716473667664383e-12,7.064740008436165931e-17,2.912915386691040455e-18
8.200000000000000000e+02,5.165104228361316566e-11,2.960716473667664383e-12,7.069672668902239821e-17,2.921219631271964734e-18
8.210000000000000000e+02,5.156188489664719788e-11,2.960741849569879028e-12,7.070905834018757677e-17,2.930561906425504789e-18
8.220000000000000000e+02,5.140329076198500011e-11,2.960758766838022394e-12,7.085703815416979349e-17,2.938866151006429453e-18
8.230000000000000000e+02,5.130310489012805718e-11,2.960767225472094077e-12,7.086936980533498438e-17,2.947170395587353732e-18
8.240000000000000000e+02,5.116460822223756028e-11,2.960775684106165760e-12,7.096802301465646218e-17,2.947170395587353732e-18
8.250000000000000000e+02,5.108660492932988868e-11,2.960801060008380809e-12,7.117766108446460869e-17,2.949246456732584898e-18
8.260000000000000000e+02,5.099068976916193187e-11,2.960792601374309126e-12,7.127631429378608650e-17,2.957550701313509562e-18
8.270000000000000000e+02,5.093509515170471075e-11,2.960801060008380809e-12,7.139963080543794609e-17,2.957550701313509562e-18
8.280000000000000000e+02,5.086199061632263688e-11,2.960784142740237443e-12,7.149828401475941157e-17,2.965854945894433841e-18
8.290000000000000000e+02,5.081227450789613820e-11,2.960809518642452493e-12,7.159693722408090170e-17,2.965854945894433841e-18
8.300000000000000000e+02,5.074306385670108735e-11,2.960809518642452493e-12,7.164626382874164061e-17,2.965854945894433841e-18
8.310000000000000000e+02,5.067297394133476990e-11,2.960826435910595859e-12,7.172025373573274896e-17,2.970007068184896558e-18
8.320000000000000000e+02,5.054736477401162654e-11,2.960834894544667542e-12,7.181890694505422677e-17,2.970007068184896558e-18
8.330000000000000000e+02,5.046375931224134394e-11,2.960834894544667542e-12,7.200388171253201615e-17,2.972083129330127339e-18
8.340000000000000000e+02,5.030302982173464988e-11,2.960843353178739225e-12,7.210253492185348164e-17,2.980387373911051618e-18
8.350000000000000000e+02,5.019199131782098512e-11,2.960843353178739225e-12,7.220118813117497177e-17,2.988691618491976668e-18
8.360000000000000000e+02,5.006394533265177112e-11,2.960894104983169323e-12,7.231217299166164047e-17,2.988691618491976668e-18
8.370000000000000000e+02,4.994494320752982639e-11,2.960868729080954274e-12,7.241082620098310595e-17,2.988691618491976668e-18
8.380000000000000000e+02,4.986736698579105018e-11,2.960885646349097640e-12,7.250947941030459609e-17,2.992843740782438614e-18
8.390000000000000000e+02,4.977001988111561682e-11,2.960894104983169323e-12,7.270678582894755170e-17,2.992843740782438614e-18
8.400000000000000000e+02,4.973437199942930616e-11,2.960911022251312689e-12,7.273144913127792116e-17,2.994919801927669781e-18
8.410000000000000000e+02,5.136244266077151092e-11,3.066483234099808587e-12,7.286276495863923122e-17,2.999106390076988360e-18
8.420000000000000000e+02,5.132963354626670337e-11,3.066491692733880270e-12,7.297066690633458679e-17,3.002479989437988861e-18
8.430000000000000000e+02,5.120525534878332678e-11,3.066542444538310368e-12,7.304465681332570747e-17,3.005594081155835802e-18
8.440000000000000000e+02,5.113878297743592091e-11,3.066559361806453734e-12,7.313714419706459600e-17,3.013898325736760467e-18
8.450000000000000000e+02,5.101299795727852423e-11,3.066601654976811746e-12,7.324812905755125237e-17,3.013898325736760467e-18
8.460000000000000000e+02,5.095657431931696880e-11,3.066618572244955112e-12,7.340844052269865997e-17,3.013898325736760467e-18
8.470000000000000000e+02,5.079335776729727182e-11,3.066652406781241844e-12,7.350709373202013778e-17,3.013898325736760467e-18
8.480000000000000000e+02,5.068274633455250890e-11,3.066694699951600260e-12,7.362116150529810728e-17,3.019088478599837804e-18
8.490000000000000000e+02,5.062486563025000755e-11,3.066686241317528577e-12,7.364582480762847673e-17,3.021164539745069355e-18
8.500000000000000000e+02,5.044506866814365670e-11,3.066745451756030358e-12,7.379380462161069345e-17,3.021164539745069355e-18
8.510000000000000000e+02,5.029310669751612048e-11,3.066779286292317090e-12,7.394178443559291016e-17,3.021164539745069355e-18
8.520000000000000000e+02,5.022984992085218081e-11,3.066813120828603823e-12,7.396182336873634073e-17,3.024538139106069856e-18
8.530000000000000000e+02,5.014061716838582429e-11,3.066821579462675506e-12,7.409747153155336655e-17,3.026614200251301022e-18
8.540000000000000000e+02,4.997220039683894877e-11,3.066872331267105200e-12,7.424545134553559559e-17,3.026614200251301022e-18
8.550000000000000000e+02,4.979858340576490117e-11,3.066897707169320249e-12,7.430710960136152539e-17,3.026614200251301022e-18
8.560000000000000000e+02,4.967802372696814594e-11,3.066948458973750348e-12,7.433177290369189484e-17,3.028690261396531802e-18
8.570000000000000000e+02,4.960110067289945071e-11,3.066965376241893714e-12,7.449208436883929012e-17,3.036994505977456081e-18
8.580000000000000000e+02,4.951304864660592868e-11,3.066973834875965397e-12,7.470172243864743662e-17,3.039070567122687633e-18
8.590000000000000000e+02,4.936960297752289530e-11,3.066999210778180446e-12,7.470172243864743662e-17,3.039070567122687633e-18
8.600000000000000000e+02,4.914451134967982229e-11,3.067049962582610545e-12,7.480037564796892676e-17,3.047374811703611912e-18
8.610000000000000000e+02,4.898820330186289828e-11,3.067092255752968556e-12,7.507167197360299073e-17,3.049450872848843078e-18
8.620000000000000000e+02,4.889407179187093758e-11,3.067100714387040239e-12,7.526897839224594635e-17,3.049450872848843078e-18
8.630000000000000000e+02,4.884033619009009485e-11,3.067109173021111922e-12,7.551561141554965320e-17,3.049450872848843078e-18
8.640000000000000000e+02,4.877192943756590893e-11,3.067126090289255289e-12,7.566513268592752031e-17,3.049710380491997022e-18
8.650000000000000000e+02,4.874934490928121160e-11,3.067134548923326972e-12,7.571445929058827154e-17,3.049710380491997022e-18
8.660000000000000000e+02,4.876743262937574367e-11,3.067143007557398655e-12,7.581311249990973702e-17,3.049710380491997022e-18
8.670000000000000000e+02,4.880825560875576349e-11,3.067109173021111922e-12,7.591176570923122716e-17,3.049710380491997022e-18
8.680000000000000000e+02,4.887005531907875078e-11,3.067109173021111922e-12,7.611832086624807286e-17,3.049710380491997022e-18
8.690000000000000000e+02,4.891022513078869606e-11,3.067100714387040239e-12,7.619231077323918122e-17,3.049710380491997022e-18
8.700000000000000000e+02,4.894418984963286873e-11,3.067066879850753911e-12,7.634029058722141026e-17,3.049710380491997022e-18
8.710000000000000000e+02,4.896524194607623140e-11,3.067075338484825190e-12,7.648827040120362697e-17,3.059052655645537076e-18
8.720000000000000000e+02,4.897878261431366592e-11,3.067075338484825190e-12,7.648827040120362697e-17,3.063204777935999408e-18
8.730000000000000000e+02,4.899616692307119118e-11,3.067058421216682228e-12,7.658692361052510478e-17,3.063204777935999408e-18
8.740000000000000000e+02,4.904661156466816606e-11,3.067049962582610545e-12,7.667324516868140402e-17,3.071509022516924073e-18
8.750000000000000000e+02,4.912531826891284447e-11,3.067024586680395496e-12,7.677189837800288183e-17,3.079813267097848351e-18
8.760000000000000000e+02,4.920515545566343800e-11,3.067016128046323813e-12,7.691987819198511087e-17,3.079813267097848351e-18
8.770000000000000000e+02,4.934068774720511077e-11,3.066965376241893714e-12,7.691987819198511087e-17,3.079813267097848351e-18
8.780000000000000000e+02,4.942446906180964669e-11,3.066948458973750348e-12,7.698153644781102834e-17,3.090193572824004182e-18
8.790000000000000000e+02,4.955452479365602948e-11,3.066923083071535299e-12,7.698153644781102834e-17,3.098497817404928461e-18
8.800000000000000000e+02,4.962953858838141403e-11,3.066897707169320249e-12,7.703086305247176724e-17,3.098497817404928461e-18
8.810000000000000000e+02,4.970927528779814299e-11,3.066872331267105200e-12,7.718500869203657324e-17,3.098497817404928461e-18
8.820000000000000000e+02,4.976650282443056981e-11,3.066855413998961834e-12,7.728366190135806337e-17,3.106802061985853125e-18
8.830000000000000000e+02,4.980433630562829612e-11,3.066855413998961834e-12,7.730832520368843282e-17,3.106802061985853125e-18
8.840000000000000000e+02,4.984578733084493401e-11,3.066830038096747189e-12,7.740697841300991063e-17,3.115106306566777404e-18
8.850000000000000000e+02,4.987259232715169809e-11,3.066813120828603823e-12,7.743164171534028009e-17,3.115106306566777404e-18
8.860000000000000000e+02,4.991642992654747433e-11,3.066821579462675506e-12,7.748096832000101899e-17,3.115106306566777404e-18
8.870000000000000000e+02,4.994386296869085002e-11,3.066804662194532140e-12,7.767827473864398693e-17,3.123410551147702068e-18
8.880000000000000000e+02,5.000516024234454026e-11,3.066796203560460456e-12,7.777692794796545242e-17,3.123410551147702068e-18
8.890000000000000000e+02,5.005829292012223429e-11,3.066779286292317090e-12,7.787558115728694255e-17,3.123410551147702068e-18
8.900000000000000000e+02,5.010449197186368597e-11,3.066796203560460456e-12,7.794957106427805091e-17,3.123410551147702068e-18
8.910000000000000000e+02,5.016641729135399428e-11,3.066762369024173724e-12,7.799889766893878981e-17,3.123410551147702068e-18
8.920000000000000000e+02,5.019897518752415331e-11,3.066770827658245407e-12,7.810371670384285690e-17,3.124448581720317844e-18
8.930000000000000000e+02,5.024695788944159463e-11,3.066770827658245407e-12,7.815304330850360813e-17,3.124448581720317844e-18
8.940000000000000000e+02,5.028084724278537855e-11,3.066762369024173724e-12,7.830102312248582484e-17,3.124448581720317844e-18
8.950000000000000000e+02,5.030365786757126149e-11,3.066720075853815309e-12,7.844900293646805388e-17,3.126524642865549010e-18
8.960000000000000000e+02,5.033094017871384678e-11,3.066736993121958675e-12,7.849832954112878046e-17,3.126524642865549010e-18
8.970000000000000000e+02,5.034498328362057836e-11,3.066745451756030358e-12,7.859698275045027060e-17,3.126524642865549010e-18
8.980000000000000000e+02,5.036910024374662328e-11,3.066703158585671943e-12,7.864630935511100950e-17,3.126524642865549010e-18
8.990000000000000000e+02,5.038861990834863836e-11,3.066694699951600260e-12,7.874496256443248731e-17,3.126524642865549010e-18
9.000000000000000000e+02,5.039078038602659756e-11,3.066728534487886992e-12,7.884361577375396512e-17,3.134828887446473289e-18
9.010000000000000000e+02,5.428785504589407743e-11,3.147297024020530537e-12,7.899379035670576646e-17,3.137430299513831764e-18
9.020000000000000000e+02,5.417998189299695950e-11,3.147322399922745586e-12,7.910477521719243516e-17,3.140544391231678320e-18
9.030000000000000000e+02,5.405540272084586668e-11,3.147347775824960636e-12,7.917876512418355584e-17,3.146772574667371818e-18
9.040000000000000000e+02,5.388012768876315047e-11,3.147356234459032319e-12,7.926662813873549316e-17,3.151962727530449155e-18
9.050000000000000000e+02,5.373708396901555601e-11,3.147381610361247368e-12,7.929129144106586262e-17,3.154038788675680707e-18
9.060000000000000000e+02,5.357778642301634496e-11,3.147406986263462417e-12,7.942693960388290077e-17,3.160266972111373820e-18
9.070000000000000000e+02,5.341650425217342803e-11,3.147440820799748746e-12,7.949013931610446864e-17,3.163381063829220761e-18
9.080000000000000000e+02,5.321515275695442393e-11,3.147449279433820429e-12,7.961345582775632822e-17,3.167533186119683093e-18
9.090000000000000000e+02,5.309343747381829712e-11,3.147466196701963795e-12,7.967511408358224569e-17,3.167533186119683093e-18
9.100000000000000000e+02,5.284968032371100625e-11,3.147466196701963795e-12,7.984775719989483186e-17,3.175837430700607372e-18
9.110000000000000000e+02,5.266051291772234887e-11,3.147508489872322210e-12,7.985700593826872194e-17,3.175837430700607372e-18
9.120000000000000000e+02,5.257768623278946829e-11,3.147516948506393893e-12,8.000498575225093865e-17,3.182065614136300871e-18
9.130000000000000000e+02,5.258544887933003849e-11,3.147533865774537259e-12,8.010363896157242879e-17,3.182065614136300871e-18
9.140000000000000000e+02,5.265478513969241037e-11,3.147491572604178844e-12,8.027628207788501495e-17,3.186217736426763203e-18
9.150000000000000000e+02,5.269879859192243993e-11,3.147516948506393893e-12,8.038110111278909437e-17,3.195560011580303257e-18
9.160000000000000000e+02,5.272258896821344759e-11,3.147500031238250527e-12,8.055374422910168054e-17,3.195560011580303257e-18
9.170000000000000000e+02,5.279230205607778902e-11,3.147474655336035478e-12,8.060307083376241944e-17,3.197636072725534038e-18
9.180000000000000000e+02,5.292708069261552268e-11,3.147474655336035478e-12,8.067706074075354012e-17,3.201788195015996755e-18
9.190000000000000000e+02,5.308057509508440650e-11,3.147466196701963795e-12,8.077571395007500560e-17,3.210092439596921034e-18
9.200000000000000000e+02,5.320176281971777981e-11,3.147466196701963795e-12,8.087436715939649574e-17,3.210092439596921034e-18
9.210000000000000000e+02,5.327861050828607983e-11,3.147457738067892112e-12,8.091136211289204375e-17,3.210092439596921034e-18
9.220000000000000000e+02,5.333302439957046646e-11,3.147457738067892112e-12,8.104084445012649262e-17,3.210092439596921034e-18
9.230000000000000000e+02,5.338907121003005234e-11,3.147483113970107161e-12,8.109787833676547121e-17,3.210092439596921034e-18
9.240000000000000000e+02,5.351902645454257702e-11,3.147432362165677063e-12,8.109787833676547121e-17,3.210092439596921034e-18
9.250000000000000000e+02,5.365754824426653683e-11,3.147415444897534100e-12,8.109787833676547121e-17,3.210092439596921034e-18
9.260000000000000000e+02,5.378283082775464293e-11,3.147398527629390734e-12,8.118419989492175813e-17,3.212168500742152200e-18
9.270000000000000000e+02,5.389291470199664589e-11,3.147381610361247368e-12,8.118419989492175813e-17,3.220472745323076865e-18
9.280000000000000000e+02,5.398119282479135353e-11,3.147364693093104002e-12,8.128901892982583755e-17,3.237081234484925808e-18
9.290000000000000000e+02,5.403842036142378035e-11,3.147381610361247368e-12,8.138767213914731536e-17,3.241233356775388140e-18
9.300000000000000000e+02,5.408919158685579248e-11,3.147356234459032319e-12,8.160964186012064042e-17,3.245385479065850087e-18
9.310000000000000000e+02,5.414880569766735766e-11,3.147373151727175685e-12,8.190560148808508618e-17,3.245385479065850087e-18
9.320000000000000000e+02,5.425964322691329972e-11,3.147364693093104002e-12,8.202275217415434416e-17,3.245385479065850087e-18
9.330000000000000000e+02,5.436005519527142179e-11,3.147356234459032319e-12,8.207207877881508306e-17,3.245385479065850087e-18
9.340000000000000000e+02,5.451588592825251166e-11,3.147330858556817270e-12,8.212140538347583429e-17,3.253689723646774751e-18
9.350000000000000000e+02,5.462632150816302126e-11,3.147297024020530537e-12,8.224472189512768155e-17,3.266146090518161362e-18
9.360000000000000000e+02,5.472977321837036266e-11,3.147288565386458854e-12,8.234337510444915936e-17,3.274450335099086026e-18
9.370000000000000000e+02,5.481953352933948560e-11,3.147297024020530537e-12,8.251601822076174553e-17,3.275488365671701802e-18
9.380000000000000000e+02,5.487678618780536888e-11,3.147288565386458854e-12,8.251601822076174553e-17,3.277564426816932968e-18
9.390000000000000000e+02,5.494700171233900736e-11,3.147263189484243805e-12,8.256534482542249676e-17,3.277564426816932968e-18
9.400000000000000000e+02,5.499970731894779954e-11,3.147263189484243805e-12,8.266399803474396224e-17,3.277564426816932968e-18
9.410000000000000000e+02,5.505585461674124354e-11,3.147254730850172122e-12,8.276265124406545237e-17,3.285868671397857247e-18
9.420000000000000000e+02,5.516259728713245280e-11,3.147246272216100439e-12,8.283664115105656073e-17,3.285868671397857247e-18
9.430000000000000000e+02,5.526436583449766268e-11,3.147237813582028756e-12,8.283664115105656073e-17,3.285868671397857247e-18
9.440000000000000000e+02,5.540431956872911197e-11,3.147212437679813707e-12,8.294762601154322943e-17,3.295210946551397301e-18
9.450000000000000000e+02,5.552972776138453910e-11,3.147229354947957073e-12,8.304627922086470724e-17,3.303515191132321966e-18
9.460000000000000000e+02,5.565541229420807767e-11,3.147187061777598657e-12,8.305861087202989813e-17,3.305591252277553132e-18
9.470000000000000000e+02,5.576270764493550981e-11,3.147187061777598657e-12,8.310793747669062470e-17,3.313895496858477411e-18
9.480000000000000000e+02,5.585183991006801467e-11,3.147187061777598657e-12,8.320659068601211484e-17,3.313895496858477411e-18
9.490000000000000000e+02,5.592929052263946339e-11,3.147178603143527378e-12,8.320659068601211484e-17,3.313895496858477411e-18
9.500000000000000000e+02,5.599435607131284916e-11,3.147144768607240646e-12,8.337923380232470100e-17,3.324275802584633241e-18
9.510000000000000000e+02,5.605849211214804897e-11,3.147178603143527378e-12,8.347788701164619114e-17,3.324275802584633241e-18
9.520000000000000000e+02,5.611737768978913794e-11,3.147153227241312329e-12,8.365053012795877730e-17,3.336732169456019852e-18
9.530000000000000000e+02,5.618181519262591210e-11,3.147144768607240646e-12,8.379850994194099402e-17,3.336732169456019852e-18
9.540000000000000000e+02,5.626637528406785004e-11,3.147136309973168963e-12,8.382317324427136347e-17,3.336732169456019852e-18
9.550000000000000000e+02,5.639419517273588489e-11,3.147119392705025597e-12,8.411913287223580922e-17,3.345036414036944131e-18
9.560000000000000000e+02,5.647938331001444091e-11,3.147110934070953914e-12,8.432877094204394340e-17,3.345036414036944131e-18
9.570000000000000000e+02,5.664420765937586776e-11,3.147119392705025597e-12,8.447675075602617244e-17,3.345036414036944131e-18
9.580000000000000000e+02,5.676449099800451155e-11,3.147077099534667181e-12,8.457540396534765025e-17,3.345036414036944131e-18
9.590000000000000000e+02,5.681925659495740483e-11,3.147077099534667181e-12,8.473571543049505785e-17,3.345036414036944131e-18
9.600000000000000000e+02,5.683947967089643319e-11,3.147077099534667181e-12,8.473571543049505785e-17,3.345036414036944131e-18
9.610000000000000000e+02,5.568342313852113915e-11,3.218273422515902037e-12,8.489069953804070662e-17,3.345768306686777012e-18
9.620000000000000000e+02,5.584274580635381311e-11,3.218264963881830354e-12,8.500168439852737532e-17,3.346806337259392403e-18
9.630000000000000000e+02,5.600244530168846309e-11,3.218248046613686988e-12,8.513116673576181186e-17,3.348363383118315681e-18
9.640000000000000000e+02,5.616325015769555235e-11,3.218239587979615305e-12,8.524831742183108217e-17,3.357186642985548233e-18
9.650000000000000000e+02,5.630267633342424168e-11,3.218239587979615305e-12,8.539013141023070960e-17,3.358224673558163238e-18
9.660000000000000000e+02,5.654959883454807938e-11,3.218222670711471939e-12,8.560439384922579499e-17,3.362636303491779514e-18
9.670000000000000000e+02,5.667460507786807405e-11,3.218188836175185206e-12,8.572154453529504064e-17,3.362636303491779514e-18
9.680000000000000000e+02,5.693976603008722777e-11,3.218188836175185206e-12,8.589418765160763913e-17,3.367826456354857622e-18
9.690000000000000000e+02,5.708547266418207847e-11,3.218180377541113523e-12,8.604216746558985585e-17,3.367826456354857622e-18
9.700000000000000000e+02,5.712848124307352040e-11,3.218171918907041840e-12,8.614082067491133365e-17,3.375092670363166510e-18
9.710000000000000000e+02,5.705721060153436846e-11,3.218180377541113523e-12,8.621481058190245434e-17,3.379244792653628457e-18
9.720000000000000000e+02,5.701249373796733209e-11,3.218171918907041840e-12,8.641597064153452980e-17,3.379244792653628457e-18
9.730000000000000000e+02,5.697290172842707258e-11,3.218197294809256889e-12,8.653928715318637706e-17,3.385472976089322341e-18
9.740000000000000000e+02,5.683254604486019083e-11,3.218197294809256889e-12,8.663794036250786719e-17,3.389625098379784288e-18
9.750000000000000000e+02,5.666086343496291682e-11,3.218205753443328573e-12,8.673659357182934500e-17,3.389625098379784288e-18
9.760000000000000000e+02,5.655150809389139006e-11,3.218205753443328573e-12,8.693389999047231294e-17,3.389625098379784288e-18
9.770000000000000000e+02,5.649222056691486862e-11,3.218222670711471939e-12,8.710654310678489911e-17,3.389625098379784288e-18
9.780000000000000000e+02,5.642383893622414561e-11,3.218188836175185206e-12,8.721984015186502492e-17,3.397929342960708952e-18
9.790000000000000000e+02,5.629637075322461740e-11,3.218205753443328573e-12,8.731849336118651505e-17,3.406233587541633231e-18
9.800000000000000000e+02,5.614151977174864578e-11,3.218231129345543622e-12,8.742177093969493174e-17,3.415056847408865783e-18
9.810000000000000000e+02,5.601307183724399931e-11,3.218222670711471939e-12,8.742177093969493174e-17,3.423361091989790062e-18
9.820000000000000000e+02,5.592748175063001083e-11,3.218248046613686988e-12,8.752350706180771036e-17,3.440229088794793334e-18
9.830000000000000000e+02,5.586354668446252726e-11,3.218248046613686988e-12,8.762832609671177745e-17,3.448533333375717998e-18
9.840000000000000000e+02,5.579961161829505015e-11,3.218239587979615305e-12,8.778247173627659577e-17,3.448533333375717998e-18
9.850000000000000000e+02,5.568369947868925058e-11,3.218248046613686988e-12,8.784412999210252556e-17,3.448533333375717998e-18
9.860000000000000000e+02,5.555180985299995231e-11,3.218256505247758671e-12,8.809076301540622008e-17,3.448533333375717998e-18
9.870000000000000000e+02,5.542290972549294109e-11,3.218264963881830354e-12,8.825107448055364001e-17,3.454761516811411111e-18
9.880000000000000000e+02,5.530885660156352637e-11,3.218273422515902037e-12,8.834972768987510549e-17,3.454761516811411111e-18
9.890000000000000000e+02,5.521178583705619799e-11,3.218264963881830354e-12,8.840059575093149480e-17,3.463065761392335775e-18
9.900000000000000000e+02,5.514508736920760651e-11,3.218290339784045403e-12,8.874588198355667945e-17,3.465141822537566941e-18
9.910000000000000000e+02,5.508612642606612233e-11,3.218281881149973720e-12,8.881987189054778781e-17,3.473446067118491606e-18
9.920000000000000000e+02,5.502334696423801680e-11,3.218281881149973720e-12,8.893702257661705812e-17,3.481750311699415499e-18
9.930000000000000000e+02,5.489085441454556336e-11,3.218298798418117086e-12,8.913432899526001373e-17,3.490054556280340164e-18
9.940000000000000000e+02,5.476650133889564969e-11,3.218315715686260453e-12,8.915899229759038319e-17,3.498358800861264828e-18
9.950000000000000000e+02,5.463727462755360120e-11,3.218307257052188769e-12,8.920831890225110976e-17,3.498358800861264828e-18
9.960000000000000000e+02,5.448747313460401771e-11,3.218341091588475098e-12,8.920986035864677249e-17,3.498618308504418386e-18
9.970000000000000000e+02,5.439560258962386786e-11,3.218332632954403415e-12,8.930851356796825030e-17,3.506922553085343051e-18
9.980000000000000000e+02,5.430714861399491337e-11,3.218349550222546781e-12,8.955514659127194482e-17,3.506922553085343051e-18
9.990000000000000000e+02,5.423293871794040021e-11,3.218341091588475098e-12,8.965379980059343496e-17,3.506922553085343051e-18
1.000000000000000000e+03,5.417593727780915254e-11,3.218341091588475098e-12,8.975245300991491277e-17,3.506922553085343051e-18
1.001000000000000000e+03,5.410099884858416965e-11,3.218366467490690147e-12,8.990043282389712948e-17,3.515226797666267715e-18
1.002000000000000000e+03,5.400495807924889181e-11,3.218366467490690147e-12,8.992509612622749893e-17,3.515226797666267715e-18
1.003000000000000000e+03,5.388475010612064322e-11,3.218358008856618464e-12,9.007307594020972797e-17,3.515226797666267715e-18
1.004000000000000000e+03,5.374065126936752885e-11,3.218358008856618464e-12,9.024571905652231414e-17,3.517302858811498496e-18
1.005000000000000000e+03,5.360999261351799735e-11,3.218366467490690147e-12,9.034437226584379194e-17,3.525607103392423930e-18
1.006000000000000000e+03,5.346498939076015994e-11,3.218366467490690147e-12,9.039369887050453085e-17,3.525607103392423930e-18
1.007000000000000000e+03,5.337048105326622322e-11,3.218383384758833513e-12,9.068965849846897660e-17,3.525607103392423930e-18
1.008000000000000000e+03,5.325466940099428823e-11,3.218391843392905196e-12,9.088889173760649830e-17,3.525607103392423930e-18
1.009000000000000000e+03,5.318952848682050079e-11,3.218391843392905196e-12,9.095671581901500505e-17,3.525607103392423930e-18
1.010000000000000000e+03,5.310047158718839113e-11,3.218400302026976879e-12,9.125267544697945080e-17,3.533911347973347824e-18
1.011000000000000000e+03,5.304547989373431872e-11,3.218374926124761830e-12,9.131433370280538060e-17,3.542215592554272488e-18
1.012000000000000000e+03,5.296149760446206656e-11,3.218408760661048562e-12,9.141298691212685840e-17,3.550519837135197152e-18
1.013000000000000000e+03,5.289449767461190074e-11,3.218408760661048562e-12,9.162262498193500491e-17,3.558824081716121817e-18
1.014000000000000000e+03,5.275552369188557617e-11,3.218425677929191929e-12,9.172127819125648272e-17,3.558824081716121817e-18
1.015000000000000000e+03,5.266629093941921319e-11,3.218417219295120245e-12,9.181993140057796053e-17,3.558824081716121817e-18
1.016000000000000000e+03,5.249154346583925693e-11,3.218434136563263612e-12,9.201723781922092847e-17,3.558824081716121817e-18
1.017000000000000000e+03,5.236173895232751620e-11,3.218434136563263612e-12,9.201723781922092847e-17,3.558824081716121817e-18
1.018000000000000000e+03,5.222706080312364065e-11,3.218459512465478661e-12,9.210355937737722772e-17,3.567128326297045710e-18
1.019000000000000000e+03,5.209547263943591673e-11,3.218451053831406978e-12,9.210355937737722772e-17,3.575432570877970375e-18
1.020000000000000000e+03,5.207643028966972932e-11,3.218467971099550344e-12,9.227620249368981388e-17,3.575432570877970375e-18
1.021000000000000000e+03,5.639135640555438179e-11,3.273178416275102759e-12,9.242846346195838406e-17,3.576198929386659118e-18
1.022000000000000000e+03,5.624306222261267651e-11,3.273186874909174442e-12,9.259571148088619998e-17,3.580351051677121450e-18
1.023000000000000000e+03,5.607273619172249031e-11,3.273136123104744747e-12,9.277452042278138775e-17,3.582427112822352231e-18
1.024000000000000000e+03,5.586261717662433483e-11,3.273153040372887709e-12,9.287933945768545484e-17,3.586579235112814563e-18
1.025000000000000000e+03,5.565526156320729372e-11,3.273136123104744747e-12,9.294716353909398624e-17,3.589693326830661890e-18
1.026000000000000000e+03,5.550307349607857189e-11,3.273136123104744747e-12,9.311980665540657241e-17,3.591769387975892671e-18
1.027000000000000000e+03,5.552930069021564372e-11,3.273144581738816026e-12,9.325622554642142960e-17,3.594104956764277781e-18
1.028000000000000000e+03,5.557462047778583526e-11,3.273161499006959393e-12,9.339187370923846775e-17,3.598257079054740113e-18
1.029000000000000000e+03,5.564390649448128131e-11,3.273136123104744747e-12,9.351596094908813405e-17,3.598257079054740113e-18
1.030000000000000000e+03,5.583171732146284442e-11,3.273169957641031076e-12,9.376259397239184089e-17,3.606561323635664777e-18
1.031000000000000000e+03,5.592848662396859200e-11,3.273186874909174442e-12,9.393523708870442706e-17,3.613827537643973666e-18
1.032000000000000000e+03,5.598817610028055237e-11,3.273161499006959393e-12,9.406163651314757512e-17,3.615903598789204447e-18
1.033000000000000000e+03,5.613971099973919322e-11,3.273178416275102759e-12,9.425894293179054307e-17,3.615903598789204447e-18
1.034000000000000000e+03,5.629461222488209713e-11,3.273178416275102759e-12,9.428360623412090019e-17,3.620055721079666779e-18
1.035000000000000000e+03,5.637490160463504895e-11,3.273169957641031076e-12,9.451174178067683920e-17,3.620055721079666779e-18
1.036000000000000000e+03,5.644227836198718433e-11,3.273178416275102759e-12,9.463505829232867413e-17,3.620055721079666779e-18
1.037000000000000000e+03,5.654799103720634306e-11,3.273178416275102759e-12,9.478303810631089084e-17,3.628359965660591443e-18
1.038000000000000000e+03,5.669801862665710569e-11,3.273220709445461174e-12,9.483236471097164208e-17,3.642892393677209220e-18
1.039000000000000000e+03,5.682950630301097149e-11,3.273195333543246125e-12,9.500500782728422824e-17,3.651196638258133884e-18
1.040000000000000000e+03,5.691612638479701052e-11,3.273195333543246125e-12,9.510366103660571837e-17,3.659500882839057778e-18
1.041000000000000000e+03,5.697953389246173413e-11,3.273186874909174442e-12,9.531329910641385256e-17,3.660019898125366436e-18
1.042000000000000000e+03,5.704836771615482189e-11,3.273195333543246125e-12,9.537341590584413195e-17,3.660019898125366436e-18
1.043000000000000000e+03,5.717427834547953960e-11,3.273220709445461174e-12,9.557072232448709989e-17,3.668324142706290330e-18
1.044000000000000000e+03,5.733832391800356443e-11,3.273212250811389491e-12,9.557688815006968917e-17,3.668843157992598218e-18
1.045000000000000000e+03,5.747810179940076040e-11,3.273220709445461174e-12,9.563854640589561897e-17,3.668843157992598218e-18
1.046000000000000000e+03,5.757843840225848727e-11,3.273203792177317808e-12,9.576186291754745390e-17,3.672995280283060550e-18
1.047000000000000000e+03,5.765355268431772994e-11,3.273237626713604540e-12,9.583585282453857458e-17,3.672995280283060550e-18
1.048000000000000000e+03,5.772082895433600719e-11,3.273220709445461174e-12,9.590984273152968294e-17,3.672995280283060550e-18
1.049000000000000000e+03,5.780061589741966844e-11,3.273220709445461174e-12,9.598383263852079130e-17,3.675071341428292101e-18
1.050000000000000000e+03,5.792903871009085199e-11,3.273246085347676223e-12,9.608248584784226910e-17,3.675071341428292101e-18
1.051000000000000000e+03,5.810052034532040330e-11,3.273237626713604540e-12,9.608865167342487071e-17,3.676628387287214994e-18
1.052000000000000000e+03,5.823758506870341720e-11,3.273254543981747906e-12,9.616264158041597907e-17,3.680780509577677326e-18
1.053000000000000000e+03,5.835088453762889927e-11,3.273279919883962956e-12,9.635994799905893469e-17,3.680780509577677326e-18
1.054000000000000000e+03,5.845730062418506481e-11,3.273254543981747906e-12,9.640927460371968592e-17,3.680780509577677326e-18
1.055000000000000000e+03,5.853769049127188122e-11,3.273254543981747906e-12,9.674222918517967968e-17,3.689084754158601991e-18
1.056000000000000000e+03,5.860511749229094242e-11,3.273271461249891272e-12,9.684088239450115749e-17,3.693236876449064323e-18
1.057000000000000000e+03,5.867299668631237484e-11,3.273296837152106322e-12,9.704743755151800319e-17,3.693496384092217881e-18
1.058000000000000000e+03,5.881975843741273253e-11,3.273296837152106322e-12,9.734339717948244895e-17,3.693496384092217881e-18
1.059000000000000000e+03,5.894496565540043697e-11,3.273313754420249688e-12,9.754070359812540456e-17,3.693496384092217881e-18
1.060000000000000000e+03,5.911418632561817742e-11,3.273305295786178005e-12,9.768868341210762128e-17,3.693496384092217881e-18
1.061000000000000000e+03,5.925733053269962999e-11,3.273313754420249688e-12,9.782433157492465943e-17,3.693496384092217881e-18
1.062000000000000000e+03,5.936434954325895716e-11,3.273330671688393054e-12,9.789215565633317850e-17,3.693496384092217881e-18
1.063000000000000000e+03,5.948614019189547270e-11,3.273330671688393054e-12,9.808946207497614645e-17,3.701800628673142546e-18
1.064000000000000000e+03,5.956120423028778954e-11,3.273322213054321371e-12,9.818811528429761193e-17,3.710104873254067210e-18
1.065000000000000000e+03,5.964290043271475500e-11,3.273322213054321371e-12,9.818811528429761193e-17,3.710104873254067210e-18
1.066000000000000000e+03,5.972283810679921311e-11,3.273313754420249688e-12,9.820044693546281514e-17,3.713218964971913766e-18
1.067000000000000000e+03,5.979267680383088204e-11,3.273313754420249688e-12,9.826210519128873261e-17,3.713218964971913766e-18
1.068000000000000000e+03,5.994265414961471238e-11,3.273322213054321371e-12,9.836075840061021042e-17,3.713218964971913766e-18
1.069000000000000000e+03,6.005198436885278269e-11,3.273347588956536420e-12,9.848407491226205768e-17,3.713218964971913766e-18
1.070000000000000000e+03,6.024029763250362993e-11,3.273347588956536420e-12,9.853340151692280891e-17,3.713218964971913766e-18
1.071000000000000000e+03,6.035937512312596986e-11,3.273330671688393054e-12,9.858272812158353549e-17,3.713218964971913766e-18
1.072000000000000000e+03,6.052583239166260888e-11,3.273347588956536420e-12,9.868138133090502562e-17,3.713218964971913766e-18
1.073000000000000000e+03,6.062149633349591071e-11,3.273347588956536420e-12,9.892801435420872015e-17,3.713218964971913766e-18
1.074000000000000000e+03,6.074348795680015541e-11,3.273356047590608103e-12,9.917464737751242699e-17,3.713218964971913766e-18
1.075000000000000000e+03,6.081558761884364166e-11,3.273372964858751469e-12,9.919931067984279645e-17,3.717371087262376098e-18
1.076000000000000000e+03,6.091306033268638958e-11,3.273364506224679786e-12,9.949527030780722987e-17,3.717371087262376098e-18
1.077000000000000000e+03,6.097812588135978182e-11,3.273381423492822749e-12,9.969257672645018549e-17,3.725675331843300763e-18
1.078000000000000000e+03,6.107072495951040139e-11,3.273398340760966115e-12,9.993920974975389234e-17,3.725675331843300763e-18
1.079000000000000000e+03,6.111383402573570790e-11,3.273398340760966115e-12,1.000131996567450130e-16,3.729827454133763095e-18
1.080000000000000000e+03,6.113428319817591541e-11,3.273389882126894432e-12,1.002105060753879686e-16,3.738131698714687759e-18
1.081000000000000000e+03,6.068600920183308007e-11,3.335027948607143974e-12,1.003256426319090099e-16,3.741313201597649934e-18
1.082000000000000000e+03,6.084156359464606497e-11,3.335019489973072291e-12,1.004489591435608571e-16,3.741313201597649934e-18
1.083000000000000000e+03,6.100787013218190065e-11,3.335044865875287340e-12,1.005907731319604969e-16,3.745984339174420154e-18
1.084000000000000000e+03,6.120522725588003008e-11,3.335061783143430303e-12,1.007510845971079045e-16,3.748579415605959593e-18
1.085000000000000000e+03,6.135038120963865791e-11,3.335087159045645352e-12,1.008928985855075319e-16,3.754807599041652706e-18
1.086000000000000000e+03,6.157466893881086599e-11,3.335078700411573669e-12,1.011892435775708810e-16,3.765220343223202538e-18
1.087000000000000000e+03,6.178433576090665024e-11,3.335087159045645352e-12,1.014636228159962458e-16,3.769372465513664871e-18
1.088000000000000000e+03,6.200560887006310190e-11,3.335104076313788718e-12,1.017102558392999280e-16,3.771448526658895651e-18
1.089000000000000000e+03,6.207559829809556123e-11,3.335104076313788718e-12,1.018089090486214181e-16,3.775600648949357983e-18
1.090000000000000000e+03,6.200756837307335133e-11,3.335095617679717035e-12,1.019753863393514273e-16,3.779752771239820316e-18
1.091000000000000000e+03,6.195863104148424821e-11,3.335061783143430303e-12,1.020863711998380960e-16,3.783904893530282648e-18
1.092000000000000000e+03,6.191903903194399516e-11,3.335095617679717035e-12,1.021356978044988103e-16,3.783904893530282648e-18
1.093000000000000000e+03,6.176750413248534786e-11,3.335061783143430303e-12,1.022836776184810393e-16,3.783904893530282648e-18
1.094000000000000000e+03,6.159697712692744542e-11,3.335087159045645352e-12,1.024809840371240073e-16,3.783904893530282648e-18
1.095000000000000000e+03,6.150030831175556243e-11,3.335053324509359024e-12,1.025642226824890057e-16,3.783904893530282648e-18
1.096000000000000000e+03,6.143232863040027835e-11,3.335044865875287340e-12,1.026752075429756744e-16,3.785980954675514199e-18
1.097000000000000000e+03,6.132978130619765999e-11,3.335036407241215657e-12,1.028231873569579035e-16,3.790133076965975761e-18
1.098000000000000000e+03,6.117332252737994558e-11,3.335002572704928925e-12,1.028971772639489995e-16,3.794285199256438093e-18
1.099000000000000000e+03,6.102666126361345247e-11,3.335019489973072291e-12,1.030204937756008467e-16,3.798437321546900425e-18
1.100000000000000000e+03,6.092858562576752999e-11,3.335027948607143974e-12,1.032917901012349230e-16,3.812969749563518202e-18
1.101000000000000000e+03,6.086080691907996215e-11,3.335011031339000608e-12,1.033904433105564009e-16,3.817121871853980534e-18
1.102000000000000000e+03,6.079599258874122491e-11,3.334985655436785559e-12,1.035137598222082481e-16,3.819197932999211315e-18
1.103000000000000000e+03,6.068651163850237711e-11,3.334977196802713876e-12,1.036864029385208343e-16,3.829578238725367530e-18
1.104000000000000000e+03,6.054884399111620160e-11,3.334968738168642193e-12,1.038097194501726815e-16,3.833730361015829862e-18
1.105000000000000000e+03,6.041223146073555892e-11,3.334943362266427144e-12,1.039330359618245535e-16,3.833730361015829862e-18
1.106000000000000000e+03,6.029998710881559676e-11,3.334951820900498827e-12,1.041241765548849198e-16,3.834768391588444868e-18
1.107000000000000000e+03,6.021366848903113209e-11,3.334960279534570510e-12,1.041241765548849198e-16,3.834768391588444868e-18
1.108000000000000000e+03,6.013895615630732189e-11,3.334943362266427144e-12,1.042814051072410143e-16,3.834768391588444868e-18
1.109000000000000000e+03,6.007208183562448356e-11,3.334917986364212094e-12,1.043184000607365746e-16,3.838920513878907200e-18
1.110000000000000000e+03,5.997782471646519537e-11,3.334917986364212094e-12,1.043923899677276830e-16,3.847224758459831864e-18
1.111000000000000000e+03,5.986412329820428083e-11,3.334926444998283777e-12,1.045403697817099120e-16,3.855529003040756528e-18
1.112000000000000000e+03,5.969309385597709427e-11,3.334917986364212094e-12,1.045403697817099120e-16,3.855529003040756528e-18
1.113000000000000000e+03,5.956024960061613420e-11,3.334909527730140411e-12,1.046390229910314021e-16,3.855529003040756528e-18
1.114000000000000000e+03,5.945805398208202248e-11,3.334901069096068728e-12,1.047376762003528553e-16,3.865909308766911973e-18
1.115000000000000000e+03,5.935987785690224835e-11,3.334867234559781996e-12,1.047376762003528553e-16,3.865909308766911973e-18
1.116000000000000000e+03,5.928476357484300568e-11,3.334858775925710313e-12,1.047993344561787851e-16,3.865909308766911973e-18
1.117000000000000000e+03,5.922361703219009939e-11,3.334867234559781996e-12,1.049719775724913959e-16,3.867985369912143524e-18
1.118000000000000000e+03,5.915423052816080168e-11,3.334875693193853679e-12,1.050213041771521102e-16,3.876289614493068189e-18
1.119000000000000000e+03,5.903098281318333375e-11,3.334875693193853679e-12,1.051816156422995178e-16,3.876289614493068189e-18
1.120000000000000000e+03,5.892411453362479699e-11,3.334824941389423581e-12,1.054097511888554568e-16,3.876289614493068189e-18
1.121000000000000000e+03,5.874509634835584816e-11,3.334824941389423581e-12,1.054590777935161957e-16,3.876289614493068189e-18
1.122000000000000000e+03,5.862436081672485253e-11,3.334824941389423581e-12,1.056317209098287818e-16,3.876289614493068189e-18
1.123000000000000000e+03,5.848146782797804202e-11,3.334808024121280618e-12,1.058783539331324764e-16,3.876289614493068189e-18
1.124000000000000000e+03,5.838515071847465274e-11,3.334816482755352301e-12,1.059276805377932153e-16,3.876289614493068189e-18
1.125000000000000000e+03,5.830255013004295777e-11,3.334799565487208935e-12,1.059276805377932153e-16,3.876289614493068189e-18
1.126000000000000000e+03,5.821814076960180378e-11,3.334782648219065569e-12,1.059770071424539665e-16,3.885631889646607858e-18
1.127000000000000000e+03,5.815950641029535686e-11,3.334791106853137252e-12,1.062236401657576733e-16,3.885631889646607858e-18
1.128000000000000000e+03,5.807384095818097318e-11,3.334791106853137252e-12,1.063222933750791388e-16,3.893936134227532522e-18
1.129000000000000000e+03,5.799706863511306189e-11,3.334799565487208935e-12,1.065442630960524639e-16,3.898088256517994854e-18
1.130000000000000000e+03,5.785528100703869713e-11,3.334757272316850520e-12,1.066429163053739540e-16,3.906392501098919518e-18
1.131000000000000000e+03,5.774886492048253159e-11,3.334774189584993886e-12,1.067662328170258013e-16,3.910544623389381080e-18
1.132000000000000000e+03,5.757170575088996761e-11,3.334782648219065569e-12,1.067662328170258013e-16,3.910544623389381080e-18
1.133000000000000000e+03,5.746237553165190376e-11,3.334748813682778837e-12,1.067908961193561831e-16,3.914696745679843412e-18
1.134000000000000000e+03,5.730385676249009473e-11,3.334740355048707154e-12,1.067908961193561831e-16,3.923000990260768076e-18
1.135000000000000000e+03,5.721628205103240037e-11,3.334731896414635471e-12,1.069388759333383874e-16,3.924039020833383852e-18
1.136000000000000000e+03,5.709775724074628330e-11,3.334706520512420421e-12,1.070375291426598776e-16,3.924039020833383852e-18
1.137000000000000000e+03,5.703319412874218166e-11,3.334714979146492104e-12,1.070868557473206165e-16,3.932343265414308516e-18
1.138000000000000000e+03,5.693873603491517723e-11,3.334706520512420421e-12,1.071361823519813554e-16,3.932343265414308516e-18
1.139000000000000000e+03,5.688472409296622952e-11,3.334698061878348738e-12,1.071862796848399133e-16,3.932343265414308516e-18
1.140000000000000000e+03,5.688000118827487865e-11,3.334681144610205372e-12,1.074329127081436202e-16,3.932343265414308516e-18
1.141000000000000000e+03,5.884231784386396695e-11,3.405319197742709953e-12,1.075725213902740804e-16,3.936495387704770078e-18
1.142000000000000000e+03,5.872308962224083661e-11,3.405268445938279855e-12,1.076711745995955582e-16,3.940128494708925293e-18
1.143000000000000000e+03,5.860677553329961104e-11,3.405217694133850160e-12,1.077081695530911309e-16,3.942204555854156073e-18
1.144000000000000000e+03,5.851879887250647775e-11,3.405192318231635111e-12,1.078499835414907583e-16,3.944280616999386854e-18
1.145000000000000000e+03,5.833133975119342127e-11,3.405133107793133329e-12,1.078746468438211154e-16,3.944280616999386854e-18
1.146000000000000000e+03,5.824366455240185587e-11,3.405099273256846597e-12,1.080072120938468528e-16,3.948432739289849957e-18
1.147000000000000000e+03,5.804037867600608464e-11,3.405056980086488182e-12,1.080627045240901933e-16,3.948432739289849957e-18
1.148000000000000000e+03,5.792733042541525755e-11,3.405006228282058487e-12,1.082045185124898207e-16,3.948432739289849957e-18
1.149000000000000000e+03,5.778293012666056883e-11,3.404980852379843438e-12,1.082785084194809291e-16,3.956736983870773851e-18
1.150000000000000000e+03,5.754778976543163892e-11,3.404904724673198290e-12,1.084758148381238970e-16,3.965300736094852073e-18
1.151000000000000000e+03,5.744468976089280415e-11,3.404896266039126607e-12,1.087779402916709321e-16,3.967376797240083625e-18
1.152000000000000000e+03,5.729079340908848787e-11,3.404837055600624826e-12,1.089012568033227793e-16,3.973604980675776738e-18
1.153000000000000000e+03,5.705354281384853105e-11,3.404786303796194727e-12,1.091232265242961044e-16,3.981909225256701402e-18
1.154000000000000000e+03,5.689673232936232293e-11,3.404718634723621667e-12,1.091602214777916647e-16,3.986061347547163734e-18
1.155000000000000000e+03,5.678293042376755027e-11,3.404676341553263251e-12,1.091987578876828508e-16,3.988137408692395285e-18
1.156000000000000000e+03,5.670460054702484141e-11,3.404659424285119885e-12,1.094947175156473089e-16,3.988137408692395285e-18
1.157000000000000000e+03,5.671615659041857006e-11,3.404676341553263251e-12,1.095193808179776660e-16,3.990213469837626066e-18
1.158000000000000000e+03,5.677815727540927357e-11,3.404659424285119885e-12,1.096180340272991562e-16,3.994365592128088398e-18
1.159000000000000000e+03,5.683734431505193690e-11,3.404701717455478300e-12,1.096920239342902522e-16,3.998517714418549960e-18
1.160000000000000000e+03,5.687075635355989315e-11,3.404701717455478300e-12,1.097906771436117423e-16,4.004745897854243843e-18
1.161000000000000000e+03,5.689115528233317483e-11,3.404693258821406617e-12,1.099139936552635896e-16,4.004745897854243843e-18
1.162000000000000000e+03,5.693320923155296143e-11,3.404710176089549983e-12,1.099386569575939714e-16,4.004745897854243843e-18
1.163000000000000000e+03,5.702299466435554728e-11,3.404735551991765033e-12,1.104319230042013727e-16,4.004745897854243843e-18
1.164000000000000000e+03,5.718437732253232233e-11,3.404811679698409776e-12,1.105860686437661787e-16,4.004745897854243843e-18
1.165000000000000000e+03,5.731671914122398535e-11,3.404828596966553143e-12,1.105860686437661787e-16,4.013050142435168507e-18
1.166000000000000000e+03,5.743333469216679174e-11,3.404853972868768192e-12,1.107833750624091344e-16,4.021354387016093171e-18
1.167000000000000000e+03,5.753743957004421414e-11,3.404896266039126607e-12,1.108824136358295278e-16,4.029658631597017065e-18
1.168000000000000000e+03,5.759300906566797234e-11,3.404896266039126607e-12,1.110550567521421140e-16,4.033810753887480168e-18
1.169000000000000000e+03,5.763682154323028567e-11,3.404955476477628389e-12,1.110704713160986180e-16,4.033810753887480168e-18
1.170000000000000000e+03,5.769641053220838792e-11,3.404955476477628389e-12,1.110704713160986180e-16,4.042114998468404062e-18
1.171000000000000000e+03,5.777438870328259661e-11,3.404980852379843438e-12,1.113171043394023126e-16,4.042114998468404062e-18
1.172000000000000000e+03,5.788547745086318073e-11,3.404980852379843438e-12,1.113171043394023126e-16,4.042114998468404062e-18
1.173000000000000000e+03,5.801862316822571515e-11,3.405040062818344816e-12,1.116007323162015674e-16,4.042114998468404062e-18
1.174000000000000000e+03,5.812735046346063030e-11,3.405073897354631548e-12,1.117980387348445230e-16,4.042114998468404062e-18
1.175000000000000000e+03,5.825979276948615790e-11,3.405099273256846597e-12,1.119552672872006175e-16,4.042244752289980841e-18
1.176000000000000000e+03,5.833370120353909024e-11,3.405141566427205012e-12,1.119799305895309993e-16,4.042244752289980841e-18
1.177000000000000000e+03,5.841444277629441329e-11,3.405166942329420062e-12,1.121772370081739549e-16,4.042244752289980841e-18
1.178000000000000000e+03,5.845961183286380796e-11,3.405175400963491745e-12,1.124238700314776741e-16,4.048472935725674724e-18
1.179000000000000000e+03,5.851558327782300509e-11,3.405183859597563428e-12,1.129171360780850631e-16,4.048472935725674724e-18
1.180000000000000000e+03,5.855909429338374407e-11,3.405217694133850160e-12,1.130157892874065409e-16,4.052625058016136286e-18
1.181000000000000000e+03,5.861164916899173939e-11,3.405217694133850160e-12,1.132624223107102601e-16,4.052625058016136286e-18
1.182000000000000000e+03,5.869198879241162997e-11,3.405268445938279855e-12,1.135337186363443117e-16,4.054701119161367837e-18
1.183000000000000000e+03,5.879860585363551174e-11,3.405310739108638270e-12,1.138790048689695087e-16,4.054701119161367837e-18
1.184000000000000000e+03,5.889075273878377303e-11,3.405327656376781636e-12,1.139776580782909865e-16,4.054701119161367837e-18
1.185000000000000000e+03,5.902741551283135445e-11,3.405344573644925002e-12,1.141749644969339422e-16,4.054701119161367837e-18
1.186000000000000000e+03,5.910961415192761696e-11,3.405386866815283418e-12,1.144462608225680185e-16,4.054701119161367837e-18
1.187000000000000000e+03,5.922818920588067277e-11,3.405429159985641833e-12,1.144462608225680185e-16,4.054701119161367837e-18
1.188000000000000000e+03,5.929029037820523441e-11,3.405429159985641833e-12,1.145572456830546748e-16,4.063524379028600389e-18
1.189000000000000000e+03,5.937339340330622642e-11,3.405462994521928565e-12,1.146065722877154137e-16,4.063524379028600389e-18
1.190000000000000000e+03,5.942604876624808632e-11,3.405471453156000248e-12,1.149518585203405861e-16,4.063524379028600389e-18
1.191000000000000000e+03,5.947840266718836541e-11,3.405479911790071931e-12,1.150011851250013250e-16,4.071828623609525053e-18
1.192000000000000000e+03,5.952884730878534674e-11,3.405539122228573309e-12,1.150505117296620885e-16,4.071828623609525053e-18
1.193000000000000000e+03,5.957004711566732965e-11,3.405530663594501626e-12,1.151984915436443052e-16,4.071828623609525053e-18
1.194000000000000000e+03,5.962506393095487145e-11,3.405530663594501626e-12,1.152971447529657584e-16,4.071828623609525053e-18
1.195000000000000000e+03,5.966656519983843516e-11,3.405564498130788358e-12,1.155191144739390958e-16,4.071828623609525053e-18
1.196000000000000000e+03,5.974509605124886672e-11,3.405581415398931724e-12,1.155191144739390958e-16,4.080132868190449718e-18
1.197000000000000000e+03,5.979880653119624654e-11,3.405581415398931724e-12,1.156670942879213372e-16,4.080132868190449718e-18
1.198000000000000000e+03,5.987271496524917888e-11,3.405615249935218457e-12,1.157225867181646777e-16,4.088437112771373611e-18
1.199000000000000000e+03,5.994878387698007688e-11,3.405632167203361823e-12,1.159692197414683722e-16,4.088437112771373611e-18
1.200000000000000000e+03,5.996847939441634529e-11,3.405640625837433506e-12,1.160432096484594682e-16,4.096741357352298276e-18
1.201000000000000000e+03,5.857024838744204025e-11,3.465899934964000727e-12,1.161675422568564990e-16,4.100390683584149914e-18
1.202000000000000000e+03,5.869806827611006864e-11,3.465933769500287459e-12,1.162423028920454264e-16,4.103504775301996470e-18
1.203000000000000000e+03,5.883000814546629920e-11,3.465950686768430826e-12,1.163779510548624892e-16,4.105061821160920133e-18
1.204000000000000000e+03,5.899762101834229686e-11,3.465984521304717154e-12,1.164396093106884067e-16,4.107137882306150914e-18
1.205000000000000000e+03,5.918040747863094122e-11,3.466009897206932203e-12,1.165151406740751408e-16,4.107267636127727694e-18
1.206000000000000000e+03,5.932008487269427907e-11,3.466026814475075569e-12,1.166631204880573822e-16,4.109473451094536024e-18
1.207000000000000000e+03,5.954286529185860894e-11,3.466052190377290619e-12,1.168480952555351346e-16,4.110511481667151800e-18
1.208000000000000000e+03,5.969686213099677688e-11,3.466077566279505668e-12,1.169020462293828370e-16,4.114663603957614132e-18
1.209000000000000000e+03,5.987281545258304346e-11,3.466119859449864083e-12,1.171240159503561744e-16,4.118815726248075694e-18
1.210000000000000000e+03,6.014699514301599707e-11,3.466145235352079132e-12,1.172997419794600490e-16,4.118815726248075694e-18
1.211000000000000000e+03,6.025964144427140462e-11,3.466187528522437548e-12,1.174477217934422904e-16,4.122967848538538026e-18
1.212000000000000000e+03,6.032033579392193970e-11,3.466204445790580914e-12,1.176203649097548642e-16,4.125043909683769577e-18
1.213000000000000000e+03,6.025888778926746551e-11,3.466170611254294182e-12,1.178423346307282016e-16,4.125043909683769577e-18
1.214000000000000000e+03,6.019306858559013418e-11,3.466162152620222499e-12,1.178423346307282016e-16,4.129196031974231909e-18
1.215000000000000000e+03,6.016774577745778539e-11,3.466162152620222499e-12,1.179533194912148580e-16,4.140614368273003130e-18
1.216000000000000000e+03,6.011760259786238487e-11,3.466162152620222499e-12,1.180026460958755969e-16,4.144766490563465462e-18
1.217000000000000000e+03,5.999154123753687675e-11,3.466111400815792400e-12,1.181012993051970747e-16,4.148918612853927794e-18
1.218000000000000000e+03,5.982493323799946025e-11,3.466077566279505668e-12,1.183356006773356153e-16,4.148918612853927794e-18
1.219000000000000000e+03,5.968616022994085191e-11,3.466077566279505668e-12,1.183479323285007939e-16,4.148918612853927794e-18
1.220000000000000000e+03,5.959959039182174518e-11,3.466094483547649034e-12,1.183602639796659725e-16,4.153070735144390126e-18
1.221000000000000000e+03,5.954070481418064328e-11,3.466069107645433985e-12,1.184712488401526288e-16,4.154108765717005131e-18
1.222000000000000000e+03,5.947910607852537869e-11,3.466043731743218936e-12,1.186870527355433893e-16,4.162932025584237683e-18
1.223000000000000000e+03,5.934319695948173637e-11,3.466026814475075569e-12,1.188843591541863202e-16,4.162932025584237683e-18
1.224000000000000000e+03,5.918864744000734556e-11,3.465992979938788837e-12,1.190076756658381798e-16,4.165008086729468464e-18
1.225000000000000000e+03,5.905635586498260836e-11,3.465976062670645875e-12,1.192543086891418990e-16,4.165008086729468464e-18
1.226000000000000000e+03,5.895285391110833466e-11,3.465942228134359143e-12,1.193529618984633768e-16,4.165008086729468464e-18
1.227000000000000000e+03,5.887040405367741717e-11,3.465976062670645875e-12,1.193529618984633768e-16,4.173312331310393128e-18
1.228000000000000000e+03,5.880483606833474082e-11,3.465916852232144093e-12,1.194824442356977887e-16,4.173312331310393128e-18
1.229000000000000000e+03,5.874735731336766548e-11,3.465942228134359143e-12,1.196304240496800301e-16,4.173312331310393128e-18
1.230000000000000000e+03,5.867837275867380024e-11,3.465916852232144093e-12,1.197784038636622468e-16,4.175388392455624680e-18
1.231000000000000000e+03,5.854949775300025193e-11,3.465891476329929044e-12,1.198770570729837246e-16,4.175388392455624680e-18
1.232000000000000000e+03,5.841524667496527822e-11,3.465874559061785678e-12,1.200990267939570373e-16,4.177464453600855460e-18
1.233000000000000000e+03,5.829682235201301281e-11,3.465849183159570629e-12,1.202038458288611414e-16,4.179021499459779124e-18
1.234000000000000000e+03,5.815402985060006689e-11,3.465832265891427263e-12,1.202531724335218803e-16,4.179021499459779124e-18
1.235000000000000000e+03,5.806921854082348043e-11,3.465823807257355580e-12,1.203024990381826192e-16,4.179021499459779124e-18
1.236000000000000000e+03,5.799576229977290638e-11,3.465815348623283896e-12,1.205984586661470526e-16,4.179021499459779124e-18
1.237000000000000000e+03,5.792321044472705538e-11,3.465806889989212213e-12,1.206539510963903685e-16,4.179021499459779124e-18
1.238000000000000000e+03,5.787025361978361467e-11,3.465806889989212213e-12,1.208019309103726099e-16,4.179021499459779124e-18
1.239000000000000000e+03,5.780252515676297912e-11,3.465798431355140530e-12,1.209499107243548266e-16,4.187325744040703018e-18
1.240000000000000000e+03,5.770615780359266401e-11,3.465806889989212213e-12,1.211718804453281640e-16,4.191477866331166120e-18
1.241000000000000000e+03,5.759104956265773584e-11,3.465747679550710432e-12,1.211718804453281640e-16,4.191477866331166120e-18
1.242000000000000000e+03,5.745132192492746570e-11,3.465730762282567470e-12,1.213198602593103560e-16,4.191477866331166120e-18
1.243000000000000000e+03,5.731943229923816743e-11,3.465722303648495787e-12,1.216651464919355777e-16,4.191477866331166120e-18
1.244000000000000000e+03,5.718457829720003856e-11,3.465705386380352420e-12,1.217884630035874126e-16,4.191477866331166120e-18
1.245000000000000000e+03,5.708188024199663626e-11,3.465688469112209054e-12,1.218871162129088904e-16,4.191477866331166120e-18
1.246000000000000000e+03,5.698053876580032176e-11,3.465663093209994005e-12,1.219364428175696293e-16,4.191477866331166120e-18
1.247000000000000000e+03,5.691381517611826737e-11,3.465663093209994005e-12,1.220844226315518460e-16,4.199782110912090014e-18
1.248000000000000000e+03,5.683377701469995761e-11,3.465654634575922322e-12,1.222848119629861024e-16,4.208605370779322566e-18
1.249000000000000000e+03,5.678353334777070543e-11,3.465629258673707273e-12,1.223834651723075803e-16,4.208621590007019760e-18
1.250000000000000000e+03,5.670409811035554436e-11,3.465586965503348857e-12,1.223834651723075803e-16,4.208621590007019760e-18
1.251000000000000000e+03,5.665264859541998833e-11,3.465595424137420540e-12,1.224358746897596200e-16,4.208621590007019760e-18
1.252000000000000000e+03,5.652317066574329132e-11,3.465570048235205491e-12,1.225345278990810978e-16,4.208621590007019760e-18
1.253000000000000000e+03,5.640896681081308619e-11,3.465553130967062125e-12,1.225838545037418613e-16,4.216925834587944424e-18
1.254000000000000000e+03,5.627923766280174066e-11,3.465536213698918759e-12,1.227564976200544352e-16,4.219001895733175205e-18
1.255000000000000000e+03,5.611755354262339126e-11,3.465536213698918759e-12,1.228058242247151741e-16,4.227306140314099869e-18
1.256000000000000000e+03,5.601480524375305667e-11,3.465493920528560747e-12,1.228798141317062948e-16,4.227306140314099869e-18
1.257000000000000000e+03,5.586236595828969277e-11,3.465460085992274015e-12,1.230277939456885115e-16,4.227306140314099869e-18
1.258000000000000000e+03,5.578328242654303835e-11,3.465460085992274015e-12,1.231796274006598357e-16,4.227306140314099869e-18
1.259000000000000000e+03,5.570877106848695084e-11,3.465434710090058966e-12,1.232289540053205746e-16,4.227306140314099869e-18
1.260000000000000000e+03,5.567671560898608240e-11,3.465443168724130649e-12,1.233276072146420771e-16,4.227306140314099869e-18
1.261000000000000000e+03,5.965405452677305118e-11,3.520635756041768191e-12,1.233972226369791147e-16,4.228281828230254484e-18
1.262000000000000000e+03,5.949724404228684305e-11,3.520635756041768191e-12,1.236438556602828339e-16,4.233471981093332592e-18
1.263000000000000000e+03,5.932747069173287973e-11,3.520652673309911557e-12,1.238319133405519118e-16,4.233731488736486150e-18
1.264000000000000000e+03,5.911986385998118363e-11,3.520652673309911557e-12,1.239752687853471649e-16,4.242035733317410814e-18
1.265000000000000000e+03,5.895657194246110436e-11,3.520652673309911557e-12,1.241294144249119833e-16,4.244111794462642366e-18
1.266000000000000000e+03,5.874881437970861786e-11,3.520661131943983240e-12,1.242419407417943024e-16,4.246187855607873147e-18
1.267000000000000000e+03,5.850071115241193921e-11,3.520644214675839874e-12,1.243035989976202198e-16,4.258644222479259372e-18
1.268000000000000000e+03,5.830566523739256585e-11,3.520627297407696508e-12,1.244022522069416976e-16,4.262796344769722475e-18
1.269000000000000000e+03,5.823703238836719432e-11,3.520618838773624825e-12,1.245301930877804961e-16,4.262796344769722475e-18
1.270000000000000000e+03,5.831345300576659897e-11,3.520618838773624825e-12,1.245548563901108532e-16,4.266948467060184807e-18
1.271000000000000000e+03,5.835937571733994567e-11,3.520627297407696508e-12,1.247614115471277113e-16,4.275252711641108701e-18
1.272000000000000000e+03,5.841605057363614315e-11,3.520652673309911557e-12,1.248107381517884748e-16,4.277328772786339482e-18
1.273000000000000000e+03,5.858316100984285670e-11,3.520627297407696508e-12,1.250080445704314058e-16,4.281480895076802584e-18
1.274000000000000000e+03,5.873921783932512572e-11,3.520652673309911557e-12,1.250604540878834455e-16,4.281480895076802584e-18
1.275000000000000000e+03,5.884151394519310202e-11,3.520644214675839874e-12,1.251097806925441844e-16,4.291861200802957259e-18
1.276000000000000000e+03,5.891034776888617685e-11,3.520618838773624825e-12,1.252084339018656622e-16,4.291861200802957259e-18
1.277000000000000000e+03,5.903148524985261787e-11,3.520627297407696508e-12,1.253317504135175218e-16,4.291861200802957259e-18
1.278000000000000000e+03,5.919738983805303402e-11,3.520635756041768191e-12,1.255290568321605021e-16,4.291861200802957259e-18
1.279000000000000000e+03,5.933731845045101393e-11,3.520644214675839874e-12,1.255660517856560378e-16,4.291861200802957259e-18
1.280000000000000000e+03,5.942650095925044462e-11,3.520669590578054923e-12,1.256030467391515981e-16,4.297051353666035367e-18
1.281000000000000000e+03,5.949206894459313389e-11,3.520661131943983240e-12,1.257016999484730759e-16,4.298089384238651142e-18
1.282000000000000000e+03,5.955723498060037778e-11,3.520635756041768191e-12,1.259976595764375093e-16,4.298089384238651142e-18
1.283000000000000000e+03,5.969384751098103338e-11,3.520661131943983240e-12,1.260469861810982482e-16,4.306393628819575036e-18
1.284000000000000000e+03,5.985327066614756546e-11,3.520678049212126606e-12,1.261826343439152864e-16,4.310545751110037368e-18
1.285000000000000000e+03,5.999118953186837011e-11,3.520678049212126606e-12,1.263552774602278849e-16,4.318849995690962803e-18
1.286000000000000000e+03,6.009433978007413717e-11,3.520703425114341656e-12,1.264785939718797445e-16,4.323002117981425135e-18
1.287000000000000000e+03,6.017131307780976469e-11,3.520694966480269973e-12,1.267498902975138208e-16,4.323002117981425135e-18
1.288000000000000000e+03,6.023773520549024472e-11,3.520694966480269973e-12,1.268547093324178755e-16,4.324040148554040140e-18
1.289000000000000000e+03,6.030757390252191365e-11,3.520686507846198290e-12,1.271999955650430479e-16,4.324040148554040140e-18
1.290000000000000000e+03,6.044353326523248180e-11,3.520694966480269973e-12,1.272585709080776892e-16,4.324040148554040140e-18
1.291000000000000000e+03,6.058014579561313740e-11,3.520711883748413339e-12,1.274558773267206448e-16,4.328192270844502472e-18
1.292000000000000000e+03,6.071816514866780663e-11,3.520703425114341656e-12,1.276655153965287790e-16,4.328192270844502472e-18
1.293000000000000000e+03,6.087588001915874427e-11,3.520720342382485022e-12,1.276655153965287790e-16,4.328192270844502472e-18
1.294000000000000000e+03,6.097722149535505230e-11,3.520694966480269973e-12,1.277641686058502568e-16,4.328192270844502472e-18
1.295000000000000000e+03,6.105384308742217318e-11,3.520711883748413339e-12,1.280354649314843331e-16,4.330268331989734023e-18
1.296000000000000000e+03,6.113428319817591541e-11,3.520686507846198290e-12,1.280354649314843331e-16,4.330268331989734023e-18
1.297000000000000000e+03,6.120934723656823225e-11,3.520694966480269973e-12,1.280847915361450966e-16,4.332344393134965574e-18
1.298000000000000000e+03,6.129104343899519771e-11,3.520703425114341656e-12,1.281834447454665744e-16,4.332344393134965574e-18
1.299000000000000000e+03,6.143398667140893404e-11,3.520703425114341656e-12,1.282327713501273133e-16,4.340648637715889468e-18
1.300000000000000000e+03,6.157703039115653496e-11,3.520703425114341656e-12,1.282820979547880523e-16,4.340648637715889468e-18
1.301000000000000000e+03,6.172002386723719712e-11,3.520728801016556705e-12,1.285287309780917468e-16,4.340648637715889468e-18
1.302000000000000000e+03,6.188150701274784321e-11,3.520728801016556705e-12,1.285842234083350626e-16,4.348952882296814132e-18
1.303000000000000000e+03,6.198330068194650954e-11,3.520720342382485022e-12,1.287322032223173040e-16,4.362447279740816134e-18
1.304000000000000000e+03,6.210157427389798454e-11,3.520720342382485022e-12,1.289295096409602596e-16,4.362447279740816134e-18
1.305000000000000000e+03,6.217513100228242317e-11,3.520745718284700071e-12,1.290034995479513803e-16,4.362447279740816134e-18
1.306000000000000000e+03,6.225712866671096944e-11,3.520711883748413339e-12,1.292994591759158137e-16,4.370751524321740798e-18
1.307000000000000000e+03,6.233324782210879327e-11,3.520720342382485022e-12,1.295214288968891265e-16,4.370751524321740798e-18
1.308000000000000000e+03,6.239635386777193607e-11,3.520720342382485022e-12,1.295800042399237678e-16,4.370751524321740798e-18
1.309000000000000000e+03,6.254331659354002292e-11,3.520694966480269973e-12,1.296293308445845067e-16,4.379055768902665462e-18
1.310000000000000000e+03,6.264757220241823572e-11,3.520728801016556705e-12,1.296293308445845067e-16,4.379055768902665462e-18
1.311000000000000000e+03,6.283407669405963686e-11,3.520728801016556705e-12,1.297310669666972853e-16,4.379055768902665462e-18
1.312000000000000000e+03,6.296340389273554346e-11,3.520745718284700071e-12,1.299283733853402656e-16,4.379055768902665462e-18
1.313000000000000000e+03,6.312734897792571018e-11,3.520737259650628388e-12,1.303353178737913554e-16,4.380093799475280468e-18
1.314000000000000000e+03,6.324265819352835458e-11,3.520728801016556705e-12,1.305326242924343356e-16,4.388398044056205902e-18
1.315000000000000000e+03,6.336012788680896465e-11,3.520737259650628388e-12,1.307360965366598682e-16,4.388398044056205902e-18
1.316000000000000000e+03,6.344890844627296287e-11,3.520771094186915120e-12,1.309827295599635627e-16,4.388398044056205902e-18
1.317000000000000000e+03,6.353713632540073823e-11,3.520754176918771754e-12,1.309950612111287413e-16,4.388398044056205902e-18
1.318000000000000000e+03,6.361451157247179821e-11,3.520728801016556705e-12,1.309950612111287413e-16,4.388398044056205902e-18
1.319000000000000000e+03,6.366988009342783372e-11,3.520754176918771754e-12,1.312786891879279962e-16,4.388398044056205902e-18
1.320000000000000000e+03,6.370610577728383662e-11,3.520754176918771754e-12,1.313773423972494740e-16,4.388398044056205902e-18
1.321000000000000000e+03,6.329707208481274768e-11,3.575963681504552662e-12,1.314760016278850060e-16,4.389698116526302851e-18
1.322000000000000000e+03,6.345991180933046865e-11,3.575929846968265930e-12,1.315746548372065085e-16,4.393850238816764412e-18
1.323000000000000000e+03,6.362099300550566935e-11,3.575946764236409296e-12,1.316301472674498243e-16,4.394888269389380188e-18
1.324000000000000000e+03,6.376639817759893923e-11,3.575912929700122564e-12,1.317719612558494394e-16,4.401116452825073301e-18
1.325000000000000000e+03,6.396963381032779110e-11,3.575904471066050881e-12,1.320864183605616777e-16,4.406306605688152179e-18
1.326000000000000000e+03,6.415900219098415825e-11,3.575862177895692869e-12,1.321357449652224166e-16,4.409420697405997965e-18
1.327000000000000000e+03,6.435048080565156524e-11,3.575845260627549503e-12,1.323453830350305508e-16,4.415648880841691849e-18
1.328000000000000000e+03,6.452351999455592706e-11,3.575845260627549503e-12,1.324933628490127921e-16,4.423953125422615742e-18
1.329000000000000000e+03,6.477509003487072042e-11,3.575802967457191088e-12,1.325681234842017195e-16,4.423953125422615742e-18
1.330000000000000000e+03,6.490984354957499117e-11,3.575802967457191088e-12,1.326668730345479170e-16,4.423953125422615742e-18
1.331000000000000000e+03,6.490697966056002515e-11,3.575819884725334454e-12,1.329381693601819933e-16,4.432257370003541177e-18
1.332000000000000000e+03,6.483357366317637693e-11,3.575794508823119405e-12,1.331663049067379323e-16,4.432257370003541177e-18
1.333000000000000000e+03,6.479141922662272576e-11,3.575819884725334454e-12,1.332649581160593855e-16,4.432257370003541177e-18
1.334000000000000000e+03,6.475353550175806717e-11,3.575819884725334454e-12,1.334745961858675443e-16,4.438485553439233519e-18
1.335000000000000000e+03,6.462049027172939086e-11,3.575870636529764149e-12,1.336472393021801428e-16,4.440561614584465071e-18
1.336000000000000000e+03,6.443996477645257675e-11,3.575862177895692869e-12,1.338198824184927166e-16,4.440561614584465071e-18
1.337000000000000000e+03,6.430511077441444142e-11,3.575862177895692869e-12,1.338938723254838373e-16,4.444713736874927403e-18
1.338000000000000000e+03,6.422773552734338143e-11,3.575904471066050881e-12,1.340171888371356969e-16,4.453017981455852067e-18
1.339000000000000000e+03,6.416508167468259693e-11,3.575887553797907515e-12,1.341651686511178890e-16,4.453017981455852067e-18
1.340000000000000000e+03,6.405313878476421558e-11,3.575904471066050881e-12,1.341898319534482707e-16,4.455094042601082848e-18
1.341000000000000000e+03,6.390245802764337196e-11,3.575879095163835832e-12,1.342884851627697732e-16,4.455094042601082848e-18
1.342000000000000000e+03,6.375609822587844674e-11,3.575938305602337613e-12,1.343624750697608692e-16,4.459246164891545180e-18
1.343000000000000000e+03,6.364510996563170781e-11,3.575946764236409296e-12,1.345351181860734677e-16,4.467550409472469844e-18
1.344000000000000000e+03,6.356944300323625519e-11,3.575955222870480979e-12,1.345721131395690281e-16,4.467550409472469844e-18
1.345000000000000000e+03,6.350693988157626109e-11,3.575963681504552662e-12,1.347694195582119590e-16,4.467550409472469844e-18
1.346000000000000000e+03,6.343710118454459217e-11,3.575972140138624345e-12,1.348726971367204004e-16,4.475854654053393738e-18
1.347000000000000000e+03,6.331797345025531348e-11,3.575997516040839395e-12,1.349343553925463425e-16,4.475854654053393738e-18
1.348000000000000000e+03,6.319060575458964338e-11,3.575972140138624345e-12,1.353043049275018719e-16,4.475854654053393738e-18
1.349000000000000000e+03,6.305776149922869624e-11,3.575989057406767712e-12,1.353135536658757497e-16,4.476633176982855955e-18
1.350000000000000000e+03,6.291079877346060939e-11,3.576022891943054444e-12,1.353628802705365133e-16,4.476633176982855955e-18
1.351000000000000000e+03,6.281975724898479385e-11,3.576031350577126127e-12,1.356095132938402078e-16,4.480785299273318287e-18
1.352000000000000000e+03,6.275182781129643560e-11,3.576031350577126127e-12,1.358068197124831634e-16,4.480785299273318287e-18
1.353000000000000000e+03,6.268249155093406372e-11,3.576048267845269493e-12,1.360041261311261437e-16,4.480785299273318287e-18
1.354000000000000000e+03,6.261395918924255677e-11,3.576065185113412859e-12,1.360534527357868826e-16,4.489089543854242951e-18
1.355000000000000000e+03,6.253442346449354405e-11,3.576065185113412859e-12,1.362014325497690746e-16,4.489089543854242951e-18
1.356000000000000000e+03,6.240680455049323190e-11,3.576090561015627908e-12,1.362507591544298135e-16,4.489089543854242951e-18
1.357000000000000000e+03,6.226481594775115090e-11,3.576065185113412859e-12,1.363494123637513160e-16,4.489089543854242951e-18
1.358000000000000000e+03,6.214473358379021688e-11,3.576099019649699592e-12,1.365575089771638121e-16,4.498172311364629062e-18
1.359000000000000000e+03,6.198822456130557664e-11,3.576099019649699592e-12,1.366561621864852899e-16,4.514780800526477620e-18
1.360000000000000000e+03,6.189738401149747733e-11,3.576115936917842554e-12,1.369274585121193416e-16,4.514780800526477620e-18
1.361000000000000000e+03,6.179795179464447997e-11,3.576141312820057603e-12,1.369767851167801051e-16,4.514780800526477620e-18
1.362000000000000000e+03,6.173077601196006083e-11,3.576149771454129286e-12,1.371494282330926790e-16,4.525161106252633065e-18
1.363000000000000000e+03,6.166807191563235050e-11,3.576132854185985920e-12,1.371494282330926790e-16,4.533465350833558499e-18
1.364000000000000000e+03,6.159310836457389824e-11,3.576149771454129286e-12,1.373713979540660163e-16,4.541769595414483164e-18
1.365000000000000000e+03,6.153110767958318826e-11,3.576175147356344335e-12,1.376550259308652712e-16,4.541769595414483164e-18
1.366000000000000000e+03,6.139374149419860648e-11,3.576183605990416018e-12,1.378523323495082268e-16,4.550073839995407057e-18
1.367000000000000000e+03,6.129727365369442679e-11,3.576200523258559385e-12,1.380496387681511824e-16,4.550073839995407057e-18
1.368000000000000000e+03,6.112066716443808568e-11,3.576183605990416018e-12,1.380496387681511824e-16,4.550073839995407057e-18
1.369000000000000000e+03,6.101329644821026480e-11,3.576200523258559385e-12,1.381482919774726603e-16,4.550073839995407057e-18
1.370000000000000000e+03,6.085422499871223936e-11,3.576242816428917800e-12,1.385429048147585961e-16,4.550073839995407057e-18
1.371000000000000000e+03,6.076614785058524149e-11,3.576251275062989483e-12,1.385459877275498969e-16,4.558378084576331722e-18
1.372000000000000000e+03,6.064988400531094174e-11,3.576293568233347898e-12,1.385953143322106112e-16,4.558378084576331722e-18
1.373000000000000000e+03,6.058300968462810341e-11,3.576276650965204532e-12,1.385953143322106112e-16,4.558378084576331722e-18
1.374000000000000000e+03,6.049734423251371327e-11,3.576293568233347898e-12,1.386600555008278541e-16,4.558378084576331722e-18
1.375000000000000000e+03,6.043775524353561101e-11,3.576302026867419581e-12,1.386600555008278541e-16,4.558378084576331722e-18
1.376000000000000000e+03,6.036143511347007095e-11,3.576310485501491264e-12,1.388758593962185899e-16,4.567201344443563503e-18
1.377000000000000000e+03,6.029908272281086725e-11,3.576310485501491264e-12,1.390238392102008066e-16,4.567201344443563503e-18
1.378000000000000000e+03,6.019020469657516816e-11,3.576302026867419581e-12,1.390361708613659852e-16,4.567201344443563503e-18
1.379000000000000000e+03,6.005776239054964055e-11,3.576310485501491264e-12,1.391348240706874876e-16,4.575505589024488167e-18
1.380000000000000000e+03,6.002188841236215722e-11,3.576327402769634631e-12,1.392828038846697044e-16,4.583809833605413602e-18
1.381000000000000000e+03,5.968204024925264975e-11,3.656236118844687704e-12,1.394094757735734240e-16,4.585774387560227043e-18
1.382000000000000000e+03,5.964506091039272066e-11,3.656151532503970873e-12,1.394603438346298009e-16,4.590964540423304380e-18
1.383000000000000000e+03,5.968882314428810170e-11,3.656253036112831070e-12,1.395374166544121978e-16,4.593559616854843049e-18
1.384000000000000000e+03,5.983342441771050665e-11,3.656498336500909879e-12,1.397963813288810955e-16,4.593559616854843049e-18
1.385000000000000000e+03,5.986904717756334793e-11,3.656566005573483344e-12,1.398642054102896146e-16,4.593559616854843049e-18
1.386000000000000000e+03,6.001847184301095540e-11,3.656845140497848078e-12,1.399135320149503535e-16,4.593559616854843049e-18
1.387000000000000000e+03,6.010971434215448717e-11,3.657014313179281739e-12,1.401231700847584877e-16,4.598749769717921156e-18
1.388000000000000000e+03,6.014845220935694946e-11,3.657081982251854396e-12,1.402279891196625671e-16,4.607573029585153708e-18
1.389000000000000000e+03,6.030687049118490037e-11,3.657352658542148254e-12,1.403513056313144020e-16,4.609649090730384489e-18
1.390000000000000000e+03,6.047212191171522906e-11,3.657648710734656354e-12,1.405239487476270005e-16,4.613801213020846821e-18
1.391000000000000000e+03,6.055602883548708601e-11,3.657800966147946649e-12,1.406226019569484783e-16,4.615877274166077602e-18
1.392000000000000000e+03,6.059607303802971027e-11,3.657851717952376748e-12,1.406472652592788355e-16,4.624181518747002266e-18
1.393000000000000000e+03,6.075991763588601241e-11,3.658122394242669798e-12,1.408538204162957181e-16,4.624441026390156595e-18
1.394000000000000000e+03,6.096797666064007973e-11,3.658486115507751363e-12,1.410141318814431134e-16,4.624441026390156595e-18
1.395000000000000000e+03,6.112845493281211880e-11,3.658756791798045221e-12,1.411374483930949730e-16,4.624441026390156595e-18
1.396000000000000000e+03,6.122517399165094055e-11,3.658892129943192150e-12,1.414580713233897882e-16,4.626517087535388147e-18
1.397000000000000000e+03,6.129219904333456928e-11,3.659002092186123222e-12,1.417293676490238398e-16,4.636897393261542821e-18
1.398000000000000000e+03,6.141630090064984090e-11,3.659196640769771933e-12,1.418033575560149605e-16,4.636897393261542821e-18
1.399000000000000000e+03,6.157883916316599398e-11,3.659408106621564010e-12,1.418711816374234796e-16,4.636897393261542821e-18
1.400000000000000000e+03,6.185713883428714976e-11,3.659856414227362405e-12,1.418711816374234796e-16,4.636897393261542821e-18
1.401000000000000000e+03,6.204344235126083467e-11,3.660110173249512089e-12,1.419451715444145756e-16,4.638973454406774373e-18
1.402000000000000000e+03,6.215855059219576284e-11,3.660279345930945751e-12,1.419698348467449328e-16,4.653505882423392150e-18
1.403000000000000000e+03,6.227612077281022456e-11,3.660448518612378604e-12,1.420684880560664352e-16,4.653505882423392150e-18
1.404000000000000000e+03,6.238595342871759192e-11,3.660609232659740583e-12,1.422226336956312289e-16,4.662848157576931819e-18
1.405000000000000000e+03,6.252196303509508590e-11,3.660761488073030878e-12,1.423212869049527067e-16,4.671152402157857254e-18
1.406000000000000000e+03,6.276142435167992774e-11,3.661091374801825710e-12,1.425185933235956870e-16,4.679456646738781147e-18
1.407000000000000000e+03,6.302500262839082097e-11,3.661429720164692225e-12,1.427035680910734640e-16,4.683608769029243480e-18
1.408000000000000000e+03,6.320542763633378344e-11,3.661666561918699351e-12,1.428022213003949418e-16,4.683608769029243480e-18
1.409000000000000000e+03,6.350302087555577516e-11,3.662030283183780916e-12,1.428053042131862426e-16,4.683608769029243480e-18
1.410000000000000000e+03,6.361591839514581184e-11,3.662190997231142894e-12,1.428422991666818030e-16,4.683608769029243480e-18
1.411000000000000000e+03,6.381744574319906926e-11,3.662402463082934163e-12,1.428422991666818030e-16,4.683608769029243480e-18
1.412000000000000000e+03,6.387160841614880738e-11,3.662487049423650994e-12,1.429902789806640197e-16,4.683608769029243480e-18
1.413000000000000000e+03,6.398656592608294514e-11,3.662597011666582874e-12,1.431875853993069753e-16,4.691913013610167373e-18
1.414000000000000000e+03,6.407544697288080794e-11,3.662698515275443071e-12,1.433232335621240135e-16,4.693989074755398925e-18
1.415000000000000000e+03,6.410674877737773082e-11,3.662732349811728995e-12,1.434712133761062302e-16,4.693989074755398925e-18
1.416000000000000000e+03,6.408926398128635391e-11,3.662639304836941289e-12,1.435698665854277080e-16,4.698141197045861257e-18
1.417000000000000000e+03,6.403223741932164978e-11,3.662588553032511191e-12,1.436191931900884469e-16,4.706445441626785921e-18
1.418000000000000000e+03,6.398088839171993894e-11,3.662487049423650994e-12,1.438411629110617843e-16,4.710597563917247483e-18
1.419000000000000000e+03,6.389552440160712960e-11,3.662427838985149212e-12,1.439398161203832621e-16,4.710597563917247483e-18
1.420000000000000000e+03,6.384774267435741098e-11,3.662317876742217333e-12,1.440014743762091796e-16,4.714749686207709815e-18
1.421000000000000000e+03,6.378775173604387625e-11,3.662233290401501310e-12,1.440014743762091796e-16,4.714749686207709815e-18
1.422000000000000000e+03,6.375906260222726441e-11,3.662199455865214577e-12,1.441556200157739979e-16,4.723053930788635249e-18
1.423000000000000000e+03,6.372811250339884817e-11,3.662199455865214577e-12,1.445009062483991702e-16,4.723053930788635249e-18
1.424000000000000000e+03,6.371007502697124838e-11,3.662140245426712796e-12,1.447475392717028894e-16,4.731358175369559143e-18
1.425000000000000000e+03,6.368821903185701432e-11,3.662089493622282697e-12,1.449571773415110236e-16,4.731358175369559143e-18
1.426000000000000000e+03,6.366616206207507694e-11,3.662072576354139331e-12,1.450065039461717625e-16,4.731358175369559143e-18
1.427000000000000000e+03,6.363264953623326257e-11,3.662038741817852599e-12,1.451544837601539792e-16,4.733434236514789924e-18
1.428000000000000000e+03,6.358099904662998384e-11,3.661987990013422500e-12,1.452531369694754816e-16,4.733434236514789924e-18
1.429000000000000000e+03,6.354698408411887243e-11,3.661911862306777353e-12,1.455121016439443547e-16,4.734472267087406470e-18
1.430000000000000000e+03,6.348061220010531822e-11,3.661835734600132205e-12,1.455614282486050936e-16,4.751080756249255028e-18
1.431000000000000000e+03,6.342981585283984317e-11,3.661776524161630424e-12,1.457094080625873103e-16,4.751080756249255028e-18
1.432000000000000000e+03,6.338645556827989460e-11,3.661751148259416182e-12,1.458080612719087881e-16,4.761461061975410473e-18
1.433000000000000000e+03,6.333661385068607489e-11,3.661658103284627668e-12,1.459067144812302660e-16,4.769765306556335137e-18
1.434000000000000000e+03,6.331124079888680028e-11,3.661615810114269253e-12,1.459437094347258263e-16,4.771841367701566688e-18
1.435000000000000000e+03,6.327496487136387155e-11,3.661573516943910838e-12,1.460916892487080430e-16,4.780145612282490582e-18
1.436000000000000000e+03,6.325049620556932645e-11,3.661565058309839155e-12,1.460916892487080430e-16,4.780145612282490582e-18
1.437000000000000000e+03,6.322929337812517984e-11,3.661548141041695788e-12,1.462396690626902597e-16,4.784297734572952914e-18
1.438000000000000000e+03,6.320271447831959490e-11,3.661522765139480739e-12,1.465356286906547178e-16,4.784297734572952914e-18
1.439000000000000000e+03,6.319095746025815002e-11,3.661505847871337373e-12,1.465849552953154567e-16,4.788449856863415246e-18
1.440000000000000000e+03,6.319040477992192715e-11,3.661497389237265690e-12,1.466342818999761956e-16,4.788449856863415246e-18
1.441000000000000000e+03,6.048297454377194443e-11,3.715361971005651413e-12,1.467578407695183679e-16,4.792216772496070961e-18
1.442000000000000000e+03,6.059928863271318293e-11,3.715361971005651413e-12,1.468318306765094886e-16,4.793254803068686737e-18
1.443000000000000000e+03,6.073786066610407503e-11,3.715311219201221315e-12,1.469304838858309664e-16,4.793254803068686737e-18
1.444000000000000000e+03,6.092562124941871232e-11,3.715285843299006265e-12,1.470692149614393054e-16,4.793254803068686737e-18
1.445000000000000000e+03,6.107278494985450248e-11,3.715294301933077948e-12,1.471370390428478245e-16,4.795330864213917517e-18
1.446000000000000000e+03,6.126386161518647700e-11,3.715268926030862899e-12,1.473343454614907801e-16,4.799482986504379850e-18
1.447000000000000000e+03,6.141604968231519884e-11,3.715252008762719533e-12,1.474977398394294762e-16,4.804154124081150069e-18
1.448000000000000000e+03,6.164556275284804190e-11,3.715218174226432801e-12,1.476642171301594730e-16,4.808306246371612402e-18
1.449000000000000000e+03,6.176926266082788105e-11,3.715192798324217751e-12,1.477659532522722517e-16,4.808825261657920289e-18
1.450000000000000000e+03,6.205675692299708358e-11,3.715175881056075193e-12,1.478646064615937295e-16,4.808825261657920289e-18
1.451000000000000000e+03,6.225104918301253076e-11,3.715158963787931827e-12,1.479262647174196716e-16,4.808825261657920289e-18
1.452000000000000000e+03,6.235696283289939926e-11,3.715116670617573412e-12,1.482977557087708638e-16,4.808825261657920289e-18
1.453000000000000000e+03,6.236746375928762091e-11,3.715116670617573412e-12,1.484334038715879019e-16,4.808825261657920289e-18
1.454000000000000000e+03,6.229114362922208085e-11,3.715142046519788461e-12,1.485813836855701186e-16,4.817129506238844954e-18
1.455000000000000000e+03,6.223793558594399808e-11,3.715142046519788461e-12,1.486553735925612147e-16,4.819205567384075734e-18
1.456000000000000000e+03,6.221155766080612938e-11,3.715125129251645095e-12,1.487247391303653965e-16,4.827509811965000399e-18
1.457000000000000000e+03,6.215367695650362157e-11,3.715142046519788461e-12,1.487740657350261354e-16,4.831661934255462731e-18
1.458000000000000000e+03,6.202460097616236995e-11,3.715184339690146068e-12,1.489467088513387339e-16,4.844118301126848957e-18
1.459000000000000000e+03,6.185613396094856860e-11,3.715192798324217751e-12,1.491193519676513077e-16,4.844118301126848957e-18
1.460000000000000000e+03,6.170937220984819798e-11,3.715226632860504484e-12,1.492303368281379641e-16,4.845156331699465503e-18
1.461000000000000000e+03,6.161255266367552458e-11,3.715201256958289435e-12,1.494769698514416586e-16,4.845156331699465503e-18
1.462000000000000000e+03,6.154407054565094346e-11,3.715209715592361118e-12,1.495779352453566305e-16,4.845156331699465503e-18
1.463000000000000000e+03,6.148091425632086191e-11,3.715235091494576167e-12,1.495902668965218091e-16,4.853460576280389396e-18
1.464000000000000000e+03,6.136671040139066325e-11,3.715260467396791216e-12,1.497629100128344075e-16,4.861764820861314061e-18
1.465000000000000000e+03,6.123351444036119654e-11,3.715268926030862899e-12,1.498862265244862425e-16,4.872145126587469506e-18
1.466000000000000000e+03,6.108946584727501446e-11,3.715285843299006265e-12,1.499860358261044797e-16,4.872145126587469506e-18
1.467000000000000000e+03,6.093561973913763693e-11,3.715328136469364681e-12,1.500846890354259328e-16,4.872145126587469506e-18
1.468000000000000000e+03,6.084593479366890920e-11,3.715311219201221315e-12,1.503066587563992702e-16,4.872145126587469506e-18
1.469000000000000000e+03,6.078137168166481401e-11,3.715361971005651413e-12,1.505532917797029894e-16,4.880449371168394170e-18
1.470000000000000000e+03,6.071796417400009040e-11,3.715328136469364681e-12,1.506519449890244672e-16,4.888753615749318064e-18
1.471000000000000000e+03,6.064983376164401592e-11,3.715311219201221315e-12,1.507690956750937252e-16,4.898095890902858503e-18
1.472000000000000000e+03,6.056592683787215897e-11,3.715370429639723096e-12,1.509664020937366808e-16,4.906400135483783168e-18
1.473000000000000000e+03,6.044187522422381318e-11,3.715387346907866462e-12,1.509664020937366808e-16,4.914704380064707061e-18
1.474000000000000000e+03,6.029124471076989538e-11,3.715395805541938145e-12,1.510897186053885404e-16,4.925084685790863277e-18
1.475000000000000000e+03,6.017266965681685249e-11,3.715412722810081511e-12,1.511575426867970595e-16,4.925084685790863277e-18
1.476000000000000000e+03,6.002359669703775166e-11,3.715421181444153194e-12,1.512561958961185126e-16,4.933388930371787171e-18
1.477000000000000000e+03,5.993687612791784160e-11,3.715455015980439927e-12,1.514288390124311358e-16,4.937541052662249503e-18
1.478000000000000000e+03,5.984960287846172158e-11,3.715463474614511610e-12,1.514288390124311358e-16,4.937541052662249503e-18
1.479000000000000000e+03,5.978192465910801832e-11,3.715455015980439927e-12,1.515644871752481493e-16,4.937541052662249503e-18
1.480000000000000000e+03,5.972871661582993555e-11,3.715480391882654976e-12,1.515675700880394501e-16,4.937541052662249503e-18
1.481000000000000000e+03,5.965103990675729476e-11,3.715522685053013391e-12,1.516168966927001890e-16,4.937541052662249503e-18
1.482000000000000000e+03,5.958140218439334206e-11,3.715471933248583293e-12,1.516908865996913096e-16,4.937541052662249503e-18
1.483000000000000000e+03,5.944353356233946324e-11,3.715531143687085074e-12,1.519868462276557431e-16,4.945845297243174937e-18
1.484000000000000000e+03,5.934008185213212829e-11,3.715514226418941708e-12,1.520608361346468391e-16,4.945845297243174937e-18
1.485000000000000000e+03,5.916372658121042924e-11,3.715539602321156757e-12,1.522581425532898194e-16,4.945845297243174937e-18
1.486000000000000000e+03,5.905499928597552056e-11,3.715548060955228441e-12,1.524307856696024179e-16,4.954149541824098831e-18
1.487000000000000000e+03,5.889849026349088032e-11,3.715598812759658539e-12,1.525294388789238957e-16,4.962453786405023495e-18
1.488000000000000000e+03,5.881257359304184811e-11,3.715581895491515173e-12,1.525910971347498131e-16,4.962453786405023495e-18
1.489000000000000000e+03,5.869942485511715644e-11,3.715615730027801905e-12,1.526897503440712909e-16,4.970758030985947389e-18
1.490000000000000000e+03,5.863832855613117598e-11,3.715590354125586856e-12,1.528685592859664664e-16,4.979062275566872824e-18
1.491000000000000000e+03,5.855035189533805561e-11,3.715607271393730222e-12,1.529178858906272053e-16,4.979062275566872824e-18
1.492000000000000000e+03,5.849930432973792558e-11,3.715641105930016954e-12,1.534635614546866587e-16,4.979062275566872824e-18
1.493000000000000000e+03,5.841554813696684611e-11,3.715641105930016954e-12,1.535128880593473976e-16,4.987366520147797488e-18
1.494000000000000000e+03,5.836304350502577662e-11,3.715632647295945271e-12,1.535622146640081365e-16,4.987366520147797488e-18
1.495000000000000000e+03,5.823291240767900508e-11,3.715674940466302879e-12,1.537595210826510921e-16,4.987496273969374267e-18
1.496000000000000000e+03,5.810087205098890994e-11,3.715708775002589611e-12,1.540554807106155502e-16,4.987496273969374267e-18
1.497000000000000000e+03,5.798877843006973819e-11,3.715691857734446245e-12,1.541541339199370280e-16,4.991648396259836599e-18
1.498000000000000000e+03,5.780790122912441097e-11,3.715717233636661294e-12,1.541541339199370280e-16,4.991648396259836599e-18
1.499000000000000000e+03,5.770887096160683962e-11,3.715717233636661294e-12,1.543514403385799836e-16,4.999952640840760493e-18
1.500000000000000000e+03,5.770761486993360993e-11,3.715725692270732977e-12,1.547466312220142622e-16,5.008273104649382351e-18
1.501000000000000000e+03,5.995702383835648122e-11,3.765555505586933144e-12,1.548856106768269682e-16,5.012684988008431311e-18
1.502000000000000000e+03,5.978323099444818030e-11,3.765580881489148194e-12,1.549873467989397468e-16,5.012684988008431311e-18
1.503000000000000000e+03,5.960898595753750816e-11,3.765606257391363243e-12,1.550736683570960460e-16,5.017875140871509419e-18
1.504000000000000000e+03,5.943423848395755191e-11,3.765572422855076511e-12,1.551784873920001254e-16,5.021508247875663863e-18
1.505000000000000000e+03,5.928019140115244522e-11,3.765589340123219877e-12,1.552586431245738231e-16,5.022546278448278869e-18
1.506000000000000000e+03,5.901259363108722732e-11,3.765572422855076511e-12,1.554312862408864216e-16,5.022546278448278869e-18
1.507000000000000000e+03,5.887758889804830159e-11,3.765640091927649975e-12,1.554960274095036152e-16,5.022546278448278869e-18
1.508000000000000000e+03,5.858883854420586291e-11,3.765580881489148194e-12,1.558536452932939907e-16,5.031888553601819308e-18
1.509000000000000000e+03,5.842549638301884489e-11,3.765597798757291560e-12,1.559646301537806717e-16,5.031888553601819308e-18
1.510000000000000000e+03,5.837475027942029567e-11,3.765623174659506609e-12,1.559831276305284519e-16,5.036040675892281640e-18
1.511000000000000000e+03,5.845378356750001134e-11,3.765614716025434926e-12,1.560817808398499051e-16,5.036040675892281640e-18
1.512000000000000000e+03,5.850262041175524989e-11,3.765623174659506609e-12,1.563777404678143631e-16,5.036040675892281640e-18
1.513000000000000000e+03,5.854261437063094832e-11,3.765631633293578292e-12,1.565257202817965799e-16,5.036040675892281640e-18
1.514000000000000000e+03,5.869193854874470414e-11,3.765614716025434926e-12,1.565750468864573188e-16,5.038116737037513192e-18
1.515000000000000000e+03,5.888130692940107129e-11,3.765623174659506609e-12,1.567970166074306562e-16,5.046420981618437085e-18
1.516000000000000000e+03,5.900505708104783627e-11,3.765614716025434926e-12,1.569449964214128729e-16,5.050573103908899418e-18
1.517000000000000000e+03,5.907248408206689747e-11,3.765614716025434926e-12,1.569943230260736118e-16,5.051611134481515193e-18
1.518000000000000000e+03,5.914091595642453984e-11,3.765589340123219877e-12,1.570498154563169523e-16,5.055763256771976755e-18
1.519000000000000000e+03,5.927677483180125633e-11,3.765614716025434926e-12,1.573534823662596254e-16,5.055763256771976755e-18
1.520000000000000000e+03,5.945076865037727348e-11,3.765614716025434926e-12,1.575014621802418421e-16,5.064067501352902189e-18
1.521000000000000000e+03,5.959652552813905001e-11,3.765597798757291560e-12,1.575060865494288056e-16,5.064067501352902189e-18
1.522000000000000000e+03,5.968982801762668286e-11,3.765606257391363243e-12,1.576170714099154620e-16,5.065105531925517195e-18
1.523000000000000000e+03,5.975941549632370973e-11,3.765572422855076511e-12,1.579376943402102526e-16,5.065105531925517195e-18
1.524000000000000000e+03,5.982834980735064914e-11,3.765580881489148194e-12,1.580610108518621368e-16,5.065105531925517195e-18
1.525000000000000000e+03,5.994777900364149572e-11,3.765589340123219877e-12,1.582089906658443289e-16,5.069257654215979527e-18
1.526000000000000000e+03,6.008755688503868522e-11,3.765572422855076511e-12,1.583076438751658313e-16,5.069257654215979527e-18
1.527000000000000000e+03,6.022989719344927285e-11,3.765580881489148194e-12,1.583323071774961885e-16,5.074447807079056864e-18
1.528000000000000000e+03,6.036686142949843509e-11,3.765563964221004827e-12,1.584309603868176663e-16,5.074447807079056864e-18
1.529000000000000000e+03,6.046865509869711435e-11,3.765563964221004827e-12,1.586159351542954680e-16,5.082752051659982299e-18
1.530000000000000000e+03,6.054075476074060059e-11,3.765572422855076511e-12,1.586899250612865640e-16,5.088980235095676182e-18
1.531000000000000000e+03,6.060451397407381792e-11,3.765555505586933144e-12,1.588132415729383989e-16,5.095208418531368525e-18
1.532000000000000000e+03,6.066912732974485185e-11,3.765597798757291560e-12,1.590621867808355876e-16,5.095273295442156529e-18
1.533000000000000000e+03,6.081272372982866271e-11,3.765589340123219877e-12,1.592101665948178043e-16,5.103577540023081964e-18
1.534000000000000000e+03,6.094139776083449479e-11,3.765580881489148194e-12,1.594074730134607599e-16,5.103577540023081964e-18
1.535000000000000000e+03,6.110016774833095235e-11,3.765547046952861461e-12,1.595061262227822377e-16,5.103577540023081964e-18
1.536000000000000000e+03,6.125114996745337678e-11,3.765547046952861461e-12,1.597034326414252180e-16,5.103577540023081964e-18
1.537000000000000000e+03,6.135339582965441433e-11,3.765563964221004827e-12,1.598760757577377918e-16,5.103577540023081964e-18
1.538000000000000000e+03,6.145946021054207323e-11,3.765547046952861461e-12,1.600240555717200332e-16,5.103577540023081964e-18
1.539000000000000000e+03,6.153527790393832918e-11,3.765547046952861461e-12,1.602460252926933459e-16,5.105653601168312744e-18
1.540000000000000000e+03,6.159747956359674247e-11,3.765530129684718095e-12,1.602830202461889062e-16,5.109805723458775847e-18
1.541000000000000000e+03,6.168309477204419386e-11,3.765513212416574729e-12,1.603816734555103841e-16,5.118109968039699741e-18
1.542000000000000000e+03,6.177463873318930645e-11,3.765521671050646412e-12,1.605049899671622190e-16,5.122262090330162073e-18
1.543000000000000000e+03,6.191597416826131291e-11,3.765521671050646412e-12,1.606036431764837215e-16,5.122262090330162073e-18
1.544000000000000000e+03,6.205620424266086071e-11,3.765538588318789778e-12,1.606529697811444604e-16,5.126414212620624405e-18
1.545000000000000000e+03,6.221864201784316214e-11,3.765563964221004827e-12,1.606529697811444604e-16,5.126414212620624405e-18
1.546000000000000000e+03,6.236047988958445273e-11,3.765563964221004827e-12,1.606653014323096389e-16,5.126414212620624405e-18
1.547000000000000000e+03,6.248603881324066380e-11,3.765530129684718095e-12,1.607639546416311167e-16,5.126414212620624405e-18
1.548000000000000000e+03,6.259732853548897062e-11,3.765504753782503046e-12,1.607639546416311167e-16,5.126414212620624405e-18
1.549000000000000000e+03,6.267746718424114497e-11,3.765513212416574729e-12,1.607639546416311167e-16,5.134718457201548299e-18
1.550000000000000000e+03,6.276941309472167709e-11,3.765521671050646412e-12,1.612603036010298066e-16,5.143022701782473733e-18
1.551000000000000000e+03,6.282885135269898894e-11,3.765513212416574729e-12,1.614668587580466646e-16,5.151586454006551956e-18
1.552000000000000000e+03,6.292150067451654728e-11,3.765521671050646412e-12,1.616641651766896202e-16,5.159890698587476620e-18
1.553000000000000000e+03,6.298485793851433214e-11,3.765521671050646412e-12,1.617319892580981393e-16,5.160928729160091626e-18
1.554000000000000000e+03,6.313287578128792598e-11,3.765504753782503046e-12,1.617813158627588782e-16,5.169232973741017060e-18
1.555000000000000000e+03,6.324682841788348258e-11,3.765513212416574729e-12,1.617813158627588782e-16,5.169232973741017060e-18
1.556000000000000000e+03,6.341167788907837881e-11,3.765487836514359680e-12,1.618183108162544385e-16,5.169232973741017060e-18
1.557000000000000000e+03,6.357491956293154517e-11,3.765445543344001264e-12,1.619662906302366553e-16,5.185841462902865618e-18
1.558000000000000000e+03,6.370238774593106692e-11,3.765487836514359680e-12,1.622375869558707316e-16,5.185841462902865618e-18
1.559000000000000000e+03,6.385919823041727504e-11,3.765496295148431363e-12,1.622869135605314705e-16,5.194145707483789512e-18
1.560000000000000000e+03,6.390316143898038524e-11,3.765479377880287997e-12,1.625828731884959039e-16,5.194145707483789512e-18
1.561000000000000000e+03,6.169786641012139516e-11,3.814649417738897692e-12,1.627263385222724987e-16,5.197730410230285445e-18
1.562000000000000000e+03,6.186603196333362863e-11,3.814640959104826009e-12,1.628989816385851219e-16,5.200844501948132772e-18
1.563000000000000000e+03,6.203505165888365285e-11,3.814666335007041058e-12,1.629737422737740246e-16,5.200844501948132772e-18
1.564000000000000000e+03,6.218809386835016544e-11,3.814624041836682643e-12,1.631371366517127454e-16,5.204996624238595104e-18
1.565000000000000000e+03,6.239610264943729401e-11,3.814624041836682643e-12,1.632172923842864677e-16,5.213300868819518997e-18
1.566000000000000000e+03,6.260134802884330821e-11,3.814632500470754326e-12,1.633097797680253439e-16,5.213819884105826885e-18
1.567000000000000000e+03,6.278810373881936433e-11,3.814632500470754326e-12,1.635440811401638598e-16,5.215895945251057666e-18
1.568000000000000000e+03,6.298470720751355466e-11,3.814624041836682643e-12,1.636273197855288336e-16,5.221086098114135774e-18
1.569000000000000000e+03,6.324100015251969889e-11,3.814640959104826009e-12,1.638554553320847726e-16,5.221086098114135774e-18
1.570000000000000000e+03,6.337369367687986855e-11,3.814624041836682643e-12,1.639602743669888520e-16,5.225238220404598106e-18
1.571000000000000000e+03,6.336339372515936313e-11,3.814607124568539277e-12,1.640835908786406870e-16,5.225238220404598106e-18
1.572000000000000000e+03,6.328662140209146478e-11,3.814640959104826009e-12,1.642439023437880822e-16,5.235618526130754321e-18
1.573000000000000000e+03,6.324622549388033388e-11,3.814624041836682643e-12,1.644658720647614196e-16,5.239770648421215883e-18
1.574000000000000000e+03,6.320010180763928387e-11,3.814640959104826009e-12,1.645151986694221585e-16,5.241846709566446664e-18
1.575000000000000000e+03,6.305359127487356824e-11,3.814640959104826009e-12,1.645151986694221585e-16,5.245998831856908996e-18
1.576000000000000000e+03,6.286693605223136377e-11,3.814624041836682643e-12,1.646878417857347570e-16,5.245998831856908996e-18
1.577000000000000000e+03,6.273343862920032918e-11,3.814674793641112741e-12,1.647618316927258777e-16,5.245998831856908996e-18
1.578000000000000000e+03,6.265676679346628247e-11,3.814624041836682643e-12,1.648604849020473555e-16,5.245998831856908996e-18
1.579000000000000000e+03,6.259220368146218729e-11,3.814657876372969375e-12,1.650331280183599540e-16,5.245998831856908996e-18
1.580000000000000000e+03,6.246714719447526033e-11,3.814657876372969375e-12,1.651441128788466104e-16,5.245998831856908996e-18
1.581000000000000000e+03,6.230486015029376224e-11,3.814640959104826009e-12,1.653167559951592089e-16,5.250150954147372098e-18
1.582000000000000000e+03,6.215533499751229018e-11,3.814624041836682643e-12,1.654647358091414256e-16,5.250150954147372098e-18
1.583000000000000000e+03,6.204545209793800992e-11,3.814657876372969375e-12,1.655387257161325463e-16,5.250150954147372098e-18
1.584000000000000000e+03,6.197003635387718645e-11,3.814624041836682643e-12,1.657237004836102987e-16,5.250150954147372098e-18
1.585000000000000000e+03,6.190667908987940158e-11,3.814640959104826009e-12,1.662354640069654925e-16,5.258455198728295992e-18
1.586000000000000000e+03,6.183945306352804369e-11,3.814607124568539277e-12,1.664820970302691871e-16,5.266759443309220656e-18
1.587000000000000000e+03,6.170022786246707706e-11,3.814640959104826009e-12,1.666331597570427046e-16,5.275323195533298879e-18
1.588000000000000000e+03,6.155929437673050306e-11,3.814607124568539277e-12,1.666824863617034435e-16,5.275323195533298879e-18
1.589000000000000000e+03,6.142358623235457697e-11,3.814607124568539277e-12,1.669291193850071380e-16,5.276361226105915425e-18
1.590000000000000000e+03,6.128285372128573213e-11,3.814624041836682643e-12,1.670277725943286158e-16,5.284665470686839319e-18
1.591000000000000000e+03,6.118507954544139046e-11,3.814590207300395910e-12,1.671017625013197365e-16,5.284665470686839319e-18
1.592000000000000000e+03,6.111599450341367357e-11,3.814624041836682643e-12,1.672744056176323350e-16,5.288817592977301651e-18
1.593000000000000000e+03,6.105429528042454440e-11,3.814607124568539277e-12,1.676697891831160529e-16,5.297121837558225545e-18
1.594000000000000000e+03,6.097501077401017374e-11,3.814590207300395910e-12,1.677684423924375554e-16,5.297121837558225545e-18
1.595000000000000000e+03,6.087758830383433871e-11,3.814624041836682643e-12,1.678670956017590332e-16,5.297121837558225545e-18
1.596000000000000000e+03,6.076097275289153233e-11,3.814607124568539277e-12,1.680150754157412746e-16,5.297121837558225545e-18
1.597000000000000000e+03,6.058823502598873840e-11,3.814624041836682643e-12,1.681753868808886452e-16,5.297121837558225545e-18
1.598000000000000000e+03,6.046443463067504760e-11,3.814657876372969375e-12,1.683973566018619826e-16,5.299197898703457096e-18
1.599000000000000000e+03,6.030938267453135975e-11,3.814607124568539277e-12,1.684466832065227215e-16,5.307502143284381760e-18
1.600000000000000000e+03,6.021472360603663909e-11,3.814640959104826009e-12,1.684960098111834604e-16,5.315806387865305654e-18
1.601000000000000000e+03,6.012498841690098552e-11,3.814640959104826009e-12,1.684960098111834604e-16,5.315806387865305654e-18
1.602000000000000000e+03,6.004615610348898608e-11,3.814640959104826009e-12,1.689029542996345748e-16,5.315806387865305654e-18
1.603000000000000000e+03,5.998817491185261369e-11,3.814640959104826009e-12,1.689214517763823550e-16,5.315806387865305654e-18
1.604000000000000000e+03,5.990416750074690509e-11,3.814640959104826009e-12,1.689214517763823550e-16,5.324110632446230318e-18
1.605000000000000000e+03,5.982513421266717649e-11,3.814624041836682643e-12,1.689954416833734757e-16,5.328262754736693421e-18
1.606000000000000000e+03,5.968073391391248777e-11,3.814624041836682643e-12,1.692914013113379091e-16,5.336566999317617315e-18
1.607000000000000000e+03,5.956738420132007987e-11,3.814640959104826009e-12,1.695380343346416036e-16,5.336566999317617315e-18
1.608000000000000000e+03,5.938600456370546206e-11,3.814674793641112741e-12,1.697846673579452982e-16,5.336566999317617315e-18
1.609000000000000000e+03,5.927054461710202725e-11,3.814674793641112741e-12,1.698586572649364188e-16,5.336566999317617315e-18
1.610000000000000000e+03,5.911087024360085311e-11,3.814657876372969375e-12,1.699079838695971578e-16,5.336566999317617315e-18
1.611000000000000000e+03,5.902123554179905120e-11,3.814624041836682643e-12,1.699819737765882538e-16,5.346947305043773530e-18
1.612000000000000000e+03,5.890487120919088688e-11,3.814657876372969375e-12,1.699819737765882538e-16,5.346947305043773530e-18
1.613000000000000000e+03,5.884025785351986587e-11,3.814657876372969375e-12,1.701052902882401134e-16,5.346947305043773530e-18
1.614000000000000000e+03,5.874790999370388835e-11,3.814657876372969375e-12,1.701546168929008769e-16,5.355251549624697424e-18
1.615000000000000000e+03,5.869294342208328530e-11,3.814657876372969375e-12,1.703025967068830690e-16,5.355251549624697424e-18
1.616000000000000000e+03,5.860421310628621291e-11,3.814640959104826009e-12,1.703519233115438079e-16,5.355251549624697424e-18
1.617000000000000000e+03,5.854492557930969146e-11,3.814624041836682643e-12,1.705738930325171453e-16,5.355251549624697424e-18
1.618000000000000000e+03,5.840283648923374589e-11,3.814657876372969375e-12,1.706725462418386231e-16,5.363555794205622088e-18
1.619000000000000000e+03,5.828114632793108200e-11,3.814674793641112741e-12,1.708698526604815787e-16,5.363555794205622088e-18
1.620000000000000000e+03,5.827200198054996108e-11,3.814708628177399473e-12,1.708945159628119605e-16,5.365631855350853639e-18
1.621000000000000000e+03,5.952899803978613715e-11,3.865578853484414235e-12,1.710803864007539968e-16,5.368618220650584892e-18
1.622000000000000000e+03,5.940710690381575703e-11,3.865578853484414235e-12,1.713023561217273342e-16,5.372251327654739336e-18
1.623000000000000000e+03,5.926833389575714869e-11,3.865561936216270869e-12,1.714749992380399081e-16,5.372251327654739336e-18
1.624000000000000000e+03,5.907087628472515468e-11,3.865578853484414235e-12,1.716661398311002867e-16,5.377052219053086335e-18
1.625000000000000000e+03,5.891029752521925103e-11,3.865595770752557601e-12,1.718757779009084456e-16,5.378090249625702111e-18
1.626000000000000000e+03,5.873233445695582211e-11,3.865578853484414235e-12,1.720114260637254591e-16,5.384318433061395224e-18
1.627000000000000000e+03,5.855226115468136629e-11,3.865578853484414235e-12,1.720437966480341052e-16,5.387432524779242551e-18
1.628000000000000000e+03,5.832676757750284789e-11,3.865578853484414235e-12,1.720684599503644623e-16,5.391584647069704883e-18
1.629000000000000000e+03,5.819181308813086737e-11,3.865578853484414235e-12,1.722780980201725965e-16,5.391584647069704883e-18
1.630000000000000000e+03,5.791718120469554253e-11,3.865545018948127503e-12,1.723767512294940990e-16,5.395736769360166444e-18
1.631000000000000000e+03,5.770826803760369092e-11,3.865561936216270869e-12,1.726048867760499887e-16,5.399888891650628776e-18
1.632000000000000000e+03,5.761531725378456470e-11,3.865545018948127503e-12,1.727035399853714911e-16,5.403002983368475333e-18
1.633000000000000000e+03,5.762255234182237495e-11,3.865578853484414235e-12,1.727282032877018482e-16,5.405079044513706114e-18
1.634000000000000000e+03,5.770032953822886740e-11,3.865578853484414235e-12,1.727282032877018482e-16,5.405079044513706114e-18
1.635000000000000000e+03,5.774966881915339652e-11,3.865578853484414235e-12,1.729255097063448285e-16,5.410269197376784992e-18
1.636000000000000000e+03,5.777680039929519787e-11,3.865545018948127503e-12,1.730488262179966634e-16,5.412345258522015002e-18
1.637000000000000000e+03,5.785216589968908259e-11,3.865561936216270869e-12,1.731721427296484984e-16,5.414421319667246554e-18
1.638000000000000000e+03,5.800038471713039267e-11,3.865578853484414235e-12,1.732954592413003826e-16,5.414421319667246554e-18
1.639000000000000000e+03,5.817201708336074085e-11,3.865595770752557601e-12,1.734187757529522176e-16,5.418573441957708886e-18
1.640000000000000000e+03,5.830928278141147097e-11,3.865545018948127503e-12,1.736160821715951732e-16,5.418573441957708886e-18
1.641000000000000000e+03,5.839650578720066516e-11,3.865561936216270869e-12,1.736654087762559121e-16,5.418573441957708886e-18
1.642000000000000000e+03,5.845709964951734858e-11,3.865578853484414235e-12,1.737147353809166510e-16,5.427915717111249325e-18
1.643000000000000000e+03,5.851950228384349103e-11,3.865561936216270869e-12,1.738133885902381288e-16,5.427915717111249325e-18
1.644000000000000000e+03,5.866189283592100449e-11,3.865545018948127503e-12,1.739174368969444015e-16,5.427915717111249325e-18
1.645000000000000000e+03,5.881212140003947689e-11,3.865561936216270869e-12,1.740654167109265936e-16,5.427915717111249325e-18
1.646000000000000000e+03,5.895220074343826014e-11,3.865545018948127503e-12,1.740654167109265936e-16,5.429991778256480106e-18
1.647000000000000000e+03,5.908152794211416674e-11,3.865545018948127503e-12,1.740654167109265936e-16,5.438296022837405541e-18
1.648000000000000000e+03,5.917628749794273906e-11,3.865545018948127503e-12,1.744045371179691889e-16,5.446600267418329435e-18
1.649000000000000000e+03,5.923899159427046231e-11,3.865511184411840771e-12,1.745278536296210485e-16,5.446600267418329435e-18
1.650000000000000000e+03,5.929466157722807864e-11,3.865561936216270869e-12,1.746881650947684438e-16,5.456980573144485650e-18
1.651000000000000000e+03,5.936329442625343724e-11,3.865511184411840771e-12,1.749347981180721630e-16,5.456980573144485650e-18
1.652000000000000000e+03,5.947734755018285842e-11,3.865561936216270869e-12,1.749841247227328772e-16,5.456980573144485650e-18
1.653000000000000000e+03,5.958537143408075383e-11,3.865545018948127503e-12,1.750581146297239979e-16,5.456980573144485650e-18
1.654000000000000000e+03,5.975921452165599350e-11,3.865561936216270869e-12,1.752060944437062146e-16,5.465284817725409544e-18
1.655000000000000000e+03,5.987778957560903638e-11,3.865578853484414235e-12,1.753047476530276924e-16,5.469436940015871876e-18
1.656000000000000000e+03,5.999998217358099732e-11,3.865545018948127503e-12,1.753540742576884313e-16,5.469436940015871876e-18
1.657000000000000000e+03,6.009283247006625896e-11,3.865561936216270869e-12,1.754650591181751123e-16,5.477741184596795770e-18
1.658000000000000000e+03,6.015573754106169845e-11,3.865561936216270869e-12,1.757425212693917903e-16,5.486045429177721204e-18
1.659000000000000000e+03,6.023371571213590713e-11,3.865561936216270869e-12,1.757425212693917903e-16,5.486045429177721204e-18
1.660000000000000000e+03,6.028828033442107771e-11,3.865528101679984137e-12,1.759398276880347212e-16,5.494349673758645869e-18
1.661000000000000000e+03,6.035409953809840905e-11,3.865578853484414235e-12,1.762357873159991546e-16,5.502653918339569762e-18
1.662000000000000000e+03,6.045760149197266982e-11,3.865528101679984137e-12,1.763591038276510389e-16,5.502653918339569762e-18
1.663000000000000000e+03,6.057708093193045515e-11,3.865545018948127503e-12,1.765564102462939699e-16,5.502653918339569762e-18
1.664000000000000000e+03,6.071394468064575281e-11,3.865511184411840771e-12,1.767783799672673072e-16,5.504729979484801314e-18
1.665000000000000000e+03,6.086146008675004960e-11,3.865528101679984137e-12,1.769756863859102875e-16,5.504729979484801314e-18
1.666000000000000000e+03,6.098566243139917287e-11,3.865528101679984137e-12,1.770003496882406446e-16,5.508882101775263646e-18
1.667000000000000000e+03,6.111197501005932305e-11,3.865494267143697404e-12,1.770496762929013835e-16,5.517186346356187540e-18
1.668000000000000000e+03,6.120020288918709840e-11,3.865528101679984137e-12,1.773209726185354598e-16,5.517186346356187540e-18
1.669000000000000000e+03,6.129044051499204901e-11,3.865528101679984137e-12,1.774689524325176766e-16,5.525490590937112204e-18
1.670000000000000000e+03,6.135384802265677262e-11,3.865494267143697404e-12,1.777402487581517529e-16,5.537946957808499200e-18
1.671000000000000000e+03,6.142710328903963044e-11,3.865494267143697404e-12,1.779868817814554474e-16,5.546251202389423864e-18
1.672000000000000000e+03,6.148347668333426004e-11,3.865477349875554846e-12,1.782335148047591419e-16,5.552479385825116207e-18
1.673000000000000000e+03,6.155643048771553704e-11,3.865545018948127503e-12,1.782828414094198808e-16,5.552479385825116207e-18
1.674000000000000000e+03,6.163259988678029962e-11,3.865528101679984137e-12,1.783814946187413586e-16,5.552479385825116207e-18
1.675000000000000000e+03,6.176865973682471943e-11,3.865511184411840771e-12,1.783814946187413586e-16,5.552479385825116207e-18
1.676000000000000000e+03,6.185166227459185979e-11,3.865511184411840771e-12,1.785325573455148761e-16,5.552479385825116207e-18
1.677000000000000000e+03,6.202389756482535667e-11,3.865545018948127503e-12,1.788285169734793096e-16,5.560783630406041641e-18
1.678000000000000000e+03,6.216829786358004539e-11,3.865511184411840771e-12,1.789271701828008120e-16,5.560783630406041641e-18
1.679000000000000000e+03,6.221864201784316214e-11,3.865494267143697404e-12,1.791244766014437676e-16,5.560783630406041641e-18
1.680000000000000000e+03,6.223009757390302621e-11,3.865511184411840771e-12,1.791244766014437676e-16,5.560783630406041641e-18
1.681000000000000000e+03,6.536500092828713012e-11,3.917091934980876103e-12,1.792786493369217807e-16,5.562762629610522329e-18
1.682000000000000000e+03,6.524572246299707395e-11,3.917075017712732737e-12,1.794327949764865990e-16,5.563281644896830217e-18
1.683000000000000000e+03,6.509569487354631778e-11,3.917075017712732737e-12,1.796059197979228205e-16,5.568479907373756537e-18
1.684000000000000000e+03,6.493561855070969825e-11,3.917091934980876103e-12,1.797045730072443230e-16,5.573670060236834644e-18
1.685000000000000000e+03,6.481714398409050701e-11,3.917091934980876103e-12,1.798895477747220754e-16,5.573670060236834644e-18
1.686000000000000000e+03,6.460390986164274346e-11,3.917108852249019469e-12,1.799388743793828389e-16,5.578860213099912752e-18
1.687000000000000000e+03,6.446061492356050049e-11,3.917091934980876103e-12,1.801115174956954128e-16,5.578860213099912752e-18
1.688000000000000000e+03,6.425411345248125014e-11,3.917091934980876103e-12,1.801485124491909731e-16,5.580936274245143533e-18
1.689000000000000000e+03,6.404741100673428355e-11,3.917075017712732737e-12,1.803026580887557914e-16,5.583012335390375084e-18
1.690000000000000000e+03,6.393195106013084874e-11,3.917075017712732737e-12,1.805246278097291288e-16,5.583012335390375084e-18
1.691000000000000000e+03,6.366043428404513198e-11,3.917058100444589370e-12,1.806772319928982844e-16,5.585347904178759424e-18
1.692000000000000000e+03,6.342338466347289786e-11,3.917058100444589370e-12,1.808745384115412400e-16,5.593652148759684088e-18
1.693000000000000000e+03,6.330430717285055792e-11,3.917142686785306201e-12,1.809916890976104980e-16,5.593652148759684088e-18
1.694000000000000000e+03,6.322210853375429542e-11,3.917075017712732737e-12,1.810410157022712369e-16,5.593652148759684088e-18
1.695000000000000000e+03,6.326139908129296765e-11,3.917108852249019469e-12,1.811396689115927147e-16,5.597804271050147190e-18
1.696000000000000000e+03,6.333505629701125793e-11,3.917075017712732737e-12,1.811520005627578933e-16,5.597804271050147190e-18
1.697000000000000000e+03,6.338459655260350975e-11,3.917075017712732737e-12,1.812660683360358505e-16,5.598842301622762196e-18
1.698000000000000000e+03,6.341062277207287181e-11,3.917125769517162835e-12,1.813153949406965894e-16,5.598842301622762196e-18
1.699000000000000000e+03,6.346096692633598857e-11,3.917091934980876103e-12,1.813893848476877347e-16,5.602994423913224528e-18
1.700000000000000000e+03,6.357090006957719465e-11,3.917108852249019469e-12,1.816483495221566078e-16,5.602994423913224528e-18
1.701000000000000000e+03,6.375639968788001462e-11,3.917091934980876103e-12,1.816976761268173467e-16,5.602994423913224528e-18
1.702000000000000000e+03,6.393034326278910595e-11,3.917142686785306201e-12,1.818764850687125221e-16,5.604032454485839533e-18
1.703000000000000000e+03,6.404399443738309466e-11,3.917091934980876103e-12,1.820737914873555024e-16,5.606108515631071084e-18
1.704000000000000000e+03,6.411845555177224987e-11,3.917108852249019469e-12,1.821724446966769556e-16,5.606108515631071084e-18
1.705000000000000000e+03,6.417553235740389275e-11,3.917125769517162835e-12,1.821724446966769556e-16,5.606108515631071084e-18
1.706000000000000000e+03,6.424285887108908938e-11,3.917125769517162835e-12,1.822710979059984580e-16,5.606108515631071084e-18
1.707000000000000000e+03,6.436565439306419901e-11,3.917125769517162835e-12,1.823204245106591969e-16,5.606108515631071084e-18
1.708000000000000000e+03,6.449086161105190345e-11,3.917125769517162835e-12,1.825670575339628915e-16,5.614412760211995748e-18
1.709000000000000000e+03,6.466792029331061577e-11,3.917091934980876103e-12,1.826657107432843693e-16,5.614412760211995748e-18
1.710000000000000000e+03,6.480598989003221083e-11,3.917091934980876103e-12,1.827890272549362042e-16,5.616488821357227300e-18
1.711000000000000000e+03,6.490456796454741743e-11,3.917108852249019469e-12,1.828013589061014074e-16,5.624793065938151193e-18
1.712000000000000000e+03,6.500053336838230007e-11,3.917108852249019469e-12,1.830479919294051019e-16,5.624793065938151193e-18
1.713000000000000000e+03,6.506273502804072629e-11,3.917176521321592933e-12,1.832452983480480822e-16,5.635173371664307409e-18
1.714000000000000000e+03,6.511599331498573488e-11,3.917108852249019469e-12,1.833439515573695354e-16,5.635173371664307409e-18
1.715000000000000000e+03,6.519186125204891666e-11,3.917159604053449567e-12,1.833439515573695354e-16,5.635173371664307409e-18
1.716000000000000000e+03,6.527647158715778688e-11,3.917142686785306201e-12,1.836399111853339934e-16,5.635173371664307409e-18
1.717000000000000000e+03,6.541152656386362552e-11,3.917176521321592933e-12,1.836892377899947323e-16,5.643477616245231303e-18
1.718000000000000000e+03,6.554286350921670738e-11,3.917176521321592933e-12,1.837385643946554466e-16,5.647629738535693635e-18
1.719000000000000000e+03,6.569801595269425981e-11,3.917159604053449567e-12,1.838372176039769491e-16,5.647629738535693635e-18
1.720000000000000000e+03,6.582714217670245018e-11,3.917159604053449567e-12,1.839605341156287840e-16,5.651781860826155967e-18
1.721000000000000000e+03,6.594390845864604697e-11,3.917159604053449567e-12,1.840098607202895229e-16,5.660086105407079861e-18
1.722000000000000000e+03,6.604047678648407831e-11,3.917176521321592933e-12,1.841085139296110254e-16,5.660086105407079861e-18
1.723000000000000000e+03,6.611242571752677415e-11,3.917159604053449567e-12,1.841578405342717643e-16,5.660086105407079861e-18
1.724000000000000000e+03,6.619000193926555037e-11,3.917176521321592933e-12,1.842256646156802833e-16,5.668390349988005295e-18
1.725000000000000000e+03,6.624215486553811322e-11,3.917176521321592933e-12,1.844229710343232389e-16,5.668390349988005295e-18
1.726000000000000000e+03,6.632254473262492962e-11,3.917142686785306201e-12,1.844237417625210703e-16,5.668422788443398912e-18
1.727000000000000000e+03,6.637680789290853231e-11,3.917142686785306201e-12,1.846333798323292045e-16,5.668422788443398912e-18
1.728000000000000000e+03,6.651367164162382997e-11,3.917159604053449567e-12,1.847320330416506823e-16,5.676727033024323576e-18
1.729000000000000000e+03,6.663033743623356219e-11,3.917176521321592933e-12,1.848800128556328990e-16,5.676727033024323576e-18
1.730000000000000000e+03,6.677443627298667009e-11,3.917176521321592933e-12,1.849293394602936626e-16,5.676727033024323576e-18
1.731000000000000000e+03,6.694285304453354562e-11,3.917159604053449567e-12,1.851759724835973324e-16,5.676727033024323576e-18
1.732000000000000000e+03,6.705509739645350777e-11,3.917176521321592933e-12,1.852499623905884778e-16,5.685031277605247470e-18
1.733000000000000000e+03,6.721406835861768156e-11,3.917210355857879666e-12,1.853979422045706698e-16,5.685031277605247470e-18
1.734000000000000000e+03,6.729747284572024146e-11,3.917210355857879666e-12,1.854780979371443675e-16,5.685031277605247470e-18
1.735000000000000000e+03,6.741775618434889172e-11,3.917176521321592933e-12,1.854780979371443675e-16,5.693335522186172905e-18
1.736000000000000000e+03,6.749744264009869485e-11,3.917227273126023032e-12,1.854780979371443675e-16,5.693335522186172905e-18
1.737000000000000000e+03,6.757341106449572827e-11,3.917210355857879666e-12,1.857493942627784438e-16,5.701639766767096799e-18
1.738000000000000000e+03,6.765380093158254468e-11,3.917159604053449567e-12,1.857493942627784438e-16,5.709944011348021463e-18
1.739000000000000000e+03,6.768384664440623141e-11,3.917193438589736300e-12,1.858233841697695645e-16,5.712020072493253014e-18
1.740000000000000000e+03,6.769168465644720328e-11,3.917210355857879666e-12,1.858727107744303034e-16,5.712020072493253014e-18
1.741000000000000000e+03,6.729757333305410604e-11,3.965864419038117501e-12,1.859795574868392092e-16,5.716399517396907587e-18
1.742000000000000000e+03,6.741474156433313530e-11,3.965881336306260867e-12,1.860743570551715795e-16,5.721070654973677807e-18
1.743000000000000000e+03,6.756647743845948592e-11,3.965864419038117501e-12,1.862654976482319335e-16,5.728336868981986695e-18
1.744000000000000000e+03,6.775780532212610250e-11,3.965847501769974135e-12,1.863394875552230295e-16,5.728336868981986695e-18
1.745000000000000000e+03,6.789386517217053523e-11,3.965830584501830769e-12,1.864396822209401701e-16,5.730412930127217476e-18
1.746000000000000000e+03,6.811423389532225737e-11,3.965847501769974135e-12,1.865421890712507801e-16,5.731450960699833252e-18
1.747000000000000000e+03,6.827029072480453931e-11,3.965847501769974135e-12,1.867764904433892960e-16,5.733527021845064033e-18
1.748000000000000000e+03,6.852171003411854227e-11,3.965830584501830769e-12,1.868874753038759524e-16,5.733527021845064033e-18
1.749000000000000000e+03,6.864370165742277405e-11,3.965881336306260867e-12,1.869799626876148286e-16,5.739236189994450028e-18
1.750000000000000000e+03,6.890115020676828986e-11,3.965864419038117501e-12,1.870354551178581691e-16,5.740274220567065804e-18
1.751000000000000000e+03,6.911428384188220176e-11,3.965864419038117501e-12,1.870909475481015096e-16,5.744426342857528136e-18
1.752000000000000000e+03,6.924893686925262085e-11,3.965881336306260867e-12,1.872635906644140834e-16,5.744426342857528136e-18
1.753000000000000000e+03,6.930340100420392685e-11,3.965881336306260867e-12,1.873005856179096438e-16,5.752730587438452030e-18
1.754000000000000000e+03,6.923647643985416269e-11,3.965864419038117501e-12,1.875107053928414503e-16,5.754822867811380775e-18
1.755000000000000000e+03,6.916352263547287277e-11,3.965796749965544037e-12,1.875600319975021892e-16,5.756898928956611556e-18
1.756000000000000000e+03,6.913176863797359160e-11,3.965847501769974135e-12,1.876586852068236424e-16,5.756898928956611556e-18
1.757000000000000000e+03,6.910162243781602737e-11,3.965847501769974135e-12,1.879114840557099385e-16,5.765203173537535449e-18
1.758000000000000000e+03,6.899681414860160461e-11,3.965864419038117501e-12,1.880594638696921552e-16,5.765203173537535449e-18
1.759000000000000000e+03,6.880478285359797475e-11,3.965830584501830769e-12,1.882575410165329422e-16,5.765203173537535449e-18
1.760000000000000000e+03,6.863134171535818047e-11,3.965864419038117501e-12,1.882822043188633240e-16,5.765203173537535449e-18
1.761000000000000000e+03,6.851678615475947517e-11,3.965881336306260867e-12,1.883315309235240629e-16,5.767279234682767001e-18
1.762000000000000000e+03,6.844503819838449557e-11,3.965847501769974135e-12,1.885288373421670185e-16,5.767279234682767001e-18
1.763000000000000000e+03,6.838554969674024497e-11,3.965864419038117501e-12,1.885781639468277574e-16,5.775583479263691665e-18
1.764000000000000000e+03,6.830817444966919791e-11,3.965830584501830769e-12,1.887014804584796170e-16,5.775583479263691665e-18
1.765000000000000000e+03,6.817291849829563012e-11,3.965881336306260867e-12,1.889974400864440751e-16,5.783887723844615559e-18
1.766000000000000000e+03,6.799535737936763367e-11,3.965881336306260867e-12,1.890960932957655282e-16,5.796344090716003325e-18
1.767000000000000000e+03,6.785869460532005224e-11,3.965898253574404233e-12,1.891700832027566489e-16,5.800496213006465657e-18
1.768000000000000000e+03,6.774926389874813028e-11,3.965881336306260867e-12,1.892440731097477696e-16,5.808800457587389551e-18
1.769000000000000000e+03,6.765189167223923400e-11,3.965898253574404233e-12,1.892933997144085085e-16,5.808800457587389551e-18
1.770000000000000000e+03,6.758778075323749711e-11,3.965881336306260867e-12,1.893427263190692474e-16,5.808800457587389551e-18
1.771000000000000000e+03,6.753190979561216455e-11,3.965881336306260867e-12,1.896140226447033237e-16,5.821256824458776547e-18
1.772000000000000000e+03,6.746588961726711699e-11,3.965881336306260867e-12,1.898113290633462547e-16,5.829561069039701212e-18
1.773000000000000000e+03,6.734369701929516897e-11,3.965864419038117501e-12,1.900086354819892349e-16,5.842017435911087437e-18
1.774000000000000000e+03,6.723567313539726064e-11,3.965881336306260867e-12,1.900579620866499738e-16,5.843055466483703983e-18
1.775000000000000000e+03,6.705891591514012913e-11,3.965864419038117501e-12,1.904032483192751462e-16,5.859663955645552541e-18
1.776000000000000000e+03,6.694003939918550543e-11,3.965847501769974135e-12,1.905265648309270057e-16,5.867968200226476435e-18
1.777000000000000000e+03,6.680860196649857191e-11,3.965847501769974135e-12,1.907731978542307003e-16,5.876272444807401870e-18
1.778000000000000000e+03,6.671836434069362130e-11,3.965881336306260867e-12,1.908471877612218209e-16,5.876272444807401870e-18
1.779000000000000000e+03,6.665143977634384422e-11,3.965881336306260867e-12,1.909458409705432988e-16,5.876272444807401870e-18
1.780000000000000000e+03,6.657145185859247321e-11,3.965847501769974135e-12,1.911940154502426314e-16,5.884576689388326534e-18
1.781000000000000000e+03,6.651879649565061331e-11,3.965881336306260867e-12,1.914159851712159688e-16,5.888728811678788096e-18
1.782000000000000000e+03,6.644393343192601270e-11,3.965898253574404233e-12,1.914159851712159688e-16,5.897033056259712760e-18
1.783000000000000000e+03,6.636284015350219594e-11,3.965881336306260867e-12,1.915886282875285672e-16,5.901185178550175092e-18
1.784000000000000000e+03,6.622748371479477650e-11,3.965932088110690966e-12,1.916872814968500451e-16,5.901185178550175092e-18
1.785000000000000000e+03,6.611775154622127372e-11,3.965881336306260867e-12,1.917612714038411411e-16,5.909489423131099756e-18
1.786000000000000000e+03,6.594541576865392518e-11,3.965898253574404233e-12,1.917612714038411411e-16,5.909489423131099756e-18
1.787000000000000000e+03,6.583739188475601685e-11,3.965898253574404233e-12,1.918599246131626189e-16,5.913641545421562088e-18
1.788000000000000000e+03,6.568495259929265295e-11,3.965915170842547600e-12,1.919585778224841214e-16,5.913641545421562088e-18
1.789000000000000000e+03,6.560195006152551259e-11,3.965932088110690966e-12,1.922175424969530191e-16,5.913641545421562088e-18
1.790000000000000000e+03,6.549201691828429358e-11,3.965898253574404233e-12,1.923161957062744722e-16,5.921945790002486752e-18
1.791000000000000000e+03,6.543343280264478541e-11,3.965915170842547600e-12,1.923223615318570739e-16,5.922983820575101758e-18
1.792000000000000000e+03,6.534801856886505025e-11,3.965982839915121064e-12,1.924210147411785517e-16,5.931288065156025651e-18
1.793000000000000000e+03,6.529898074994209548e-11,3.965915170842547600e-12,1.926183211598215073e-16,5.931288065156025651e-18
1.794000000000000000e+03,6.521859088285527907e-11,3.965932088110690966e-12,1.927169743691429851e-16,5.939592309736951086e-18
1.795000000000000000e+03,6.516241846322836570e-11,3.965915170842547600e-12,1.929636073924467043e-16,5.947896554317875750e-18
1.796000000000000000e+03,6.505318873132415997e-11,3.965949005378834332e-12,1.929821048691944598e-16,5.948934584890490755e-18
1.797000000000000000e+03,6.492928784867661751e-11,3.965949005378834332e-12,1.931300846831767011e-16,5.948934584890490755e-18
1.798000000000000000e+03,6.484156240621812628e-11,3.965949005378834332e-12,1.931547479855070583e-16,5.948934584890490755e-18
1.799000000000000000e+03,6.470228696149022090e-11,3.965949005378834332e-12,1.932534011948285361e-16,5.948934584890490755e-18
1.800000000000000000e+03,6.462762487243334945e-11,3.965949005378834332e-12,1.933520544041500139e-16,5.948934584890490755e-18
