time_s,step_s,temperature_min_C,temperature_max_C,moisture_min,moisture_max,surface_temperature_C,surface_moisture,mean_temperature_C,mean_moisture
1.122481830186487218e-06,1.122481830186487218e-06,2.800000000000000000e+01,2.800000000000010303e+01,2.549997214633093812e+00,2.549999999999999822e+00,2.800000000000010303e+01,2.549997214633093812e+00,2.800000000000000000e+01,2.549999999727332156e+00
2.244963660372974437e-06,1.122481830186487218e-06,2.800000000000000000e+01,2.800000000000031619e+01,2.549994437126948732e+00,2.549999999999999822e+00,2.800000000000031619e+01,2.549994437126948732e+00,2.800000000000000000e+01,2.549999999454664490e+00
4.668649082400500502e-06,2.423685422027526066e-06,2.800000000000000000e+01,2.800000000000108713e+01,2.549988463883785084e+00,2.549999999999999822e+00,2.800000000000108713e+01,2.549988463883785084e+00,2.800000000000000000e+01,2.549999998865915440e+00
7.092334504428026568e-06,2.423685422027526066e-06,2.800000000000000000e+01,2.800000000000227018e+01,2.549982526087232859e+00,2.549999999999999822e+00,2.800000000000227018e+01,2.549982526087232859e+00,2.800000000000000000e+01,2.549999998277168167e+00
9.516019926455552633e-06,2.423685422027526066e-06,2.800000000000000000e+01,2.800000000000381917e+01,2.549976624615764464e+00,2.549999999999999822e+00,2.800000000000381917e+01,2.549976624615764464e+00,2.800000000000000000e+01,2.549999997688422226e+00
1.508376901290474145e-05,5.567749086449188815e-06,2.800000000000000000e+01,2.800000000000848743e+01,2.549963204624067892e+00,2.549999999999999822e+00,2.800000000000848743e+01,2.549963204624067892e+00,2.800000000000000711e+01,2.549999996335945429e+00
2.065151809935392857e-05,5.567749086449187121e-06,2.800000000000000000e+01,2.800000000001449507e+01,2.549949972861356606e+00,2.549999999999999822e+00,2.800000000001449507e+01,2.549949972861356606e+00,2.800000000000000711e+01,2.549999994983476181e+00
2.621926718580311569e-05,5.567749086449187121e-06,2.800000000000000000e+01,2.800000000002160405e+01,2.549936925557838574e+00,2.549999999999999822e+00,2.800000000002160405e+01,2.549936925557838574e+00,2.800000000000000711e+01,2.549999993631013595e+00
3.736063611574484439e-05,1.114136892994172870e-05,2.800000000000000000e+01,2.800000000003858247e+01,2.549911356109548333e+00,2.549999999999999822e+00,2.800000000003858247e+01,2.549911356109548333e+00,2.800000000000000711e+01,2.549999990924683324e+00
4.850200504568656971e-05,1.114136892994172531e-05,2.800000000000000000e+01,2.800000000005854162e+01,2.549886479962097496e+00,2.549999999999999822e+00,2.800000000005854162e+01,2.549886479962097496e+00,2.800000000000001776e+01,2.549999988218380143e+00
5.964337397562829502e-05,1.114136892994172531e-05,2.800000000000000000e+01,2.800000000008108714e+01,2.549862267773807201e+00,2.549999999999999822e+00,2.800000000008108714e+01,2.549862267773807201e+00,2.800000000000001776e+01,2.549999985512103606e+00
7.078474290557002033e-05,1.114136892994172531e-05,2.800000000000000000e+01,2.800000000010598455e+01,2.549838691837708726e+00,2.549999999999999822e+00,2.800000000010598455e+01,2.549838691837708726e+00,2.800000000000002842e+01,2.549999982805851495e+00
9.009595592535753119e-05,1.931121301978751086e-05,2.800000000000000000e+01,2.800000000015409185e+01,2.549799258328917517e+00,2.549999999999999822e+00,2.800000000015409185e+01,2.549799258328917517e+00,2.800000000000004619e+01,2.549999978115194299e+00
1.094071689451450420e-04,1.931121301978751086e-05,2.800000000000000000e+01,2.800000000020791902e+01,2.549761530488876105e+00,2.549999999999999822e+00,2.800000000020791902e+01,2.549761530488876105e+00,2.800000000000006040e+01,2.549999973424608157e+00
1.287183819649325529e-04,1.931121301978751086e-05,2.800000000000000000e+01,2.800000000026689762e+01,2.549725390837801697e+00,2.549999999999999822e+00,2.800000000026689762e+01,2.549725390837801697e+00,2.800000000000008882e+01,2.549999968734090849e+00
1.480295949847200638e-04,1.931121301978751086e-05,2.800000000000000000e+01,2.800000000033058356e+01,2.549690730741516198e+00,2.549999999999999822e+00,2.800000000033058356e+01,2.549690730741516198e+00,2.800000000000011724e+01,2.549999964043638823e+00
1.673408080045075746e-04,1.931121301978751086e-05,2.800000000000000000e+01,2.800000000039865355e+01,2.549657449862419156e+00,2.549999999999999822e+00,2.800000000039865355e+01,2.549657449862419156e+00,2.800000000000014566e+01,2.549999959353249857e+00
2.005329830199967939e-04,3.319217501548921926e-05,2.800000000000000000e+01,2.800000000052511950e+01,2.549603204472911333e+00,2.549999999999999822e+00,2.800000000052511950e+01,2.549603204472911333e+00,2.800000000000020961e+01,2.549999951291534561e+00
2.337251580354860131e-04,3.319217501548921926e-05,2.800000000000000000e+01,2.800000000066272676e+01,2.549552341599992555e+00,2.549999999999999822e+00,2.800000000066272676e+01,2.549552341599992555e+00,2.800000000000028422e+01,2.549999943229985799e+00
2.669173330509752324e-04,3.319217501548921926e-05,2.800000000000000000e+01,2.800000000081063689e+01,2.549504493704639163e+00,2.549999999999999822e+00,2.800000000081063689e+01,2.549504493704639163e+00,2.800000000000037303e+01,2.549999935168595133e+00
3.001095080664644517e-04,3.319217501548921926e-05,2.800000000000000000e+01,2.800000000096814645e+01,2.549459339252919232e+00,2.549999999999999822e+00,2.800000000096814645e+01,2.549459339252919232e+00,2.800000000000046541e+01,2.549999927107351905e+00
3.333016830819536709e-04,3.319217501548921926e-05,2.800000000000000000e+01,2.800000000113470833e+01,2.549416596481826947e+00,2.549999999999999822e+00,2.800000000113470833e+01,2.549416596481826947e+00,2.800000000000057554e+01,2.549999919046249008e+00
3.716979667157847768e-04,3.839628363383110589e-05,2.800000000000000000e+01,2.800000000133806921e+01,2.549369838468877436e+00,2.549999999999999822e+00,2.800000000133806921e+01,2.549369838468877436e+00,2.800000000000071410e+01,2.549999909721432978e+00
4.100942503496158827e-04,3.839628363383110589e-05,2.800000000000000000e+01,2.800000000155230850e+01,2.549325646357185615e+00,2.549999999999999822e+00,2.800000000155230850e+01,2.549325646357185615e+00,2.800000000000086686e+01,2.549999900396785257e+00
4.484905339834469886e-04,3.839628363383110589e-05,2.800000000000000000e+01,2.800000000177689685e+01,2.549283733563965981e+00,2.549999999999999822e+00,2.800000000177689685e+01,2.549283733563965981e+00,2.800000000000104095e+01,2.549999891072296077e+00
4.868868176172780945e-04,3.839628363383110589e-05,2.800000000000000000e+01,2.800000000201137595e+01,2.549243852650404207e+00,2.549999999999999822e+00,2.800000000201137595e+01,2.549243852650404207e+00,2.800000000000122213e+01,2.549999881747956554e+00
5.252831012511091462e-04,3.839628363383105168e-05,2.800000000000000000e+01,2.800000000225534791e+01,2.549205789596418636e+00,2.549999999999999822e+00,2.800000000225534791e+01,2.549205789596418636e+00,2.800000000000142464e+01,2.549999872423761360e+00
5.636793848849401978e-04,3.839628363383105168e-05,2.800000000000000000e+01,2.800000000250845034e+01,2.549169358741565805e+00,2.549999999999999822e+00,2.800000000250845034e+01,2.549169358741565805e+00,2.800000000000164135e+01,2.549999863099702946e+00
6.169113659035445948e-04,5.323198101860439693e-05,2.800000000000000000e+01,2.800000000287386115e+01,2.549121253997531866e+00,2.549999999999999822e+00,2.800000000287386115e+01,2.549121253997531866e+00,2.800000000000196110e+01,2.549999850173197746e+00
6.701433469221489917e-04,5.323198101860439693e-05,2.800000000000000000e+01,2.800000000325548299e+01,2.549075612351010101e+00,2.549999999999999822e+00,2.800000000325548299e+01,2.549075612351010101e+00,2.800000000000231637e+01,2.549999837246931911e+00
7.233753279407533886e-04,5.323198101860439693e-05,2.800000000000000000e+01,2.800000000365263020e+01,2.549032128539828523e+00,2.549999999999999822e+00,2.800000000365263020e+01,2.549032128539828523e+00,2.800000000000270006e+01,2.549999824320893449e+00
7.766073089593577856e-04,5.323198101860439693e-05,2.800000000000000000e+01,2.800000000406473077e+01,2.548990547666175832e+00,2.549999999999999822e+00,2.800000000406473077e+01,2.548990547666175832e+00,2.800000000000310862e+01,2.549999811395071703e+00
8.298392899779621825e-04,5.323198101860439693e-05,2.800000000000000000e+01,2.800000000449124471e+01,2.548950655860906966e+00,2.549999999999999822e+00,2.800000000449124471e+01,2.548950655860906966e+00,2.800000000000355271e+01,2.549999798469458678e+00
8.830712709965665794e-04,5.323198101860439693e-05,2.800000000000000000e+01,2.800000000493172081e+01,2.548912272494101572e+00,2.549999999999999822e+00,2.800000000493172081e+01,2.548912272494101572e+00,2.800000000000402167e+01,2.549999785544045938e+00
9.478283010298720968e-04,6.475703003330551735e-05,2.800000000000000000e+01,2.800000000548574874e+01,2.548867392647113039e+00,2.549999999999999822e+00,2.800000000548574874e+01,2.548867392647113039e+00,2.800000000000463274e+01,2.549999769820460838e+00
1.012585331063177614e-03,6.475703003330551735e-05,2.800000000000000000e+01,2.800000000605908923e+01,2.548824286623839974e+00,2.549999999999999822e+00,2.800000000605908923e+01,2.548824286623839974e+00,2.800000000000528644e+01,2.549999754097148852e+00
1.077342361096483240e-03,6.475703003330562577e-05,2.800000000000000000e+01,2.800000000665111344e+01,2.548782760595696750e+00,2.549999999999999822e+00,2.800000000665111344e+01,2.548782760595696750e+00,2.800000000000598632e+01,2.549999738374100211e+00
1.142099391129788866e-03,6.475703003330562577e-05,2.800000000000000000e+01,2.800000000726123872e+01,2.548742652191042346e+00,2.549999999999999822e+00,2.800000000726123872e+01,2.548742652191042346e+00,2.800000000000672529e+01,2.549999722651305589e+00
1.206856421163094491e-03,6.475703003330562577e-05,2.800000000000000000e+01,2.800000000788896415e+01,2.548703824275817098e+00,2.549999999999999822e+00,2.800000000788896415e+01,2.548703824275817098e+00,2.800000000000751044e+01,2.549999706928756105e+00
1.271613451196400117e-03,6.475703003330562577e-05,2.800000000000000000e+01,2.800000000853378879e+01,2.548666159925251140e+00,2.549999999999999822e+00,2.800000000853378879e+01,2.548666159925251140e+00,2.800000000000833822e+01,2.549999691206443320e+00
1.354603188413515489e-03,8.298973721711537174e-05,2.800000000000000000e+01,2.800000000938446831e+01,2.548619433135455026e+00,2.549999999999999822e+00,2.800000000938446831e+01,2.548619433135455026e+00,2.800000000000946088e+01,2.549999671057762374e+00
1.437592925630630861e-03,8.298973721711537174e-05,2.800000000000000000e+01,2.800000001026166885e+01,2.548574273780982669e+00,2.549999999999999822e+00,2.800000001026166885e+01,2.548574273780982669e+00,2.800000000001065814e+01,2.549999650909447357e+00
1.520582662847746232e-03,8.298973721711537174e-05,2.800000000000000000e+01,2.800000001116460524e+01,2.548530530741689226e+00,2.549999999999999822e+00,2.800000001116460524e+01,2.548530530741689226e+00,2.800000000001191580e+01,2.549999630761485836e+00
1.603572400064861604e-03,8.298973721711537174e-05,2.800000000000000000e+01,2.800000001209255274e+01,2.548488076070052344e+00,2.549999999999999822e+00,2.800000001209255274e+01,2.548488076070052344e+00,2.800000000001325873e+01,2.549999610613868484e+00
1.686562137281976976e-03,8.298973721711537174e-05,2.800000000000000000e+01,2.800000001304487185e+01,2.548446800348971752e+00,2.549999999999999822e+00,2.800000001304487185e+01,2.548446800348971752e+00,2.800000000001467271e+01,2.549999590466583754e+00
1.769551874499092348e-03,8.298973721711537174e-05,2.800000000000000000e+01,2.800000001402093730e+01,2.548406608974875365e+00,2.549999999999999822e+00,2.800000001402093730e+01,2.548406608974875365e+00,2.800000000001614708e+01,2.549999570319624098e+00
1.881185147176493494e-03,1.116332726774011460e-04,2.800000000000000000e+01,2.800000001537036454e+01,2.548354112753643985e+00,2.549999999999999822e+00,2.800000001537036454e+01,2.548354112753643985e+00,2.800000000001825029e+01,2.549999543219528153e+00
1.992818419853894640e-03,1.116332726774011460e-04,2.800000000000000000e+01,2.800000001676047745e+01,2.548303257759577889e+00,2.549999999999999822e+00,2.800000001676047745e+01,2.548303257759577889e+00,2.800000000002047784e+01,2.549999516119986431e+00
2.104451692531295569e-03,1.116332726774009292e-04,2.800000000000000000e+01,2.800000001819013207e+01,2.548253897118368361e+00,2.549999999999999822e+00,2.800000001819013207e+01,2.548253897118368361e+00,2.800000000002283329e+01,2.549999489020981613e+00
2.216084965208696498e-03,1.116332726774009292e-04,2.800000000000000000e+01,2.800000001965824126e+01,2.548205905142848948e+00,2.549999999999999822e+00,2.800000001965824126e+01,2.548205905142848948e+00,2.800000000002531308e+01,2.549999461922498156e+00
2.327718237886097427e-03,1.116332726774009292e-04,2.800000000000000000e+01,2.800000002116382447e+01,2.548159173205546413e+00,2.549999999999999822e+00,2.800000002116382447e+01,2.548159173205546413e+00,2.800000000002793499e+01,2.549999434824522737e+00
2.439351510563498356e-03,1.116332726774009292e-04,2.800000000000000000e+01,2.800000002270597932e+01,2.548113606412016452e+00,2.549999999999999822e+00,2.800000002270597932e+01,2.548113606412016452e+00,2.800000000003067413e+01,2.549999407727041145e+00
2.592408765575405193e-03,1.530572550119068363e-04,2.800000000000000000e+01,2.800000002487828255e+01,2.548052874253011968e+00,2.549999999999999822e+00,2.800000002487828255e+01,2.548052874253011968e+00,2.800000000003464606e+01,2.549999370575224855e+00
2.745466020587312029e-03,1.530572550119068363e-04,2.800000000000000000e+01,2.800000002711570701e+01,2.547993989852578078e+00,2.549999999999999822e+00,2.800000002711570701e+01,2.547993989852578078e+00,2.800000000003885248e+01,2.549999333424287418e+00
2.898523275599218865e-03,1.530572550119068363e-04,2.800000000000000000e+01,2.800000002941641952e+01,2.547936793289687252e+00,2.549999999999999822e+00,2.800000002941641952e+01,2.547936793289687252e+00,2.800000000004330758e+01,2.549999296274202187e+00
3.051580530611125702e-03,1.530572550119068363e-04,2.800000000000000000e+01,2.800000003177871122e+01,2.547881146835432098e+00,2.549999999999999822e+00,2.800000003177871122e+01,2.547881146835432098e+00,2.800000000004800071e+01,2.549999259124946516e+00
3.204637785623032538e-03,1.530572550119068363e-04,2.800000000000000000e+01,2.800000003420101180e+01,2.547826930766387221e+00,2.549999999999999822e+00,2.800000003420101180e+01,2.547826930766387221e+00,2.800000000005293899e+01,2.549999221976497310e+00
3.357695040634939374e-03,1.530572550119068363e-04,2.800000000000000000e+01,2.800000003668187887e+01,2.547774039993512485e+00,2.550000000000000266e+00,2.800000003668187887e+01,2.547774039993512485e+00,2.800000000005811174e+01,2.549999184828835030e+00
3.564591695799344123e-03,2.068966551644047490e-04,2.800000000000000000e+01,2.800000004012609267e+01,2.547704487883847069e+00,2.549999999999999822e+00,2.800000004012609267e+01,2.547704487883847069e+00,2.800000000006549072e+01,2.549999134615333229e+00
3.771488350963748872e-03,2.068966551644047490e-04,2.800000000000000000e+01,2.800000004367175066e+01,2.547636989071248692e+00,2.549999999999999822e+00,2.800000004367175066e+01,2.547636989071248692e+00,2.800000000007331380e+01,2.549999084403192562e+00
3.978385006128153621e-03,2.068966551644047490e-04,2.800000000000000000e+01,2.800000004731602132e+01,2.547571371391921247e+00,2.549999999999999822e+00,2.800000004731602132e+01,2.547571371391921247e+00,2.800000000008157386e+01,2.549999034192373060e+00
4.185281661292557936e-03,2.068966551644043153e-04,2.800000000000000000e+01,2.800000005105630407e+01,2.547507485739346933e+00,2.549999999999999822e+00,2.800000005105630407e+01,2.547507485739346933e+00,2.800000000009027801e+01,2.549998983982840528e+00
4.392178316456962252e-03,2.068966551644043153e-04,2.800000000000000000e+01,2.800000005489017596e+01,2.547445201874335208e+00,2.549999999999999822e+00,2.800000005489017596e+01,2.547445201874335208e+00,2.800000000009942269e+01,2.549998933774559884e+00
4.599074971621366567e-03,2.068966551644043153e-04,2.800000000000000000e+01,2.800000005881540588e+01,2.547384405058616519e+00,2.549999999999999822e+00,2.800000005881540588e+01,2.547384405058616519e+00,2.800000000010900791e+01,2.549998883567501373e+00
4.874873276220090257e-03,2.757983045987236898e-04,2.800000000000000000e+01,2.800000006418630605e+01,2.547305499861621136e+00,2.549999999999999822e+00,2.800000006418630605e+01,2.547305499861621136e+00,2.800000000012246204e+01,2.549998816642115695e+00
5.150671580818813947e-03,2.757983045987236898e-04,2.800000000000000000e+01,2.800000006971129096e+01,2.547228846660799295e+00,2.549999999999999822e+00,2.800000006971129096e+01,2.547228846660799295e+00,2.800000000013670842e+01,2.549998749718789259e+00
5.426469885417537636e-03,2.757983045987236898e-04,2.800000000000000000e+01,2.800000007538614710e+01,2.547154262829479876e+00,2.549999999999999822e+00,2.800000007538614710e+01,2.547154262829479876e+00,2.800000000015173995e+01,2.549998682797463889e+00
5.702268190016261326e-03,2.757983045987236898e-04,2.800000000000000000e+01,2.800000008120701622e+01,2.547081589362476084e+00,2.549999999999999822e+00,2.800000008120701622e+01,2.547081589362476084e+00,2.800000000016754953e+01,2.549998615878087627e+00
5.978066494614985016e-03,2.757983045987236898e-04,2.800000000000000000e+01,2.800000008717030653e+01,2.547010686762840592e+00,2.549999999999999822e+00,2.800000008717030653e+01,2.547010686762840592e+00,2.800000000018414070e+01,2.549998548960612510e+00
6.253864799213708706e-03,2.757983045987236898e-04,2.800000000000000000e+01,2.800000009327267847e+01,2.546941431691760016e+00,2.549999999999999822e+00,2.800000009327267847e+01,2.546941431691760016e+00,2.800000000020151347e+01,2.549998482044992798e+00
6.618791535749340461e-03,3.649267365356317558e-04,2.800000000000000000e+01,2.800000010155562435e+01,2.546852143008397462e+00,2.549999999999999822e+00,2.800000010155562435e+01,2.546852143008397462e+00,2.800000000022571456e+01,2.549998393507348471e+00
6.983718272284972217e-03,3.649267365356317558e-04,2.800000000000000000e+01,2.800000011006996914e+01,2.546765324504891126e+00,2.549999999999999822e+00,2.800000011006996914e+01,2.546765324504891126e+00,2.800000000025127633e+01,2.549998304972787899e+00
7.348645008820603973e-03,3.649267365356317558e-04,2.800000000000000000e+01,2.800000011880956308e+01,2.546680781832256546e+00,2.549999999999999822e+00,2.800000011880956308e+01,2.546680781832256546e+00,2.800000000027822367e+01,2.549998216441229815e+00
7.713571745356235729e-03,3.649267365356317558e-04,2.800000000000000000e+01,2.800000012776871117e+01,2.546598345039053246e+00,2.549999999999999822e+00,2.800000012776871117e+01,2.546598345039053246e+00,2.800000000030651748e+01,2.549998127912595169e+00
8.078498481891866617e-03,3.649267365356308884e-04,2.800000000000000000e+01,2.800000013694215184e+01,2.546517864451855573e+00,2.549999999999999822e+00,2.800000013694215184e+01,2.546517864451855573e+00,2.800000000033620751e+01,2.549998039386814241e+00
8.443425218427497506e-03,3.649267365356308884e-04,2.800000000000000000e+01,2.800000014632495748e+01,2.546439207292482187e+00,2.549999999999999822e+00,2.800000014632495748e+01,2.546439207292482187e+00,2.800000000036725112e+01,2.549997950863820861e+00
8.921695038658108284e-03,4.782698202306107788e-04,2.800000000000000000e+01,2.800000015893137117e+01,2.546338684640717442e+00,2.549999999999999822e+00,2.800000015893137117e+01,2.546338684640717442e+00,2.800000000041001513e+01,2.549997834850469491e+00
9.399964858888719063e-03,4.782698202306107788e-04,2.800000000000000000e+01,2.800000017187995383e+01,2.546240856421674081e+00,2.549999999999999822e+00,2.800000017187995383e+01,2.546240856421674081e+00,2.800000000045513460e+01,2.549997718841671368e+00
9.878234679119329842e-03,4.782698202306107788e-04,2.800000000000000000e+01,2.800000018516185563e+01,2.546145517025710348e+00,2.549999999999999822e+00,2.800000018516185563e+01,2.546145517025710348e+00,2.800000000050260240e+01,2.549997602837307475e+00
1.035650449934994062e-02,4.782698202306107788e-04,2.800000000000000000e+01,2.800000019876887691e+01,2.546052485889832351e+00,2.549999999999999822e+00,2.800000019876887691e+01,2.546052485889832351e+00,2.800000000055242566e+01,2.549997486837266791e+00
1.083477431958055140e-02,4.782698202306107788e-04,2.800000000000000000e+01,2.800000021269338646e+01,2.545961603390415551e+00,2.549999999999999822e+00,2.800000021269338646e+01,2.545961603390415551e+00,2.800000000060460081e+01,2.549997370841448063e+00
1.131304413981116218e-02,4.782698202306107788e-04,2.800000000000000000e+01,2.800000022692826462e+01,2.545872727460568363e+00,2.549999999999999822e+00,2.800000022692826462e+01,2.545872727460568363e+00,2.800000000065913142e+01,2.549997254849755368e+00
1.193435604573616152e-02,6.213119059249993387e-04,2.800000000000000000e+01,2.800000024587316716e+01,2.545760059809389020e+00,2.549999999999999822e+00,2.800000024587316716e+01,2.545760059809389020e+00,2.800000000073348261e+01,2.549997104173005624e+00
1.255566795166116086e-02,6.213119059249993387e-04,2.800000000000000000e+01,2.800000026531708741e+01,2.545650318312417948e+00,2.549999999999999822e+00,2.800000026531708741e+01,2.545650318312417948e+00,2.800000000081180573e+01,2.549996953502887909e+00
1.317697985758616019e-02,6.213119059249993387e-04,2.800000000000000000e+01,2.800000028524745943e+01,2.545543286376307446e+00,2.549999999999999822e+00,2.800000028524745943e+01,2.545543286376307446e+00,2.800000000089408658e+01,2.549996802839233911e+00
1.379829176351115953e-02,6.213119059249993387e-04,2.800000000000000000e+01,2.800000030565263032e+01,2.545438773016558187e+00,2.549999999999999822e+00,2.800000030565263032e+01,2.545438773016558187e+00,2.800000000098034647e+01,2.549996652181888201e+00
1.441960366943615887e-02,6.213119059249993387e-04,2.800000000000000000e+01,2.800000032652173587e+01,2.545336608783684618e+00,2.549999999999999822e+00,2.800000032652173587e+01,2.545336608783684618e+00,2.800000000107057119e+01,2.549996501530706006e+00
1.504091557536115821e-02,6.213119059249993387e-04,2.800000000000000000e+01,2.800000034784463310e+01,2.545236642387509907e+00,2.549999999999999822e+00,2.800000034784463310e+01,2.545236642387509907e+00,2.800000000116477494e+01,2.549996350885550989e+00
1.584220687811891543e-02,8.012913027577572150e-04,2.800000000000000000e+01,2.800000037599894043e+01,2.545110745057083790e+00,2.549999999999999822e+00,2.800000037599894043e+01,2.545110745057083790e+00,2.800000000129210775e+01,2.549996156610744968e+00
1.664349818087667437e-02,8.012913027577589498e-04,2.800000000000000000e+01,2.800000040487321940e+01,2.544988019854884431e+00,2.549999999999999822e+00,2.800000040487321940e+01,2.544988019854884431e+00,2.800000000142604506e+01,2.549995962345500633e+00
1.744478948363443332e-02,8.012913027577589498e-04,2.800000000000000000e+01,2.800000043444983788e+01,2.544868238756263779e+00,2.549999999999999822e+00,2.800000043444983788e+01,2.544868238756263779e+00,2.800000000156657975e+01,2.549995768089582615e+00
1.824608078639219227e-02,8.012913027577589498e-04,2.800000000000000000e+01,2.800000046471240722e+01,2.544751199937822062e+00,2.549999999999999822e+00,2.800000046471240722e+01,2.544751199937822062e+00,2.800000000171370829e+01,2.549995573842772423e+00
1.904737208914995122e-02,8.012913027577589498e-04,2.800000000000000000e+01,2.800000049564560811e+01,2.544636723725140381e+00,2.549999999999999822e+00,2.800000049564560811e+01,2.544636723725140381e+00,2.800000000186744131e+01,2.549995379604865331e+00
1.984866339190771017e-02,8.012913027577589498e-04,2.800000000000000000e+01,2.800000052723511956e+01,2.544524649220562207e+00,2.549999999999999822e+00,2.800000052723511956e+01,2.544524649220562207e+00,2.800000000202776462e+01,2.549995185375671269e+00
2.087446996436157290e-02,1.025806572453862725e-03,2.800000000000000000e+01,2.800000056861229325e+01,2.544384448419811928e+00,2.549999999999999822e+00,2.800000056861229325e+01,2.544384448419811928e+00,2.800000000224264696e+01,2.549994936737479012e+00
2.190027653681543562e-02,1.025806572453862725e-03,2.800000000000000000e+01,2.800000061101675897e+01,2.544247676794669566e+00,2.549999999999999822e+00,2.800000061101675897e+01,2.544247676794669566e+00,2.800000000246832244e+01,2.549994688112922514e+00
2.292608310926929835e-02,1.025806572453862725e-03,2.800000000000000000e+01,2.800000065442403141e+01,2.544114094823299421e+00,2.549999999999999822e+00,2.800000065442403141e+01,2.544114094823299421e+00,2.800000000270480882e+01,2.549994439501676258e+00
2.395188968172316107e-02,1.025806572453862725e-03,2.800000000000000000e+01,2.800000069881129505e+01,2.543983489746928228e+00,2.549999999999999822e+00,2.800000069881129505e+01,2.543983489746928228e+00,2.800000000295210256e+01,2.549994190903437374e+00
2.497769625417702380e-02,1.025806572453862725e-03,2.800000000000000000e+01,2.800000074415722651e+01,2.543855671543788777e+00,2.549999999999999822e+00,2.800000074415722651e+01,2.543855671543788777e+00,2.800000000321020366e+01,2.549993942317922535e+00
2.600350282663088652e-02,1.025806572453862725e-03,2.800000000000000000e+01,2.800000079044181689e+01,2.543730469563341146e+00,2.549999999999999822e+00,2.800000079044181689e+01,2.543730469563341146e+00,2.800000000347910145e+01,2.549993693744865286e+00
2.730774372668000327e-02,1.304240900049116747e-03,2.800000000000000000e+01,2.800000085061534350e+01,2.543574821102777772e+00,2.549999999999999822e+00,2.800000085061534350e+01,2.543574821102777772e+00,2.800000000383658971e+01,2.549993377719304899e+00
2.861198462672912002e-02,1.304240900049116747e-03,2.800000000000000000e+01,2.800000091223977350e+01,2.543422871099734195e+00,2.549999999999999822e+00,2.800000091223977350e+01,2.543422871099734195e+00,2.800000000421154311e+01,2.549993061712999332e+00
2.991622552677823677e-02,1.304240900049116747e-03,2.800000000000000000e+01,2.800000097528146270e+01,2.543274368368607430e+00,2.549999999999999822e+00,2.800000097528146270e+01,2.543274368368607430e+00,2.800000000460394745e+01,2.549992745725501830e+00
3.122046642682735351e-02,1.304240900049116747e-03,2.800000000000000000e+01,2.800000103970897669e+01,2.543129089034801282e+00,2.549999999999999822e+00,2.800000103970897669e+01,2.543129089034801282e+00,2.800000000501380271e+01,2.549992429756395396e+00
3.252470732687647026e-02,1.304240900049116747e-03,2.800000000000000000e+01,2.800000110549287768e+01,2.542986832535043984e+00,2.549999999999999822e+00,2.800000110549287768e+01,2.542986832535043984e+00,2.800000000544111955e+01,2.549992113805287897e+00
3.382894822692558701e-02,1.304240900049116747e-03,2.800000000000000000e+01,2.800000117260552912e+01,2.542847418259766457e+00,2.549999999999999822e+00,2.800000117260552912e+01,2.542847418259766457e+00,2.800000000588588733e+01,2.549991797871813404e+00
3.547631871371478146e-02,1.647370486789194455e-03,2.800000000000000000e+01,2.800000125923347838e+01,2.542675135776293782e+00,2.549999999999999822e+00,2.800000125923347838e+01,2.542675135776293782e+00,2.800000000647260023e+01,2.549991398844831725e+00
3.712368920050397592e-02,1.647370486789194455e-03,2.800000000000000000e+01,2.800000134789074480e+01,2.542506832980496956e+00,2.549999999999999822e+00,2.800000134789074480e+01,2.542506832980496956e+00,2.800000000708714509e+01,2.549990999844778727e+00
3.877105968729317037e-02,1.647370486789194455e-03,2.800000000000000000e+01,2.800000143853148060e+01,2.542342246906788006e+00,2.549999999999999822e+00,2.800000143853148060e+01,2.542342246906788006e+00,2.800000000772952902e+01,2.549990600871047786e+00
4.041843017408236483e-02,1.647370486789194455e-03,2.800000000000000000e+01,2.800000153111279033e+01,2.542181142428577623e+00,2.549999999999999822e+00,2.800000153111279033e+01,2.542181142428577623e+00,2.800000000839974135e+01,2.549990201923069133e+00
4.206580066087155928e-02,1.647370486789194455e-03,2.800000000000000000e+01,2.800000162559445371e+01,2.542023308286649907e+00,2.549999999999999822e+00,2.800000162559445371e+01,2.542023308286649907e+00,2.800000000909776787e+01,2.549989803000308974e+00
4.371317114766075373e-02,1.647370486789194455e-03,2.800000000000000000e+01,2.800000172193863435e+01,2.541868553741795989e+00,2.549999999999999822e+00,2.800000172193863435e+01,2.541868553741795989e+00,2.800000000982361925e+01,2.549989404102265489e+00
4.578098573916371955e-02,2.067814591502965815e-03,2.800000000000000000e+01,2.800000184545349668e+01,2.541678397476101470e+00,2.549999999999999822e+00,2.800000184545349668e+01,2.541678397476101470e+00,2.800000001077409806e+01,2.549988903431188447e+00
4.784880033066668537e-02,2.067814591502965815e-03,2.800000000000000000e+01,2.800000197178058770e+01,2.541492514350375487e+00,2.549999999999999822e+00,2.800000197178058770e+01,2.541492514350375487e+00,2.800000001176838538e+01,2.549988402797433551e+00
4.991661492216965118e-02,2.067814591502965815e-03,2.800000000000000000e+01,2.800000210085800845e+01,2.541310629493587214e+00,2.549999999999999822e+00,2.800000210085800845e+01,2.541310629493587214e+00,2.800000001280649542e+01,2.549987902200180123e+00
5.198442951367261700e-02,2.067814591502965815e-03,2.800000000000000000e+01,2.800000223262774313e+01,2.541132496384487016e+00,2.549999999999999822e+00,2.800000223262774313e+01,2.541132496384487016e+00,2.800000001388840687e+01,2.549987401638658557e+00
5.405224410517558281e-02,2.067814591502965815e-03,2.800000000000000000e+01,2.800000236703529310e+01,2.540957892909185389e+00,2.549999999999999822e+00,2.800000236703529310e+01,2.540957892909185389e+00,2.800000001501411973e+01,2.549986901112147208e+00
5.612005869667854863e-02,2.067814591502965815e-03,2.800000000000000000e+01,2.800000250402931812e+01,2.540786618025731691e+00,2.549999999999999822e+00,2.800000250402931812e+01,2.540786618025731691e+00,2.800000001618362333e+01,2.549986400619965288e+00
5.870021911171127704e-02,2.580160415032728416e-03,2.800000000000000000e+01,2.800000267852038860e+01,2.540577298232394199e+00,2.549999999999999822e+00,2.800000267852038860e+01,2.540577298232394199e+00,2.800000001770430558e+01,2.549985776167183360e+00
6.128037952674400546e-02,2.580160415032728416e-03,2.800000000000000000e+01,2.800000285687460178e+01,2.540372557359290351e+00,2.549999999999999822e+00,2.800000285687460178e+01,2.540372557359290351e+00,2.800000001929314664e+01,2.549985151765679081e+00
6.386053994177673387e-02,2.580160415032728416e-03,2.800000000000000000e+01,2.800000303900905863e+01,2.540172108511290272e+00,2.549999999999999822e+00,2.800000303900905863e+01,2.540172108511290272e+00,2.800000002095013940e+01,2.549984527414355551e+00
6.644070035680946229e-02,2.580160415032728416e-03,2.800000000000000000e+01,2.800000322484595827e+01,2.539975693637077203e+00,2.549999999999999822e+00,2.800000322484595827e+01,2.539975693637077203e+00,2.800000002267526966e+01,2.549983903112181594e+00
6.902086077184219071e-02,2.580160415032728416e-03,2.800000000000000000e+01,2.800000341431207218e+01,2.539783079616947159e+00,2.549999999999999822e+00,2.800000341431207218e+01,2.539783079616947159e+00,2.800000002446852676e+01,2.549983278858187319e+00
7.160102118687491912e-02,2.580160415032728416e-03,2.800000000000000000e+01,2.800000360733832849e+01,2.539594054940868872e+00,2.549999999999999822e+00,2.800000360733832849e+01,2.539594054940868872e+00,2.800000002632989649e+01,2.549982654651457903e+00
7.480224656912606851e-02,3.201225382251149387e-03,2.800000000000000000e+01,2.800000385167850681e+01,2.539364232219948114e+00,2.549999999999999822e+00,2.800000385167850681e+01,2.539364232219948114e+00,2.800000002873399296e+01,2.549981880257650602e+00
7.800347195137721790e-02,3.201225382251149387e-03,2.800000000000000000e+01,2.800000410128128436e+01,2.539139306626804427e+00,2.549999999999999822e+00,2.800000410128128436e+01,2.539139306626804427e+00,2.800000003124290870e+01,2.549981105933717629e+00
8.120469733362836728e-02,3.201225382251149387e-03,2.800000000000000000e+01,2.800000435603651283e+01,2.538918979129837883e+00,2.549999999999999822e+00,2.800000435603651283e+01,2.538918979129837883e+00,2.800000003385661884e+01,2.549980331678200152e+00
8.440592271587951667e-02,3.201225382251149387e-03,2.800000000000000000e+01,2.800000461584064126e+01,2.538702980019031052e+00,2.549999999999999822e+00,2.800000461584064126e+01,2.538702980019031052e+00,2.800000003657511627e+01,2.549979557489729043e+00
8.760714809813066606e-02,3.201225382251149387e-03,2.800000000000000000e+01,2.800000488059608372e+01,2.538491065024872206e+00,2.549999999999999822e+00,2.800000488059608372e+01,2.538491065024872206e+00,2.800000003939836546e+01,2.549978783367009783e+00
9.080837348038181545e-02,3.201225382251149387e-03,2.800000000000000000e+01,2.800000515021065084e+01,2.538283012011310014e+00,2.549999999999999822e+00,2.800000515021065084e+01,2.538283012011310014e+00,2.800000004232636641e+01,2.549978009308824234e+00
9.475869225484073732e-02,3.950318774458921878e-03,2.800000000000000000e+01,2.800000548948403534e+01,2.538031297806584430e+00,2.549999999999999822e+00,2.800000548948403534e+01,2.538031297806584430e+00,2.800000004608387982e+01,2.549977054206653992e+00
9.870901102929965920e-02,3.950318774458921878e-03,2.800000000000000000e+01,2.800000583586947656e+01,2.537784811454978584e+00,2.549999999999999822e+00,2.800000583586947656e+01,2.537784811454978584e+00,2.800000005000082126e+01,2.549976099198949075e+00
1.026593298037585811e-01,3.950318774458921878e-03,2.800000000000000000e+01,2.800000618922170403e+01,2.537543241682123973e+00,2.549999999999999822e+00,2.800000618922170403e+01,2.537543241682123973e+00,2.800000005407717651e+01,2.549975144283788353e+00
1.066096485782175030e-01,3.950318774458921878e-03,2.800000000000000000e+01,2.800000654940393119e+01,2.537306306997245020e+00,2.549999999999999822e+00,2.800000654940393119e+01,2.537306306997245020e+00,2.800000005831291006e+01,2.549974189459359497e+00
1.105599673526764248e-01,3.950318774458921878e-03,2.800000000000000000e+01,2.800000691628705951e+01,2.537073751843992753e+00,2.549999999999999822e+00,2.800000691628705951e+01,2.537073751843992753e+00,2.800000006270798281e+01,2.549973234723955873e+00
1.145102861271353467e-01,3.950318774458921878e-03,2.800000000000000000e+01,2.800000728974898934e+01,2.536845343309554135e+00,2.549999999999999822e+00,2.800000728974898934e+01,2.536845343309554135e+00,2.800000006726236634e+01,2.549972280075960107e+00
1.193598136610237032e-01,4.849527533888356445e-03,2.800000000000000000e+01,2.800000775704761580e+01,2.536570300396425282e+00,2.549999999999999822e+00,2.800000775704761580e+01,2.536570300396425282e+00,2.800000007307125571e+01,2.549971108239270201e+00
1.242093411949120596e-01,4.849527533888356445e-03,2.800000000000000000e+01,2.800000823388473492e+01,2.536300828666929963e+00,2.549999999999999822e+00,2.800000823388473492e+01,2.536300828666929963e+00,2.800000007912013800e+01,2.549969936529332237e+00
1.290588687288004022e-01,4.849527533888342568e-03,2.800000000000000000e+01,2.800000872007008823e+01,2.536036604503096203e+00,2.549999999999999822e+00,2.800000872007008823e+01,2.536036604503096203e+00,2.800000008540897056e+01,2.549968764943628674e+00
1.339083962626887447e-01,4.849527533888342568e-03,2.800000000000000000e+01,2.800000921542428500e+01,2.535777334517332893e+00,2.549999999999999822e+00,2.800000921542428500e+01,2.535777334517332893e+00,2.800000009193768236e+01,2.549967593479787187e+00
1.387579237965770873e-01,4.849527533888342568e-03,2.800000000000000000e+01,2.800000971977777553e+01,2.535522751735840963e+00,2.549999999999999822e+00,2.800000971977777553e+01,2.535522751735840963e+00,2.800000009870623430e+01,2.549966422135562905e+00
1.436074513304654299e-01,4.849527533888342568e-03,2.800000000000000000e+01,2.800001023296998071e+01,2.535272612325027985e+00,2.549999999999999822e+00,2.800001023296998071e+01,2.535272612325027985e+00,2.800000010571457665e+01,2.549965250908833081e+00
1.495314754862883400e-01,5.924024155822910087e-03,2.800000000000000000e+01,2.800001087164062241e+01,2.534972755409199863e+00,2.549999999999999822e+00,2.800001087164062241e+01,2.534972755409199863e+00,2.800000011460103622e+01,2.549963820333080111e+00
1.554554996421112500e-01,5.924024155822910087e-03,2.800000000000000000e+01,2.800001152301109286e+01,2.534678825697122218e+00,2.549999999999999822e+00,2.800001152301109286e+01,2.534678825697122218e+00,2.800000012384513681e+01,2.549962389926177408e+00
1.613795237979341601e-01,5.924024155822910087e-03,2.800000000000000000e+01,2.800001218683389936e+01,2.534390487131311431e+00,2.549999999999999822e+00,2.800001218683389936e+01,2.534390487131311431e+00,2.800000013344681093e+01,2.549960959684852035e+00
1.673035479537570702e-01,5.924024155822910087e-03,2.800000000000000000e+01,2.800001286287534796e+01,2.534107434316790641e+00,2.549999999999999822e+00,2.800001286287534796e+01,2.534107434316790641e+00,2.800000014340595911e+01,2.549959529606010467e+00
1.732275721095799803e-01,5.924024155822910087e-03,2.800000000000000000e+01,2.800001355091426802e+01,2.533829388737641963e+00,2.549999999999999822e+00,2.800001355091426802e+01,2.533829388737641963e+00,2.800000015372251028e+01,2.549958099686728819e+00
1.791515962654028904e-01,5.924024155822910087e-03,2.800000000000000000e+01,2.800001425074094996e+01,2.533556095501738881e+00,2.549999999999999822e+00,2.800001425074094996e+01,2.533556095501738881e+00,2.800000016439636852e+01,2.549956669924231978e+00
1.863539923031880263e-01,7.202396037785135929e-03,2.800000000000000000e+01,2.800001511717734815e+01,2.533229892057141885e+00,2.549999999999999822e+00,2.800001511717734815e+01,2.533229892057141885e+00,2.800000017785476913e+01,2.549954931834231608e+00
1.935563883409731623e-01,7.202396037785135929e-03,2.800000000000000000e+01,2.800001600040501870e+01,2.532909984603089359e+00,2.549999999999999822e+00,2.800001600040501870e+01,2.532909984603089359e+00,2.800000019184107103e+01,2.549953193967612552e+00
2.007587843787582982e-01,7.202396037785135929e-03,2.800000000000000000e+01,2.800001690010407884e+01,2.532596024551510450e+00,2.549999999999999822e+00,2.800001690010407884e+01,2.532596024551510450e+00,2.800000020635512854e+01,2.549951456320143972e+00
2.079611804165434341e-01,7.202396037785135929e-03,2.800000000000000000e+01,2.800001781597203987e+01,2.532287694394835142e+00,2.549999999999999822e+00,2.800001781597203987e+01,2.532287694394835142e+00,2.800000022139681022e+01,2.549949718887825512e+00
2.151635764543285700e-01,7.202396037785135929e-03,2.800000000000000000e+01,2.800001874772229016e+01,2.531984703956148941e+00,2.549999999999999822e+00,2.800001874772229016e+01,2.531984703956148941e+00,2.800000023696598106e+01,2.549947981666865982e+00
2.223659724921137060e-01,7.202396037785135929e-03,2.800000000000000000e+01,2.800001969508274158e+01,2.531686787153136109e+00,2.549999999999999822e+00,2.800001969508274158e+01,2.531686787153136109e+00,2.800000025306251317e+01,2.549946244653666483e+00
2.310829699310482654e-01,8.716997438934559472e-03,2.800000000000000000e+01,2.800002086217487474e+01,2.531332658526534107e+00,2.549999999999999822e+00,2.800002086217487474e+01,2.531332658526534107e+00,2.800000027324917440e+01,2.549944142634664956e+00
2.397999673699828249e-01,8.716997438934559472e-03,2.800000000000000000e+01,2.800002205131971422e+01,2.530985207509304225e+00,2.549999999999999822e+00,2.800002205131971422e+01,2.530985207509304225e+00,2.800000029420788650e+01,2.549942040909236596e+00
2.485169648089173844e-01,8.716997438934559472e-03,2.800000000000000000e+01,2.800002326210632475e+01,2.530644072896812258e+00,2.549999999999999822e+00,2.800002326210632475e+01,2.530644072896812258e+00,2.800000031593843630e+01,2.549939939471946193e+00
2.572339622478519439e-01,8.716997438934559472e-03,2.800000000000000000e+01,2.800002449414559536e+01,2.530308924969249862e+00,2.549999999999999822e+00,2.800002449414559536e+01,2.530308924969249862e+00,2.800000033844058933e+01,2.549937838317649419e+00
2.659509596867865033e-01,8.716997438934559472e-03,2.800000000000000000e+01,2.800002574706841330e+01,2.529979461775755389e+00,2.549999999999999822e+00,2.800002574706841330e+01,2.529979461775755389e+00,2.800000036171413598e+01,2.549935737441462624e+00
2.746679571257210628e-01,8.716997438934559472e-03,2.800000000000000000e+01,2.800002702052396941e+01,2.529655405918379785e+00,2.549999999999999822e+00,2.800002702052396941e+01,2.529655405918379785e+00,2.800000038575888084e+01,2.549933636838747741e+00
2.851722983574910275e-01,1.050434123176996470e-02,2.800000000000000000e+01,2.800002858189698074e+01,2.529271728103363870e+00,2.549999999999999822e+00,2.800002858189698074e+01,2.529271728103363870e+00,2.800000041575806620e+01,2.549931105882965010e+00
2.956766395892609922e-01,1.050434123176996470e-02,2.800000000000000000e+01,2.800003017204730682e+01,2.528895122420513619e+00,2.549999999999999822e+00,2.800003017204730682e+01,2.528895122420513619e+00,2.800000044687644163e+01,2.549928575310560053e+00
3.061809808210309569e-01,1.050434123176996470e-02,2.800000000000000000e+01,2.800003179045010526e+01,2.528525214966566903e+00,2.549999999999999822e+00,2.800003179045010526e+01,2.528525214966566903e+00,2.800000047911366607e+01,2.549926045114591755e+00
3.166853220528009216e-01,1.050434123176996470e-02,2.800000000000000000e+01,2.800003343660781141e+01,2.528161663714298513e+00,2.549999999999999822e+00,2.800003343660781141e+01,2.528161663714298513e+00,2.800000051246939847e+01,2.549923515288480491e+00
3.271896632845708863e-01,1.050434123176996470e-02,2.800000000000000000e+01,2.800003511004787171e+01,2.527804154830875838e+00,2.549999999999999822e+00,2.800003511004787171e+01,2.527804154830875838e+00,2.800000054694328000e+01,2.549920985825977038e+00
3.376940045163408510e-01,1.050434123176996470e-02,2.800000000000000000e+01,2.800003681032068314e+01,2.527452399482552181e+00,2.549999999999999822e+00,2.800003681032068314e+01,2.527452399482552181e+00,2.800000058253499091e+01,2.549918456721136373e+00
3.502994883206802523e-01,1.260548380433940130e-02,2.800000000000000000e+01,2.800003888551101738e+01,2.527037504968527859e+00,2.549999999999999822e+00,2.800003888551101738e+01,2.527037504968527859e+00,2.800000062672109635e+01,2.549915422193449910e+00
3.629049721250196536e-01,1.260548380433940130e-02,2.800000000000000000e+01,2.800004099802270474e+01,2.526630090057421896e+00,2.549999999999999822e+00,2.800004099802270474e+01,2.526630090057421896e+00,2.800000067251590963e+01,2.549912388163371624e+00
3.755104559293590549e-01,1.260548380433940130e-02,2.800000000000000000e+01,2.800004314718918152e+01,2.526229768070784587e+00,2.549999999999999822e+00,2.800004314718918152e+01,2.526229768070784587e+00,2.800000071991888362e+01,2.549909354622086344e+00
3.881159397336984562e-01,1.260548380433940130e-02,2.800000000000000000e+01,2.800004533237779114e+01,2.525836184584622668e+00,2.549999999999999822e+00,2.800004533237779114e+01,2.525836184584622668e+00,2.800000076892949252e+01,2.549906321561229205e+00
4.007214235380378575e-01,1.260548380433940130e-02,2.800000000000000000e+01,2.800004755298698456e+01,2.525449013782220753e+00,2.549999999999999822e+00,2.800004755298698456e+01,2.525449013782220753e+00,2.800000081954720343e+01,2.549903288972845239e+00
4.133269073423772588e-01,1.260548380433940130e-02,2.800000000000000000e+01,2.800004980844385827e+01,2.525067955280193122e+00,2.549999999999999822e+00,2.800004980844385827e+01,2.525067955280193122e+00,2.800000087177149055e+01,2.549900256849358282e+00
4.283933984719562327e-01,1.506649112957897385e-02,2.800000000000000000e+01,2.800005254919553721e+01,2.524620133830774549e+00,2.549999999999999822e+00,2.800005254919553721e+01,2.524620133830774549e+00,2.800000093629866171e+01,2.549896633354916453e+00
4.434598896015352065e-01,1.506649112957897385e-02,2.800000000000000000e+01,2.800005533806290359e+01,2.524180212465112927e+00,2.549999999999999822e+00,2.800005533806290359e+01,2.524180212465112927e+00,2.800000100311937246e+01,2.549893010502575219e+00
4.585263807311141804e-01,1.506649112957897385e-02,2.800000000000000000e+01,2.800005817420396070e+01,2.523747791656454353e+00,2.549999999999999822e+00,2.800005817420396070e+01,2.523747791656454353e+00,2.800000107223279144e+01,2.549889388281198599e+00
4.735928718606931542e-01,1.506649112957897385e-02,2.800000000000000000e+01,2.800006105681860191e+01,2.523322504498668462e+00,2.549999999999999822e+00,2.800006105681860191e+01,2.523322504498668462e+00,2.800000114363808734e+01,2.549885766680208832e+00
4.886593629902721281e-01,1.506649112957897385e-02,2.800000000000000000e+01,2.800006398514527461e+01,2.522904013093675513e+00,2.549999999999999822e+00,2.800006398514527461e+01,2.522904013093675513e+00,2.800000121733443947e+01,2.549882145689535307e+00
5.037258541198510464e-01,1.506649112957891834e-02,2.800000000000000000e+01,2.800006695845794269e+01,2.522492005399391335e+00,2.549999999999999822e+00,2.800006695845794269e+01,2.522492005399391335e+00,2.800000129332105558e+01,2.549878525299575927e+00
5.216647300284351640e-01,1.793887590858411762e-02,2.800000000000000000e+01,2.800007055633323461e+01,2.522009506032468096e+00,2.549999999999999822e+00,2.800007055633323461e+01,2.522009506032468096e+00,2.800000138678003836e+01,2.549874215463038052e+00
5.396036059370192817e-01,1.793887590858411762e-02,2.800000000000000000e+01,2.800007421588713186e+01,2.521535340281771287e+00,2.549999999999999822e+00,2.800007421588713186e+01,2.521535340281771287e+00,2.800000148348336637e+01,2.549869906450391799e+00
5.575424818456033993e-01,1.793887590858411762e-02,2.800000000000000000e+01,2.800007793606149420e+01,2.521069095703590612e+00,2.549999999999999822e+00,2.800007793606149420e+01,2.521069095703590612e+00,2.800000158342973933e+01,2.549865598247644360e+00
5.754813577541875169e-01,1.793887590858411762e-02,2.800000000000000000e+01,2.800008171584972771e+01,2.520610392829137680e+00,2.549999999999999822e+00,2.800008171584972771e+01,2.520610392829137680e+00,2.800000168661789957e+01,2.549861290841485939e+00
5.934202336627716345e-01,1.793887590858411762e-02,2.800000000000000000e+01,2.800008555429274182e+01,2.520158881586654243e+00,2.549999999999999822e+00,2.800008555429274182e+01,2.520158881586654243e+00,2.800000179304660364e+01,2.549856984219234235e+00
6.113591095713557522e-01,1.793887590858411762e-02,2.800000000000000000e+01,2.800008945047530773e+01,2.519714238171735232e+00,2.549999999999999822e+00,2.800008945047530773e+01,2.519714238171735232e+00,2.800000190271464362e+01,2.549852678368786929e+00
6.326392070234997389e-01,2.128009745214398674e-02,2.800000000000000000e+01,2.800009414601535340e+01,2.519195270958888067e+00,2.549999999999999822e+00,2.800009414601535340e+01,2.519195270958888067e+00,2.800000203700785306e+01,2.549847571513199185e+00
6.539193044756437256e-01,2.128009745214398674e-02,2.800000000000000000e+01,2.800009892018599089e+01,2.518685083981206496e+00,2.549999999999999822e+00,2.800009892018599089e+01,2.518685083981206496e+00,2.800000217585576934e+01,2.549842465709043715e+00
6.751994019277877124e-01,2.128009745214398674e-02,2.800000000000000000e+01,2.800010377166402264e+01,2.518183251813737034e+00,2.549999999999999822e+00,2.800010377166402264e+01,2.518183251813737034e+00,2.800000231925644556e+01,2.549837360938822073e+00
6.964794993799316991e-01,2.128009745214398674e-02,2.800000000000000000e+01,2.800010869918937573e+01,2.517689382349232119e+00,2.549999999999999822e+00,2.800010869918937573e+01,2.517689382349232119e+00,2.800000246720796682e+01,2.549832257185872919e+00
7.177595968320756858e-01,2.128009745214398674e-02,2.800000000000000000e+01,2.800011370156027724e+01,2.517203113254980806e+00,2.549999999999999822e+00,2.800011370156027724e+01,2.517203113254980806e+00,2.800000261970845372e+01,2.549827154434303633e+00
7.390396942842196726e-01,2.128009745214398674e-02,2.800000000000000000e+01,2.800011877762881696e+01,2.516724108865921128e+00,2.549999999999999822e+00,2.800011877762881696e+01,2.516724108865921128e+00,2.800000277675605531e+01,2.549822052668935690e+00
7.641937812015452414e-01,2.515408691732556878e-02,2.800000000000000000e+01,2.800012487132784855e+01,2.516166846845109717e+00,2.549999999999999822e+00,2.800012487132784855e+01,2.516166846845109717e+00,2.800000296825544766e+01,2.549816023391740405e+00
7.893478681188708102e-01,2.515408691732556878e-02,2.800000000000000000e+01,2.800013106473783608e+01,2.515618824795209818e+00,2.549999999999999822e+00,2.800013106473783608e+01,2.515618824795209818e+00,2.800000316610270445e+01,2.549809995449364486e+00
8.145019550361963789e-01,2.515408691732556878e-02,2.800000000000000000e+01,2.800013735621198663e+01,2.515079604249840006e+00,2.549999999999999822e+00,2.800013735621198663e+01,2.515079604249840006e+00,2.800000337029492314e+01,2.549803968820030686e+00
8.396560419535219477e-01,2.515408691732556878e-02,2.800000000000000000e+01,2.800014374418051588e+01,2.514548780391961280e+00,2.549999999999999822e+00,2.800014374418051588e+01,2.514548780391961280e+00,2.800000358082923313e+01,2.549797943482980500e+00
8.648101288708475165e-01,2.515408691732556878e-02,2.800000000000000000e+01,2.800015022714479329e+01,2.514025978545414208e+00,2.549999999999999822e+00,2.800015022714479329e+01,2.514025978545414208e+00,2.800000379770281000e+01,2.549791919418396002e+00
8.899642157881730853e-01,2.515408691732556878e-02,2.800000000000000000e+01,2.800015680367211601e+01,2.513510851091187437e+00,2.549999999999999822e+00,2.800015680367211601e+01,2.513510851091187437e+00,2.800000402091287199e+01,2.549785896607331015e+00
9.195960072565333432e-01,2.963179146836025790e-02,2.800000000000000000e+01,2.800016466906178536e+01,2.512913432584380935e+00,2.549999999999999822e+00,2.800016466906178536e+01,2.512913432584380935e+00,2.800000429198189167e+01,2.549778803253042181e+00
9.492277987248936011e-01,2.963179146836025790e-02,2.800000000000000000e+01,2.800017266024796569e+01,2.512325726919530045e+00,2.549999999999999822e+00,2.800017266024796569e+01,2.512325726919530045e+00,2.800000457183589830e+01,2.549771711584823297e+00
9.788595901932538590e-01,2.963179146836025790e-02,2.800000000000000000e+01,2.800018077519053250e+01,2.511747282533009606e+00,2.549999999999999822e+00,2.800018077519053250e+01,2.511747282533009606e+00,2.800000486047056114e+01,2.549764621575694612e+00
1.008491381661614117e+00,2.963179146836025790e-02,2.800000000000000000e+01,2.800018901194285093e+01,2.511177681831334052e+00,2.549999999999999822e+00,2.800018901194285093e+01,2.511177681831334052e+00,2.800000515788163113e+01,2.549757533199911830e+00
1.038123173129974486e+00,2.963179146836036892e-02,2.800000000000000000e+01,2.800019736864482667e+01,2.510616537717355712e+00,2.549999999999999822e+00,2.800019736864482667e+01,2.510616537717355712e+00,2.800000546406488766e+01,2.549750446432876849e+00
1.067754964598334855e+00,2.963179146836036892e-02,2.800000000000000000e+01,2.800020584351666031e+01,2.510063490529989227e+00,2.549999999999999822e+00,2.800020584351666031e+01,2.510063490529989227e+00,2.800000577901621313e+01,2.549743361251050278e+00
1.102546737242724673e+00,3.479177264438981787e-02,2.800000000000000000e+01,2.800021594270392811e+01,2.509424021340001421e+00,2.549999999999999822e+00,2.800021594270392811e+01,2.509424021340001421e+00,2.800000615999786291e+01,2.549735044272239293e+00
1.137338509887114490e+00,3.479177264438981787e-02,2.800000000000000000e+01,2.800022619981382377e+01,2.508794751015381852e+00,2.549999999999999822e+00,2.800022619981382377e+01,2.508794751015381852e+00,2.800000655305500175e+01,2.549726729412851611e+00
1.172130282531504308e+00,3.479177264438981787e-02,2.800000000000000000e+01,2.800023661233009165e+01,2.508175214843339607e+00,2.549999999999999822e+00,2.800023661233009165e+01,2.508175214843339607e+00,2.800000695818126673e+01,2.549718416639607188e+00
1.206922055175894126e+00,3.479177264438981787e-02,2.800000000000000000e+01,2.800024717784949857e+01,2.507564982391509822e+00,2.549999999999999822e+00,2.800024717784949857e+01,2.507564982391509822e+00,2.800000737537034468e+01,2.549710105920721670e+00
1.241713827820283944e+00,3.479177264438981787e-02,2.800000000000000000e+01,2.800025789407364840e+01,2.506963654068731007e+00,2.549999999999999822e+00,2.800025789407364840e+01,2.506963654068731007e+00,2.800000780461606809e+01,2.549701797225797595e+00
1.276505600464673762e+00,3.479177264438981787e-02,2.800000000000000000e+01,2.800026875880151067e+01,2.506370858088492248e+00,2.549999999999999822e+00,2.800026875880151067e+01,2.506370858088492248e+00,2.800000824591230852e+01,2.549693490525721806e+00
1.317226409035555879e+00,4.072080857088211658e-02,2.800000000000000000e+01,2.800028166083391667e+01,2.505687414235270971e+00,2.549999999999999822e+00,2.800028166083391667e+01,2.505687414235270971e+00,2.800000877770981234e+01,2.549683770736652200e+00
1.357947217606437995e+00,4.072080857088211658e-02,2.800000000000000000e+01,2.800029476017280317e+01,2.505014668427449465e+00,2.549999999999999822e+00,2.800029476017280317e+01,2.505014668427449465e+00,2.800000932599724734e+01,2.549674053599262802e+00
1.398668026177320112e+00,4.072080857088211658e-02,2.800000000000000000e+01,2.800030805372782083e+01,2.504352142755344790e+00,2.549999999999999822e+00,2.800030805372782083e+01,2.504352142755344790e+00,2.800000989076526636e+01,2.549664339072678310e+00
1.439388834748202228e+00,4.072080857088211658e-02,2.800000000000000000e+01,2.800032153854477102e+01,2.503699393889764924e+00,2.549999999999999822e+00,2.800032153854477102e+01,2.503699393889764924e+00,2.800001047200466786e+01,2.549654627117821981e+00
1.480109643319084345e+00,4.072080857088211658e-02,2.800000000000000000e+01,2.800033521179591034e+01,2.503056009677239846e+00,2.549999999999999822e+00,2.800033521179591034e+01,2.503056009677239846e+00,2.800001106970638531e+01,2.549644917697291291e+00
1.520830451889966461e+00,4.072080857088211658e-02,2.800000000000000000e+01,2.800034907077111512e+01,2.502421606127422038e+00,2.549999999999999822e+00,2.800034907077111512e+01,2.502421606127422038e+00,2.800001168386148365e+01,2.549635210775236693e+00
1.568344992534050464e+00,4.751454064408400235e-02,2.800000000000000000e+01,2.800036547325720804e+01,2.501692236779800016e+00,2.549999999999999822e+00,2.800036547325720804e+01,2.501692236779800016e+00,2.800001242126846535e+01,2.549623887493408514e+00
1.615859533178134466e+00,4.751454064408400235e-02,2.800000000000000000e+01,2.800038212111612523e+01,2.500974077806425555e+00,2.549999999999999822e+00,2.800038212111612523e+01,2.500974077806425555e+00,2.800001318105109505e+01,2.549612567514171424e+00
1.663374073822218469e+00,4.751454064408400235e-02,2.800000000000000000e+01,2.800039901056801028e+01,2.500266638057410784e+00,2.549999999999999822e+00,2.800039901056801028e+01,2.500266638057410784e+00,2.800001396319581914e+01,2.549601250787522755e+00
1.710888614466302471e+00,4.751454064408400235e-02,2.800000000000000000e+01,2.800041613799638185e+01,2.499569461253433822e+00,2.549999999999999822e+00,2.800041613799638185e+01,2.499569461253433822e+00,2.800001476768926167e+01,2.549589937265620776e+00
1.758403155110386473e+00,4.751454064408400235e-02,2.800000000000000000e+01,2.800043349993672592e+01,2.498882122615295742e+00,2.549999999999999822e+00,2.800043349993672592e+01,2.498882122615295742e+00,2.800001559451828470e+01,2.549578626902632372e+00
1.805917695754470476e+00,4.751454064408400235e-02,2.800000000000000000e+01,2.800045109306605795e+01,2.498204225875460427e+00,2.549999999999999822e+00,2.800045109306605795e+01,2.498204225875460427e+00,2.800001644366988529e+01,2.549567319654597153e+00
1.861195874867914934e+00,5.527817911344445889e-02,2.800000000000000000e+01,2.800047184753530516e+01,2.497426956126603592e+00,2.549999999999999822e+00,2.800047184753530516e+01,2.497426956126603592e+00,2.800001745964334532e+01,2.549554168722804270e+00
1.916474053981359393e+00,5.527817911344445889e-02,2.800000000000000000e+01,2.800049290578736816e+01,2.496661422220977311e+00,2.549999999999999822e+00,2.800049290578736816e+01,2.496661422220977311e+00,2.800001850579300822e+01,2.549541021886289727e+00
1.971752233094803852e+00,5.527817911344445889e-02,2.800000000000000000e+01,2.800051426321734027e+01,2.495907119729043000e+00,2.549999999999999822e+00,2.800051426321734027e+01,2.495907119729043000e+00,2.800001958209933406e+01,2.549527879084128035e+00
2.027030412208248311e+00,5.527817911344445889e-02,2.800000000000000000e+01,2.800053591541565723e+01,2.495163579372194462e+00,2.549999999999999822e+00,2.800053591541565723e+01,2.495163579372194462e+00,2.800002068854308135e+01,2.549514740257976975e+00
2.082308591321692770e+00,5.527817911344445889e-02,2.800000000000000000e+01,2.800055785815468568e+01,2.494430363686477303e+00,2.549999999999999822e+00,2.800055785815468568e+01,2.494430363686477303e+00,2.800002182510528215e+01,2.549501605351899514e+00
2.137586770435137229e+00,5.527817911344445889e-02,2.800000000000000000e+01,2.800058008737647697e+01,2.493707064058421796e+00,2.549999999999999822e+00,2.800058008737647697e+01,2.493707064058421796e+00,2.800002299176723142e+01,2.549488474312203046e+00
2.201713950166366285e+00,6.412717973122905590e-02,2.800000000000000000e+01,2.800060622888611661e+01,2.492879898561676022e+00,2.549999999999999822e+00,2.800060622888611661e+01,2.492879898561676022e+00,2.800002438287860329e+01,2.549473246015447447e+00
2.265841129897595341e+00,6.412717973122905590e-02,2.800000000000000000e+01,2.800063274486066334e+01,2.492065007487599182e+00,2.549999999999999822e+00,2.800063274486066334e+01,2.492065007487599182e+00,2.800002581444468674e+01,2.549458022775406008e+00
2.329968309628824397e+00,6.412717973122905590e-02,2.800000000000000000e+01,2.800065962971153510e+01,2.491261873092175616e+00,2.549999999999999822e+00,2.800065962971153510e+01,2.491261873092175616e+00,2.800002728643752903e+01,2.549442804518124550e+00
2.394095489360053453e+00,6.412717973122905590e-02,2.800000000000000000e+01,2.800068687808289880e+01,2.490470013053169840e+00,2.549999999999999822e+00,2.800068687808289880e+01,2.490470013053169840e+00,2.800002879882960372e+01,2.549427591172729990e+00
2.458222669091282508e+00,6.412717973122905590e-02,2.800000000000000000e+01,2.800071448483594239e+01,2.489688977167831219e+00,2.549999999999999822e+00,2.800071448483594239e+01,2.489688977167831219e+00,2.800003035159377518e+01,2.549412382671215394e+00
2.522349848822511564e+00,6.412717973122905590e-02,2.800000000000000000e+01,2.800074244503456811e+01,2.488918344413150852e+00,2.549999999999999822e+00,2.800074244503456811e+01,2.488918344413150852e+00,2.800003194470326306e+01,2.549397178948256126e+00
2.596537887521332078e+00,7.418803869882051316e-02,2.800000000000000000e+01,2.800077522663612584e+01,2.488039270565039374e+00,2.549999999999999822e+00,2.800077522663612584e+01,2.488039270565039374e+00,2.800003383805620416e+01,2.549379595805639998e+00
2.670725926220152591e+00,7.418803869882051316e-02,2.800000000000000000e+01,2.800080846788723221e+01,2.487173022799235689e+00,2.549999999999999822e+00,2.800080846788723221e+01,2.487173022799235689e+00,2.800003578533141990e+01,2.549362018881267566e+00
2.744913964918973104e+00,7.418803869882051316e-02,2.800000000000000000e+01,2.800084216203059739e+01,2.486319070026441480e+00,2.549999999999999822e+00,2.800084216203059739e+01,2.486319070026441480e+00,2.800003778648921582e+01,2.549344448085704151e+00
2.819102003617793617e+00,7.418803869882051316e-02,2.800000000000000000e+01,2.800087630258530424e+01,2.485476916840697381e+00,2.549999999999999822e+00,2.800087630258530424e+01,2.485476916840697381e+00,2.800003984149048719e+01,2.549326883333166816e+00
2.893290042316614130e+00,7.418803869882051316e-02,2.800000000000000000e+01,2.800091088332845146e+01,2.484646100250878398e+00,2.549999999999999822e+00,2.800091088332845146e+01,2.484646100250878398e+00,2.800004195029666576e+01,2.549309324541285893e+00
2.967478081015434643e+00,7.418803869882051316e-02,2.800000000000000000e+01,2.800094589827844160e+01,2.483826186765483612e+00,2.549999999999999822e+00,2.800094589827844160e+01,2.483826186765483612e+00,2.800004411286971617e+01,2.549291771630882941e+00
3.053077114715384788e+00,8.559903369995014444e-02,2.800000000000000000e+01,2.800098683095557561e+01,2.482893178745357865e+00,2.549999999999999822e+00,2.800098683095557561e+01,2.482893178745357865e+00,2.800004667483086962e+01,2.549271526084550210e+00
3.138676148415334932e+00,8.559903369995014444e-02,2.800000000000000000e+01,2.800102832553857368e+01,2.481973561497114567e+00,2.549999999999999822e+00,2.800102832553857368e+01,2.481973561497114567e+00,2.800004930826411353e+01,2.549251288154385620e+00
3.224275182115285077e+00,8.559903369995014444e-02,2.800000000000000000e+01,2.800107037388632492e+01,2.481066790559991020e+00,2.549999999999999822e+00,2.800107037388632492e+01,2.481066790559991020e+00,2.800005201311348202e+01,2.549231057732611383e+00
3.309874215815235221e+00,8.559903369995014444e-02,2.800000000000000000e+01,2.800111296818478124e+01,2.480172357408995332e+00,2.549999999999999822e+00,2.800111296818478124e+01,2.480172357408995332e+00,2.800005478932376590e+01,2.549210834715775587e+00
3.395473249515185366e+00,8.559903369995014444e-02,2.800000000000000000e+01,2.800115610092564822e+01,2.479289786220002068e+00,2.549999999999999822e+00,2.800115610092564822e+01,2.479289786220002068e+00,2.800005763684055182e+01,2.549190619004468417e+00
3.481072283215135510e+00,8.559903369995014444e-02,2.800000000000000000e+01,2.800119976488690554e+01,2.478418630979144499e+00,2.549999999999999822e+00,2.800119976488690554e+01,2.478418630979144499e+00,2.800006055561015472e+01,2.549170410503067696e+00
3.579583368549479783e+00,9.851108533434427272e-02,2.800000000000000000e+01,2.800125066370435789e+01,2.477429653487669636e+00,2.549999999999999822e+00,2.800125066370435789e+01,2.477429653487669636e+00,2.800006400277363738e+01,2.549147162485818185e+00
3.678094453883824055e+00,9.851108533434427272e-02,2.800000000000000000e+01,2.800130224670422052e+01,2.476454644432619645e+00,2.549999999999999822e+00,2.800130224670422052e+01,2.476454644432619645e+00,2.800006754415748844e+01,2.549123923760944432e+00
3.776605539218168328e+00,9.851108533434427272e-02,2.800000000000000000e+01,2.800135450411219651e+01,2.475493045959816563e+00,2.549999999999999822e+00,2.800135450411219651e+01,2.475493045959816563e+00,2.800007117968326043e+01,2.549100694199011308e+00
3.875116624552512601e+00,9.851108533434427272e-02,2.800000000000000000e+01,2.800140742653983850e+01,2.474544336394361999e+00,2.549999999999999822e+00,2.800140742653983850e+01,2.474544336394361999e+00,2.800007490927359299e+01,2.549077473675688044e+00
3.973627709886856874e+00,9.851108533434427272e-02,2.800000000000000000e+01,2.800146100495984669e+01,2.473608027039104318e+00,2.549999999999999822e+00,2.800146100495984669e+01,2.473608027039104318e+00,2.800007873285217741e+01,2.549054262071418719e+00
4.072138795221201590e+00,9.851108533434471681e-02,2.800000000000000000e+01,2.800151523068342740e+01,2.472683659308702264e+00,2.549999999999999822e+00,2.800151523068342740e+01,2.472683659308702264e+00,2.800008265034376009e+01,2.549031059271125610e+00
4.185227376378073849e+00,1.130885811568722588e-01,2.800000000000000000e+01,2.800157826788937854e+01,2.471636671939660967e+00,2.549999999999999822e+00,2.800157826788937854e+01,2.471636671939660967e+00,2.800008726322957386e+01,2.549004433672883430e+00
4.298315957534946108e+00,1.130885811568722588e-01,2.800000000000000000e+01,2.800164213494533882e+01,2.470604243574459513e+00,2.549999999999999822e+00,2.800164213494533882e+01,2.470604243574459513e+00,2.800009199967028550e+01,2.548977819369681264e+00
4.411404538691818367e+00,1.130885811568722588e-01,2.800000000000000000e+01,2.800170682015568246e+01,2.469585802948146114e+00,2.549999999999999822e+00,2.800170682015568246e+01,2.469585802948146114e+00,2.800009685955663130e+01,2.548951216206592374e+00
4.524493119848690625e+00,1.130885811568722588e-01,2.800000000000000000e+01,2.800177231227860375e+01,2.468580815209767465e+00,2.549999999999999822e+00,2.800177231227860375e+01,2.468580815209767465e+00,2.800010184278085390e+01,2.548924624034692332e+00
4.637581701005562884e+00,1.130885811568722588e-01,2.800000000000000000e+01,2.800183860049753903e+01,2.467588778754000511e+00,2.549999999999999822e+00,2.800183860049753903e+01,2.467588778754000511e+00,2.800010694923669163e+01,2.548898042710682432e+00
4.750670282162435143e+00,1.130885811568722588e-01,2.800000000000000000e+01,2.800190567439495126e+01,2.466609222379928301e+00,2.549999999999999822e+00,2.800190567439495126e+01,2.466609222379928301e+00,2.800011217881925774e+01,2.548871472096541968e+00
4.880180530720290122e+00,1.295102485578549789e-01,2.800000000000000000e+01,2.800198344031650777e+01,2.465502184324650514e+00,2.549999999999999822e+00,2.800198344031650777e+01,2.465502184324650514e+00,2.800011831890353875e+01,2.548841056130443317e+00
5.009690779278145101e+00,1.295102485578549789e-01,2.800000000000000000e+01,2.800206220898583354e+01,2.464410308651415527e+00,2.549999999999999822e+00,2.800206220898583354e+01,2.464410308651415527e+00,2.800012462018035464e+01,2.548810653843715635e+00
5.139201027836000080e+00,1.295102485578549789e-01,2.800000000000000000e+01,2.800214196645404030e+01,2.463333010672160484e+00,2.549999999999999822e+00,2.800214196645404030e+01,2.463333010672160484e+00,2.800013108249848059e+01,2.548780265051517890e+00
5.268711276393855059e+00,1.295102485578549789e-01,2.800000000000000000e+01,2.800222269930439367e+01,2.462269742338869527e+00,2.549999999999999822e+00,2.800222269930439367e+01,2.462269742338869527e+00,2.800013770570878080e+01,2.548749889576047867e+00
5.398221524951710037e+00,1.295102485578549789e-01,2.800000000000000000e+01,2.800230439461936527e+01,2.461219989108142769e+00,2.549999999999999822e+00,2.800230439461936527e+01,2.461219989108142769e+00,2.800014448966411962e+01,2.548719527246107841e+00
5.527731773509565016e+00,1.295102485578549789e-01,2.800000000000000000e+01,2.800238703995036715e+01,2.460183267124719464e+00,2.549999999999999822e+00,2.800238703995036715e+01,2.460183267124719464e+00,2.800015143421927988e+01,2.548689177896703573e+00
5.675701956862006625e+00,1.479701833524416088e-01,2.800000000000000000e+01,2.800248261266490957e+01,2.459014141202491732e+00,2.549999999999999822e+00,2.800248261266490957e+01,2.459014141202491732e+00,2.800015956501141190e+01,2.548654518341798347e+00
5.823672140214448234e+00,1.479701833524416088e-01,2.800000000000000000e+01,2.800257939261340923e+01,2.457860793763307683e+00,2.549999999999999822e+00,2.800257939261340923e+01,2.457860793763307683e+00,2.800016790505084074e+01,2.548619875295353054e+00
5.971642323566889843e+00,1.479701833524416088e-01,2.800000000000000000e+01,2.800267736321238843e+01,2.456722626687703137e+00,2.549999999999999822e+00,2.800267736321238843e+01,2.456722626687703137e+00,2.800017645412956924e+01,2.548585248537524439e+00
6.119612506919331452e+00,1.479701833524416088e-01,2.800000000000000000e+01,2.800277650850056688e+01,2.455599078713819328e+00,2.549999999999999822e+00,2.800277650850056688e+01,2.455599078713819328e+00,2.800018521204237842e+01,2.548550637856698220e+00
6.267582690271773060e+00,1.479701833524416088e-01,2.800000000000000000e+01,2.800287681310101462e+01,2.454489622334678156e+00,2.549999999999999822e+00,2.800287681310101462e+01,2.454489622334678156e+00,2.800019417858679560e+01,2.548516043048994817e+00
6.415552873624214669e+00,1.479701833524416088e-01,2.800000000000000000e+01,2.800297826218625019e+01,2.453393761006467777e+00,2.549999999999999822e+00,2.800297826218625019e+01,2.453393761006467777e+00,2.800020335356297352e+01,2.548481463917804390e+00
6.584231504230165122e+00,1.686786306059504525e-01,2.800000000000000000e+01,2.800309528678758042e+01,2.452160519530174998e+00,2.549999999999999822e+00,2.800309528678758042e+01,2.452160519530174998e+00,2.800021406655450562e+01,2.548442064311476241e+00
6.752910134836115574e+00,1.686786306059504525e-01,2.800000000000000000e+01,2.800321375962423431e+01,2.450943685231928182e+00,2.549999999999999822e+00,2.800321375962423431e+01,2.450943685231928182e+00,2.800022504985543037e+01,2.548402684559273546e+00
6.921588765442066027e+00,1.686786306059504525e-01,2.800000000000000000e+01,2.800333366104137767e+01,2.449742646558170200e+00,2.549999999999999822e+00,2.800333366104137767e+01,2.449742646558170200e+00,2.800023630318125356e+01,2.548363324400513275e+00
7.090267396048016479e+00,1.686786306059504525e-01,2.800000000000000000e+01,2.800345497210964396e+01,2.448556829022074499e+00,2.549999999999999822e+00,2.800345497210964396e+01,2.448556829022074499e+00,2.800024782625130015e+01,2.548323983584111385e+00
7.258946026653966932e+00,1.686786306059504525e-01,2.800000000000000000e+01,2.800357767458169889e+01,2.447385692133291268e+00,2.549999999999999822e+00,2.800357767458169889e+01,2.447385692133291268e+00,2.800025961878857217e+01,2.548284661868010836e+00
7.427624657259917385e+00,1.686786306059504525e-01,2.800000000000000000e+01,2.800370175085216928e+01,2.446228726631008321e+00,2.549999999999999822e+00,2.800370175085216928e+01,2.446228726631008321e+00,2.800027168051958881e+01,2.548245359018651346e+00
7.619487798770701481e+00,1.918631415107840965e-01,2.800000000000000000e+01,2.800384452956276959e+01,2.444929356049585945e+00,2.549999999999999822e+00,2.800384452956276959e+01,2.444929356049585945e+00,2.800028572700283291e+01,2.548200676726464664e+00
7.811350940281485578e+00,1.918631415107840965e-01,2.800000000000000000e+01,2.800398903957791319e+01,2.443647033804880131e+00,2.549999999999999822e+00,2.800398903957791319e+01,2.443647033804880131e+00,2.800030012102413579e+01,2.548156018232182962e+00
8.003214081792268786e+00,1.918631415107832083e-01,2.800000000000000000e+01,2.800413525767253375e+01,2.442381134911400853e+00,2.549999999999999822e+00,2.800413525767253375e+01,2.442381134911400853e+00,2.800031486219661403e+01,2.548111383227606108e+00
8.195077223303051994e+00,1.918631415107832083e-01,2.800000000000000000e+01,2.800428316146513552e+01,2.441131071651179152e+00,2.549999999999999822e+00,2.800428316146513552e+01,2.441131071651179152e+00,2.800032995013852855e+01,2.548066771415701925e+00
8.386940364813835203e+00,1.918631415107832083e-01,2.800000000000000000e+01,2.800443272936808015e+01,2.439896290535769730e+00,2.549999999999999822e+00,2.800443272936808015e+01,2.439896290535769730e+00,2.800034538447305010e+01,2.548022182509943612e+00
8.578803506324618411e+00,1.918631415107832083e-01,2.800000000000000000e+01,2.800458394054169275e+01,2.438676269564074239e+00,2.549999999999999822e+00,2.800458394054169275e+01,2.438676269564074239e+00,2.800036116482816695e+01,2.547977616233707110e+00
8.796573061178694530e+00,2.177695548540761195e-01,2.800000000000000000e+01,2.800475753468857221e+01,2.437308775850377085e+00,2.549999999999999822e+00,2.800475753468857221e+01,2.437308775850377085e+00,2.800037949472558552e+01,2.547927059455608045e+00
9.014342616032770650e+00,2.177695548540761195e-01,2.800000000000000000e+01,2.800493319151237515e+01,2.435958983948051326e+00,2.549999999999999822e+00,2.800493319151237515e+01,2.435958983948051326e+00,2.800039826939187293e+01,2.547876531109576348e+00
9.232112170886846769e+00,2.177695548540761195e-01,2.800000000000000000e+01,2.800511088364953949e+01,2.434626255446790122e+00,2.549999999999999822e+00,2.800511088364953949e+01,2.434626255446790122e+00,2.800041748830379618e+01,2.547826030832278210e+00
9.449881725740922889e+00,2.177695548540761195e-01,2.800000000000000000e+01,2.800529058471483168e+01,2.433309989396378992e+00,2.549999999999999822e+00,2.800529058471483168e+01,2.433309989396378992e+00,2.800043715094502161e+01,2.547775558273331686e+00
9.667651280594999008e+00,2.177695548540761195e-01,2.800000000000000000e+01,2.800547226924454947e+01,2.432009619300713243e+00,2.549999999999999822e+00,2.800547226924454947e+01,2.432009619300713243e+00,2.800045725680581299e+01,2.547725113094553961e+00
9.885420835449075128e+00,2.177695548540761195e-01,2.800000000000000000e+01,2.800565591264410514e+01,2.430724610400377905e+00,2.549999999999999822e+00,2.800565591264410514e+01,2.430724610400377905e+00,2.800047780538284314e+01,2.547674694969270792e+00
1.013208382635689553e+01,2.466629909078204008e-01,2.800000000000000000e+01,2.800586625766869275e+01,2.429287025092221164e+00,2.549999999999999822e+00,2.800586625766869275e+01,2.429287025092221164e+00,2.800050161441837560e+01,2.547617619697914115e+00
1.037874681726471593e+01,2.466629909078204008e-01,2.800000000000000000e+01,2.800607905202202375e+01,2.427867807208936135e+00,2.549999999999999822e+00,2.800607905202202375e+01,2.427867807208936135e+00,2.800052599009094578e+01,2.547560578287246802e+00
1.062540980817253633e+01,2.466629909078204008e-01,2.800000000000000000e+01,2.800629426355657259e+01,2.426466304928193374e+00,2.549999999999999822e+00,2.800629426355657259e+01,2.426466304928193374e+00,2.800055093169679310e+01,2.547503570310124310e+00
1.087207279908035673e+01,2.466629909078204008e-01,2.800000000000000000e+01,2.800651186125645609e+01,2.425081904072141636e+00,2.549999999999999822e+00,2.800651186125645609e+01,2.425081904072141636e+00,2.800057643854129097e+01,2.547446595354389665e+00
1.111873578998817713e+01,2.466629909078204008e-01,2.800000000000000000e+01,2.800673181517280241e+01,2.423714025133219430e+00,2.549999999999999822e+00,2.800673181517280241e+01,2.423714025133219430e+00,2.800060250993861644e+01,2.547389653022016365e+00
1.136539878089599753e+01,2.466629909078204008e-01,2.800000000000000000e+01,2.800695409636392696e+01,2.422362120581476486e+00,2.549999999999999822e+00,2.800695409636392696e+01,2.422362120581476486e+00,2.800062914521146951e+01,2.547332742928312577e+00
1.161539878089599753e+01,2.500000000000000000e-01,2.800000000000000000e+01,2.800718173074131911e+01,2.421007695827650519e+00,2.549999999999999822e+00,2.800718173074131911e+01,2.421007695827650519e+00,2.800065671550677848e+01,2.547275095434262671e+00
1.186539878089599753e+01,2.500000000000000000e-01,2.800000000000000000e+01,2.800741169884241089e+01,2.419668637980392223e+00,2.549999999999999822e+00,2.800741169884241089e+01,2.419668637980392223e+00,2.800068486366221521e+01,2.547217480300009829e+00
1.211539878089599753e+01,2.500000000000000000e-01,2.800000000000000000e+01,2.800764397337112399e+01,2.418344463202333650e+00,2.549999999999999822e+00,2.800764397337112399e+01,2.418344463202333650e+00,2.800071358899765528e+01,2.547159897162604381e+00
1.236539878089599753e+01,2.500000000000000000e-01,2.800000000000000000e+01,2.800787852788529619e+01,2.417034712503198790e+00,2.549999999999999822e+00,2.800787852788529619e+01,2.417034712503198790e+00,2.800074289084086843e+01,2.547102345670409829e+00
1.261539878089599753e+01,2.500000000000000000e-01,2.800000000000000000e+01,2.800811533675317833e+01,2.415738949986939055e+00,2.549999999999999822e+00,2.800811533675317833e+01,2.415738949986939055e+00,2.800077276852724850e+01,2.547044825482523756e+00
1.286539878089599753e+01,2.500000000000000000e-01,2.800000000000000000e+01,2.800835437511300441e+01,2.414456761255313388e+00,2.549999999999999822e+00,2.800835437511300441e+01,2.414456761255313388e+00,2.800080322139958966e+01,2.546987336268244029e+00
1.311539878089599753e+01,2.500000000000000000e-01,2.800000000000000000e+01,2.800859561883535065e+01,2.413187751953002724e+00,2.549999999999999822e+00,2.800859561883535065e+01,2.413187751953002724e+00,2.800083424880786609e+01,2.546929877706569645e+00
1.336539878089599753e+01,2.500000000000000000e-01,2.800000000000000000e+01,2.800883904448802397e+01,2.411931546437587226e+00,2.549999999999999822e+00,2.800883904448802397e+01,2.411931546437587226e+00,2.800086585010901530e+01,2.546872449485739764e+00
1.361539878089599753e+01,2.500000000000000000e-01,2.800000000000000000e+01,2.800908462930327403e+01,2.410687786559909895e+00,2.549999999999999822e+00,2.800908462930327403e+01,2.410687786559909895e+00,2.800089802466675692e+01,2.546815051302794952e+00
1.386539878089599753e+01,2.500000000000000000e-01,2.800000000000000000e+01,2.800933235114709063e+01,2.409456130544038288e+00,2.549999999999999822e+00,2.800933235114709063e+01,2.409456130544038288e+00,2.800093077185139023e+01,2.546757682863172167e+00
1.411539878089599753e+01,2.500000000000000000e-01,2.800000000000000000e+01,2.800958218849045167e+01,2.408236251957976748e+00,2.549999999999999822e+00,2.800958218849045167e+01,2.408236251957976748e+00,2.800096409103961648e+01,2.546700343880326400e+00
1.436539878089599753e+01,2.500000000000000000e-01,2.800000000000000000e+01,2.800983412038238285e+01,2.407027838766577776e+00,2.549999999999999822e+00,2.800983412038238285e+01,2.407027838766577776e+00,2.800099798161435061e+01,2.546643034075371403e+00
1.461539878089599753e+01,2.500000000000000000e-01,2.800000000000000000e+01,2.801008812642465173e+01,2.405830592458380934e+00,2.549999999999999822e+00,2.801008812642465173e+01,2.405830592458380934e+00,2.800103244296457561e+01,2.546585753176745737e+00
1.486539878089599753e+01,2.500000000000000000e-01,2.800000000000000000e+01,2.801034418674800364e+01,2.404644227239168597e+00,2.549999999999999822e+00,2.801034418674800364e+01,2.404644227239168597e+00,2.800106747448516842e+01,2.546528500919899241e+00
1.511539878089599753e+01,2.500000000000000000e-01,2.800000000000000000e+01,2.801060228198977953e+01,2.403468469286181630e+00,2.549999999999999822e+00,2.801060228198977953e+01,2.403468469286181630e+00,2.800110307557677558e+01,2.546471277046993720e+00
1.536539878089599753e+01,2.500000000000000000e-01,2.800000000000000000e+01,2.801086239327285554e+01,2.402303056057701447e+00,2.549999999999999822e+00,2.801086239327285554e+01,2.402303056057701447e+00,2.800113924564563206e+01,2.546414081306628496e+00
1.561539878089599753e+01,2.500000000000000000e-01,2.800000000000000000e+01,2.801112450218576200e+01,2.401147735653083704e+00,2.549999999999999822e+00,2.801112450218576200e+01,2.401147735653083704e+00,2.800117598410344399e+01,2.546356913453572623e+00
1.586539878089599753e+01,2.500000000000000000e-01,2.800000000000000000e+01,2.801138859076396415e+01,2.400002266218729030e+00,2.549999999999999822e+00,2.801138859076396415e+01,2.400002266218729030e+00,2.800121329036722528e+01,2.546299773248521081e+00
1.611539878089599753e+01,2.500000000000000000e-01,2.800000000000000000e+01,2.801165464147213413e+01,2.398866415395971785e+00,2.549999999999999822e+00,2.801165464147213413e+01,2.398866415395971785e+00,2.800125116385923363e+01,2.546242660457856744e+00
1.636539878089599753e+01,2.500000000000000000e-01,2.800000000000000000e+01,2.801192263718742481e+01,2.397739959807354548e+00,2.549999999999999822e+00,2.801192263718742481e+01,2.397739959807354548e+00,2.800128960400678579e+01,2.546185574853431444e+00
1.661539878089599753e+01,2.500000000000000000e-01,2.800000000000000000e+01,2.801219256118362111e+01,2.396622684578105122e+00,2.549999999999999822e+00,2.801219256118362111e+01,2.396622684578105122e+00,2.800132861024215458e+01,2.546128516212353254e+00
1.686539878089599753e+01,2.500000000000000000e-01,2.800000000000000000e+01,2.801246439711614045e+01,2.395514382889921912e+00,2.549999999999999822e+00,2.801246439711614045e+01,2.395514382889921912e+00,2.800136818200246935e+01,2.546071484316793310e+00
1.711539878089599753e+01,2.500000000000000000e-01,2.800000000000000000e+01,2.801273812900781834e+01,2.394414855564418687e+00,2.549999999999999822e+00,2.801273812900781834e+01,2.394414855564418687e+00,2.800140831872959168e+01,2.546014478953789961e+00
1.736539878089599753e+01,2.500000000000000000e-01,2.800000000000000000e+01,2.801301374123540100e+01,2.393323910673842203e+00,2.549999999999999822e+00,2.801301374123540100e+01,2.393323910673842203e+00,2.800144901987000878e+01,2.545957499915076472e+00
1.761539878089599753e+01,2.500000000000000000e-01,2.800000000000000000e+01,2.801329121851675907e+01,2.392241363176930591e+00,2.549999999999999822e+00,2.801329121851675907e+01,2.392241363176930591e+00,2.800149028487475533e+01,2.545900546996907821e+00
1.786539878089599753e+01,2.500000000000000000e-01,2.800000000000000000e+01,2.801357054589870188e+01,2.391167034577945660e+00,2.549999999999999822e+00,2.801357054589870188e+01,2.391167034577945660e+00,2.800153211319928559e+01,2.545843619999901719e+00
1.811539878089599753e+01,2.500000000000000000e-01,2.800000000000000000e+01,2.801385170874541686e+01,2.390100752607118739e+00,2.549999999999999822e+00,2.801385170874541686e+01,2.390100752607118739e+00,2.800157450430338102e+01,2.545786718728883624e+00
1.836539878089599753e+01,2.500000000000000000e-01,2.800000000000000000e+01,2.801413469272745616e+01,2.389042350920867808e+00,2.549999999999999822e+00,2.801413469272745616e+01,2.389042350920867808e+00,2.800161745765109345e+01,2.545729842992742409e+00
1.861539878089599753e+01,2.500000000000000000e-01,2.800000000000000000e+01,2.801441948381125968e+01,2.387991668820327096e+00,2.549999999999999822e+00,2.801441948381125968e+01,2.387991668820327096e+00,2.800166097271060650e+01,2.545672992604290918e+00
1.886539878089599753e+01,2.500000000000000000e-01,2.800000000000000000e+01,2.801470606824916487e+01,2.386948550986827122e+00,2.549999999999999822e+00,2.801470606824916487e+01,2.386948550986827122e+00,2.800170504895419654e+01,2.545616167380133188e+00
1.911539878089599753e+01,2.500000000000000000e-01,2.800000000000000000e+01,2.801499443256988542e+01,2.385912847233104372e+00,2.549999999999999822e+00,2.801499443256988542e+01,2.385912847233104372e+00,2.800174968585811186e+01,2.545559367140538765e+00
1.936539878089599753e+01,2.500000000000000000e-01,2.800000000000000000e+01,2.801528456356943053e+01,2.384884412269111742e+00,2.549999999999999822e+00,2.801528456356943053e+01,2.384884412269111742e+00,2.800179488290252294e+01,2.545502591709323248e+00
1.961539878089599753e+01,2.500000000000000000e-01,2.800000000000000000e+01,2.801557644830242921e+01,2.383863105481384803e+00,2.549999999999999822e+00,2.801557644830242921e+01,2.383863105481384803e+00,2.800184063957141589e+01,2.545445840913731939e+00
1.986539878089599753e+01,2.500000000000000000e-01,2.800000000000000000e+01,2.801587007407384178e+01,2.382848790725034416e+00,2.549999999999999822e+00,2.801587007407384178e+01,2.382848790725034416e+00,2.800188695535256400e+01,2.545389114584331036e+00
2.011539878089599753e+01,2.500000000000000000e-01,2.800000000000000000e+01,2.801616542843105861e+01,2.381841336127477948e+00,2.549999999999999822e+00,2.801616542843105861e+01,2.381841336127477948e+00,2.800193382973740341e+01,2.545332412554903279e+00
2.036539878089599753e+01,2.500000000000000000e-01,2.800000000000000000e+01,2.801646249915630449e+01,2.380840613903118186e+00,2.549999999999999822e+00,2.801646249915630449e+01,2.380840613903118186e+00,2.800198126222098693e+01,2.545275734662345357e+00
2.061539878089599753e+01,2.500000000000000000e-01,2.800000000000000000e+01,2.801676127425943008e+01,2.379846500178229185e+00,2.549999999999999822e+00,2.801676127425943008e+01,2.379846500178229185e+00,2.800202925230192363e+01,2.545219080746574658e+00
2.086539878089599753e+01,2.500000000000000000e-01,2.800000000000000000e+01,2.801706174197093446e+01,2.378858874825376279e+00,2.549999999999999822e+00,2.801706174197093446e+01,2.378858874825376279e+00,2.800207779948231135e+01,2.545162450650436448e+00
2.111539878089599753e+01,2.500000000000000000e-01,2.800000000000000000e+01,2.801736389073534994e+01,2.377877621306731193e+00,2.549999999999999822e+00,2.801736389073534994e+01,2.377877621306731193e+00,2.800212690326764786e+01,2.545105844219615054e+00
2.136539878089599753e+01,2.500000000000000000e-01,2.800000000000000000e+01,2.801766770920486849e+01,2.376902626525718709e+00,2.549999999999999822e+00,2.801766770920486849e+01,2.376902626525718709e+00,2.800217656316679182e+01,2.545049261302549937e+00
2.161539878089599753e+01,2.500000000000000000e-01,2.800000000000000000e+01,2.801797318623322752e+01,2.375933780686451335e+00,2.549999999999999822e+00,2.801797318623322752e+01,2.375933780686451335e+00,2.800222677869192367e+01,2.544992701750356634e+00
2.186539878089599753e+01,2.500000000000000000e-01,2.800000000000000000e+01,2.801828031086986215e+01,2.374970977160459906e+00,2.549999999999999822e+00,2.801828031086986215e+01,2.374970977160459906e+00,2.800227754935842128e+01,2.544936165416744611e+00
2.211539878089599753e+01,2.500000000000000000e-01,2.800000000000000000e+01,2.801858907235427765e+01,2.374014112360265383e+00,2.549999999999999822e+00,2.801858907235427765e+01,2.374014112360265383e+00,2.800232887468488485e+01,2.544879652157949312e+00
2.236539878089599753e+01,2.500000000000000000e-01,2.800000000000000000e+01,2.801889946011065291e+01,2.373063085619362855e+00,2.549999999999999822e+00,2.801889946011065291e+01,2.373063085619362855e+00,2.800238075419300898e+01,2.544823161832653557e+00
2.261539878089599753e+01,2.500000000000000000e-01,2.800000000000000000e+01,2.801921146374265703e+01,2.372117799078226508e+00,2.549999999999999822e+00,2.801921146374265703e+01,2.372117799078226508e+00,2.800243318740758980e+01,2.544766694301923593e+00
2.286539878089599753e+01,2.500000000000000000e-01,2.800000000000000000e+01,2.801952507302844708e+01,2.371178157575974943e+00,2.549999999999999822e+00,2.801952507302844708e+01,2.371178157575974943e+00,2.800248617385642191e+01,2.544710249429142923e+00
2.311539878089599753e+01,2.500000000000000000e-01,2.800000000000000000e+01,2.801984027791590393e+01,2.370244068547347815e+00,2.549999999999999822e+00,2.801984027791590393e+01,2.370244068547347815e+00,2.800253971307029133e+01,2.544653827079947028e+00
2.336539878089599753e+01,2.500000000000000000e-01,2.800000000000000000e+01,2.802015706851799237e+01,2.369315441924688681e+00,2.549999999999999822e+00,2.802015706851799237e+01,2.369315441924688681e+00,2.800259380458289371e+01,2.544597427122159417e+00
2.361539878089599753e+01,2.500000000000000000e-01,2.800000000000000711e+01,2.802047543510833449e+01,2.368392190044632528e+00,2.549999999999999822e+00,2.802047543510833449e+01,2.368392190044632528e+00,2.800264844793080954e+01,2.544541049425742330e+00
2.386539878089599753e+01,2.500000000000000000e-01,2.800000000000000711e+01,2.802079536811693927e+01,2.367474227559230204e+00,2.549999999999999822e+00,2.802079536811693927e+01,2.367474227559230204e+00,2.800270364265342238e+01,2.544484693862727909e+00
2.411539878089599753e+01,2.500000000000000000e-01,2.800000000000000711e+01,2.802111685812608144e+01,2.366561471351249946e+00,2.549999999999999822e+00,2.802111685812608144e+01,2.366561471351249946e+00,2.800275938829293310e+01,2.544428360307175119e+00
2.436539878089599753e+01,2.500000000000000000e-01,2.800000000000001066e+01,2.802143989586633666e+01,2.365653840453422863e+00,2.549999999999999822e+00,2.802143989586633666e+01,2.365653840453422863e+00,2.800281568439427460e+01,2.544372048635106687e+00
2.461539878089599753e+01,2.500000000000000000e-01,2.800000000000001776e+01,2.802176447221275879e+01,2.364751255971406785e+00,2.549999999999999822e+00,2.802176447221275879e+01,2.364751255971406785e+00,2.800287253050504788e+01,2.544315758724467358e+00
2.486539878089599753e+01,2.500000000000000000e-01,2.800000000000002132e+01,2.802209057818119220e+01,2.363853641010263296e+00,2.549999999999999822e+00,2.802209057818119220e+01,2.363853641010263296e+00,2.800292992617553978e+01,2.544259490455068828e+00
2.511539878089599753e+01,2.500000000000000000e-01,2.800000000000002487e+01,2.802241820492471902e+01,2.362960920604255222e+00,2.549999999999999822e+00,2.802241820492471902e+01,2.362960920604255222e+00,2.800298787095863418e+01,2.544203243708547557e+00
2.536539878089599753e+01,2.500000000000000000e-01,2.800000000000003553e+01,2.802274734373021658e+01,2.362073021649777615e+00,2.549999999999999822e+00,2.802274734373021658e+01,2.362073021649777615e+00,2.800304636440979067e+01,2.544147018368314583e+00
2.561539878089599753e+01,2.500000000000000000e-01,2.800000000000004619e+01,2.802307798601506406e+01,2.361189872841261028e+00,2.549999999999999822e+00,2.802307798601506406e+01,2.361189872841261028e+00,2.800310540608701615e+01,2.544090814319512894e+00
2.586539878089599753e+01,2.500000000000000000e-01,2.800000000000005684e+01,2.802341012332391301e+01,2.360311404609881869e+00,2.549999999999999822e+00,2.802341012332391301e+01,2.360311404609881869e+00,2.800316499555079020e+01,2.544034631448978789e+00
2.611539878089599753e+01,2.500000000000000000e-01,2.800000000000007461e+01,2.802374374732562856e+01,2.359437549064930195e+00,2.549999999999999822e+00,2.802374374732562856e+01,2.359437549064930195e+00,2.800322513236407573e+01,2.543978469645195251e+00
2.636539878089599753e+01,2.500000000000000000e-01,2.800000000000009237e+01,2.802407884981027664e+01,2.358568239937703037e+00,2.549999999999999822e+00,2.802407884981027664e+01,2.358568239937703037e+00,2.800328581609226930e+01,2.543922328798257304e+00
2.661539878089599753e+01,2.500000000000000000e-01,2.800000000000011724e+01,2.802441542268624630e+01,2.357703412527781150e+00,2.549999999999999822e+00,2.802441542268624630e+01,2.357703412527781150e+00,2.800334704630310867e+01,2.543866208799829831e+00
2.686539878089599753e+01,2.500000000000000000e-01,2.800000000000014921e+01,2.802475345797746797e+01,2.356843003651576396e+00,2.549999999999999822e+00,2.802475345797746797e+01,2.356843003651576396e+00,2.800340882256672970e+01,2.543810109543112929e+00
2.711539878089599753e+01,2.500000000000000000e-01,2.800000000000018829e+01,2.802509294782069205e+01,2.355986951593026291e+00,2.549999999999999822e+00,2.802509294782069205e+01,2.355986951593026291e+00,2.800347114445557750e+01,2.543754030922804610e+00
2.736539878089599753e+01,2.500000000000000000e-01,2.800000000000023803e+01,2.802543388446288120e+01,2.355135196056329594e+00,2.549999999999999822e+00,2.802543388446288120e+01,2.355135196056329594e+00,2.800353401154439936e+01,2.543697972835069709e+00
2.761539878089599753e+01,2.500000000000000000e-01,2.800000000000029488e+01,2.802577626025869861e+01,2.354287678120624339e+00,2.549999999999999822e+00,2.802577626025869861e+01,2.354287678120624339e+00,2.800359742341017011e+01,2.543641935177498592e+00
2.786539878089599753e+01,2.500000000000000000e-01,2.800000000000036593e+01,2.802612006766802466e+01,2.353444340196503948e+00,2.549999999999999822e+00,2.802612006766802466e+01,2.353444340196503948e+00,2.800366137963212765e+01,2.543585917849084943e+00
2.811539878089599753e+01,2.500000000000000000e-01,2.800000000000045475e+01,2.802646529925362273e+01,2.352605125984290169e+00,2.549999999999999822e+00,2.802646529925362273e+01,2.352605125984290169e+00,2.800372587979164507e+01,2.543529920750185358e+00
2.836539878089599753e+01,2.500000000000000000e-01,2.800000000000056133e+01,2.802681194767881223e+01,2.351769980433966456e+00,2.549999999999999822e+00,2.802681194767881223e+01,2.351769980433966456e+00,2.800379092347233723e+01,2.543473943782493141e+00
2.861539878089599753e+01,2.500000000000000000e-01,2.800000000000069278e+01,2.802716000570525168e+01,2.350938849706704303e+00,2.549999999999999822e+00,2.802716000570525168e+01,2.350938849706704303e+00,2.800385651025990796e+01,2.543417986849010326e+00
2.886539878089599753e+01,2.500000000000000000e-01,2.800000000000084910e+01,2.802750946619078576e+01,2.350111681137892816e+00,2.549999999999999822e+00,2.802750946619078576e+01,2.350111681137892816e+00,2.800392263974217499e+01,2.543362049854014817e+00
2.911539878089599753e+01,2.500000000000000000e-01,2.800000000000103739e+01,2.802786032208733857e+01,2.349288423201609799e+00,2.549999999999999822e+00,2.802786032208733857e+01,2.349288423201609799e+00,2.800398931150903437e+01,2.543306132703035516e+00
2.936539878089599753e+01,2.500000000000000000e-01,2.800000000000126121e+01,2.802821256643889924e+01,2.348469025476462857e+00,2.549999999999999822e+00,2.802821256643889924e+01,2.348469025476462857e+00,2.800405652515245691e+01,2.543250235302824347e+00
2.961539878089599753e+01,2.500000000000000000e-01,2.800000000000153122e+01,2.802856619237954305e+01,2.347653438612735677e+00,2.549999999999999822e+00,2.802856619237954305e+01,2.347653438612735677e+00,2.800412428026640654e+01,2.543194357561330943e+00
2.986539878089599753e+01,2.500000000000000000e-01,2.800000000000185452e+01,2.802892119313152364e+01,2.346841614300779977e+00,2.549999999999999822e+00,2.802892119313152364e+01,2.346841614300779977e+00,2.800419257644687221e+01,2.543138499387675999e+00
3.011539878089599753e+01,2.500000000000000000e-01,2.800000000000223821e+01,2.802927756200341491e+01,2.346033505240596284e+00,2.549999999999999822e+00,2.802927756200341491e+01,2.346033505240596284e+00,2.800426141329180751e+01,2.543082660692127295e+00
3.036539878089599753e+01,2.500000000000000000e-01,2.800000000000269651e+01,2.802963529238831342e+01,2.345229065112551137e+00,2.549999999999999822e+00,2.802963529238831342e+01,2.345229065112551137e+00,2.800433079040110940e+01,2.543026841386077486e+00
3.061539878089599753e+01,2.500000000000000000e-01,2.800000000000323297e+01,2.802999437776209746e+01,2.344428248549171645e+00,2.549999999999999822e+00,2.802999437776209746e+01,2.344428248549171645e+00,2.800440070737661813e+01,2.542971041382018349e+00
3.086539878089599753e+01,2.500000000000000000e-01,2.800000000000386891e+01,2.803035481168170762e+01,2.343631011107978779e+00,2.549999999999999822e+00,2.803035481168170762e+01,2.343631011107978779e+00,2.800447116382204982e+01,2.542915260593519022e+00
3.111539878089599753e+01,2.500000000000000000e-01,2.800000000000461853e+01,2.803071658778352315e+01,2.342837309245311417e+00,2.549999999999999822e+00,2.803071658778352315e+01,2.342837309245311417e+00,2.800454215934302127e+01,2.542859498935205576e+00
3.136539878089599753e+01,2.500000000000000000e-01,2.800000000000549960e+01,2.803107969978173841e+01,2.342047100291088313e+00,2.549999999999999822e+00,2.803107969978173841e+01,2.342047100291088313e+00,2.800461369354697538e+01,2.542803756322737030e+00
3.161539878089599753e+01,2.500000000000000000e-01,2.800000000000652634e+01,2.803144414146681029e+01,2.341260342424478669e+00,2.549999999999999822e+00,2.803144414146681029e+01,2.341260342424478669e+00,2.800468576604322735e+01,2.542748032672787595e+00
3.186539878089599753e+01,2.500000000000000000e-01,2.800000000000773070e+01,2.803180990670395190e+01,2.340476994650435127e+00,2.549999999999999822e+00,2.803180990670395190e+01,2.340476994650435127e+00,2.800475837644285804e+01,2.542692327903024907e+00
3.211539878089600109e+01,2.500000000000035527e-01,2.800000000000913403e+01,2.803217698943164038e+01,2.339697016777056771e+00,2.549999999999999822e+00,2.803217698943164038e+01,2.339697016777056771e+00,2.800483152435876733e+01,2.542636641932090047e+00
3.236539878089600109e+01,2.500000000000000000e-01,2.800000000001076117e+01,2.803254538366020299e+01,2.338920369393737264e+00,2.550000000000000266e+00,2.803254538366020299e+01,2.338920369393737264e+00,2.800490520940560302e+01,2.542580974679580663e+00
3.261539878089600109e+01,2.500000000000000000e-01,2.800000000001265121e+01,2.803291508347040661e+01,2.338147013850078615e+00,2.549999999999999822e+00,2.803291508347040661e+01,2.338147013850078615e+00,2.800497943119977151e+01,2.542525326066029212e+00
3.286539878089600109e+01,2.500000000000000000e-01,2.800000000001483969e+01,2.803328608301211489e+01,2.337376912235526571e+00,2.550000000000000266e+00,2.803328608301211489e+01,2.337376912235526571e+00,2.800505418935938806e+01,2.542469696012889191e+00
3.311539878089600109e+01,2.500000000000000000e-01,2.800000000001736922e+01,2.803365837650295944e+01,2.336610027359701913e+00,2.549999999999999822e+00,2.803365837650295944e+01,2.336610027359701913e+00,2.800512948350430165e+01,2.542414084442512934e+00
3.336539878089600109e+01,2.500000000000000000e-01,2.800000000002028244e+01,2.803403195822705030e+01,2.335846322733403646e+00,2.550000000000000266e+00,2.803403195822705030e+01,2.335846322733403646e+00,2.800520531325599904e+01,2.542358491278138288e+00
3.361539878089600109e+01,2.500000000000000000e-01,2.800000000002363265e+01,2.803440682253373595e+01,2.335085762550242805e+00,2.550000000000000266e+00,2.803440682253373595e+01,2.335085762550242805e+00,2.800528167823769010e+01,2.542302916443871297e+00
3.386539878089600109e+01,2.500000000000000000e-01,2.800000000002748024e+01,2.803478296383637769e+01,2.334328311668899314e+00,2.550000000000000266e+00,2.803478296383637769e+01,2.334328311668899314e+00,2.800535857807419404e+01,2.542247359864666212e+00
3.411539878089600109e+01,2.500000000000000000e-01,2.800000000003188561e+01,2.803516037661115945e+01,2.333573935595961935e+00,2.549999999999999822e+00,2.803516037661115945e+01,2.333573935595961935e+00,2.800543601239195723e+01,2.542191821466317059e+00
3.436539878089600109e+01,2.500000000000000000e-01,2.800000000003692335e+01,2.803553905539593316e+01,2.332822600469334873e+00,2.550000000000000266e+00,2.803553905539593316e+01,2.332822600469334873e+00,2.800551398081907095e+01,2.542136301175434987e+00
3.461539878089600109e+01,2.500000000000000000e-01,2.800000000004267520e+01,2.803591899478909610e+01,2.332074273042183954e+00,2.549999999999999822e+00,2.803591899478909610e+01,2.332074273042183954e+00,2.800559248298516835e+01,2.542080798919437168e+00
3.486539878089600109e+01,2.500000000000000000e-01,2.800000000004922285e+01,2.803630018944848246e+01,2.331328920667409044e+00,2.550000000000000266e+00,2.803630018944848246e+01,2.331328920667409044e+00,2.800567151852150971e+01,2.542025314626533028e+00
3.511539878089600109e+01,2.500000000000000000e-01,2.800000000005667289e+01,2.803668263409030104e+01,2.330586511282612960e+00,2.549999999999999822e+00,2.803668263409030104e+01,2.330586511282612960e+00,2.800575108706086169e+01,2.541969848225706041e+00
3.536539878089600109e+01,2.500000000000000000e-01,2.800000000006512479e+01,2.803706632348808725e+01,2.329847013395550004e+00,2.550000000000000266e+00,2.803706632348808725e+01,2.329847013395550004e+00,2.800583118823757189e+01,2.541914399646704403e+00
3.561539878089600109e+01,2.500000000000000000e-01,2.800000000007470291e+01,2.803745125247168701e+01,2.329110396070042555e+00,2.549999999999999822e+00,2.803745125247168701e+01,2.329110396070042555e+00,2.800591182168749427e+01,2.541858968820023712e+00
3.586539878089600109e+01,2.500000000000000000e-01,2.800000000008553513e+01,2.803783741592625844e+01,2.328376628912333768e+00,2.550000000000000266e+00,2.803783741592625844e+01,2.328376628912333768e+00,2.800599298704799622e+01,2.541803555676896309e+00
3.611539878089600109e+01,2.500000000000000000e-01,2.800000000009777068e+01,2.803822480879130552e+01,2.327645682057874588e+00,2.549999999999999822e+00,2.803822480879130552e+01,2.327645682057874588e+00,2.800607468395792665e+01,2.541748160149277957e+00
3.636539878089600109e+01,2.500000000000000000e-01,2.800000000011156231e+01,2.803861342605973661e+01,2.326917526158517546e+00,2.550000000000000266e+00,2.803861342605973661e+01,2.326917526158517546e+00,2.800615691205761237e+01,2.541692782169834519e+00
3.661539878089600109e+01,2.500000000000000000e-01,2.800000000012708412e+01,2.803900326277693367e+01,2.326192132370109800e+00,2.550000000000000266e+00,2.803900326277693367e+01,2.326192132370109800e+00,2.800623967098886524e+01,2.541637421671929964e+00
3.686539878089600109e+01,2.500000000000000000e-01,2.800000000014453150e+01,2.803939431403986404e+01,2.325469472340461863e+00,2.550000000000000266e+00,2.803939431403986404e+01,2.325469472340461863e+00,2.800632296039490399e+01,2.541582078589615268e+00
3.711539878089600109e+01,2.500000000000000000e-01,2.800000000016410695e+01,2.803978657499618521e+01,2.324749518197687603e+00,2.550000000000000266e+00,2.803978657499618521e+01,2.324749518197687603e+00,2.800640677992039684e+01,2.541526752857615534e+00
3.736539878089600109e+01,2.500000000000000000e-01,2.800000000018603785e+01,2.804018004084339921e+01,2.324032242538895510e+00,2.550000000000000266e+00,2.804018004084339921e+01,2.324032242538895510e+00,2.800649112921142248e+01,2.541471444411318448e+00
3.761539878089600109e+01,2.500000000000000000e-01,2.800000000021057645e+01,2.804057470682800712e+01,2.323317618419217911e+00,2.549999999999999822e+00,2.804057470682800712e+01,2.323317618419217911e+00,2.800657600791546997e+01,2.541416153186765836e+00
3.786539878089600109e+01,2.500000000000000000e-01,2.800000000023798563e+01,2.804097056824470258e+01,2.322605619341171934e+00,2.550000000000000266e+00,2.804097056824470258e+01,2.322605619341171934e+00,2.800666141568140688e+01,2.541360879120639016e+00
3.811539878089600109e+01,2.500000000000000000e-01,2.800000000026856384e+01,2.804136762043555109e+01,2.321896219244333093e+00,2.549999999999999822e+00,2.804136762043555109e+01,2.321896219244333093e+00,2.800674735215947564e+01,2.541305622150250354e+00
3.836539878089600109e+01,2.500000000000000000e-01,2.800000000030262726e+01,2.804176585878922978e+01,2.321189392495313086e+00,2.550000000000000266e+00,2.804176585878922978e+01,2.321189392495313086e+00,2.800683381700126873e+01,2.541250382213532610e+00
3.861539878089600109e+01,2.500000000000000000e-01,2.800000000034052050e+01,2.804216527874025289e+01,2.320485113878032912e+00,2.550000000000000266e+00,2.804216527874025289e+01,2.320485113878032912e+00,2.800692080985972865e+01,2.541195159249030500e+00
3.886539878089600109e+01,2.500000000000000000e-01,2.800000000038261661e+01,2.804256587576822923e+01,2.319783358584278865e+00,2.550000000000000266e+00,2.804256587576822923e+01,2.319783358584278865e+00,2.800700833038913018e+01,2.541139953195885148e+00
3.911539878089600109e+01,2.500000000000000000e-01,2.800000000042932768e+01,2.804296764539713394e+01,2.319084102204528097e+00,2.550000000000000266e+00,2.804296764539713394e+01,2.319084102204528097e+00,2.800709637824507681e+01,2.541084763993830986e+00
3.936539878089600109e+01,2.500000000000000000e-01,2.800000000048108362e+01,2.804337058319459075e+01,2.318387320719044631e+00,2.550000000000000266e+00,2.804337058319459075e+01,2.318387320719044631e+00,2.800718495308447942e+01,2.541029591583184200e+00
3.961539878089600109e+01,2.500000000000000000e-01,2.800000000053836402e+01,2.804377468477118285e+01,2.317692990489221394e+00,2.549999999999999822e+00,2.804377468477118285e+01,2.317692990489221394e+00,2.800727405456550656e+01,2.540974435904830742e+00
3.986539878089600109e+01,2.500000000000000000e-01,2.800000000060167338e+01,2.804417994577976003e+01,2.317001088249171836e+00,2.550000000000000266e+00,2.804417994577976003e+01,2.317001088249171836e+00,2.800736368234764484e+01,2.540919296900221891e+00
4.011539878089600109e+01,2.500000000000000000e-01,2.800000000067156591e+01,2.804458636191478860e+01,2.316311591097562239e+00,2.549999999999999822e+00,2.804458636191478860e+01,2.316311591097562239e+00,2.800745383609163497e+01,2.540864174511359153e+00
4.036539878089600109e+01,2.500000000000000000e-01,2.800000000074863493e+01,2.804499392891168341e+01,2.315624476489663852e+00,2.550000000000000266e+00,2.804499392891168341e+01,2.315624476489663852e+00,2.800754451545948243e+01,2.540809068680792926e+00
4.061539878089600109e+01,2.500000000000000000e-01,2.800000000083351637e+01,2.804540264254618620e+01,2.314939722229634178e+00,2.549999999999999822e+00,2.804540264254618620e+01,2.314939722229634178e+00,2.800763572011442548e+01,2.540753979351609182e+00
4.086539878089600109e+01,2.500000000000000000e-01,2.800000000092688879e+01,2.804581249863372605e+01,2.314257306463008312e+00,2.550000000000000266e+00,2.804581249863372605e+01,2.314257306463008312e+00,2.800772744972092454e+01,2.540698906467422802e+00
4.111539878089600109e+01,2.500000000000000000e-01,2.800000000102949116e+01,2.804622349302881545e+01,2.313577207669398117e+00,2.550000000000000266e+00,2.804622349302881545e+01,2.313577207669398117e+00,2.800781970394469411e+01,2.540643849972367807e+00
4.136539878089600109e+01,2.500000000000000000e-01,2.800000000114211218e+01,2.804663562162445700e+01,2.312899404655386792e+00,2.550000000000000266e+00,2.804663562162445700e+01,2.312899404655386792e+00,2.800791248245263176e+01,2.540588809811092474e+00
4.161539878089600109e+01,2.500000000000000000e-01,2.800000000126559030e+01,2.804704888035155363e+01,2.312223876547624180e+00,2.549999999999999822e+00,2.804704888035155363e+01,2.312223876547624180e+00,2.800800578491285719e+01,2.540533785928749566e+00
4.186539878089600109e+01,2.500000000000000000e-01,2.800000000140082790e+01,2.804746326517834021e+01,2.311550602786101472e+00,2.550000000000000266e+00,2.804746326517834021e+01,2.311550602786101472e+00,2.800809961099463763e+01,2.540478778270988336e+00
4.211539878089600109e+01,2.500000000000000000e-01,2.800000000154879132e+01,2.804787877210981861e+01,2.310879563117608892e+00,2.550000000000000266e+00,2.804787877210981861e+01,2.310879563117608892e+00,2.800819396036845532e+01,2.540423786783948312e+00
4.236539878089600109e+01,2.500000000000000000e-01,2.800000000171051084e+01,2.804829539718721065e+01,2.310210737589370122e+00,2.550000000000000266e+00,2.804829539718721065e+01,2.310210737589370122e+00,2.800828883270594361e+01,2.540368811414249972e+00
4.261539878089600109e+01,2.500000000000000000e-01,2.800000000188708427e+01,2.804871313648741804e+01,2.309544106542840147e+00,2.549999999999999822e+00,2.804871313648741804e+01,2.309544106542840147e+00,2.800838422767989400e+01,2.540313852108992521e+00
4.286539878089600109e+01,2.500000000000000000e-01,2.800000000207968398e+01,2.804913198612251080e+01,2.308879650607673639e+00,2.550000000000000266e+00,2.804913198612251080e+01,2.308879650607673639e+00,2.800848014496422778e+01,2.540258908815740124e+00
4.311539878089600109e+01,2.500000000000000000e-01,2.800000000228956054e+01,2.804955194223918724e+01,2.308217350695844328e+00,2.550000000000000266e+00,2.804955194223918724e+01,2.308217350695844328e+00,2.800857658423403862e+01,2.540203981482519691e+00
4.336539878089600109e+01,2.500000000000000000e-01,2.800000000251803911e+01,2.804997300101828728e+01,2.307557187995924242e+00,2.550000000000000266e+00,2.804997300101828728e+01,2.307557187995924242e+00,2.800867354516548602e+01,2.540149070057812875e+00
4.361539878089600109e+01,2.500000000000000000e-01,2.800000000276653012e+01,2.805039515867429856e+01,2.306899143967505950e+00,2.550000000000000266e+00,2.805039515867429856e+01,2.306899143967505950e+00,2.800877102743589830e+01,2.540094174490550749e+00
4.386539878089600109e+01,2.500000000000000000e-01,2.800000000303654346e+01,2.805081841145485200e+01,2.306243200335770460e+00,2.550000000000000266e+00,2.805081841145485200e+01,2.306243200335770460e+00,2.800886903072369094e+01,2.540039294730104924e+00
4.411539878089600109e+01,2.500000000000000000e-01,2.800000000332967076e+01,2.805124275564027414e+01,2.305589339086196787e+00,2.550000000000000266e+00,2.805124275564027414e+01,2.305589339086196787e+00,2.800896755470836652e+01,2.539984430726280440e+00
4.436539878089600109e+01,2.500000000000000000e-01,2.800000000364760311e+01,2.805166818754310398e+01,2.304937542459400301e+00,2.550000000000000266e+00,2.805166818754310398e+01,2.304937542459400301e+00,2.800906659907051832e+01,2.539929582429315769e+00
4.461539878089600109e+01,2.500000000000000000e-01,2.800000000399213107e+01,2.805209470350762757e+01,2.304287792946109636e+00,2.549999999999999822e+00,2.805209470350762757e+01,2.304287792946109636e+00,2.800916616349181254e+01,2.539874749789869934e+00
4.486539878089600109e+01,2.500000000000000000e-01,2.800000000436515535e+01,2.805252229990946589e+01,2.303640073282261724e+00,2.550000000000000266e+00,2.805252229990946589e+01,2.303640073282261724e+00,2.800926624765499184e+01,2.539819932759019849e+00
4.511539878089600109e+01,2.500000000000000000e-01,2.800000000476869388e+01,2.805295097315509167e+01,2.302994366444226504e+00,2.549999999999999822e+00,2.805295097315509167e+01,2.302994366444226504e+00,2.800936685124385761e+01,2.539765131288254540e+00
4.536539878089600109e+01,2.500000000000000000e-01,2.800000000520486765e+01,2.805338071968143865e+01,2.302350655644146649e+00,2.550000000000000266e+00,2.805338071968143865e+01,2.302350655644146649e+00,2.800946797394324861e+01,2.539710345329466268e+00
4.561539878089600109e+01,2.500000000000000000e-01,2.800000000567592551e+01,2.805381153595544674e+01,2.301708924325395866e+00,2.549999999999999822e+00,2.805381153595544674e+01,2.301708924325395866e+00,2.800956961543903745e+01,2.539655574834951857e+00
4.586539878089600109e+01,2.500000000000000000e-01,2.800000000618424423e+01,2.805424341847367842e+01,2.301069156158144668e+00,2.550000000000000266e+00,2.805424341847367842e+01,2.301069156158144668e+00,2.800967177541815190e+01,2.539600819757398042e+00
4.611539878089600109e+01,2.500000000000000000e-01,2.800000000673233203e+01,2.805467636376188523e+01,2.300431335035038938e+00,2.549999999999999822e+00,2.805467636376188523e+01,2.300431335035038938e+00,2.800977445356853934e+01,2.539546080049884580e+00
4.636539878089600109e+01,2.500000000000000000e-01,2.800000000732283212e+01,2.805511036837463124e+01,2.299795445066981969e+00,2.550000000000000266e+00,2.805511036837463124e+01,2.299795445066981969e+00,2.800987764957913129e+01,2.539491355665872252e+00
4.661539878089600109e+01,2.500000000000000000e-01,2.800000000795852984e+01,2.805554542889489156e+01,2.299161470579019984e+00,2.550000000000000266e+00,2.805554542889489156e+01,2.299161470579019984e+00,2.800998136313990017e+01,2.539436646559202426e+00
4.686539878089600109e+01,2.500000000000000000e-01,2.800000000864236327e+01,2.805598154193367577e+01,2.298529396106322675e+00,2.550000000000000266e+00,2.805598154193367577e+01,2.298529396106322675e+00,2.801008559394179187e+01,2.539381952684088173e+00
4.711539878089600109e+01,2.500000000000000000e-01,2.800000000937742684e+01,2.805641870412963712e+01,2.297899206390267235e+00,2.549999999999999822e+00,2.805641870412963712e+01,2.297899206390267235e+00,2.801019034167676480e+01,2.539327273995115597e+00
4.736539878089600109e+01,2.500000000000000000e-01,2.800000001016696771e+01,2.805685691214872080e+01,2.297270886374609411e+00,2.550000000000000266e+00,2.805685691214872080e+01,2.297270886374609411e+00,2.801029560603773660e+01,2.539272610447228740e+00
4.761539878089600109e+01,2.500000000000000000e-01,2.800000001101441072e+01,2.805729616268379800e+01,2.296644421201748720e+00,2.549999999999999822e+00,2.805729616268379800e+01,2.296644421201748720e+00,2.801040138671860547e+01,2.539217961995734907e+00
4.786539878089600109e+01,2.500000000000000000e-01,2.800000001192334054e+01,2.805773645245430714e+01,2.296019796209081143e+00,2.550000000000000266e+00,2.805773645245430714e+01,2.296019796209081143e+00,2.801050768341425012e+01,2.539163328596294456e+00
4.811539878089600109e+01,2.500000000000000000e-01,2.800000001289753726e+01,2.805817777820589853e+01,2.295396996925436195e+00,2.549999999999999822e+00,2.805817777820589853e+01,2.295396996925436195e+00,2.801061449582047658e+01,2.539108710204915909e+00
4.836539878089600109e+01,2.500000000000000000e-01,2.800000001394095506e+01,2.805862013671010757e+01,2.294776009067599709e+00,2.550000000000000266e+00,2.805862013671010757e+01,2.294776009067599709e+00,2.801072182363407848e+01,2.539054106777954622e+00
4.861539878089600109e+01,2.500000000000000000e-01,2.800000001505775060e+01,2.805906352476399945e+01,2.294156818536915221e+00,2.550000000000000266e+00,2.805906352476399945e+01,2.294156818536915221e+00,2.801082966655275541e+01,2.538999518272106570e+00
4.886539878089600109e+01,2.500000000000000000e-01,2.800000001625227597e+01,2.805950793918986008e+01,2.293539411415965734e+00,2.550000000000000266e+00,2.805950793918986008e+01,2.293539411415965734e+00,2.801093802427516977e+01,2.538944944644402124e+00
4.911539878089600109e+01,2.500000000000000000e-01,2.800000001752908574e+01,2.805995337683485502e+01,2.292923773965328316e+00,2.549999999999999822e+00,2.805995337683485502e+01,2.292923773965328316e+00,2.801104689650089696e+01,2.538890385852205611e+00
4.936539878089600109e+01,2.500000000000000000e-01,2.800000001889296186e+01,2.806039983457071685e+01,2.292309892620407741e+00,2.550000000000000266e+00,2.806039983457071685e+01,2.292309892620407741e+00,2.801115628293042903e+01,2.538835841853207320e+00
4.961539878089600109e+01,2.500000000000000000e-01,2.800000002034889945e+01,2.806084730929342896e+01,2.291697753988341191e+00,2.550000000000000266e+00,2.806084730929342896e+01,2.291697753988341191e+00,2.801126618326520656e+01,2.538781312605422169e+00
4.986539878089600109e+01,2.500000000000000000e-01,2.800000002190212456e+01,2.806129579792292361e+01,2.291087344844967344e+00,2.550000000000000266e+00,2.806129579792292361e+01,2.291087344844967344e+00,2.801137659720752282e+01,2.538726798067184820e+00
5.011539878089600109e+01,2.500000000000000000e-01,2.800000002355810125e+01,2.806174529740277990e+01,2.290478652131871407e+00,2.549999999999999822e+00,2.806174529740277990e+01,2.290478652131871407e+00,2.801148752446060186e+01,2.538672298197143018e+00
5.036539878089600109e+01,2.500000000000000000e-01,2.800000002532253873e+01,2.806219580469992536e+01,2.289871662953493647e+00,2.550000000000000266e+00,2.806219580469992536e+01,2.289871662953493647e+00,2.801159896472856659e+01,2.538617812954258479e+00
5.061539878089600109e+01,2.500000000000000000e-01,2.800000002720139136e+01,2.806264731680434110e+01,2.289266364574300994e+00,2.549999999999999822e+00,2.806264731680434110e+01,2.289266364574300994e+00,2.801171091771640320e+01,2.538563342297799341e+00
5.086539878089600109e+01,2.500000000000000000e-01,2.800000002920088704e+01,2.806309983072877046e+01,2.288662744416020800e+00,2.550000000000000266e+00,2.806309983072877046e+01,2.288662744416020800e+00,2.801182338313001097e+01,2.538508886187337499e+00
5.111539878089600109e+01,2.500000000000000000e-01,2.800000003132751303e+01,2.806355334350846320e+01,2.288060790054941229e+00,2.549999999999999822e+00,2.806355334350846320e+01,2.288060790054941229e+00,2.801193636067610981e+01,2.538454444582745495e+00
5.136539878089600109e+01,2.500000000000000000e-01,2.800000003358803724e+01,2.806400785220086647e+01,2.287460489219264037e+00,2.550000000000000266e+00,2.806400785220086647e+01,2.287460489219264037e+00,2.801204985006234338e+01,2.538400017444191192e+00
5.161539878089600109e+01,2.500000000000000000e-01,2.800000003598951892e+01,2.806446335388536895e+01,2.286861829786520417e+00,2.549999999999999822e+00,2.806446335388536895e+01,2.286861829786520417e+00,2.801216385099715467e+01,2.538345604732135996e+00
5.186539878089600109e+01,2.500000000000000000e-01,2.800000003853929087e+01,2.806491984566303799e+01,2.286264799781039692e+00,2.550000000000000266e+00,2.806491984566303799e+01,2.286264799781039692e+00,2.801227836318989972e+01,2.538291206407330858e+00
5.211539878089600109e+01,2.500000000000000000e-01,2.800000004124501629e+01,2.806537732465634960e+01,2.285669387371475736e+00,2.549999999999999822e+00,2.806537732465634960e+01,2.285669387371475736e+00,2.801239338635074461e+01,2.538236822430810946e+00
5.236539878089600109e+01,2.500000000000000000e-01,2.800000004411464971e+01,2.806583578800892198e+01,2.285075580868383582e+00,2.550000000000000266e+00,2.806583578800892198e+01,2.285075580868383582e+00,2.801250892019069383e+01,2.538182452763893870e+00
5.261539878089600109e+01,2.500000000000000000e-01,2.800000004715647250e+01,2.806629523288528816e+01,2.284483368721851981e+00,2.550000000000000266e+00,2.806629523288528816e+01,2.284483368721851981e+00,2.801262496442161165e+01,2.538128097368178349e+00
5.286539878089600109e+01,2.500000000000000000e-01,2.800000005037909645e+01,2.806675565647060822e+01,2.283892739519182147e+00,2.550000000000000266e+00,2.806675565647060822e+01,2.283892739519182147e+00,2.801274151875616880e+01,2.538073756205536657e+00
5.311539878089600109e+01,2.500000000000000000e-01,2.800000005379146728e+01,2.806721705597045613e+01,2.283303681982620237e+00,2.550000000000000266e+00,2.806721705597045613e+01,2.283303681982620237e+00,2.801285858290785669e+01,2.538019429238112412e+00
5.336539878089600109e+01,2.500000000000000000e-01,2.800000005740288955e+01,2.806767942861057108e+01,2.282716184967133355e+00,2.550000000000000266e+00,2.806767942861057108e+01,2.282716184967133355e+00,2.801297615659101581e+01,2.537965116428321455e+00
5.361539878089600109e+01,2.500000000000000000e-01,2.800000006122300533e+01,2.806814277163660520e+01,2.282130237458237065e+00,2.549999999999999822e+00,2.806814277163660520e+01,2.282130237458237065e+00,2.801309423952073985e+01,2.537910817738842972e+00
5.386539878089600109e+01,2.500000000000000000e-01,2.800000006526184748e+01,2.806860708231390333e+01,2.281545828569864209e+00,2.550000000000000266e+00,2.806860708231390333e+01,2.281545828569864209e+00,2.801321283141298579e+01,2.537856533132618608e+00
5.411539878089600109e+01,2.500000000000000000e-01,2.800000006952980058e+01,2.806907235792727207e+01,2.280962947542281682e+00,2.550000000000000266e+00,2.806907235792727207e+01,2.280962947542281682e+00,2.801333193198447447e+01,2.537802262572852907e+00
5.436539878089600109e+01,2.500000000000000000e-01,2.800000007403765423e+01,2.806953859578074528e+01,2.280381583740045848e+00,2.550000000000000266e+00,2.806953859578074528e+01,2.280381583740045848e+00,2.801345154095271894e+01,2.537748006023003100e+00
5.461539878089600109e+01,2.500000000000000000e-01,2.800000007879658170e+01,2.807000579319737454e+01,2.279801726650008131e+00,2.550000000000000266e+00,2.807000579319737454e+01,2.279801726650008131e+00,2.801357165803604587e+01,2.537693763446783990e+00
5.486539878089600109e+01,2.500000000000000000e-01,2.800000008381816485e+01,2.807047394751899816e+01,2.279223365879352148e+00,2.550000000000000266e+00,2.807047394751899816e+01,2.279223365879352148e+00,2.801369228295353153e+01,2.537639534808158182e+00
5.511539878089600109e+01,2.500000000000000000e-01,2.800000008911440474e+01,2.807094305610603158e+01,2.278646491153678788e+00,2.550000000000000266e+00,2.807094305610603158e+01,2.278646491153678788e+00,2.801381341542506576e+01,2.537585320071338302e+00
5.536539878089600109e+01,2.500000000000000000e-01,2.800000009469772522e+01,2.807141311633725778e+01,2.278071092315125057e+00,2.550000000000000266e+00,2.807141311633725778e+01,2.278071092315125057e+00,2.801393505517126314e+01,2.537531119200779894e+00
5.561539878089600109e+01,2.500000000000000000e-01,2.800000010058097999e+01,2.807188412560961410e+01,2.277497159320524656e+00,2.549999999999999822e+00,2.807188412560961410e+01,2.277497159320524656e+00,2.801405720191354476e+01,2.537476932161184529e+00
5.586539878089600109e+01,2.500000000000000000e-01,2.800000010677747397e+01,2.807235608133798621e+01,2.276924682239604092e+00,2.550000000000000266e+00,2.807235608133798621e+01,2.276924682239604092e+00,2.801417985537407773e+01,2.537422758917490473e+00
5.611539878089600109e+01,2.500000000000000000e-01,2.800000011330097394e+01,2.807282898095500911e+01,2.276353651253215649e+00,2.549999999999999822e+00,2.807282898095500911e+01,2.276353651253215649e+00,2.801430301527578237e+01,2.537368599434872696e+00
5.636539878089600109e+01,2.500000000000000000e-01,2.800000012016570139e+01,2.807330282191086468e+01,2.275784056651604992e+00,2.550000000000000266e+00,2.807330282191086468e+01,2.275784056651604992e+00,2.801442668134232505e+01,2.537314453678743753e+00
5.661539878089600109e+01,2.500000000000000000e-01,2.800000012738636102e+01,2.807377760167309333e+01,2.275215888832712530e+00,2.550000000000000266e+00,2.807377760167309333e+01,2.275215888832712530e+00,2.801455085329810402e+01,2.537260321614743575e+00
5.686539878089600109e+01,2.500000000000000000e-01,2.800000013497814422e+01,2.807425331772639865e+01,2.274649138300514295e+00,2.550000000000000266e+00,2.807425331772639865e+01,2.274649138300514295e+00,2.801467553086832041e+01,2.537206203208745681e+00
5.711539878089600109e+01,2.500000000000000000e-01,2.800000014295673978e+01,2.807472996757243777e+01,2.274083795663385477e+00,2.549999999999999822e+00,2.807472996757243777e+01,2.274083795663385477e+00,2.801480071377883618e+01,2.537152098426846525e+00
5.736539878089600109e+01,2.500000000000000000e-01,2.800000015133834808e+01,2.807520754872967572e+01,2.273519851632505251e+00,2.550000000000000266e+00,2.807520754872967572e+01,2.273519851632505251e+00,2.801492640175627002e+01,2.537098007235369046e+00
5.761539878089600109e+01,2.500000000000000000e-01,2.800000016013968107e+01,2.807568605873316159e+01,2.272957297020289147e+00,2.549999999999999822e+00,2.807568605873316159e+01,2.272957297020289147e+00,2.801505259452797603e+01,2.537043929600857783e+00
5.786539878089600109e+01,2.500000000000000000e-01,2.800000016937799430e+01,2.807616549513436510e+01,2.272396122738851165e+00,2.550000000000000266e+00,2.807616549513436510e+01,2.272396122738851165e+00,2.801517929182200817e+01,2.536989865490074436e+00
5.811539878089600109e+01,2.500000000000000000e-01,2.800000017907107264e+01,2.807664585550100256e+01,2.271836319798497872e+00,2.550000000000000266e+00,2.807664585550100256e+01,2.271836319798497872e+00,2.801530649336717360e+01,2.536935814869999639e+00
5.836539878089600109e+01,2.500000000000000000e-01,2.800000018923726230e+01,2.807712713741684851e+01,2.271277879306249137e+00,2.550000000000000266e+00,2.807712713741684851e+01,2.271277879306249137e+00,2.801543419889294384e+01,2.536881777707828522e+00
5.861539878089600109e+01,2.500000000000000000e-01,2.800000019989546374e+01,2.807760933848156881e+01,2.270720792464392179e+00,2.549999999999999822e+00,2.807760933848156881e+01,2.270720792464392179e+00,2.801556240812952581e+01,2.536827753970968047e+00
5.886539878089600109e+01,2.500000000000000000e-01,2.800000021106515646e+01,2.807809245631055362e+01,2.270165050569055598e+00,2.550000000000000266e+00,2.807809245631055362e+01,2.270165050569055598e+00,2.801569112080781565e+01,2.536773743627035227e+00
5.911539878089600109e+01,2.500000000000000000e-01,2.800000022276640976e+01,2.807857648853474331e+01,2.269610645008818928e+00,2.550000000000000266e+00,2.807857648853474331e+01,2.269610645008818928e+00,2.801582033665940230e+01,2.536719746643854467e+00
5.936539878089600109e+01,2.500000000000000000e-01,2.800000023501988267e+01,2.807906143280046862e+01,2.269057567263342179e+00,2.550000000000000266e+00,2.807906143280046862e+01,2.269057567263342179e+00,2.801595005541659233e+01,2.536665762989456230e+00
5.961539878089600109e+01,2.500000000000000000e-01,2.800000024784684527e+01,2.807954728676927303e+01,2.268505808902025578e+00,2.550000000000000266e+00,2.807954728676927303e+01,2.268505808902025578e+00,2.801608027681234958e+01,2.536611792632075701e+00
5.986539878089600109e+01,2.500000000000000000e-01,2.800000026126918584e+01,2.808003404811778125e+01,2.267955361582692397e+00,2.550000000000000266e+00,2.808003404811778125e+01,2.267955361582692397e+00,2.801621100058033065e+01,2.536557835540146133e+00
6.000000000000000000e+01,1.346012191039989148e-01,2.800000026875027714e+01,2.808029649777628833e+01,2.267659538123528051e+00,2.550000000000000266e+00,2.808029649777628833e+01,2.267659538123528051e+00,2.801628159085496250e+01,2.536528790261519450e+00
6.000002829770295421e+01,2.829770295420530601e-05,2.800000026875186876e+01,2.808029655298764027e+01,2.267659475971111060e+00,2.550000000000000266e+00,2.808029655298764027e+01,2.267659475971111060e+00,2.801628160571072357e+01,2.536528784155628102e+00
6.000005659540590841e+01,2.829770295420530601e-05,2.800000026875346038e+01,2.808029660820453799e+01,2.267659413818711833e+00,2.550000000000000266e+00,2.808029660820453799e+01,2.267659413818711833e+00,2.801628162056647398e+01,2.536528778049737198e+00
6.000033957243545046e+01,2.829770295420530601e-04,2.800000026876938009e+01,2.808029716056605452e+01,2.267658792296231685e+00,2.550000000000000266e+00,2.808029716056605452e+01,2.267658792296231685e+00,2.801628176912483781e+01,2.536528716990840149e+00
6.000062254946499252e+01,2.829770295420530601e-04,2.800000026878529980e+01,2.808029771307443312e+01,2.267658170775449289e+00,2.550000000000000266e+00,2.808029771307443312e+01,2.267658170775449289e+00,2.801628191768403653e+01,2.536528655931959975e+00
6.000345231976041305e+01,2.829770295420530601e-03,2.800000026894457150e+01,2.808030324406719203e+01,2.267651955713180456e+00,2.550000000000000266e+00,2.808030324406719203e+01,2.267651955713180456e+00,2.801628340334949385e+01,2.536528045344612625e+00
6.000628209005583358e+01,2.829770295420530601e-03,2.800000026910392137e+01,2.808030877970473327e+01,2.267645740815580790e+00,2.550000000000000266e+00,2.808030877970473327e+01,2.267645740815580790e+00,2.801628488909859627e+01,2.536527434758923061e+00
6.001421797160228522e+01,7.935881546451639679e-03,2.800000026955119381e+01,2.808032431979815158e+01,2.267628312400178814e+00,2.550000000000000266e+00,2.808032431979815158e+01,2.267628312400178814e+00,2.801628905618289522e+01,2.536525722424645579e+00
6.002215385314873686e+01,7.935881546451639679e-03,2.800000026999908442e+01,2.808033988063038677e+01,2.267610885255242348e+00,2.550000000000000266e+00,2.808033988063038677e+01,2.267610885255242348e+00,2.801629322391608667e+01,2.536524010103228477e+00
6.003008973469518850e+01,7.935881546451639679e-03,2.800000027044760031e+01,2.808035545804947475e+01,2.267593459411459733e+00,2.550000000000000266e+00,2.808035545804947475e+01,2.267593459411459733e+00,2.801629739231486127e+01,2.536522297795004377e+00
6.004566179233571432e+01,1.557205764052582708e-02,2.800000027132954727e+01,2.808038606523478364e+01,2.267559269623366625e+00,2.550000000000000266e+00,2.808038606523478364e+01,2.267559269623366625e+00,2.801630557363341367e+01,2.536518937883905700e+00
6.006123384997624015e+01,1.557205764052582708e-02,2.800000027221395982e+01,2.808041671677067086e+01,2.267525084896153231e+00,2.550000000000000266e+00,2.808041671677067086e+01,2.267525084896153231e+00,2.801631375754534048e+01,2.536515578024227668e+00
6.007680590761676598e+01,1.557205764052582708e-02,2.800000027310084150e+01,2.808044740719770971e+01,2.267490905222316222e+00,2.550000000000000266e+00,2.808044740719770971e+01,2.267490905222316222e+00,2.801632194404822229e+01,2.536512218215932535e+00
6.009237796525729181e+01,1.557205764052582708e-02,2.800000027399019942e+01,2.808047813301655182e+01,2.267456730589969105e+00,2.549999999999999822e+00,2.808047813301655182e+01,2.267456730589969105e+00,2.801633013313706044e+01,2.536508858458927484e+00
6.011998613424149340e+01,2.760816898420159760e-02,2.800000027557306126e+01,2.808053268655342904e+01,2.267396153738647335e+00,2.550000000000000266e+00,2.808053268655342904e+01,2.267396153738647335e+00,2.801634465817278752e+01,2.536502901970796309e+00
6.014759430322569500e+01,2.760816898420159760e-02,2.800000027716374262e+01,2.808058733059958456e+01,2.267335592703632496e+00,2.550000000000000266e+00,2.808058733059958456e+01,2.267335592703632496e+00,2.801635919132966279e+01,2.536496945643770928e+00
6.017520247220989660e+01,2.760816898420159760e-02,2.800000027876227904e+01,2.808064205697949944e+01,2.267275047473684690e+00,2.550000000000000266e+00,2.808064205697949944e+01,2.267275047473684690e+00,2.801637373260652453e+01,2.536490989477841573e+00
6.020281064119409820e+01,2.760816898420159760e-02,2.800000028036870248e+01,2.808069685997775977e+01,2.267214518037343751e+00,2.549999999999999822e+00,2.808069685997775977e+01,2.267214518037343751e+00,2.801638828200180598e+01,2.536485033472987372e+00
6.025076901082498182e+01,4.795836963088362381e-02,2.800000028317807121e+01,2.808079222823022647e+01,2.267109409380767104e+00,2.550000000000000266e+00,2.808079222823022647e+01,2.267109409380767104e+00,2.801641357516475495e+01,2.536474687632441771e+00
6.029872738045586544e+01,4.795836963088362381e-02,2.800000028601150248e+01,2.808088779487012587e+01,2.267004348277199544e+00,2.549999999999999822e+00,2.808088779487012587e+01,2.267004348277199544e+00,2.801643889280618538e+01,2.536464342277593875e+00
6.034668575008674907e+01,4.795836963088362381e-02,2.800000028886916681e+01,2.808098354543258424e+01,2.266899334662657584e+00,2.549999999999999822e+00,2.808098354543258424e+01,2.266899334662657584e+00,2.801646423491492754e+01,2.536453997408215866e+00
6.039464411971763269e+01,4.795836963088362381e-02,2.800000029175122407e+01,2.808107946906401153e+01,2.266794368475284482e+00,2.549999999999999822e+00,2.808107946906401153e+01,2.266794368475284482e+00,2.801648960148082068e+01,2.536443653024087475e+00
6.046615843741881235e+01,7.151431770117966380e-02,2.800000029609456931e+01,2.808122281125529796e+01,2.266637933490288859e+00,2.549999999999999822e+00,2.808122281125529796e+01,2.266637933490288859e+00,2.801652747287390355e+01,2.536428228638801574e+00
6.053767275511999202e+01,7.151431770117966380e-02,2.800000030049311306e+01,2.808136649479831704e+01,2.266481603632086728e+00,2.549999999999999822e+00,2.808136649479831704e+01,2.266481603632086728e+00,2.801656539859958528e+01,2.536412805331312192e+00
6.060918707282117168e+01,7.151431770117966380e-02,2.800000030494743797e+01,2.808151050048723363e+01,2.266325378705290827e+00,2.549999999999999822e+00,2.808151050048723363e+01,2.266325378705290827e+00,2.801660337863004813e+01,2.536397383100898573e+00
6.068070139052235135e+01,7.151431770117966380e-02,2.800000030945811247e+01,2.808165481296654775e+01,2.266169258516665508e+00,2.549999999999999822e+00,2.808165481296654775e+01,2.266169258516665508e+00,2.801664141293895938e+01,2.536381961946841734e+00
6.078496523630555970e+01,1.042638457832083532e-01,2.800000031613660312e+01,2.808186573557991395e+01,2.265941831349355784e+00,2.549999999999999822e+00,2.808186573557991395e+01,2.265941831349355784e+00,2.801669696202109705e+01,2.536359480700223656e+00
6.088922908208876805e+01,1.042638457832083532e-01,2.800000032293793950e+01,2.808207725004406896e+01,2.265714625817416117e+00,2.550000000000000266e+00,2.808207725004406896e+01,2.265714625817416117e+00,2.801675262634994823e+01,2.536337001737758889e+00
6.099349292787197641e+01,1.042638457832083532e-01,2.800000032986397258e+01,2.808228932917034726e+01,2.265487641337041946e+00,2.549999999999999822e+00,2.808228932917034726e+01,2.265487641337041946e+00,2.801680840585498444e+01,2.536314525057232316e+00
6.109775677365518476e+01,1.042638457832083532e-01,2.800000033691656043e+01,2.808250194981796355e+01,2.265260877328635125e+00,2.549999999999999822e+00,2.808250194981796355e+01,2.265260877328635125e+00,2.801686430046862242e+01,2.536292050656435482e+00
6.120202061943839311e+01,1.042638457832083532e-01,2.800000034409759309e+01,2.808271509222952034e+01,2.265034333216471740e+00,2.549999999999999822e+00,2.808271509222952034e+01,2.265034333216471740e+00,2.801692031012587236e+01,2.536269578533163926e+00
6.136981941768756599e+01,1.677987982491728758e-01,2.800000035592902492e+01,2.808305916973877459e+01,2.264670200861447658e+00,2.549999999999999822e+00,2.808305916973877459e+01,2.264670200861447658e+00,2.801701069162369251e+01,2.536233417414956559e+00
6.153761821593673886e+01,1.677987982491728758e-01,2.800000036810614645e+01,2.808340449528440530e+01,2.264306634203559820e+00,2.549999999999999822e+00,2.808340449528440530e+01,2.264306634203559820e+00,2.801710137067844641e+01,2.536197262180859280e+00
6.170541701418591174e+01,1.677987982491728758e-01,2.800000038063716090e+01,2.808375101910305816e+01,2.263943630896126269e+00,2.549999999999999822e+00,2.808375101910305816e+01,2.263943630896126269e+00,2.801719234704979655e+01,2.536161112821777142e+00
6.187321581243508462e+01,1.677987982491728758e-01,2.800000039353042069e+01,2.808409869845307227e+01,2.263581188611325956e+00,2.549999999999999822e+00,2.808409869845307227e+01,2.263581188611325956e+00,2.801728362050633336e+01,2.536124969328654277e+00
6.204101461068425749e+01,1.677987982491728758e-01,2.800000040679443103e+01,2.808444749630091408e+01,2.263219305039468665e+00,2.549999999999999822e+00,2.808444749630091408e+01,2.263219305039468665e+00,2.801737519082431760e+01,2.536088831692473455e+00
6.227222114909365303e+01,2.312065384093955345e-01,2.800000042569398673e+01,2.808492987101028504e+01,2.262721584121127005e+00,2.549999999999999822e+00,2.808492987101028504e+01,2.262721584121127005e+00,2.801750184961990087e+01,2.536039047959719461e+00
6.250342768750304856e+01,2.312065384093955345e-01,2.800000044533696908e+01,2.808541423546142468e+01,2.262224913655654035e+00,2.550000000000000266e+00,2.808541423546142468e+01,2.262224913655654035e+00,2.801762907106236256e+01,2.535989275306245627e+00
6.273463422591244409e+01,2.312065384093955345e-01,2.800000046574702850e+01,2.808590052695152295e+01,2.261729287758783347e+00,2.549999999999999822e+00,2.808590052695152295e+01,2.261729287758783347e+00,2.801775685462120435e+01,2.535939513708800774e+00
6.296584076432183963e+01,2.312065384093955345e-01,2.800000048694836252e+01,2.808638869039099006e+01,2.261234700603519165e+00,2.549999999999999822e+00,2.808638869039099006e+01,2.261234700603519165e+00,2.801788519978163094e+01,2.535889763144264730e+00
6.319704730273123516e+01,2.312065384093955345e-01,2.800000050896574777e+01,2.808687867699710949e+01,2.260741146418879577e+00,2.549999999999999822e+00,2.808687867699710949e+01,2.260741146418879577e+00,2.801801410604278075e+01,2.535840023589646552e+00
6.351260231071406537e+01,3.155550079828302046e-01,2.800000054037837671e+01,2.808755028395196973e+01,2.260069191080522177e+00,2.549999999999999822e+00,2.808755028395196973e+01,2.260069191080522177e+00,2.801819094432652335e+01,2.535772155841360398e+00
6.382815731869689557e+01,3.155550079828302046e-01,2.800000057342456117e+01,2.808822510901533676e+01,2.259399134876796111e+00,2.549999999999999822e+00,2.808822510901533676e+01,2.259399134876796111e+00,2.801836882567275921e+01,2.535704308501256943e+00
6.414371232667971867e+01,3.155550079828230992e-01,2.800000060817252745e+01,2.808890306664504877e+01,2.258730963619736798e+00,2.550000000000000266e+00,2.808890306664504877e+01,2.258730963619736798e+00,2.801854774890724542e+01,2.535636481512021145e+00
6.445926733466254177e+01,3.155550079828230992e-01,2.800000064469260863e+01,2.808958408055524814e+01,2.258064663299383934e+00,2.549999999999999822e+00,2.808958408055524814e+01,2.258064663299383934e+00,2.801872771288528696e+01,2.535568674816764290e+00
6.477482234264536487e+01,3.155550079828230992e-01,2.800000068305725520e+01,2.809026808221304350e+01,2.257400220080182152e+00,2.549999999999999822e+00,2.809026808221304350e+01,2.257400220080182152e+00,2.801890871648873471e+01,2.535500888359020877e+00
6.518857076789393545e+01,4.137484252485705838e-01,2.800000073628002184e+01,2.809116935335636356e+01,2.256531808518329019e+00,2.549999999999999822e+00,2.809116935335636356e+01,2.256531808518329019e+00,2.801914761761889494e+01,2.535412038893857467e+00
6.560231919314250604e+01,4.137484252485705838e-01,2.800000079297639388e+01,2.809207552980830158e+01,2.255666535815635143e+00,2.549999999999999822e+00,2.809207552980830158e+01,2.255666535815635143e+00,2.801938830176887762e+01,2.535323223999121467e+00
6.601606761839107662e+01,4.137484252485705838e-01,2.800000085332694866e+01,2.809298649968973294e+01,2.254804372090314146e+00,2.550000000000000266e+00,2.809298649968973294e+01,2.254804372090314146e+00,2.801963076658692486e+01,2.535234443550733019e+00
6.642981604363964721e+01,4.137484252485705838e-01,2.800000091751904563e+01,2.809390216180308997e+01,2.253945287932344499e+00,2.550000000000000266e+00,2.809390216180308997e+01,2.253945287932344499e+00,2.801987500977240941e+01,2.535145697425789990e+00
6.684356446888821779e+01,4.137484252485705838e-01,2.800000098574697915e+01,2.809482242402715357e+01,2.253089254392707019e+00,2.549999999999999822e+00,2.809482242402715357e+01,2.253089254392707019e+00,2.802012102907134761e+01,2.535056985502550653e+00
6.737065679642357452e+01,5.270923275353567306e-01,2.800000107883028377e+01,2.809600131689294145e+01,2.252003089225852239e+00,2.550000000000000266e+00,2.809600131689294145e+01,2.252003089225852239e+00,2.802043701298310197e+01,2.534944020827970768e+00
6.789774912395893125e+01,5.270923275353567306e-01,2.800000117922412812e+01,2.809718738048306719e+01,2.250921770907080788e+00,2.549999999999999822e+00,2.809718738048306719e+01,2.250921770907080788e+00,2.802075587134283197e+01,2.534831111218120991e+00
6.842484145149428798e+01,5.270923275353567306e-01,2.800000128738116345e+01,2.809838047084786439e+01,2.249845242678237600e+00,2.549999999999999822e+00,2.809838047084786439e+01,2.249845242678237600e+00,2.802107759976429335e+01,2.534718256429191463e+00
6.895193377902964471e+01,5.270923275353567306e-01,2.800000140377392910e+01,2.809958045612501820e+01,2.248773448877047887e+00,2.549999999999999822e+00,2.809958045612501820e+01,2.248773448877047887e+00,2.802140219394578935e+01,2.534605456220210495e+00
6.947902610656500144e+01,5.270923275353567306e-01,2.800000152889527527e+01,2.810078721486771514e+01,2.247706334907598968e+00,2.549999999999999822e+00,2.810078721486771514e+01,2.247706334907598968e+00,2.802172964966360169e+01,2.534492710352999278e+00
7.013393483971543674e+01,6.549087331504352960e-01,2.800000169729324639e+01,2.810229587242366023e+01,2.246386891965789889e+00,2.549999999999999822e+00,2.810229587242366023e+01,2.246386891965789889e+00,2.802214049150819264e+01,2.534352699709677026e+00
7.078884357286587203e+01,6.549087331504352960e-01,2.800000188099160781e+01,2.810381461515206780e+01,2.245074490523274235e+00,2.549999999999999822e+00,2.810381461515206780e+01,2.245074490523274235e+00,2.802255573673873457e+01,2.534212772149474269e+00
7.144375230601630733e+01,6.549087331504352960e-01,2.800000208107296018e+01,2.810534326038381892e+01,2.243769032348339021e+00,2.549999999999999822e+00,2.810534326038381892e+01,2.243769032348339021e+00,2.802297537768209423e+01,2.534072927232788874e+00
7.209866103916674263e+01,6.549087331504352960e-01,2.800000229867294976e+01,2.810688163891472868e+01,2.242470421460969643e+00,2.549999999999999822e+00,2.810688163891472868e+01,2.242470421460969643e+00,2.802339940679950203e+01,2.533933164526120052e+00
7.275356977231717792e+01,6.549087331504352960e-01,2.800000253498148695e+01,2.810842959329891144e+01,2.241178564061740097e+00,2.549999999999999822e+00,2.810842959329891144e+01,2.241178564061740097e+00,2.802382781667712663e+01,2.533793483601928465e+00
7.356799045564729056e+01,8.144206833301126380e-01,2.800000285682810741e+01,2.811036771064221895e+01,2.239581340251653341e+00,2.549999999999999822e+00,2.811036771064221895e+01,2.239581340251653341e+00,2.802436667181756746e+01,2.533619894936030903e+00
7.438241113897740320e+01,8.144206833301126380e-01,2.800000321205349607e+01,2.811232014653264599e+01,2.237994246815090182e+00,2.549999999999999822e+00,2.811232014653264599e+01,2.237994246815090182e+00,2.802491227651264083e+01,2.533446431292219803e+00
7.519683182230751584e+01,8.144206833301126380e-01,2.800000360331353733e+01,2.811428665627511947e+01,2.236417116532943172e+00,2.549999999999999822e+00,2.811428665627511947e+01,2.236417116532943172e+00,2.802546461720590898e+01,2.533273091885019479e+00
7.601125250563762847e+01,8.144206833301126380e-01,2.800000403340593991e+01,2.811626701153451080e+01,2.234849786714941722e+00,2.550000000000000266e+00,2.811626701153451080e+01,2.234849786714941722e+00,2.802602368056669135e+01,2.533099875941849266e+00
7.682567318896774111e+01,8.144206833301126380e-01,2.800000450527328510e+01,2.811826099838204129e+01,2.233292099031816580e+00,2.549999999999999822e+00,2.811826099838204129e+01,2.233292099031816580e+00,2.802658945347579333e+01,2.532926782702683788e+00
7.764009387229785375e+01,8.144206833301126380e-01,2.800000502200598618e+01,2.812026841556604850e+01,2.231743899351784410e+00,2.550000000000000266e+00,2.812026841556604850e+01,2.231743899351784410e+00,2.802716192301235409e+01,2.532753811419712342e+00
7.883664781205870042e+01,1.196553939760846674e+00,2.800000586941115444e+01,2.812324169550280573e+01,2.229486167283813103e+00,2.550000000000000266e+00,2.812324169550280573e+01,2.229486167283813103e+00,2.802801512051462751e+01,2.532499900183320385e+00
8.003320175181954710e+01,1.196553939760846674e+00,2.800000683157119141e+01,2.812624299350254731e+01,2.227248131732448400e+00,2.549999999999999822e+00,2.812624299350254731e+01,2.227248131732448400e+00,2.802888270603085630e+01,2.532246248323477111e+00
8.122975569158039377e+01,1.196553939760846674e+00,2.800000792009931772e+01,2.812927178544164164e+01,2.225029349022247249e+00,2.549999999999999822e+00,2.812927178544164164e+01,2.225029349022247249e+00,2.802976464062026096e+01,2.531992853603294069e+00
8.242630963134124045e+01,1.196553939760846674e+00,2.800000914735591095e+01,2.813232758230462949e+01,2.222829391799420851e+00,2.550000000000000266e+00,2.813232758230462949e+01,2.222829391799420851e+00,2.803066088605266870e+01,2.531739713835905903e+00
8.362286357110208712e+01,1.196553939760846674e+00,2.800001052646259581e+01,2.813540992582266398e+01,2.220647848205980157e+00,2.549999999999999822e+00,2.813540992582266398e+01,2.220647848205980157e+00,2.803157140476291431e+01,2.531486826882642038e+00
8.481941751086293380e+01,1.196553939760846674e+00,2.800001207131495207e+01,2.813851838469610200e+01,2.218484321101830137e+00,2.550000000000000266e+00,2.813851838469610200e+01,2.218484321101830137e+00,2.803249615980967846e+01,2.531234190651296956e+00
8.627068965054060357e+01,1.451272139677669770e+00,2.800001418861580404e+01,2.814232302370556482e+01,2.215883857958771408e+00,2.550000000000000266e+00,2.814232302370556482e+01,2.215883857958771408e+00,2.803363682603718132e+01,2.530928107629227597e+00
8.772196179021827334e+01,1.451272139677669770e+00,2.800001659914656926e+01,2.814616479708301355e+01,2.213308677969877625e+00,2.550000000000000266e+00,2.814616479708301355e+01,2.213308677969877625e+00,2.803479831768597208e+01,2.530622386859149309e+00
8.917323392989594311e+01,1.451272139677669770e+00,2.800001933241265561e+01,2.815004306062569484e+01,2.210758150791282795e+00,2.549999999999999822e+00,2.815004306062569484e+01,2.210758150791282795e+00,2.803598057211450367e+01,2.530317024862765329e+00
9.062450606957361288e+01,1.451272139677669770e+00,2.800002241967645844e+01,2.815395720657912548e+01,2.208231671689202980e+00,2.550000000000000266e+00,2.815395720657912548e+01,2.208231671689202980e+00,2.803718352774656353e+01,2.530012018247799421e+00
9.207577820925128265e+01,1.451272139677669770e+00,2.800002589396916264e+01,2.815790665970405016e+01,2.205728660109341543e+00,2.550000000000000266e+00,2.815790665970405016e+01,2.205728660109341543e+00,2.803840712401261470e+01,2.529707363704541745e+00
9.352705034892895242e+01,1.451272139677669770e+00,2.800002979009834547e+01,2.816189087390581136e+01,2.203248558341294849e+00,2.550000000000000266e+00,2.816189087390581136e+01,2.203248558341294849e+00,2.803965130129675032e+01,2.529403058002558602e+00
9.522437720119002336e+01,1.697326852261070940e+00,2.800003493111476516e+01,2.816659399412702314e+01,2.200376317821979288e+00,2.550000000000000266e+00,2.816659399412702314e+01,2.200376317821979288e+00,2.804113245383496178e+01,2.529047597393956348e+00
9.692170405345109430e+01,1.697326852261070940e+00,2.800004076087093452e+01,2.817134316171682329e+01,2.197533859370191855e+00,2.550000000000000266e+00,2.817134316171682329e+01,2.197533859370191855e+00,2.804264158508399873e+01,2.528692604711459069e+00
9.861903090571216524e+01,1.697326852261070940e+00,2.800004734430445552e+01,2.817613762696934998e+01,2.194720396611861801e+00,2.550000000000000266e+00,2.817613762696934998e+01,2.194720396611861801e+00,2.804417860414766395e+01,2.528338075166799204e+00
1.003163577579732362e+02,1.697326852261070940e+00,2.800005474965439944e+01,2.818097667680910234e+01,2.191935176956813169e+00,2.550000000000000266e+00,2.818097667680910234e+01,2.191935176956813169e+00,2.804574342158536382e+01,2.527984004097070247e+00
1.020136846102343071e+02,1.697326852261070940e+00,2.800006304843644855e+01,2.818585963144561291e+01,2.189177479604852650e+00,2.550000000000000266e+00,2.818585963144561291e+01,2.189177479604852650e+00,2.804733594934242191e+01,2.527630386959392350e+00
1.037110114624953781e+02,1.697326852261070940e+00,2.800007231541227881e+01,2.819078584146179622e+01,2.186446613693007635e+00,2.550000000000000266e+00,2.819078584146179622e+01,2.186446613693007635e+00,2.804895610068646050e+01,2.527277219325877233e+00
1.056206868780247135e+02,1.909675415529335396e+00,2.800008399644618606e+01,2.819637929626988537e+01,2.183405348076278507e+00,2.550000000000000266e+00,2.819637929626988537e+01,2.183405348076278507e+00,2.805081186260949622e+01,2.526880399725659476e+00
1.075303622935540488e+02,1.909675415529335396e+00,2.800009711771934562e+01,2.820202587402918581e+01,2.180396305856783012e+00,2.550000000000000266e+00,2.820202587402918581e+01,2.180396305856783012e+00,2.805270236426952124e+01,2.526484137685762299e+00
1.094400377090833842e+02,1.909675415529335396e+00,2.800011180007676970e+01,2.820772476586649802e+01,2.177418623493026839e+00,2.549999999999999822e+00,2.820772476586649802e+01,2.177418623493026839e+00,2.805462748762031922e+01,2.526088427378434087e+00
1.113497131246127196e+02,1.909675415529335396e+00,2.800012816928061810e+01,2.821347519757697597e+01,2.174471475061821923e+00,2.550000000000000266e+00,2.821347519757697597e+01,2.174471475061821923e+00,2.805658711638787750e+01,2.525693263130766919e+00
1.132593885401420550e+02,1.909675415529335396e+00,2.800014635592317092e+01,2.821927642693001559e+01,2.171554070006911363e+00,2.549999999999999822e+00,2.821927642693001559e+01,2.171554070006911363e+00,2.805858113599585835e+01,2.525298639418004587e+00
1.151690639556713904e+02,1.909675415529335396e+00,2.800016649533748492e+01,2.822512774127293511e+01,2.168665651051012944e+00,2.550000000000000266e+00,2.822512774127293511e+01,2.168665651051012944e+00,2.806060943349644532e+01,2.524904550857242747e+00
1.172769564359631005e+02,2.107892480291710058e+00,2.800019116076972381e+01,2.823164373032036423e+01,2.165510209294287947e+00,2.549999999999999822e+00,2.823164373032036423e+01,2.165510209294287947e+00,2.806288792624692974e+01,2.524470172454705175e+00
1.193848489162548105e+02,2.107892480291710058e+00,2.800021857073384624e+01,2.823821902156531038e+01,2.162388264888493783e+00,2.550000000000000266e+00,2.823821902156531038e+01,2.162388264888493783e+00,2.806520789868075383e+01,2.524036432801080920e+00
1.200000000000000000e+02,6.151510837451894531e-01,2.800022711601022252e+01,2.824014895895697563e+01,2.161483365269095014e+00,2.550000000000000266e+00,2.824014895895697563e+01,2.161483365269095014e+00,2.806589273941978391e+01,2.523909973001942308e+00
1.200000306872493354e+02,3.068724933541489008e-05,2.800022711644285422e+01,2.824014905534553321e+01,2.161483320196433411e+00,2.550000000000000266e+00,2.824014905534553321e+01,2.161483320196433411e+00,2.806589277367130109e+01,2.523909966694745322e+00
1.200000613744986708e+02,3.068724933541489008e-05,2.800022711687548238e+01,2.824014915172621087e+01,2.161483275123778025e+00,2.550000000000000266e+00,2.824014915172621087e+01,2.161483275123778025e+00,2.806589280792282182e+01,2.523909960387549223e+00
1.200003682469920250e+02,3.068724933541489008e-04,2.800022712120183499e+01,2.824015011526094199e+01,2.161482824397779723e+00,2.550000000000000266e+00,2.824015011526094199e+01,2.161482824397779723e+00,2.806589315043853361e+01,2.523909897315591344e+00
1.200006751194853791e+02,3.068724933541489008e-04,2.800022712552825155e+01,2.824015107858884477e+01,2.161482373672425350e+00,2.550000000000000266e+00,2.824015107858884477e+01,2.161482373672425350e+00,2.806589349295479607e+01,2.523909834243647676e+00
1.200037438444189206e+02,3.068724933541489008e-03,2.800022716879787765e+01,2.824016070367781950e+01,2.161477866476777532e+00,2.550000000000000266e+00,2.824016070367781950e+01,2.161477866476777532e+00,2.806589691816540366e+01,2.523909203525354528e+00
1.200068125693524621e+02,3.068724933541489008e-03,2.800022721207373166e+01,2.824017032241615155e+01,2.161473359347417134e+00,2.550000000000000266e+00,2.824017032241615155e+01,2.161473359347417134e+00,2.806590034343071949e+01,2.523908572808367445e+00
1.200150777063567773e+02,8.265137004315192826e-03,2.800022732865900466e+01,2.824019620916113738e+01,2.161461220393596783e+00,2.550000000000000266e+00,2.824019620916113738e+01,2.161461220393596783e+00,2.806590956910393331e+01,2.523906874075457551e+00
1.200233428433610925e+02,8.265137004315192826e-03,2.800022744528881802e+01,2.824022207040875898e+01,2.161449081915802761e+00,2.550000000000000266e+00,2.824022207040875898e+01,2.161449081915802761e+00,2.806591879516842880e+01,2.523905175351877528e+00
1.200316079803654077e+02,8.265137004315192826e-03,2.800022756196438323e+01,2.824024791158835157e+01,2.161436943927544707e+00,2.550000000000000266e+00,2.824024791158835157e+01,2.161436943927544707e+00,2.806592802163494937e+01,2.523903476637877841e+00
1.200469917870353243e+02,1.538380666991656653e-02,2.800022777925390827e+01,2.824029596513118889e+01,2.161414352938612726e+00,2.549999999999999822e+00,2.824029596513118889e+01,2.161414352938612726e+00,2.806594519583097025e+01,2.523900314866254213e+00
1.200623755937052408e+02,1.538380666991656653e-02,2.800022799670410478e+01,2.824034397197988611e+01,2.161391763669680888e+00,2.550000000000000266e+00,2.824034397197988611e+01,2.161391763669680888e+00,2.806596237143925876e+01,2.523897153128245030e+00
1.200777594003751574e+02,1.538380666991656653e-02,2.800022821431494435e+01,2.824039193864572184e+01,2.161369176120026214e+00,2.550000000000000266e+00,2.824039193864572184e+01,2.161369176120026214e+00,2.806597954845970122e+01,2.523893991423825867e+00
1.200931432070450740e+02,1.538380666991656653e-02,2.800022843208625645e+01,2.824043986934486128e+01,2.161346590287049452e+00,2.550000000000000266e+00,2.824043986934486128e+01,2.161346590287049452e+00,2.806599672689074154e+01,2.523890829752940324e+00
1.201195349345564978e+02,2.639172751142382367e-02,2.800022880605834530e+01,2.824052202235791853e+01,2.161307847103872692e+00,2.550000000000000266e+00,2.824052202235791853e+01,2.161307847103872692e+00,2.806602620067759091e+01,2.523885405818741212e+00
1.201459266620679216e+02,2.639172751142382367e-02,2.800022918050325060e+01,2.824060409242694902e+01,2.161269108971842545e+00,2.550000000000000266e+00,2.824060409242694902e+01,2.161269108971842545e+00,2.806605567861953787e+01,2.523879981983192522e+00
1.201723183895793454e+02,2.639172751142382367e-02,2.800022955542146974e+01,2.824068608865710672e+01,2.161230375891330713e+00,2.550000000000000266e+00,2.824068608865710672e+01,2.161230375891330713e+00,2.806608516071985449e+01,2.523874558246300470e+00
1.201987101170907692e+02,2.639172751142382367e-02,2.800022993081346101e+01,2.824076801752949706e+01,2.161191647861963272e+00,2.549999999999999822e+00,2.824076801752949706e+01,2.161191647861963272e+00,2.806611464698116265e+01,2.523869134608064169e+00
1.202438395840998595e+02,4.512946700909026276e-02,2.800023057382715308e+01,2.824090797256711127e+01,2.161125435199821698e+00,2.550000000000000266e+00,2.824090797256711127e+01,2.161125435199821698e+00,2.806616507770204549e+01,2.523859860494761520e+00
1.202889690511089498e+02,4.512946700909026276e-02,2.800023121822937711e+01,2.824104776658629490e+01,2.161059237298005087e+00,2.550000000000000266e+00,2.824104776658629490e+01,2.161059237298005087e+00,2.806621552060451918e+01,2.523850586669824203e+00
1.203340985181180400e+02,4.512946700909026276e-02,2.800023186402214748e+01,2.824118741549056821e+01,2.160993054149712655e+00,2.549999999999999822e+00,2.824118741549056821e+01,2.160993054149712655e+00,2.806626597569653470e+01,2.523841313133185604e+00
1.203792279851271303e+02,4.512946700909026276e-02,2.800023251120749990e+01,2.824132693133232763e+01,2.160926885747843418e+00,2.549999999999999822e+00,2.824132693133232763e+01,2.160926885747843418e+00,2.806631644298537154e+01,2.523832039884779110e+00
1.204455963782768748e+02,6.636839314974452009e-02,2.800023346550674574e+01,2.824153188444095619e+01,2.160829603805530130e+00,2.549999999999999822e+00,2.824153188444095619e+01,2.160829603805530130e+00,2.806639068346905219e+01,2.523818402963895480e+00
1.205119647714266193e+02,6.636839314974452009e-02,2.800023442282865815e+01,2.824173659666379876e+01,2.160732353716377840e+00,2.549999999999999822e+00,2.824173659666379876e+01,2.160732353716377840e+00,2.806646495036543953e+01,2.523804766666041477e+00
1.205783331645763639e+02,6.636839314974452009e-02,2.800023538317972083e+01,2.824194108873130915e+01,2.160635135456152156e+00,2.549999999999999822e+00,2.824194108873130915e+01,2.160635135456152156e+00,2.806653924369254582e+01,2.523791130991014597e+00
1.206447015577261084e+02,6.636839314974452009e-02,2.800023634656643523e+01,2.824214537731766583e+01,2.160537949000167046e+00,2.549999999999999822e+00,2.824214537731766583e+01,2.160537949000167046e+00,2.806661356346682012e+01,2.523777495938611448e+00
1.207413653249080312e+02,9.666376718192282169e-02,2.800023775515694524e+01,2.824244258294980980e+01,2.160396456402046805e+00,2.549999999999999822e+00,2.824244258294980980e+01,2.160396456402046805e+00,2.806672185554773691e+01,2.523757637967452894e+00
1.208380290920899540e+02,9.666376718192282169e-02,2.800023917022092235e+01,2.824273942248491309e+01,2.160255031139895809e+00,2.549999999999999822e+00,2.824273942248491309e+01,2.160255031139895809e+00,2.806683020380696192e+01,2.523737781316020445e+00
1.209346928592718768e+02,9.666376718192282169e-02,2.800024059177849978e+01,2.824303592555921583e+01,2.160113673135333645e+00,2.550000000000000266e+00,2.824303592555921583e+01,2.160113673135333645e+00,2.806693860828411502e+01,2.523717925983688826e+00
1.210313566264537997e+02,9.666376718192282169e-02,2.800024201984984984e+01,2.824333211741507199e+01,2.159972382309645056e+00,2.549999999999999822e+00,2.824333211741507199e+01,2.159972382309645056e+00,2.806704706901585311e+01,2.523698071969835421e+00
1.211280203936357225e+02,9.666376718192282169e-02,2.800024345445516261e+01,2.824362801962964298e+01,2.159831158583854105e+00,2.549999999999999822e+00,2.824362801962964298e+01,2.159831158583854105e+00,2.806715558603627159e+01,2.523678219273836287e+00
1.212819101251605503e+02,1.538897315248277664e-01,2.800024575189307541e+01,2.824409854679681331e+01,2.159606467179277622e+00,2.549999999999999822e+00,2.824409854679681331e+01,2.159606467179277622e+00,2.806732846248704405e+01,2.523646616291049138e+00
1.214357998566853780e+02,1.538897315248277664e-01,2.800024806602431582e+01,2.824456844975825831e+01,2.159381945318681328e+00,2.549999999999999822e+00,2.824456844975825831e+01,2.159381945318681328e+00,2.806750148179942883e+01,2.523615016644277009e+00
1.215896895882102058e+02,1.538897315248277664e-01,2.800025039693080231e+01,2.824503778120642750e+01,2.159157592681986593e+00,2.549999999999999822e+00,2.824503778120642750e+01,2.159157592681986593e+00,2.806767464408093815e+01,2.523583420331017901e+00
1.217435793197350336e+02,1.538897315248277664e-01,2.800025274469464165e+01,2.824550658636248457e+01,2.158933408949294197e+00,2.549999999999999822e+00,2.824550658636248457e+01,2.158933408949294197e+00,2.806784794943049377e+01,2.523551827348773369e+00
1.218974690512598613e+02,1.538897315248277664e-01,2.800025510939811113e+01,2.824597490436861946e+01,2.158709393801036214e+00,2.549999999999999822e+00,2.824597490436861946e+01,2.158709393801036214e+00,2.806802139793954254e+01,2.523520237695052071e+00
1.221085608997730958e+02,2.110918485132344813e-01,2.800025838078746432e+01,2.824661656951441913e+01,2.158402383968212490e+00,2.549999999999999822e+00,2.824661656951441913e+01,2.158402383968212490e+00,2.806825955175302312e+01,2.523476911309189941e+00
1.223196527482863303e+02,2.110918485132344813e-01,2.800026168441870311e+01,2.824725745749741890e+01,2.158095689918879234e+00,2.549999999999999822e+00,2.824725745749741890e+01,2.158095689918879234e+00,2.806849797529351065e+01,2.523433591175133550e+00
1.225307445967995648e+02,2.110918485132344813e-01,2.800026502050582522e+01,2.824789763328711700e+01,2.157789310833453378e+00,2.549999999999999822e+00,2.824789763328711700e+01,2.157789310833453378e+00,2.806873666874486517e+01,2.523390277286492456e+00
1.227418364453127992e+02,2.110918485132344813e-01,2.800026838926345008e+01,2.824853715375727958e+01,2.157483245894993740e+00,2.549999999999999822e+00,2.824853715375727958e+01,2.157483245894993740e+00,2.806897563227617454e+01,2.523346969636891757e+00
1.229529282938260337e+02,2.110918485132344813e-01,2.800027179090682594e+01,2.824917606906851475e+01,2.157177494289336028e+00,2.549999999999999822e+00,2.824917606906851475e+01,2.157177494289336028e+00,2.806921486604338156e+01,2.523303668219974316e+00
1.232395994971698627e+02,2.866712033438290064e-01,2.800027646351729160e+01,2.825004285191234032e+01,2.156762771577562798e+00,2.549999999999999822e+00,2.825004285191234032e+01,2.156762771577562798e+00,2.806954018804912110e+01,2.523244873125852994e+00
1.235262707005136917e+02,2.866712033438290064e-01,2.800028119771876689e+01,2.825090869800872184e+01,2.156348623218015792e+00,2.549999999999999822e+00,2.825090869800872184e+01,2.156348623218015792e+00,2.806986600903939078e+01,2.523186089498973939e+00
1.238129419038575207e+02,2.866712033438290064e-01,2.800028599405584728e+01,2.825177369258792837e+01,2.155935047197920618e+00,2.550000000000000266e+00,2.825177369258792837e+01,2.155935047197920618e+00,2.807019232931410002e+01,2.523127317323556884e+00
1.240996131072013497e+02,2.866712033438290064e-01,2.800029085307523857e+01,2.825263791112134726e+01,2.155522041515117504e+00,2.549999999999999822e+00,2.825263791112134726e+01,2.155522041515117504e+00,2.807051914914649871e+01,2.523068556583880184e+00
1.243862843105451788e+02,2.866712033438290064e-01,2.800029577532573200e+01,2.825350142089882866e+01,2.155109604178144345e+00,2.549999999999999822e+00,2.825350142089882866e+01,2.155109604178144345e+00,2.807084646878609036e+01,2.523009807264273263e+00
1.247607698200785080e+02,3.744855095333292638e-01,2.800030230154670008e+01,2.825462847641942332e+01,2.154571680204904638e+00,2.549999999999999822e+00,2.825462847641942332e+01,2.154571680204904638e+00,2.807127480761646510e+01,2.522933078787926053e+00
1.251352553296118373e+02,3.744855095333292638e-01,2.800030893784406416e+01,2.825575454433116107e+01,2.154034718337268561e+00,2.550000000000000266e+00,2.825575454433116107e+01,2.154034718337268561e+00,2.807170400020583756e+01,2.522856369738426530e+00
1.255097408391451665e+02,3.744855095333292638e-01,2.800031568545719196e+01,2.825687973017871712e+01,2.153498714218898602e+00,2.549999999999999822e+00,2.825687973017871712e+01,2.153498714218898602e+00,2.807213404696383208e+01,2.522779680081263631e+00
1.258842263486784958e+02,3.744855095333292638e-01,2.800032254563141620e+01,2.825800412834713526e+01,2.152963663524827265e+00,2.549999999999999822e+00,2.825800412834713526e+01,2.152963663524827265e+00,2.807256494825664461e+01,2.522703009782084838e+00
1.262587118582118251e+02,3.744855095333292638e-01,2.800032951961803818e+01,2.825912782373973187e+01,2.152429561961310522e+00,2.549999999999999822e+00,2.825912782373973187e+01,2.152429561961310522e+00,2.807299670441135220e+01,2.522626358806689950e+00
1.267344409193493391e+02,4.757290611375140088e-01,2.800033854515104181e+01,2.826055442093500858e+01,2.151752426072469859e+00,2.549999999999999822e+00,2.826055442093500858e+01,2.151752426072469859e+00,2.807354642068131056e+01,2.522529012767612766e+00
1.272101699804868531e+02,4.757290611375140088e-01,2.800034775897479733e+01,2.826198014845944328e+01,2.151076806345350700e+00,2.549999999999999822e+00,2.826198014845944328e+01,2.151076806345350700e+00,2.807409751751804450e+01,2.522431697788861449e+00
1.276858990416243671e+02,4.757290611375140088e-01,2.800035716369565364e+01,2.826340513230426765e+01,2.150402694192402819e+00,2.549999999999999822e+00,2.826340513230426765e+01,2.150402694192402819e+00,2.807464999537038253e+01,2.522334413801389896e+00
1.281616281027618811e+02,4.757290611375140088e-01,2.800036676193509422e+01,2.826482948600435563e+01,2.149730081104911594e+00,2.549999999999999822e+00,2.826482948600435563e+01,2.149730081104911594e+00,2.807520385462090218e+01,2.522237160736541028e+00
1.286373571638993951e+02,4.757290611375140088e-01,2.800037655632963052e+01,2.826625331238057370e+01,2.149058958652169338e+00,2.549999999999999822e+00,2.826625331238057370e+01,2.149058958652169338e+00,2.807575909559218275e+01,2.522139938526045899e+00
1.292278686078665544e+02,5.905114439671592663e-01,2.800038899072660215e+01,2.826802008142333023e+01,2.148227970884094340e+00,2.549999999999999822e+00,2.826802008142333023e+01,2.148227970884094340e+00,2.807645022572839011e+01,2.522019301669373270e+00
1.298183800518337137e+02,5.905114439671592663e-01,2.800040173654207010e+01,2.826978634315064198e+01,2.147399251159775702e+00,2.549999999999999822e+00,2.826978634315064198e+01,2.147399251159775702e+00,2.807714348559149187e+01,2.521898712118511465e+00
1.304088914958008729e+02,5.905114439671592663e-01,2.800041479891363494e+01,2.827155224291497149e+01,2.146572783844823640e+00,2.549999999999999822e+00,2.827155224291497149e+01,2.146572783844823640e+00,2.807783887548094626e+01,2.521778169745333198e+00
1.309994029397680322e+02,5.905114439671592663e-01,2.800042818301347225e+01,2.827331791244214543e+01,2.145748553480742338e+00,2.549999999999999822e+00,2.827331791244214543e+01,2.145748553480742338e+00,2.807853639560096326e+01,2.521657674422588702e+00
1.315899143837351914e+02,5.905114439671592663e-01,2.800044189404801642e+01,2.827508347161137081e+01,2.144926544782364886e+00,2.549999999999999822e+00,2.827508347161137081e+01,2.144926544782364886e+00,2.807923604606909507e+01,2.521537226023902178e+00
1.323238647798469003e+02,7.339503961117088693e-01,2.800045939917977478e+01,2.827727790635238847e+01,2.143907938925544876e+00,2.549999999999999822e+00,2.827727790635238847e+01,2.143907938925544876e+00,2.808010861550595649e+01,2.521387585166490641e+00
1.330578151759586092e+02,7.339503961117088693e-01,2.800047742759752367e+01,2.827947252979422998e+01,2.142892713137903193e+00,2.550000000000000266e+00,2.827947252979422998e+01,2.142892713137903193e+00,2.808098447591034130e+01,2.521238016365115797e+00
1.337917655720703181e+02,7.339503961117088693e-01,2.800049598951473229e+01,2.828166751432712545e+01,2.141880839154641336e+00,2.549999999999999822e+00,2.828166751432712545e+01,2.141880839154641336e+00,2.808186362704492467e+01,2.521088519382619353e+00
1.345257159681820269e+02,7.339503961117088693e-01,2.800051509522318938e+01,2.828386301630062150e+01,2.140872289097778491e+00,2.549999999999999822e+00,2.828386301630062150e+01,2.140872289097778491e+00,2.808274606853099087e+01,2.520939093983818324e+00
1.352596663642937358e+02,7.339503961117088693e-01,2.800053475509203693e+01,2.828605917805233005e+01,2.139867035469050105e+00,2.549999999999999822e+00,2.828605917805233005e+01,2.139867035469050105e+00,2.808363179986103120e+01,2.520789739935483720e+00
1.359936167604054447e+02,7.339503961117088693e-01,2.800055497956676476e+01,2.828825612970171122e+01,2.138865051142820661e+00,2.550000000000000266e+00,2.828825612970171122e+01,2.138865051142820661e+00,2.808452082041020503e+01,2.520640457006309454e+00
1.370707316115456535e+02,1.077114851140208884e+00,2.800058570449445128e+01,2.829148196155253459e+01,2.137400444547294498e+00,2.549999999999999822e+00,2.829148196155253459e+01,2.137400444547294498e+00,2.808583146376386708e+01,2.520421503925650786e+00
1.381478464626858624e+02,1.077114851140208884e+00,2.800061770164555242e+01,2.829471009112437940e+01,2.135942738389706275e+00,2.549999999999999822e+00,2.829471009112437940e+01,2.135942738389706275e+00,2.808714918690857587e+01,2.520202702804724471e+00
1.392249613138260713e+02,1.077114851140208884e+00,2.800065100490003189e+01,2.829794082254336018e+01,2.134491851103053950e+00,2.550000000000000266e+00,2.829794082254336018e+01,2.134491851103053950e+00,2.808847398674751261e+01,2.519984052934237440e+00
1.403020761649662802e+02,1.077114851140208884e+00,2.800068564846845476e+01,2.830117442785036275e+01,2.133047702697294490e+00,2.549999999999999822e+00,2.830117442785036275e+01,2.133047702697294490e+00,2.808980585982008549e+01,2.519765553613245057e+00
1.413791910161064891e+02,1.077114851140208884e+00,2.800072166688472919e+01,2.830441115143381481e+01,2.131610214717452934e+00,2.550000000000000266e+00,2.830441115143381481e+01,2.131610214717452934e+00,2.809114480233921185e+01,2.519547204148995689e+00
1.424563058672466980e+02,1.077114851140208884e+00,2.800075909499876303e+01,2.830765121385402949e+01,2.130179310202979348e+00,2.549999999999999822e+00,2.830765121385402949e+01,2.130179310202979348e+00,2.809249081022437622e+01,2.519329003856774385e+00
1.437838166276049492e+02,1.327510760358251218e+00,2.800080721549067420e+01,2.831164937846005714e+01,2.128424709852226204e+00,2.550000000000000266e+00,2.831164937846005714e+01,2.128424709852226204e+00,2.809415943687228889e+01,2.519060282958194286e+00
1.451113273879632004e+02,1.327510760358251218e+00,2.800085759715728528e+01,2.831565325344393713e+01,2.126679856655163903e+00,2.549999999999999822e+00,2.831565325344393713e+01,2.126679856655163903e+00,2.809583878042143823e+01,2.518791786370388586e+00
1.464388381483214516e+02,1.327510760358251218e+00,2.800091030711846329e+01,2.831966313900800358e+01,2.124944615376568535e+00,2.550000000000000266e+00,2.831966313900800358e+01,2.124944615376568535e+00,2.809752883174563109e+01,2.518523512859817792e+00
1.477663489086797028e+02,1.327510760358251218e+00,2.800096541314465526e+01,2.832367930377201759e+01,2.123218853847314236e+00,2.549999999999999822e+00,2.832367930377201759e+01,2.123218853847314236e+00,2.809922958127587478e+01,2.518255461209984780e+00
1.490938596690379541e+02,1.327510760358251218e+00,2.800102298363447062e+01,2.832770198889559765e+01,2.121502442868450355e+00,2.550000000000000266e+00,2.832770198889559765e+01,2.121502442868450355e+00,2.810094101904626740e+01,2.517987630221042217e+00
1.504213704293962053e+02,1.327510760358251218e+00,2.800108308759196873e+01,2.833173141158026453e+01,2.119795256118861104e+00,2.550000000000000266e+00,2.833173141158026453e+01,2.119795256118861104e+00,2.810266313473461963e+01,2.517720018709427077e+00
1.520541091721654254e+02,1.632738742769220153e+00,2.800116058793750184e+01,2.833669682665195566e+01,2.117708011584110483e+00,2.550000000000000266e+00,2.833669682665195566e+01,2.117708011584110483e+00,2.810479583507093437e+01,2.517391175857842445e+00
1.536868479149346456e+02,1.632738742769220153e+00,2.800124215662158988e+01,2.834167305559298100e+01,2.115634309746911690e+00,2.550000000000000266e+00,2.834167305559298100e+01,2.115634309746911690e+00,2.810694465154378463e+01,2.517062661107518196e+00
1.553195866577038657e+02,1.632738742769220153e+00,2.800132792547863048e+01,2.834666038772241237e+01,2.113573932320762072e+00,2.550000000000000266e+00,2.834666038772241237e+01,2.113573932320762072e+00,2.810910956316775255e+01,2.516734472352915919e+00
1.569523254004730859e+02,1.632738742769220153e+00,2.800141802748763808e+01,2.835165907983876110e+01,2.111526666759704796e+00,2.550000000000000266e+00,2.835165907983876110e+01,2.111526666759704796e+00,2.811129054843467756e+01,2.516406607522258199e+00
1.585850641432423060e+02,1.632738742769220153e+00,2.800151259670271031e+01,2.835666936027202922e+01,2.109492306050011479e+00,2.550000000000000266e+00,2.835666936027202922e+01,2.109492306050011479e+00,2.811348758537201320e+01,2.516079064576648427e+00
1.602178028860115262e+02,1.632738742769220153e+00,2.800161176818177111e+01,2.836169143234971912e+01,2.107470648510940681e+00,2.550000000000000266e+00,2.836169143234971912e+01,2.107470648510940681e+00,2.811570065159450849e+01,2.515751841509217712e+00
1.622121115291651847e+02,1.994308643153658522e+00,2.800173934323051483e+01,2.836784190197617761e+01,2.105018243433391056e+00,2.550000000000000266e+00,2.836784190197617761e+01,2.105018243433391056e+00,2.811842551487969644e+01,2.515352586013733127e+00
1.642064201723188432e+02,1.994308643153658522e+00,2.800187423704732126e+01,2.837401052408253221e+01,2.102584149653159429e+00,2.549999999999999822e+00,2.837401052408253221e+01,2.102584149653159429e+00,2.812117421681173468e+01,2.514953801272661771e+00
1.662007288154725018e+02,1.994308643153658522e+00,2.800201670084862116e+01,2.838019755154921953e+01,2.100168029593625363e+00,2.550000000000000266e+00,2.838019755154921953e+01,2.100168029593625363e+00,2.812394671463870210e+01,2.514555483812713099e+00
1.681950374586261603e+02,1.994308643153658522e+00,2.800216698731535558e+01,2.838640320388658012e+01,2.097769555812879272e+00,2.549999999999999822e+00,2.838640320388658012e+01,2.097769555812879272e+00,2.812674296505651483e+01,2.514157630224254536e+00
1.701893461017798188e+02,1.994308643153658522e+00,2.800232535035937786e+01,2.839262767133069332e+01,2.095388410584316130e+00,2.550000000000000266e+00,2.839262767133069332e+01,2.095388410584316130e+00,2.812956292428200555e+01,2.513760237159409883e+00
1.721836547449334773e+02,1.994308643153658522e+00,2.800249204488014954e+01,2.839887111838334022e+01,2.093024285498061410e+00,2.550000000000000266e+00,2.839887111838334022e+01,2.093024285498061410e+00,2.813240654811782804e+01,2.513363301330234112e+00
1.745825881684644401e+02,2.398933423530962727e+00,2.800270396015967833e+01,2.840640664222015133e+01,2.090202630952784801e+00,2.550000000000000266e+00,2.840640664222015133e+01,2.090202630952784801e+00,2.813585840467201038e+01,2.512886432524958469e+00
1.769815215919954028e+02,2.398933423530962727e+00,2.800292874632391360e+01,2.841397004092882028e+01,2.087404665895693068e+00,2.550000000000000266e+00,2.841397004092882028e+01,2.087404665895693068e+00,2.813934435997283146e+01,2.512410215130318925e+00
1.793804550155263655e+02,2.398933423530962727e+00,2.800316684948468904e+01,2.842156148618994393e+01,2.084629902595391382e+00,2.550000000000000266e+00,2.842156148618994393e+01,2.084629902595391382e+00,2.814286433535965060e+01,2.511934643747157470e+00
1.800000000000000000e+02,6.195449844736344858e-01,2.800323055990824983e+01,2.842352661628464361e+01,2.083917008102224688e+00,2.550000000000000266e+00,2.842352661628464361e+01,2.083917008102224688e+00,2.814377891682749322e+01,2.511811927701125935e+00
1.800000320293677589e+02,3.202936775892339938e-05,2.800323056322582715e+01,2.842352671791698171e+01,2.083916971285907582e+00,2.550000000000000266e+00,2.842352671791698171e+01,2.083916971285907582e+00,2.814377896416822011e+01,2.511811921358029664e+00
1.800000640587355178e+02,3.202936775892339938e-05,2.800323056654340803e+01,2.842352681954253768e+01,2.083916934469594917e+00,2.550000000000000266e+00,2.842352681954253768e+01,2.083916934469594917e+00,2.814377901150894346e+01,2.511811915014932506e+00
1.800003843524131071e+02,3.202936775892339938e-04,2.800323059971941575e+01,2.842352783556334828e+01,2.083916566306849738e+00,2.550000000000000266e+00,2.842352783556334828e+01,2.083916566306849738e+00,2.814377948491647885e+01,2.511811851583973798e+00
1.800007046460906963e+02,3.202936775892339938e-04,2.800323063289566861e+01,2.842352885140542185e+01,2.083916198144526444e+00,2.550000000000000266e+00,2.842352885140542185e+01,2.083916198144526444e+00,2.814377995832433754e+01,2.511811788153026637e+00
1.800039075828665887e+02,3.202936775892339938e-03,2.800323096467943884e+01,2.842353900272099310e+01,2.083912516557004491e+00,2.550000000000000266e+00,2.842353900272099310e+01,2.083912516557004491e+00,2.814378469243091274e+01,2.511811153844532019e+00
1.800071105196424810e+02,3.202936775892339938e-03,2.800323129648740661e+01,2.842354914850961478e+01,2.083908835009713911e+00,2.550000000000000266e+00,2.842354914850961478e+01,2.083908835009713911e+00,2.814378942656944460e+01,2.511810519537153397e+00
1.800162165349391046e+02,9.106015296623581889e-03,2.800323223994612931e+01,2.842357797425439259e+01,2.083898368496063025e+00,2.550000000000000266e+00,2.842357797425439259e+01,2.083898368496063025e+00,2.814380288598387025e+01,2.511808716193811630e+00
1.800253225502357282e+02,9.106015296623581889e-03,2.800323318359792069e+01,2.842360677534365720e+01,2.083887902300446626e+00,2.550000000000000266e+00,2.842360677534365720e+01,2.083887902300446626e+00,2.814381634565351575e+01,2.511806912859366747e+00
1.800344285655323517e+02,9.106015296623581889e-03,2.800323412744774032e+01,2.842363555709710710e+01,2.083877436430125574e+00,2.550000000000000266e+00,2.842363555709710710e+01,2.083877436430125574e+00,2.814382980558515612e+01,2.511805109534047009e+00
1.800513601327617721e+02,1.693156722942035231e-02,2.800323588295526633e+01,2.842368903064201646e+01,2.083857977240288761e+00,2.550000000000000266e+00,2.842368903064201646e+01,2.083857977240288761e+00,2.814385483345002825e+01,2.511801756486554460e+00
1.800682916999911924e+02,1.693156722942035231e-02,2.800323763915603692e+01,2.842374245904753138e+01,2.083838519185335247e+00,2.550000000000000266e+00,2.842374245904753138e+01,2.083838519185335247e+00,2.814387986223334082e+01,2.511798403470991925e+00
1.800852232672206128e+02,1.693156722942035231e-02,2.800323939604977497e+01,2.842379584838769802e+01,2.083819062263520205e+00,2.550000000000000266e+00,2.842379584838769802e+01,2.083819062263520205e+00,2.814390489193538514e+01,2.511795050487337200e+00
1.801021548344500331e+02,1.693156722942035231e-02,2.800324115363559585e+01,2.842384920260706593e+01,2.083799606472410915e+00,2.550000000000000266e+00,2.842384920260706593e+01,2.083799606472410915e+00,2.814392992255550041e+01,2.511791697535540102e+00
1.801314717947904569e+02,2.931696034042374777e-02,2.800324419852734437e+01,2.842394151101402500e+01,2.083765921497494400e+00,2.550000000000000266e+00,2.842394151101402500e+01,2.083765921497494400e+00,2.814397326517551434e+01,2.511785891984394059e+00
1.801607887551308806e+02,2.931696034042374777e-02,2.800324724549482269e+01,2.842403373614896012e+01,2.083732239907282402e+00,2.550000000000000266e+00,2.842403373614896012e+01,2.083732239907282402e+00,2.814401661055240567e+01,2.511780086528724087e+00
1.801901057154713044e+02,2.931696034042374777e-02,2.800325029453923165e+01,2.842412588675127338e+01,2.083698561700321417e+00,2.550000000000000266e+00,2.842412588675127338e+01,2.083698561700321417e+00,2.814405995868938959e+01,2.511774281168537293e+00
1.802194226758117281e+02,2.931696034042374777e-02,2.800325334566160862e+01,2.842421796901659192e+01,2.083664886875249866e+00,2.550000000000000266e+00,2.842421796901659192e+01,2.083664886875249866e+00,2.814410330958924078e+01,2.511768475903835451e+00
1.802697267015893203e+02,5.030402577759218730e-02,2.800325858582797522e+01,2.842437582416899389e+01,2.083607113205506511e+00,2.550000000000000266e+00,2.842437582416899389e+01,2.083607113205506511e+00,2.814417770044247291e+01,2.511758515060002139e+00
1.803200307273669125e+02,5.030402577759218730e-02,2.800326383211869086e+01,2.842453351272732220e+01,2.083549349480924295e+00,2.550000000000000266e+00,2.842453351272732220e+01,2.083549349480924295e+00,2.814425209944692696e+01,2.511748554497213348e+00
1.803703347531445047e+02,5.030402577759218730e-02,2.800326908453777364e+01,2.842469104999162610e+01,2.083491595694954235e+00,2.550000000000000266e+00,2.842469104999162610e+01,2.083491595694954235e+00,2.814432650661190394e+01,2.511738594215418008e+00
1.804206387789220969e+02,5.030402577759218730e-02,2.800327434308929142e+01,2.842484844753188611e+01,2.083433851841668627e+00,2.550000000000000266e+00,2.842484844753188611e+01,2.083433851841668627e+00,2.814440092194591969e+01,2.511728634214566824e+00
1.804948678623173350e+02,7.422908339523814902e-02,2.800328211386599619e+01,2.842508046864888982e+01,2.083348662610928770e+00,2.550000000000000266e+00,2.842508046864888982e+01,2.083348662610928770e+00,2.814451074483504556e+01,2.511713937658694107e+00
1.805690969457125732e+02,7.422908339523814902e-02,2.800328989801775137e+01,2.842531223087189929e+01,2.083263494978701669e+00,2.550000000000000266e+00,2.842531223087189929e+01,2.083263494978701669e+00,2.814462058555242052e+01,2.511699241714298036e+00
1.806433260291078113e+02,7.422908339523814902e-02,2.800329769555774106e+01,2.842554375424561997e+01,2.083178348928621304e+00,2.550000000000000266e+00,2.842554375424561997e+01,2.083178348928621304e+00,2.814473044411977654e+01,2.511684546381224958e+00
1.807175551125030495e+02,7.422908339523814902e-02,2.800330550649914230e+01,2.842577505487155420e+01,2.083093224444885205e+00,2.550000000000000266e+00,2.842577505487155420e+01,2.083093224444885205e+00,2.814484032055715801e+01,2.511669851659321662e+00
1.808256812832165110e+02,1.081261707134615335e-01,2.800331690835217557e+01,2.842611160939647519e+01,2.082969265989803809e+00,2.550000000000000266e+00,2.842611160939647519e+01,2.082969265989803809e+00,2.814500040463929409e+01,2.511648447611368073e+00
1.809338074539299726e+02,1.081261707134615335e-01,2.800332833870957572e+01,2.842644775455077877e+01,2.082845353215837747e+00,2.550000000000000266e+00,2.842644775455077877e+01,2.082845353215837747e+00,2.814516052673242541e+01,2.511627044859420455e+00
1.810419336246434341e+02,1.081261707134615335e-01,2.800333979761205327e+01,2.842678351892830335e+01,2.082721486077331985e+00,2.550000000000000266e+00,2.842678351892830335e+01,2.082721486077331985e+00,2.814532068688642852e+01,2.511605643403003629e+00
1.811500597953568956e+02,1.081261707134615335e-01,2.800335128510030813e+01,2.842711892688318187e+01,2.082597664529304282e+00,2.550000000000000266e+00,2.842711892688318187e+01,2.082597664529304282e+00,2.814548088514798607e+01,2.511584243241645531e+00
1.812581859660703572e+02,1.081261707134615335e-01,2.800336280121504373e+01,2.842745399923132510e+01,2.082473888527342165e+00,2.550000000000000266e+00,2.842745399923132510e+01,2.082473888527342165e+00,2.814564112156099185e+01,2.511562844374872316e+00
1.814307447794078314e+02,1.725588133374742483e-01,2.800338123920797884e+01,2.842798809077542188e+01,2.082276448346324749e+00,2.550000000000000266e+00,2.842798809077542188e+01,2.082276448346324749e+00,2.814589692236337015e+01,2.511528696552864481e+00
1.816033035927453057e+02,1.725588133374742483e-01,2.800339975037880080e+01,2.842852143425460554e+01,2.082079123878314064e+00,2.550000000000000266e+00,2.842852143425460554e+01,2.082079123878314064e+00,2.814615282059607182e+01,2.511494552024919891e+00
1.817758624060827799e+02,1.725588133374742483e-01,2.800341833489281029e+01,2.842905408089801611e+01,2.081881914948541024e+00,2.550000000000000266e+00,2.842905408089801611e+01,2.081881914948541024e+00,2.814640881640491088e+01,2.511460410789122299e+00
1.819484212194202541e+02,1.725588133374742483e-01,2.800343699291527244e+01,2.842958607469370591e+01,2.081684821383671835e+00,2.550000000000000266e+00,2.842958607469370591e+01,2.081684821383671835e+00,2.814666490992627246e+01,2.511426272843560792e+00
1.821209800327577284e+02,1.725588133374742483e-01,2.800345572461140264e+01,2.843011745373912902e+01,2.081487843011616157e+00,2.550000000000000266e+00,2.843011745373912902e+01,2.081487843011616157e+00,2.814692110128840952e+01,2.511392138186324452e+00
1.823579099911680999e+02,2.369299584103714551e-01,2.800348156428537294e+01,2.843084611661246441e+01,2.081217571401689170e+00,2.550000000000000266e+00,2.843084611661246441e+01,2.081217571401689170e+00,2.814727302160417821e+01,2.511345275328700222e+00
1.825948399495784713e+02,2.369299584103714551e-01,2.800350754359032734e+01,2.843157375676986831e+01,2.080947516195419844e+00,2.549999999999999822e+00,2.843157375676986831e+01,2.080947516195419844e+00,2.814762512689440044e+01,2.511298418661823018e+00
1.828317699079888428e+02,2.369299584103714551e-01,2.800353366295346547e+01,2.843230043781833416e+01,2.080677676955999367e+00,2.550000000000000266e+00,2.843230043781833416e+01,2.080677676955999367e+00,2.814797741743387149e+01,2.511251568180774996e+00
1.830686998663992142e+02,2.369299584103714551e-01,2.800355992280178796e+01,2.843302621551780618e+01,2.080408053249135136e+00,2.550000000000000266e+00,2.843302621551780618e+01,2.080408053249135136e+00,2.814832989348113657e+01,2.511204723880650747e+00
1.833056298248095857e+02,2.369299584103714551e-01,2.800358632356211430e+01,2.843375113912238561e+01,2.080138644642850920e+00,2.550000000000000266e+00,2.843375113912238561e+01,2.080138644642850920e+00,2.814868255528027774e+01,2.511157885756551522e+00
1.836277349373558252e+02,3.221051125462395248e-01,2.800362244203530082e+01,2.843473537737814638e+01,2.079772729188106961e+00,2.550000000000000266e+00,2.843473537737814638e+01,2.079772729188106961e+00,2.814916229559469940e+01,2.511094219454034437e+00
1.839498400499020647e+02,3.221051125462395248e-01,2.800365882280558338e+01,2.843571821414619549e+01,2.079407209419892322e+00,2.550000000000000266e+00,2.843571821414619549e+01,2.079407209419892322e+00,2.814964238019377518e+01,2.511030564544928900e+00
1.842719451624483042e+02,3.221051125462395248e-01,2.800369546694352607e+01,2.843669973391236638e+01,2.079042084270611657e+00,2.549999999999999822e+00,2.843669973391236638e+01,2.079042084270611657e+00,2.815012280959020075e+01,2.510966921017017128e+00
1.845940502749945438e+02,3.221051125462395248e-01,2.800373237551891137e+01,2.843768001168280435e+01,2.078677352678656831e+00,2.550000000000000266e+00,2.843768001168280435e+01,2.078677352678656831e+00,2.815060358426691423e+01,2.510903288858111537e+00
1.849161553875407833e+02,3.221051125462395248e-01,2.800376954960073661e+01,2.843865911451678841e+01,2.078313013588158675e+00,2.549999999999999822e+00,2.843865911451678841e+01,2.078313013588158675e+00,2.815108470468028301e+01,2.510839668056059626e+00
1.853372523381687813e+02,4.210969506279980124e-01,2.800381855052651758e+01,2.843993745040931387e+01,2.077837293217892789e+00,2.549999999999999822e+00,2.843993745040931387e+01,2.077837293217892789e+00,2.815171420890797194e+01,2.510756511924788548e+00
1.857583492887967793e+02,4.210969506279980124e-01,2.800386800944082566e+01,2.844121400083299989e+01,2.077362239546558076e+00,2.550000000000000266e+00,2.844121400083299989e+01,2.077362239546558076e+00,2.815234430568367330e+01,2.510673375155871412e+00
1.861794462394247773e+02,4.210969506279980124e-01,2.800391792872546404e+01,2.844248887232568990e+01,2.076887850256262880e+00,2.550000000000000266e+00,2.844248887232568990e+01,2.076887850256262880e+00,2.815297499586172592e+01,2.510590257722403518e+00
1.866005431900527753e+02,4.210969506279980124e-01,2.800396831075951098e+01,2.844376216055449191e+01,2.076414123043738513e+00,2.550000000000000266e+00,2.844376216055449191e+01,2.076414123043738513e+00,2.815360628024705747e+01,2.510507159597572535e+00
1.870216401406807734e+02,4.210969506279980124e-01,2.800401915791918839e+01,2.844503395194751150e+01,2.075941055619999975e+00,2.550000000000000266e+00,2.844503395194751150e+01,2.075941055619999975e+00,2.815423815959997356e+01,2.510424080754662501e+00
1.875569015796313010e+02,5.352614389505276904e-01,2.800408446546635943e+01,2.844664850374642029e+01,2.075340682655275160e+00,2.549999999999999822e+00,2.844664850374642029e+01,2.075340682655275160e+00,2.815504220902251120e+01,2.510318506020259299e+00
1.880921630185818287e+02,5.352614389505276904e-01,2.800415053323042969e+01,2.844826090869429080e+01,2.074741367413544424e+00,2.549999999999999822e+00,2.844826090869429080e+01,2.074741367413544424e+00,2.815584722230163806e+01,2.510212962342671883e+00
1.886274244575323564e+02,5.352614389505276904e-01,2.800421736607007617e+01,2.844987129731746123e+01,2.074143105289629307e+00,2.549999999999999822e+00,2.844987129731746123e+01,2.074143105289629307e+00,2.815665320074254296e+01,2.510107449667668078e+00
1.891626858964828841e+02,5.352614389505276904e-01,2.800428496883527174e+01,2.845147978794866006e+01,2.073545891712740730e+00,2.549999999999999822e+00,2.845147978794866006e+01,2.073545891712740730e+00,2.815746014557299759e+01,2.510001967941251522e+00
1.896979473354334118e+02,5.352614389505276904e-01,2.800435334636694762e+01,2.845308648842291532e+01,2.072949722145916329e+00,2.549999999999999822e+00,2.845308648842291532e+01,2.072949722145916329e+00,2.815826805795016341e+01,2.509896517109657665e+00
1.903626583075685232e+02,6.647109721351114331e-01,2.800443934631357124e+01,2.845507941501347204e+01,2.072210819307636065e+00,2.549999999999999822e+00,2.845507941501347204e+01,2.072210819307636065e+00,2.815927270720738207e+01,2.509765606598685306e+00
1.910273692797036347e+02,6.647109721351114331e-01,2.800452655776856048e+01,2.845706990465558306e+01,2.071473511018151026e+00,2.550000000000000266e+00,2.845706990465558306e+01,2.071473511018151026e+00,2.816027885223742544e+01,2.509634743548387892e+00
1.916920802518387461e+02,6.647109721351114331e-01,2.800461498993997012e+01,2.845905811341366842e+01,2.070737788799524193e+00,2.549999999999999822e+00,2.845905811341366842e+01,2.070737788799524193e+00,2.816128649487728808e+01,2.509503927857286154e+00
1.923567912239738575e+02,6.647109721351114331e-01,2.800470465201074077e+01,2.846104418390017088e+01,2.070003644249273300e+00,2.549999999999999822e+00,2.846104418390017088e+01,2.070003644249273300e+00,2.816229563684829174e+01,2.509373159424437283e+00
1.930215021961089690e+02,6.647109721351114331e-01,2.800479555313773616e+01,2.846302824701107781e+01,2.069271069039243738e+00,2.549999999999999822e+00,2.846302824701107781e+01,2.069271069039243738e+00,2.816330627976568479e+01,2.509242438149432264e+00
1.938475456838837943e+02,8.260434877748252802e-01,2.800491025734743289e+01,2.846549124694014310e+01,2.068362864412080171e+00,2.549999999999999822e+00,2.846549124694014310e+01,2.068362864412080171e+00,2.816456431048516862e+01,2.509080054977398611e+00
1.946735891716586195e+02,8.260434877748252802e-01,2.800502690662793626e+01,2.846795154447983833e+01,2.067457054933846461e+00,2.550000000000000266e+00,2.846795154447983833e+01,2.067457054933846461e+00,2.816582466421613873e+01,2.508917744287876062e+00
1.954996326594334448e+02,8.260434877748252802e-01,2.800514551837128607e+01,2.847040933346404046e+01,2.066553625086541945e+00,2.549999999999999822e+00,2.847040933346404046e+01,2.066553625086541945e+00,2.816708734348148369e+01,2.508755505891544502e+00
1.963256761472082701e+02,8.260434877748252802e-01,2.800526610989766496e+01,2.847286479170773532e+01,2.065652559518641240e+00,2.550000000000000266e+00,2.847286479170773532e+01,2.065652559518641240e+00,2.816835235062417198e+01,2.508593339600308614e+00
1.971517196349830954e+02,8.260434877748252802e-01,2.800538869845287948e+01,2.847531808298722567e+01,2.064753843042420378e+00,2.549999999999999822e+00,2.847531808298722567e+01,2.064753843042420378e+00,2.816961968782146286e+01,2.508431245227285000e+00
1.979777631227579207e+02,8.260434877748252802e-01,2.800551330120585902e+01,2.847776935879213056e+01,2.063857460631313590e+00,2.549999999999999822e+00,2.847776935879213056e+01,2.063857460631313590e+00,2.817088935709782049e+01,2.508269222586785752e+00
1.991903940783525115e+02,1.212630955594590887e+00,2.800569990242061635e+01,2.848136447008749172e+01,2.062545769296902698e+00,2.550000000000000266e+00,2.848136447008749172e+01,2.062545769296902698e+00,2.817275745873075365e+01,2.508031503082114089e+00
2.004030250339471024e+02,1.212630955594590887e+00,2.800589093482884095e+01,2.848495594751355497e+01,2.061239029484672081e+00,2.550000000000000266e+00,2.848495594751355497e+01,2.061239029484672081e+00,2.817463059552574478e+01,2.507793937186054922e+00
2.016156559895416933e+02,1.212630955594590887e+00,2.800608645177998923e+01,2.848854416148623514e+01,2.059937195475145977e+00,2.549999999999999822e+00,2.848854416148623514e+01,2.059937195475145977e+00,2.817650877238344975e+01,2.507556524324855651e+00
2.028282869451362842e+02,1.212630955594590887e+00,2.800628650621497329e+01,2.849212944947817050e+01,2.058640222242347662e+00,2.550000000000000266e+00,2.849212944947817050e+01,2.058640222242347662e+00,2.817839199370141401e+01,2.507319263930046116e+00
2.040409179007308751e+02,1.212630955594590887e+00,2.800649115065251493e+01,2.849571212038576107e+01,2.057348065438771023e+00,2.549999999999999822e+00,2.849571212038576107e+01,2.057348065438771023e+00,2.818028026341711367e+01,2.507082155438359550e+00
2.052535488563254660e+02,1.212630955594590887e+00,2.800670043717623159e+01,2.849929245830291791e+01,2.056060681380783794e+00,2.550000000000000266e+00,2.849929245830291791e+01,2.056060681380783794e+00,2.818217358504675119e+01,2.506845198291652199e+00
2.067482629672173005e+02,1.494714110891834480e+00,2.800696487206677432e+01,2.850370283423749740e+01,2.054480328529994626e+00,2.550000000000000266e+00,2.850370283423749740e+01,2.054480328529994626e+00,2.818451428860128516e+01,2.506553327418469035e+00
2.082429770781091349e+02,1.494714110891834480e+00,2.800723653409583846e+01,2.850811051436805599e+01,2.052907082560789576e+00,2.550000000000000266e+00,2.850811051436805599e+01,2.052907082560789576e+00,2.818686267764509878e+01,2.506261684626405195e+00
2.097376911890009694e+02,1.494714110891834480e+00,2.800751551791738692e+01,2.851251591156563947e+01,2.051340865637419242e+00,2.550000000000000266e+00,2.851251591156563947e+01,2.051340865637419242e+00,2.818921875653707687e+01,2.505970268901277276e+00
2.112324052998928039e+02,1.494714110891834480e+00,2.800780191706957822e+01,2.851691940471646092e+01,2.049781601318879876e+00,2.549999999999999822e+00,2.851691940471646092e+01,2.049781601318879876e+00,2.819158252894215266e+01,2.505679079239970797e+00
2.127271194107846384e+02,1.494714110891834480e+00,2.800809582394992248e+01,2.852132134285862719e+01,2.048229214523912933e+00,2.550000000000000266e+00,2.852132134285862719e+01,2.048229214523912933e+00,2.819395399788718848e+01,2.505388114650239473e+00
2.142218335216764729e+02,1.494714110891834480e+00,2.800839732979263985e+01,2.852572204870969585e+01,2.046683631497122402e+00,2.550000000000000266e+00,2.852572204870969585e+01,2.046683631497122402e+00,2.819633316581090554e+01,2.505097374150521361e+00
2.160599293226268856e+02,1.838095800950412695e+00,2.800877865164491709e+01,2.853113248209412234e+01,2.044792201643109486e+00,2.550000000000000266e+00,2.853113248209412234e+01,2.044792201643109486e+00,2.819926945953025665e+01,2.504740147429354913e+00
2.178980251235772982e+02,1.838095800950412695e+00,2.800917176599888236e+01,2.853654201665716528e+01,2.042910819058258554e+00,2.550000000000000266e+00,2.853654201665716528e+01,2.042910819058258554e+00,2.820221740124848608e+01,2.504383256333154506e+00
2.197361209245277109e+02,1.838095800950412695e+00,2.800957683502337403e+01,2.854195112369174225e+01,2.041039354395720373e+00,2.550000000000000266e+00,2.854195112369174225e+01,2.041039354395720373e+00,2.820517699238885001e+01,2.504026699100459830e+00
2.215742167254781236e+02,1.838095800950412695e+00,2.800999401804931921e+01,2.854736023705832793e+01,2.039177681025543976e+00,2.550000000000000266e+00,2.854736023705832793e+01,2.039177681025543976e+00,2.820814823339926392e+01,2.503670473992393397e+00
2.234123125264285363e+02,1.838095800950412695e+00,2.801042347153116197e+01,2.855276975738293643e+01,2.037325674955400068e+00,2.550000000000000266e+00,2.855276975738293643e+01,2.037325674955400068e+00,2.821113112382833776e+01,2.503314579292189368e+00
2.252504083273789490e+02,1.838095800950412695e+00,2.801086534901034852e+01,2.855818005567160967e+01,2.035483214754150172e+00,2.550000000000000266e+00,2.855818005567160967e+01,2.035483214754150172e+00,2.821412566239373731e+01,2.502959013304733471e+00
2.274939336719426990e+02,2.243525344563749968e+00,2.801142174720171951e+01,2.856478525900204346e+01,2.033247125888439921e+00,2.550000000000000266e+00,2.856478525900204346e+01,2.033247125888439921e+00,2.821779648984779598e+01,2.502525463013602902e+00
2.297374590165064490e+02,2.243525344563749968e+00,2.801199714654591943e+01,2.857139271138355596e+01,2.031024869907344321e+00,2.550000000000000266e+00,2.857139271138355596e+01,2.031024869907344321e+00,2.822148466233474551e+01,2.502092396941650421e+00
2.319809843610701989e+02,2.243525344563749968e+00,2.801259180813607230e+01,2.857800294410227693e+01,2.028816240569361717e+00,2.549999999999999822e+00,2.857800294410227693e+01,2.028816240569361717e+00,2.822519017323042689e+01,2.501659812131869387e+00
2.342245097056339489e+02,2.243525344563749968e+00,2.801320598625350300e+01,2.858461644636390986e+01,2.026621036638239115e+00,2.550000000000000266e+00,2.858461644636390986e+01,2.026621036638239115e+00,2.822891301456865776e+01,2.501227705671133172e+00
2.364680350501976989e+02,2.243525344563749968e+00,2.801383992826706049e+01,2.859123366974644753e+01,2.024439061714887078e+00,2.549999999999999822e+00,2.859123366974644753e+01,2.024439061714887078e+00,2.823265317714579581e+01,2.500796074689134230e+00
2.387115603947614488e+02,2.243525344563749968e+00,2.801449387452951001e+01,2.859785503208493651e+01,2.022270124076152253e+00,2.550000000000000266e+00,2.859785503208493651e+01,2.022270124076152253e+00,2.823641065061535826e+01,2.500364916357360023e+00
2.400000000000000000e+02,1.288439605238551167e+00,2.801487856464453685e+01,2.860165965282088507e+01,2.021030340357947708e+00,2.549999999999999822e+00,2.860165965282088507e+01,2.021030340357947708e+00,2.823857636020058948e+01,2.500117517973995618e+00
2.400000329794792151e+02,3.297947921510058222e-05,2.801487857457703612e+01,2.860165975025887519e+01,2.021030308677828735e+00,2.549999999999999822e+00,2.860165975025887519e+01,2.021030308677828735e+00,2.823857641570807786e+01,2.500117511643454193e+00
2.400000659589584302e+02,3.297947921510058222e-05,2.801487858450953894e+01,2.860165984771948899e+01,2.021030276997710651e+00,2.549999999999999822e+00,2.860165984771948899e+01,2.021030276997710651e+00,2.823857647121556980e+01,2.500117505312913213e+00
2.400003957537505812e+02,3.297947921510058222e-04,2.801487868383494373e+01,2.860166082311030777e+01,2.021029960196665254e+00,2.549999999999999822e+00,2.860166082311030777e+01,2.021029960196665254e+00,2.823857702629172195e+01,2.500117442007509183e+00
2.400007255485427322e+02,3.297947921510058222e-04,2.801487878316078195e+01,2.860166179909928630e+01,2.021029643395806819e+00,2.549999999999999822e+00,2.860166179909928630e+01,2.021029643395806819e+00,2.823857758136917084e+01,2.500117378702115811e+00
2.400032818440172946e+02,2.556295474562375603e-03,2.801487955307505118e+01,2.860166937971669654e+01,2.021027187830766181e+00,2.549999999999999822e+00,2.860166937971669654e+01,2.021027187830766181e+00,2.823858188393698398e+01,2.500116888011777228e+00
2.400058381394918570e+02,2.556295474562375603e-03,2.801488032301520192e+01,2.860167697271290521e+01,2.021024732280345404e+00,2.549999999999999822e+00,2.860167697271290521e+01,2.021024732280345404e+00,2.823858618658215391e+01,2.500116397322033279e+00
2.400116637970330657e+02,5.825657541208784096e-03,2.801488207775399530e+01,2.860169430689248671e+01,2.021019136266111627e+00,2.549999999999999822e+00,2.860169430689248671e+01,2.021019136266111627e+00,2.823859599233587403e+01,2.500115279068952034e+00
2.400174894545742745e+02,5.825657541208784096e-03,2.801488383262426751e+01,2.860171167890124266e+01,2.021013540329402058e+00,2.549999999999999822e+00,2.860171167890124266e+01,2.021013540329402058e+00,2.823860579848215124e+01,2.500114160818887932e+00
2.400233151121154833e+02,5.825657541208784096e-03,2.801488558763018943e+01,2.860172908195055896e+01,2.021007944473680151e+00,2.549999999999999822e+00,2.860172908195055896e+01,2.021007944473680151e+00,2.823861560503321044e+01,2.500113042571935562e+00
2.400339388898467234e+02,1.062377773124012492e-02,2.801488878844350694e+01,2.860176088617766155e+01,2.020997739978444674e+00,2.549999999999999822e+00,2.860176088617766155e+01,2.020997739978444674e+00,2.823863348949167573e+01,2.500111003324011705e+00
2.400445626675779636e+02,1.062377773124012492e-02,2.801489198971477279e+01,2.860179276312655716e+01,2.020987535760579323e+00,2.549999999999999822e+00,2.860179276312655716e+01,2.020987535760579323e+00,2.823865137531493374e+01,2.500108964086592778e+00
2.400551864453092037e+02,1.062377773124012492e-02,2.801489519144367435e+01,2.860182470337354488e+01,2.020977331821021572e+00,2.549999999999999822e+00,2.860182470337354488e+01,2.020977331821021572e+00,2.823866926250104115e+01,2.500106924859672564e+00
2.400658102230404438e+02,1.062377773124012492e-02,2.801489839362940515e+01,2.860185670080569764e+01,2.020967128159997461e+00,2.549999999999999822e+00,2.860185670080569764e+01,2.020967128159997461e+00,2.823868715104681115e+01,2.500104885643230190e+00
2.400831477579208411e+02,1.733753488039724289e-02,2.801490362043573867e+01,2.860190903026364140e+01,2.020950476836478771e+00,2.549999999999999822e+00,2.860190903026364140e+01,2.020950476836478771e+00,2.823871634727930768e+01,2.500101557754783155e+00
2.401004852928012383e+02,1.733753488039724289e-02,2.801490884845859597e+01,2.860196148321106691e+01,2.020933826258029420e+00,2.549999999999999822e+00,2.860196148321106691e+01,2.020933826258029420e+00,2.823874554712757856e+01,2.500098229894234247e+00
2.401178228276816355e+02,1.733753488039724289e-02,2.801491407769836428e+01,2.860201404811838088e+01,2.020917176426173523e+00,2.549999999999999822e+00,2.860201404811838088e+01,2.020917176426173523e+00,2.823877475059003572e+01,2.500094902061587021e+00
2.401351603625620328e+02,1.733753488039724289e-02,2.801491930815528875e+01,2.860206671658565014e+01,2.020900527341963571e+00,2.549999999999999822e+00,2.860206671658565014e+01,2.020900527341963571e+00,2.823880395766495610e+01,2.500091574256845472e+00
2.401642434099010472e+02,2.908304733901445616e-02,2.801492808477898677e+01,2.860215528092341231e+01,2.020872600824995757e+00,2.549999999999999822e+00,2.860215528092341231e+01,2.020872600824995757e+00,2.823885295951550845e+01,2.500085992055158357e+00
2.401933264572400617e+02,2.908304733901445616e-02,2.801493686482832501e+01,2.860224409186479022e+01,2.020844676416697183e+00,2.549999999999999822e+00,2.860224409186479022e+01,2.020844676416697183e+00,2.823890197151633075e+01,2.500080409931980885e+00
2.402224095045790762e+02,2.908304733901445616e-02,2.801494564830373690e+01,2.860233312946467876e+01,2.020816754119116432e+00,2.549999999999999822e+00,2.860233312946467876e+01,2.020816754119116432e+00,2.823895099365917005e+01,2.500074827887305506e+00
2.402514925519180906e+02,2.908304733901445616e-02,2.801495443520569850e+01,2.860242237840567370e+01,2.020788833933747863e+00,2.549999999999999822e+00,2.860242237840567370e+01,2.020788833933747863e+00,2.823900002593651593e+01,2.500069245921127781e+00
2.402935104603196805e+02,4.201790840158992069e-02,2.801496713618781342e+01,2.860255166902714663e+01,2.020748499809827958e+00,2.549999999999999822e+00,2.860255166902714663e+01,2.020748499809827958e+00,2.823907088349935535e+01,2.500061181480373484e+00
2.403355283687212705e+02,4.201790840158992069e-02,2.801497984432474908e+01,2.860268134368968873e+01,2.020708170099859480e+00,2.549999999999999822e+00,2.860268134368968873e+01,2.020708170099859480e+00,2.823914176218212546e+01,2.500053117203436592e+00
2.403775462771228604e+02,4.201790840158992069e-02,2.801499255961799406e+01,2.860281137722385481e+01,2.020667844805780433e+00,2.549999999999999822e+00,2.860281137722385481e+01,2.020667844805780433e+00,2.823921266196662572e+01,2.500045053090299785e+00
2.404195641855244503e+02,4.201790840158992069e-02,2.801500528206901208e+01,2.860294174843482296e+01,2.020627523929025671e+00,2.549999999999999822e+00,2.860294174843482296e+01,2.020627523929025671e+00,2.823928358283569295e+01,2.500036989140945742e+00
2.404615820939260402e+02,4.201790840158992069e-02,2.801501801167927752e+01,2.860307243949228351e+01,2.020587207470613045e+00,2.549999999999999822e+00,2.860307243949228351e+01,2.020587207470613045e+00,2.823935452477310548e+01,2.500028925355354481e+00
2.405330292500435689e+02,7.144715611752872064e-02,2.801503967352057956e+01,2.860329535825373526e+01,2.020518663602040466e+00,2.549999999999999822e+00,2.860329535825373526e+01,2.020518663602040466e+00,2.823947520260950839e+01,2.500015214088562310e+00
2.406044764061610977e+02,7.144715611752872064e-02,2.801506135607326442e+01,2.860351909658137259e+01,2.020450132512212615e+00,2.549999999999999822e+00,2.860351909658137259e+01,2.020450132512212615e+00,2.823959594124657357e+01,2.500001503295130600e+00
2.406759235622786264e+02,7.144715611752872064e-02,2.801508305934455123e+01,2.860374360390539650e+01,2.020381614201553599e+00,2.550000000000000266e+00,2.860374360390539650e+01,2.020381614201553599e+00,2.823971674061793635e+01,2.499987792974972756e+00
2.407473707183961551e+02,7.144715611752872064e-02,2.801510478334166621e+01,2.860396883733394446e+01,2.020313108669538948e+00,2.549999999999999822e+00,2.860396883733394446e+01,2.020313108669538948e+00,2.823983760066105475e+01,2.499974083127999069e+00
2.408188178745136838e+02,7.144715611752872064e-02,2.801512652807180359e+01,2.860419476020588903e+01,2.020244615914871478e+00,2.549999999999999822e+00,2.860419476020588903e+01,2.020244615914871478e+00,2.823995852131661621e+01,2.499960373754123832e+00
2.409189780324214496e+02,1.001601579077657789e-01,2.801515704643813720e+01,2.860451257749620524e+01,2.020148618973563348e+00,2.549999999999999822e+00,2.860451257749620524e+01,2.020148618973563348e+00,2.824012813919618381e+01,2.499941155688190086e+00
2.410191381903292154e+02,1.001601579077657789e-01,2.801518760558423082e+01,2.860483161437608857e+01,2.020052647132306145e+00,2.549999999999999822e+00,2.860483161437608857e+01,2.020052647132306145e+00,2.824029787593696028e+01,2.499921938551603162e+00
2.411192983482369812e+02,1.001601579077657789e-01,2.801521820552986242e+01,2.860515180821409231e+01,2.019956700382808279e+00,2.549999999999999822e+00,2.860515180821409231e+01,2.019956700382808279e+00,2.824046773139960465e+01,2.499902722344120587e+00
2.412194585061447469e+02,1.001601579077657789e-01,2.801524884629479217e+01,2.860547310458577641e+01,2.019860778715774963e+00,2.549999999999999822e+00,2.860547310458577641e+01,2.019860778715774963e+00,2.824063770545152607e+01,2.499883507065502997e+00
2.413196186640525127e+02,1.001601579077657789e-01,2.801527952789874121e+01,2.860579545583624750e+01,2.019764882121088068e+00,2.549999999999999822e+00,2.860579545583624750e+01,2.019764882121088068e+00,2.824080779796602769e+01,2.499864292715507030e+00
2.414595259751332321e+02,1.399073110807194098e-01,2.801532245346824723e+01,2.860624741460629750e+01,2.019630972258843027e+00,2.549999999999999822e+00,2.860624741460629750e+01,2.019630972258843027e+00,2.824104558738424231e+01,2.499837454974391804e+00
2.415994332862139515e+02,1.399073110807194098e-01,2.801536545881284468e+01,2.860670125069117020e+01,2.019497111264129341e+00,2.549999999999999822e+00,2.860670125069117020e+01,2.019497111264129341e+00,2.824128360738862042e+01,2.499810619044033011e+00
2.417393405972946709e+02,1.399073110807194098e-01,2.801540854398599834e+01,2.860715687802944274e+01,2.019363299104091958e+00,2.550000000000000266e+00,2.860715687802944274e+01,2.019363299104091958e+00,2.824152185767862022e+01,2.499783784923774288e+00
2.418792479083753904e+02,1.399073110807194098e-01,2.801545170904107351e+01,2.860761422082998351e+01,2.019229535744663018e+00,2.549999999999999822e+00,2.860761422082998351e+01,2.019229535744663018e+00,2.824176033796671703e+01,2.499756952612959715e+00
2.420191552194561098e+02,1.399073110807194098e-01,2.801549495403131473e+01,2.860807321183562024e+01,2.019095821150778125e+00,2.549999999999999822e+00,2.860807321183562024e+01,2.019095821150778125e+00,2.824199904797704974e+01,2.499730122110934705e+00
2.422057423578812632e+02,1.865871384251533982e-01,2.801555275211781648e+01,2.860868780609229134e+01,2.018917568742225388e+00,2.549999999999999822e+00,2.860868780609229134e+01,2.018917568742225388e+00,2.824231776018130802e+01,2.499694342472860598e+00
2.423923294963064166e+02,1.865871384251533982e-01,2.801561069259864922e+01,2.860930509982489411e+01,2.018739402917981263e+00,2.550000000000000266e+00,2.860930509982489411e+01,2.018739402917981263e+00,2.824263687989835603e+01,2.499658566049214770e+00
2.425789166347315700e+02,1.865871384251533982e-01,2.801566877559919888e+01,2.860992498236576154e+01,2.018561323589326939e+00,2.549999999999999822e+00,2.860992498236576154e+01,2.018561323589326939e+00,2.824295640655018147e+01,2.499622792838446461e+00
2.427655037731567234e+02,1.865871384251533982e-01,2.801572700124448900e+01,2.861054735502091972e+01,2.018383330666251751e+00,2.549999999999999822e+00,2.861054735502091972e+01,2.018383330666251751e+00,2.824327633958137795e+01,2.499587022839008466e+00
2.429520909115818768e+02,1.865871384251533982e-01,2.801578536965919852e+01,2.861117212918670560e+01,2.018205424057692543e+00,2.549999999999999822e+00,2.861117212918670560e+01,2.018205424057692543e+00,2.824359667845692101e+01,2.499551256049352244e+00
2.431932228027886822e+02,2.411318912068054487e-01,2.801586101250464722e+01,2.861198297058144391e+01,2.017975637964643187e+00,2.549999999999999822e+00,2.861198297058144391e+01,2.017975637964643187e+00,2.824401126184725186e+01,2.499505038356834241e+00
2.434343546939954877e+02,2.411318912068054487e-01,2.801593689426622902e+01,2.861279753524203073e+01,2.017745995672806103e+00,2.549999999999999822e+00,2.861279753524203073e+01,2.017745995672806103e+00,2.824442652110798235e+01,2.499458826019104851e+00
2.436754865852022931e+02,2.411318912068054487e-01,2.801601301521040099e+01,2.861361568537034472e+01,2.017516496980455099e+00,2.549999999999999822e+00,2.861361568537034472e+01,2.017516496980455099e+00,2.824484245520653758e+01,2.499412619032836513e+00
2.439166184764090985e+02,2.411318912068054487e-01,2.801608937560263257e+01,2.861443729676773629e+01,2.017287141684719121e+00,2.549999999999999822e+00,2.861443729676773629e+01,2.017287141684719121e+00,2.824525906314698176e+01,2.499366417394709217e+00
2.441577503676159040e+02,2.411318912068054487e-01,2.801616597570739842e+01,2.861526225685103952e+01,2.017057929581827391e+00,2.549999999999999822e+00,2.861526225685103952e+01,2.017057929581827391e+00,2.824567634396669646e+01,2.499320221101404282e+00
2.444613751798534338e+02,3.036248122375297953e-01,2.801626276922769421e+01,2.861630562283640344e+01,2.016769517100145404e+00,2.549999999999999822e+00,2.861630562283640344e+01,2.016769517100145404e+00,2.824620272494443896e+01,2.499262059947627623e+00
2.447649999920909636e+02,3.036248122375297953e-01,2.801635994375275018e+01,2.861735395087021061e+01,2.016481330916533476e+00,2.550000000000000266e+00,2.861735395087021061e+01,2.016481330916533476e+00,2.824673016949463644e+01,2.499203907256194235e+00
2.450686248043284934e+02,3.036248122375297953e-01,2.801645749980383471e+01,2.861840707388534355e+01,2.016193370620660730e+00,2.550000000000000266e+00,2.861840707388534355e+01,2.016193370620660730e+00,2.824725867588126960e+01,2.499145763020514277e+00
2.453722496165660232e+02,3.036248122375297953e-01,2.801655543789969371e+01,2.861946483994292123e+01,2.015905635801659379e+00,2.549999999999999822e+00,2.861946483994292123e+01,2.015905635801659379e+00,2.824778824242467579e+01,2.499087627234008124e+00
2.456758744288035530e+02,3.036248122375297953e-01,2.801665375855656848e+01,2.862052711018239748e+01,2.015618126048375647e+00,2.549999999999999822e+00,2.862052711018239748e+01,2.015618126048375647e+00,2.824831886749671739e+01,2.499029499890111250e+00
2.460517715715740508e+02,3.758971427704977941e-01,2.801677601340586676e+01,2.862184828495330180e+01,2.015262491045394455e+00,2.549999999999999822e+00,2.862184828495330180e+01,2.015262491045394455e+00,2.824897726225917083e+01,2.498957548082066271e+00
2.464276687143445486e+02,3.758971427704977941e-01,2.801689885637172495e+01,2.862317594800265041e+01,2.014907199595222576e+00,2.550000000000000266e+00,2.862317594800265041e+01,2.014907199595222576e+00,2.824963727412489334e+01,2.498885609191741075e+00
2.468035658571150464e+02,3.758971427704977941e-01,2.801702228841767450e+01,2.862450989816439773e+01,2.014552250918363097e+00,2.549999999999999822e+00,2.862450989816439773e+01,2.014552250918363097e+00,2.825029890027874302e+01,2.498813683206752234e+00
2.471794629998855441e+02,3.758971427704977941e-01,2.801714631050130322e+01,2.862584995138083954e+01,2.014197644236273455e+00,2.549999999999999822e+00,2.862584995138083954e+01,2.014197644236273455e+00,2.825096213799037770e+01,2.498741770114744298e+00
2.475553601426560419e+02,3.758971427704977941e-01,2.801727092357424098e+01,2.862719593850232158e+01,2.013843378771623005e+00,2.550000000000000266e+00,2.862719593850232158e+01,2.013843378771623005e+00,2.825162698460750832e+01,2.498669869903389795e+00
2.479312572854265397e+02,3.758971427704977941e-01,2.801739612858215622e+01,2.862854770334752530e+01,2.013489453748517732e+00,2.550000000000000266e+00,2.862854770334752530e+01,2.013489453748517732e+00,2.825229343754952538e+01,2.498597982560389674e+00
2.484912363840231251e+02,5.599790985965853451e-01,2.801758374794671269e+01,2.863057185092178614e+01,2.012962836488438434e+00,2.550000000000000266e+00,2.863057185092178614e+01,2.012962836488438434e+00,2.825328923507425571e+01,2.498490914843047861e+00
2.490512154826197104e+02,5.599790985965853451e-01,2.801777268612713812e+01,2.863260806296525729e+01,2.012436970481850551e+00,2.549999999999999822e+00,2.863260806296525729e+01,2.012436970481850551e+00,2.825428858380103847e+01,2.498383875616077443e+00
2.496111945812162958e+02,5.599790985965853451e-01,2.801796294617594185e+01,2.863465594251453084e+01,2.011911853185931243e+00,2.549999999999999822e+00,2.863465594251453084e+01,2.011911853185931243e+00,2.825529147593979218e+01,2.498276864839162226e+00
2.501711736798128811e+02,5.599790985965853451e-01,2.801815453111604626e+01,2.863671512847917811e+01,2.011387482068016652e+00,2.550000000000000266e+00,2.863671512847917811e+01,2.011387482068016652e+00,2.825629790394922125e+01,2.498169882472120129e+00
2.507311527784094665e+02,5.599790985965853451e-01,2.801834744394074050e+01,2.863878529065899770e+01,2.010863854606107282e+00,2.549999999999999822e+00,2.863878529065899770e+01,2.010863854606107282e+00,2.825730786051524746e+01,2.498062928474906297e+00
2.512911318770060518e+02,5.599790985965853451e-01,2.801854168761359531e+01,2.864086612544859278e+01,2.010340968289286323e+00,2.550000000000000266e+00,2.864086612544859278e+01,2.010340968289286323e+00,2.825832133853178973e+01,2.497956002807609988e+00
2.519896544086560084e+02,6.985225316499565906e-01,2.801878585869038929e+01,2.864347631239296277e+01,2.009689750683330889e+00,2.549999999999999822e+00,2.864347631239296277e+01,2.009689750683330889e+00,2.825959048494745218e+01,2.497822662501309132e+00
2.526881769403059650e+02,6.985225316499565906e-01,2.801903211079574163e+01,2.864610217084950605e+01,2.009039677604701257e+00,2.549999999999999822e+00,2.864610217084950605e+01,2.009039677604701257e+00,2.826086508705136779e+01,2.497689366138340805e+00
2.533866994719559216e+02,6.985225316499565906e-01,2.801928044948691721e+01,2.864874324291999130e+01,2.008390744255911020e+00,2.549999999999999822e+00,2.864874324291999130e+01,2.008390744255911020e+00,2.826214513219677826e+01,2.497556113642115605e+00
2.540852220036058782e+02,6.985225316499565906e-01,2.801953088024880500e+01,2.865139910788521505e+01,2.007742945868483453e+00,2.550000000000000266e+00,2.865139910788521505e+01,2.007742945868483453e+00,2.826343060809681873e+01,2.497422904936365651e+00
2.547837445352558348e+02,6.985225316499565906e-01,2.801978340849379379e+01,2.865406937743240690e+01,2.007096277703225518e+00,2.550000000000000266e+00,2.865406937743240690e+01,2.007096277703225518e+00,2.826472150279605700e+01,2.497289739945141029e+00
2.554822670669057914e+02,6.985225316499565906e-01,2.802003803956169747e+01,2.865675369161258956e+01,2.006450735050404610e+00,2.550000000000000266e+00,2.865675369161258956e+01,2.006450735050404610e+00,2.826601780464524083e+01,2.497156618592810240e+00
2.563490833455841198e+02,8.668162786783284446e-01,2.802035695012636651e+01,2.866010375974554947e+01,2.005651220897705311e+00,2.549999999999999822e+00,2.866010375974554947e+01,2.005651220897705311e+00,2.826763392324959412e+01,2.496991485121327070e+00
2.572158996242624198e+02,8.668162786783000229e-01,2.802067911684903123e+01,2.866347434868658794e+01,2.004853423839590310e+00,2.550000000000000266e+00,2.866347434868658794e+01,2.004853423839590310e+00,2.826925832970109553e+01,2.496826418590276653e+00
2.580827159029407198e+02,8.668162786783000229e-01,2.802100454946662822e+01,2.866686491220838917e+01,2.004057335066058432e+00,2.550000000000000266e+00,2.866686491220838917e+01,2.004057335066058432e+00,2.827089100342235284e+01,2.496661418857139658e+00
2.589495321816190199e+02,8.668162786783000229e-01,2.802133325754358140e+01,2.867027494489356698e+01,2.003262945836968179e+00,2.550000000000000266e+00,2.867027494489356698e+01,2.003262945836968179e+00,2.827253192437043694e+01,2.496496485780125951e+00
2.598163484602973199e+02,8.668162786783000229e-01,2.802166525047181267e+01,2.867370397732803156e+01,2.002470247481759280e+00,2.549999999999999822e+00,2.867370397732803156e+01,2.002470247481759280e+00,2.827418107299780559e+01,2.496331619218170594e+00
2.606831647389756199e+02,8.668162786783000229e-01,2.802200053747083075e+01,2.867715157199487308e+01,2.001679231399092096e+00,2.550000000000000266e+00,2.867715157199487308e+01,2.001679231399092096e+00,2.827583843021757204e+01,2.496166819030926742e+00
2.617506532531780863e+02,1.067488514202466376e+00,2.802241798466984335e+01,2.868142220423571942e+01,2.000707390110749273e+00,2.550000000000000266e+00,2.868142220423571942e+01,2.000707390110749273e+00,2.827789072526801917e+01,2.495963957784957721e+00
2.628181417673805527e+02,1.067488514202466376e+00,2.802284045791986244e+01,2.868571965815112179e+01,1.999738071434212561e+00,2.550000000000000266e+00,2.868571965815112179e+01,1.999738071434212561e+00,2.827995540722338319e+01,2.495761196732122489e+00
2.638856302815830190e+02,1.067488514202466376e+00,2.802326797336487729e+01,2.869004327429546564e+01,1.998771259731089156e+00,2.549999999999999822e+00,2.869004327429546564e+01,1.998771259731089156e+00,2.828203244292689433e+01,2.495558535614706308e+00
2.649531187957854854e+02,1.067488514202466376e+00,2.802370054675482081e+01,2.869439243927531891e+01,1.997806939517062563e+00,2.550000000000000266e+00,2.869439243927531891e+01,1.997806939517062563e+00,2.828412180001825504e+01,2.495355974176594938e+00
2.660206073099879518e+02,1.067488514202466376e+00,2.802413819344675971e+01,2.869876658069239994e+01,1.996845095460266784e+00,2.549999999999999822e+00,2.869876658069239994e+01,1.996845095460266784e+00,2.828622344687934742e+01,2.495153512163248433e+00
2.670880958241904182e+02,1.067488514202466376e+00,2.802458092840628723e+01,2.870316516276205832e+01,1.995885712379610322e+00,2.550000000000000266e+00,2.870316516276205832e+01,1.995885712379610322e+00,2.828833735258523419e+01,2.494951149321691819e+00
2.683853700919040079e+02,1.297274267713589779e+00,2.802512583582464956e+01,2.870854275152411006e+01,1.994723105072482072e+00,2.550000000000000266e+00,2.870854275152411006e+01,1.994723105072482072e+00,2.829092275147881708e+01,2.494705359328783345e+00
2.696826443596175977e+02,1.297274267713589779e+00,2.802567830475711119e+01,2.871395485059181141e+01,1.993564083386820895e+00,2.550000000000000266e+00,2.871395485059181141e+01,1.993564083386820895e+00,2.829352615707336938e+01,2.494459714978567444e+00
2.709799186273311875e+02,1.297274267713589779e+00,2.802623835975163757e+01,2.871940067351135539e+01,1.992408620952911269e+00,2.549999999999999822e+00,2.871940067351135539e+01,1.992408620952911269e+00,2.829614751747623558e+01,2.494214215826140890e+00
2.722771928950447773e+02,1.297274267713589779e+00,2.802680602452156577e+01,2.872487948538260838e+01,1.991256691713020999e+00,2.550000000000000266e+00,2.872487948538260838e+01,1.991256691713020999e+00,2.829878678195174402e+01,2.493968861429867179e+00
2.735744671627583671e+02,1.297274267713589779e+00,2.802738132195270637e+01,2.873039059752644775e+01,1.990108269916746275e+00,2.549999999999999822e+00,2.873039059752644775e+01,1.990108269916746275e+00,2.830144390084694450e+01,2.493723651351335224e+00
2.748717414304719568e+02,1.297274267713589779e+00,2.802796427411134417e+01,2.873593336282693045e+01,1.988963330116383377e+00,2.550000000000000266e+00,2.873593336282693045e+01,1.988963330116383377e+00,2.830411882552430924e+01,2.493478585155321614e+00
2.764268065978862978e+02,1.555065167414340976e+00,2.802867318634228155e+01,2.874261843093691482e+01,1.987595424244881448e+00,2.549999999999999822e+00,2.874261843093691482e+01,1.987595424244881448e+00,2.830734870202135767e+01,2.493185009059617929e+00
2.779818717653006388e+02,1.555065167414340976e+00,2.802939316343021048e+01,2.874934712231034695e+01,1.986232442847362334e+00,2.550000000000000266e+00,2.874934712231034695e+01,1.986232442847362334e+00,2.831060401515795988e+01,2.492891638353019967e+00
2.795369369327149798e+02,1.555065167414340976e+00,2.803012423885214588e+01,2.875611851415116504e+01,1.984874343754479575e+00,2.550000000000000266e+00,2.875611851415116504e+01,1.984874343754479575e+00,2.831388468623739740e+01,2.492598472303525714e+00
2.810920021001293208e+02,1.555065167414340976e+00,2.803086644449690112e+01,2.876293174047014034e+01,1.983521085380889115e+00,2.550000000000000266e+00,2.876293174047014034e+01,1.983521085380889115e+00,2.831719063819352655e+01,2.492305510185386375e+00
2.826470672675436617e+02,1.555065167414340976e+00,2.803161981070489617e+01,2.876978598653531449e+01,1.982172626714479469e+00,2.550000000000000266e+00,2.876978598653531449e+01,1.982172626714479469e+00,2.832052179549250681e+01,2.492012751279016669e+00
2.842021324349580027e+02,1.555065167414340976e+00,2.803238436631401242e+01,2.877668048399252498e+01,1.980828927305793741e+00,2.550000000000000266e+00,2.877668048399252498e+01,1.980828927305793741e+00,2.832387808404313034e+01,2.491720194870913119e+00
2.860447222844559860e+02,1.842589849497983323e+00,2.803330480639773015e+01,2.878490085105750751e+01,1.979242889574861497e+00,2.550000000000000266e+00,2.878490085105750751e+01,1.979242889574861497e+00,2.832788736647374606e+01,2.491373807224188219e+00
2.878873121339539694e+02,1.842589849497983323e+00,2.803424103758309371e+01,2.879317557376473857e+01,1.977663412357662853e+00,2.550000000000000266e+00,2.879317557376473857e+01,1.977663412357662853e+00,2.833193171190841397e+01,2.491027701721189036e+00
2.897299019834519527e+02,1.842589849497983323e+00,2.803519310033530232e+01,2.880150358173812819e+01,1.976090431311375406e+00,2.550000000000000266e+00,2.880150358173812819e+01,1.976090431311375406e+00,2.833601100407139839e+01,2.490681877207142403e+00
2.915724918329499360e+02,1.842589849497983323e+00,2.803616103271856375e+01,2.880988386650404820e+01,1.974523883115840928e+00,2.549999999999999822e+00,2.880988386650404820e+01,1.974523883115840928e+00,2.834012512893233904e+01,2.490336332538563013e+00
2.934150816824479193e+02,1.842589849497983323e+00,2.803714487059629334e+01,2.881831547576770802e+01,1.972963705451465932e+00,2.549999999999999822e+00,2.881831547576770802e+01,1.972963705451465932e+00,2.834427397457892539e+01,2.489991066583080226e+00
2.952576715319459026e+02,1.842589849497983323e+00,2.803814464784984395e+01,2.882679750834894250e+01,1.971409836977654262e+00,2.549999999999999822e+00,2.882679750834894250e+01,1.971409836977654262e+00,2.834845743110033212e+01,2.489646078219259540e+00
2.974190420372444805e+02,2.161370505298577882e+00,2.803933775099241643e+01,2.883681010470156281e+01,1.969595098194617311e+00,2.549999999999999822e+00,2.883681010470156281e+01,1.969595098194617311e+00,2.835340861946703939e+01,2.489241756794544624e+00
2.995804125425430584e+02,2.161370505298577882e+00,2.804055287927825546e+01,2.884688960233717836e+01,1.967788861652351340e+00,2.549999999999999822e+00,2.884688960233717836e+01,1.967788861652351340e+00,2.835840711075692155e+01,2.488837814018887595e+00
3.000000000000000000e+02,4.195874574569415927e-01,2.804079132938826291e+01,2.884885398684851410e+01,1.967439193926227681e+00,2.549999999999999822e+00,2.884885398684851410e+01,1.967439193926227681e+00,2.835938293777461894e+01,2.488759440235038145e+00
3.000000326254419178e+02,3.262544191784400027e-05,2.804079134796154094e+01,2.884885413966212653e+01,1.967439166749767931e+00,2.549999999999999822e+00,2.884885413966212653e+01,1.967439166749767931e+00,2.835938301372005554e+01,2.488759434141558646e+00
3.000000652508838357e+02,3.262544191784400027e-05,2.804079136653482607e+01,2.884885429245879607e+01,1.967439139573309959e+00,2.549999999999999822e+00,2.884885429245879607e+01,1.967439139573309959e+00,2.835938308966549215e+01,2.488759428048079148e+00
3.000003915053030141e+02,3.262544191784400027e-04,2.804079155226810016e+01,2.884885581983900238e+01,1.967438867808914971e+00,2.549999999999999822e+00,2.884885581983900238e+01,1.967438867808914971e+00,2.835938384912021348e+01,2.488759367113288157e+00
3.000007177597221926e+02,3.262544191784400027e-04,2.804079173800186808e+01,2.884885734677267877e+01,1.967438596044721821e+00,2.549999999999999822e+00,2.884885734677267877e+01,1.967438596044721821e+00,2.835938460857530430e+01,2.488759306178505604e+00
3.000036581188614377e+02,2.940359139245174447e-03,2.804079341195760477e+01,2.884887109331205934e+01,1.967436146791111229e+00,2.549999999999999822e+00,2.884887109331205934e+01,1.967436146791111229e+00,2.835939145316971377e+01,2.488758757006025668e+00
3.000065984780006829e+02,2.940359139245174447e-03,2.804079508595332015e+01,2.884888482816408128e+01,1.967433697553049976e+00,2.549999999999999822e+00,2.884888482816408128e+01,1.967433697553049976e+00,2.835939829779365695e+01,2.488758207834226965e+00
3.000132912684117628e+02,6.692790411079840851e-03,2.804079889640564360e+01,2.884891606309913570e+01,1.967428122695246806e+00,2.549999999999999822e+00,2.884891606309913570e+01,1.967428122695246806e+00,2.835941387749813813e+01,2.488756957821960825e+00
3.000199840588228426e+02,6.692790411079840851e-03,2.804080270706064226e+01,2.884894726302313472e+01,1.967422547915513631e+00,2.549999999999999822e+00,2.884894726302313472e+01,1.967422547915513631e+00,2.835942945735273568e+01,2.488755707813152362e+00
3.000266768492339224e+02,6.692790411079840851e-03,2.804080651792474654e+01,2.884897843442563570e+01,1.967416973216095322e+00,2.549999999999999822e+00,2.884897843442563570e+01,1.967416973216095322e+00,2.835944503736246602e+01,2.488754457807910381e+00
3.000389038824795875e+02,1.222703324566509764e-02,2.804081348052170597e+01,2.884903531927340836e+01,1.967406789027538627e+00,2.549999999999999822e+00,2.884903531927340836e+01,1.967406789027538627e+00,2.835947350082684082e+01,2.488752174187385702e+00
3.000511309157252526e+02,1.222703324566509764e-02,2.804082044382712269e+01,2.884909213787556581e+01,1.967396605110149244e+00,2.549999999999999822e+00,2.884909213787556581e+01,1.967396605110149244e+00,2.835950196481847385e+01,2.488749890578944690e+00
3.000633579489709177e+02,1.222703324566509764e-02,2.804082740784047090e+01,2.884914889911575742e+01,1.967386421463442003e+00,2.549999999999999822e+00,2.884914889911575742e+01,1.967386421463442003e+00,2.835953042933791224e+01,2.488747606982579796e+00
3.000755849822165828e+02,1.222703324566509764e-02,2.804083437256048228e+01,2.884920560875397655e+01,1.967376238086741003e+00,2.549999999999999822e+00,2.884920560875397655e+01,1.967376238086741003e+00,2.835955889438497834e+01,2.488745323398267928e+00
3.000956748915360208e+02,2.008990931943799296e-02,2.804084581763872919e+01,2.884929868601909675e+01,1.967359506640312672e+00,2.549999999999999822e+00,2.884929868601909675e+01,1.967359506640312672e+00,2.835960566568516583e+01,2.488741571328498825e+00
3.001157648008554588e+02,2.008990931943799296e-02,2.804085726462430372e+01,2.884939165161087260e+01,1.967342775921682607e+00,2.549999999999999822e+00,2.884939165161087260e+01,1.967342775921682607e+00,2.835965243841408778e+01,2.488737819291259701e+00
3.001358547101748968e+02,2.008990931943799296e-02,2.804086871351768195e+01,2.884948451658652857e+01,1.967326045930613221e+00,2.549999999999999822e+00,2.884948451658652857e+01,1.967326045930613221e+00,2.835969921257458282e+01,2.488734067286554996e+00
3.001559446194943348e+02,2.008990931943799296e-02,2.804088016431913033e+01,2.884957728898064033e+01,1.967309316666878027e+00,2.549999999999999822e+00,2.884957728898064033e+01,1.967309316666878027e+00,2.835974598816909165e+01,2.488730315314387820e+00
3.001897145772310864e+02,3.376995773675162127e-02,2.804089941674325814e+01,2.884973304215354517e+01,1.967281197395126746e+00,2.549999999999999822e+00,2.884973304215354517e+01,1.967281197395126746e+00,2.835982461843320834e+01,2.488724008542830379e+00
3.002234845349678380e+02,3.376995773675162127e-02,2.804091867455892384e+01,2.884988857675568497e+01,1.967253080176609714e+00,2.549999999999999822e+00,2.884988857675568497e+01,1.967253080176609714e+00,2.835990325276411284e+01,2.488717701863196741e+00
3.002572544927045897e+02,3.376995773675162127e-02,2.804093793776621268e+01,2.885004391192434881e+01,1.967224965010368365e+00,2.549999999999999822e+00,2.885004391192434881e+01,1.967224965010368365e+00,2.835998189117007229e+01,2.488711395275480687e+00
3.002910244504413413e+02,3.376995773675162127e-02,2.804095720636527034e+01,2.885019906233333842e+01,1.967196851895600451e+00,2.549999999999999822e+00,2.885019906233333842e+01,1.967196851895600451e+00,2.836006053365863266e+01,2.488705088779674224e+00
3.003398602393046417e+02,4.883578886330042224e-02,2.804098508082404706e+01,2.885042312684101873e+01,1.967156200270797850e+00,2.549999999999999822e+00,2.885042312684101873e+01,1.967156200270797850e+00,2.836017426824855292e+01,2.488695968921994073e+00
3.003886960281679421e+02,4.883578886330042224e-02,2.804101296655953135e+01,2.885064686012224300e+01,1.967115552932790168e+00,2.549999999999999822e+00,2.885064686012224300e+01,1.967115552932790168e+00,2.836028801141090838e+01,2.488686849256491751e+00
3.004375318170312426e+02,4.883578886330042224e-02,2.804104086357225611e+01,2.885087028661864039e+01,1.967074909879782396e+00,2.549999999999999822e+00,2.885087028661864039e+01,1.967074909879782396e+00,2.836040176316401684e+01,2.488677729783145942e+00
3.004863676058945430e+02,4.883578886330042224e-02,2.804106877186274716e+01,2.885109342615315597e+01,1.967034271110114751e+00,2.549999999999999822e+00,2.885109342615315597e+01,1.967034271110114751e+00,2.836051552352483540e+01,2.488668610501936218e+00
3.005574436694578822e+02,7.107606356333917574e-02,2.804110941000190849e+01,2.885141770716444753e+01,1.966975132715205854e+00,2.549999999999999822e+00,2.885141770716444753e+01,1.966975132715205854e+00,2.836068110683030596e+01,2.488655338558100727e+00
3.006285197330212213e+02,7.107606356333917574e-02,2.804115007203253995e+01,2.885174145868665718e+01,1.966916003385444700e+00,2.549999999999999822e+00,2.885174145868665718e+01,1.966916003385444700e+00,2.836084670844817879e+01,2.488642067021148208e+00
3.006995957965845605e+02,7.107606356333917574e-02,2.804119075795624738e+01,2.885206471634412750e+01,1.966856883116478771e+00,2.549999999999999822e+00,2.885206471634412750e+01,1.966856883116478771e+00,2.836101232842093722e+01,2.488628795891017376e+00
3.007706718601478997e+02,7.107606356333917574e-02,2.804123146777465081e+01,2.885238751056794726e+01,1.966797771904114089e+00,2.549999999999999822e+00,2.885238751056794726e+01,1.966797771904114089e+00,2.836117796678842140e+01,2.488615525167645171e+00
3.008417479237112389e+02,7.107606356333917574e-02,2.804127220148935606e+01,2.885270986746611044e+01,1.966738669744286794e+00,2.549999999999999822e+00,2.885270986746611044e+01,1.966738669744286794e+00,2.836134362358819416e+01,2.488602254850971640e+00
3.009534635137559917e+02,1.117155900447528438e-01,2.804133627403097151e+01,2.885321570977458094e+01,1.966645792725331798e+00,2.549999999999999822e+00,2.885321570977458094e+01,1.966645792725331798e+00,2.836160403616746351e+01,2.488581397718907962e+00
3.010651791038007445e+02,1.117155900447528438e-01,2.804140040561807368e+01,2.885372060109078873e+01,1.966552938045753818e+00,2.549999999999999822e+00,2.885372060109078873e+01,1.966552938045753818e+00,2.836186449449979108e+01,2.488560541591189779e+00
3.011768946938454974e+02,1.117155900447528438e-01,2.804146459625689403e+01,2.885422460352768681e+01,1.966460105690973181e+00,2.549999999999999822e+00,2.885422460352768681e+01,1.966460105690973181e+00,2.836212499870540782e+01,2.488539686467576395e+00
3.012886102838902502e+02,1.117155900447528438e-01,2.804152884595365691e+01,2.885472777056985905e+01,1.966367295646679558e+00,2.549999999999999822e+00,2.885472777056985905e+01,1.966367295646679558e+00,2.836238554889713015e+01,2.488518832347829335e+00
3.014003258739350031e+02,1.117155900447528438e-01,2.804159315471457248e+01,2.885523014867156277e+01,1.966274507898785107e+00,2.549999999999999822e+00,2.885523014867156277e+01,1.966274507898785107e+00,2.836264614518134408e+01,2.488497979231708790e+00
3.015527667445138036e+02,1.524408705788005136e-01,2.804168100216435278e+01,2.885591446592460230e+01,1.966147930851963821e+00,2.549999999999999822e+00,2.885591446592460230e+01,1.966147930851963821e+00,2.836300181489398398e+01,2.488469525849844821e+00
3.017052076150926041e+02,1.524408705788005136e-01,2.804176895961777660e+01,2.885659747843171630e+01,1.966021395259879734e+00,2.549999999999999822e+00,2.885659747843171630e+01,1.966021395259879734e+00,2.836335757085784337e+01,2.488441074335662417e+00
3.018576484856714046e+02,1.524408705788005136e-01,2.804185702709056471e+01,2.885727926295880863e+01,1.965894901088074631e+00,2.549999999999999822e+00,2.885727926295880863e+01,1.965894901088074631e+00,2.836371341329890683e+01,2.488412624688556285e+00
3.020100893562502051e+02,1.524408705788005136e-01,2.804194520459840589e+01,2.885795988691183567e+01,1.965768448302410931e+00,2.549999999999999822e+00,2.885795988691183567e+01,1.965768448302410931e+00,2.836406934243052191e+01,2.488384176907919798e+00
3.021625302268290056e+02,1.524408705788005136e-01,2.804203349215697472e+01,2.885863940992214083e+01,1.965642036869023945e+00,2.549999999999999822e+00,2.885863940992214083e+01,1.965642036869023945e+00,2.836442535845478830e+01,2.488355730993147219e+00
3.023683517567753256e+02,2.058215299463199699e-01,2.804215287025547454e+01,2.885955523008815859e+01,1.965471425128092919e+00,2.549999999999999822e+00,2.885955523008815859e+01,1.965471425128092919e+00,2.836490617983752927e+01,2.488317327049599292e+00
3.025741732867216456e+02,2.058215299463199699e-01,2.804227244903976413e+01,2.886046925443199385e+01,1.965300888627521392e+00,2.549999999999999822e+00,2.886046925443199385e+01,1.965300888627521392e+00,2.836538716041868824e+01,2.488278926504870814e+00
3.027799948166679656e+02,2.058215299463199699e-01,2.804239222854821989e+01,2.886138158361722006e+01,1.965130427285684656e+00,2.549999999999999822e+00,2.886138158361722006e+01,1.965130427285684656e+00,2.836586830061897402e+01,2.488240529357474973e+00
3.029858163466142855e+02,2.058215299463199699e-01,2.804251220881916140e+01,2.886229230709285787e+01,1.964960041021426962e+00,2.549999999999999822e+00,2.886229230709285787e+01,1.964960041021426962e+00,2.836634960083648593e+01,2.488202135605927623e+00
3.031916378765606055e+02,2.058215299463199699e-01,2.804263238989084073e+01,2.886320150488527858e+01,1.964789729754007341e+00,2.549999999999999822e+00,2.886320150488527858e+01,1.964789729754007341e+00,2.836683106144903022e+01,2.488163745248746395e+00
3.034593394267519670e+02,2.677015501913615481e-01,2.804278900376624151e+01,2.886438188714118880e+01,1.964568326663975517e+00,2.549999999999999822e+00,2.886438188714118880e+01,1.964568326663975517e+00,2.836745751324169618e+01,2.488113817948328421e+00
3.037270409769433286e+02,2.677015501913615481e-01,2.804294595748233121e+01,2.886555995089744542e+01,1.964347050133255168e+00,2.549999999999999822e+00,2.886555995089744542e+01,1.964347050133255168e+00,2.836808423772876964e+01,2.488063896384357321e+00
3.039947425271346901e+02,2.677015501913615481e-01,2.804310325112291835e+01,2.886673582156306495e+01,1.964125899986716606e+00,2.549999999999999822e+00,2.886673582156306495e+01,1.964125899986716606e+00,2.836871123561765629e+01,2.488013980553582805e+00
3.042624440773260517e+02,2.677015501913615481e-01,2.804326088477172618e+01,2.886790961175312376e+01,1.963904876049989978e+00,2.549999999999999822e+00,2.886790961175312376e+01,1.963904876049989978e+00,2.836933850757872477e+01,2.487964070452759469e+00
3.045301456275174132e+02,2.677015501913615481e-01,2.804341885851237492e+01,2.886908142318861437e+01,1.963683978149409981e+00,2.549999999999999822e+00,2.886908142318861437e+01,1.963683978149409981e+00,2.836996605424899442e+01,2.487914166078645462e+00
3.048690155086200093e+02,3.388698811025960822e-01,2.804361931735784452e+01,2.887056206583299556e+01,1.963404535126044959e+00,2.549999999999999822e+00,2.887056206583299556e+01,1.963404535126044959e+00,2.837076082881398875e+01,2.487851002857892180e+00
3.052078853897226054e+02,3.388698811025960822e-01,2.804382032146127557e+01,2.887203985395884231e+01,1.963125293433163110e+00,2.549999999999999822e+00,2.887203985395884231e+01,1.963125293433163110e+00,2.837155604570313372e+01,2.487787848801734203e+00
3.055467552708252015e+02,3.388698811025960822e-01,2.804402187099199395e+01,2.887351493910459865e+01,1.962846252722728835e+00,2.549999999999999822e+00,2.887351493910459865e+01,1.962846252722728835e+00,2.837235170601962864e+01,2.487724703903627432e+00
3.058856251519277976e+02,3.388698811025960822e-01,2.804422396611931134e+01,2.887498745853723747e+01,1.962567412648089427e+00,2.549999999999999822e+00,2.887498745853723747e+01,1.962567412648089427e+00,2.837314781080977610e+01,2.487661568157039316e+00
3.062244950330303936e+02,3.388698811025960822e-01,2.804442660701259271e+01,2.887645753722136277e+01,1.962288772863912012e+00,2.549999999999999822e+00,2.887645753722136277e+01,1.962288772863912012e+00,2.837394436106803752e+01,2.487598441555448403e+00
3.066439063058177226e+02,4.194112727873289259e-01,2.804467816688283932e+01,2.887827380919643971e+01,1.961944183803985942e+00,2.549999999999999822e+00,2.887827380919643971e+01,1.961944183803985942e+00,2.837493085084526356e+01,2.487520323900937136e+00
3.070633175786050515e+02,4.194112727873289259e-01,2.804493056336217549e+01,2.888008671370930713e+01,1.961599900380908146e+00,2.549999999999999822e+00,2.888008671370930713e+01,1.961599900380908146e+00,2.837591802616126202e+01,2.487442220232835233e+00
3.074827288513923804e+02,4.194112727873289259e-01,2.804518379677282880e+01,2.888189642912055177e+01,1.961255921947717473e+00,2.549999999999999822e+00,2.888189642912055177e+01,1.961255921947717473e+00,2.837690588862708907e+01,2.487364130538849416e+00
3.079021401241797093e+02,4.194112727873289259e-01,2.804543786743776934e+01,2.888370311815398495e+01,1.960912247860117086e+00,2.549999999999999822e+00,2.888370311815398495e+01,1.960912247860117086e+00,2.837789443977046488e+01,2.487286054806712610e+00
3.083215513969670383e+02,4.194112727873289259e-01,2.804569277568085539e+01,2.888550692990691005e+01,1.960568877476405847e+00,2.549999999999999822e+00,2.888550692990691005e+01,1.960568877476405847e+00,2.837888368104282222e+01,2.487207993024183939e+00
3.088433241223841605e+02,5.217727254171222739e-01,2.804601106643443842e+01,2.888774716915783713e+01,1.960142127135430901e+00,2.550000000000000266e+00,2.888774716915783713e+01,1.960142127135430901e+00,2.838011532180243535e+01,2.487110898948100779e+00
3.093650968478012828e+02,5.217727254171222739e-01,2.804633065462629204e+01,2.888998340811788879e+01,1.959715844618028502e+00,2.549999999999999822e+00,2.888998340811788879e+01,1.959715844618028502e+00,2.838134803531678685e+01,2.487013826419246953e+00
3.098868695732184051e+02,5.217727254171222739e-01,2.804665154088809587e+01,2.889221586685656362e+01,1.959290028704692377e+00,2.550000000000000266e+00,2.889221586685656362e+01,1.959290028704692377e+00,2.838258182396548079e+01,2.486916775414221181e+00
3.104086422986355274e+02,5.217727254171222739e-01,2.804697372585539483e+01,2.889444474673208418e+01,1.958864678181606589e+00,2.550000000000000266e+00,2.889444474673208418e+01,1.958864678181606589e+00,2.838381668999921814e+01,2.486819745909681245e+00
3.109304150240526496e+02,5.217727254171222739e-01,2.804729721016808597e+01,2.889667023271699620e+01,1.958439791840544952e+00,2.550000000000000266e+00,2.889667023271699620e+01,1.958439791840544952e+00,2.838505263555030922e+01,2.486722737882344880e+00
3.114521877494697719e+02,5.217727254171222739e-01,2.804762199447086957e+01,2.889889249545648653e+01,1.958015368478781104e+00,2.550000000000000266e+00,2.889889249545648653e+01,1.958015368478781104e+00,2.838628966264220210e+01,2.486625751308991994e+00
3.122157908680767378e+02,7.636031186069658361e-01,2.804809965403294925e+01,2.890213924475312979e+01,1.957395066139139495e+00,2.550000000000000266e+00,2.890213924475312979e+01,1.957395066139139495e+00,2.838810197867396212e+01,2.486483852178098530e+00
3.129793939866837036e+02,7.636031186069658361e-01,2.804858010132663892e+01,2.890537988001926095e+01,1.956775749098661255e+00,2.549999999999999822e+00,2.890537988001926095e+01,1.956775749098661255e+00,2.838991662088962187e+01,2.486341998874725512e+00
3.137429971052906694e+02,7.636031186069658361e-01,2.804906333844096267e+01,2.890861481092284180e+01,1.956157413649140420e+00,2.550000000000000266e+00,2.890861481092284180e+01,1.956157413649140420e+00,2.839173359457809553e+01,2.486200191326780384e+00
3.145066002238976353e+02,7.636031186069658361e-01,2.804954936749708949e+01,2.891184440941360023e+01,1.955540056106100710e+00,2.549999999999999822e+00,2.891184440941360023e+01,1.955540056106100710e+00,2.839355290467839765e+01,2.486058429462442376e+00
3.152702033425046011e+02,7.636031186069658361e-01,2.805003819065115778e+01,2.891506901479649017e+01,1.954923672808451141e+00,2.550000000000000266e+00,2.891506901479649017e+01,1.954923672808451141e+00,2.839537455581086434e+01,2.485916713210159390e+00
3.160338064611115669e+02,7.636031186069658361e-01,2.805052981009704993e+01,2.891828893811307921e+01,1.954308260118166940e+00,2.549999999999999822e+00,2.891828893811307921e+01,1.954308260118166940e+00,2.839719855230478984e+01,2.485775042498647114e+00
3.169729274095510618e+02,9.391209484394948959e-01,2.805113826819843581e+01,2.892224297686491852e+01,1.953552717437443631e+00,2.550000000000000266e+00,2.892224297686491852e+01,1.953552717437443631e+00,2.839944502505088764e+01,2.485600870436980969e+00
3.179120483579905567e+02,9.391209484394948959e-01,2.805175096343925745e+01,2.892619085333257090e+01,1.952798630696603865e+00,2.550000000000000266e+00,2.892619085333257090e+01,1.952798630696603865e+00,2.840169505843534736e+01,2.485426767018715566e+00
3.188511693064300516e+02,9.391209484394948959e-01,2.805236790017115922e+01,2.893013301214460853e+01,1.952045993267891522e+00,2.550000000000000266e+00,2.893013301214460853e+01,1.952045993267891522e+00,2.840394865899640564e+01,2.485252732112888552e+00
3.197902902548695465e+02,9.391209484394948959e-01,2.805298908285804060e+01,2.893406986001964398e+01,1.951294798573644185e+00,2.549999999999999822e+00,2.893406986001964398e+01,1.951294798573644185e+00,2.840620583280347589e+01,2.485078765589134431e+00
3.207294112033090414e+02,9.391209484394948959e-01,2.805361451608252210e+01,2.893800177050484734e+01,1.950545040085648552e+00,2.550000000000000266e+00,2.893800177050484734e+01,1.950545040085648552e+00,2.840846658549625658e+01,2.484904867317675681e+00
3.216685321517485363e+02,9.391209484394948959e-01,2.805424420455210921e+01,2.894192908801148079e+01,1.949796711324524479e+00,2.550000000000000266e+00,2.894192908801148079e+01,1.949796711324524479e+00,2.841073092231950525e+01,2.484731037169323642e+00
3.228218567236448848e+02,1.153324571896348516e+00,2.805502334728044644e+01,2.894674636844069937e+01,1.948879643246061333e+00,2.550000000000000266e+00,2.894674636844069937e+01,1.948879643246061333e+00,2.841351664135795119e+01,2.484517651203226318e+00
3.239751812955412333e+02,1.153324571896348516e+00,2.805580892433510698e+01,2.895155774369323254e+01,1.947964709977145326e+00,2.550000000000000266e+00,2.895155774369323254e+01,1.947964709977145326e+00,2.841630778168196159e+01,2.484304367549710513e+00
3.251285058674375819e+02,1.153324571896348516e+00,2.805660094528419535e+01,2.895636371089553762e+01,1.947051899811153897e+00,2.550000000000000266e+00,2.895636371089553762e+01,1.947051899811153897e+00,2.841910435093738130e+01,2.484091185973060778e+00
3.262818304393339304e+02,1.153324571896348516e+00,2.805739942003342335e+01,2.896116472666710351e+01,1.946141201146926125e+00,2.550000000000000266e+00,2.896116472666710351e+01,1.946141201146926125e+00,2.842190635612525540e+01,2.483878106238852634e+00
3.274351550112302789e+02,1.153324571896348516e+00,2.805820435883832786e+01,2.896596121183874573e+01,1.945232602487333207e+00,2.550000000000000266e+00,2.896596121183874573e+01,1.945232602487333207e+00,2.842471380365324052e+01,2.483665128113939691e+00
3.285884795831266274e+02,1.153324571896348516e+00,2.805901577231541566e+01,2.897075355550366638e+01,1.944326092437890008e+00,2.550000000000000266e+00,2.897075355550366638e+01,1.944326092437890008e+00,2.842752669938179011e+01,2.483452251366442542e+00
3.299965207549384445e+02,1.408041171811817094e+00,2.806001518342256773e+01,2.897659921687938933e+01,1.943222190854102305e+00,2.550000000000000266e+00,2.897659921687938933e+01,1.943222190854102305e+00,2.843096822871886431e+01,2.483192496989421016e+00
3.314045619267502616e+02,1.408041171811817094e+00,2.806102428209438315e+01,2.898243984710826382e+01,1.942121365138138822e+00,2.549999999999999822e+00,2.898243984710826382e+01,1.942121365138138822e+00,2.843441789526776020e+01,2.482932892953112258e+00
3.328126030985620787e+02,1.408041171811817094e+00,2.806204308995862462e+01,2.898827600201360966e+01,1.941023595160531912e+00,2.550000000000000266e+00,2.898827600201360966e+01,1.941023595160531912e+00,2.843787570687086941e+01,2.482673438843107316e+00
3.342206442703738958e+02,1.408041171811817094e+00,2.806307162952467849e+01,2.899410819320744892e+01,1.939928861007068628e+00,2.549999999999999822e+00,2.899410819320744892e+01,1.939928861007068628e+00,2.844134167048951412e+01,2.482414134247706183e+00
3.356286854421857129e+02,1.408041171811817094e+00,2.806410992419672823e+01,2.899993689298412036e+01,1.938837142975491812e+00,2.550000000000000266e+00,2.899993689298412036e+01,1.938837142975491812e+00,2.844481579227282353e+01,2.482154978757883601e+00
3.370367266139975300e+02,1.408041171811817094e+00,2.806515799828316204e+01,2.900576253857124343e+01,1.937748421572278223e+00,2.550000000000000266e+00,2.900576253857124343e+01,1.937748421572278223e+00,2.844829807761960794e+01,2.481895971967263304e+00
3.387344870377948496e+02,1.697760423797319618e+00,2.806643476527355219e+01,2.901278338483281871e+01,1.936439641862567562e+00,2.550000000000000266e+00,2.901278338483281871e+01,1.936439641862567562e+00,2.845250774235064739e+01,2.481583868978606500e+00
3.404322474615921692e+02,1.697760423797319618e+00,2.806772583282706535e+01,2.901980103614500806e+01,1.935135157374414661e+00,2.550000000000000266e+00,2.901980103614500806e+01,1.935135157374414661e+00,2.845672928955438152e+01,2.481271980887898909e+00
3.421300078853894888e+02,1.697760423797319618e+00,2.806903124882510880e+01,2.902681609648601224e+01,1.933834935107327402e+00,2.550000000000000266e+00,2.902681609648601224e+01,1.933834935107327402e+00,2.846096272498280300e+01,2.480960306997777920e+00
3.438277683091868084e+02,1.697760423797319618e+00,2.807035106303914773e+01,2.903382912245630365e+01,1.932538942473797983e+00,2.550000000000000266e+00,2.903382912245630365e+01,1.932538942473797983e+00,2.846520805323295988e+01,2.480648846616227310e+00
3.455255287329841281e+02,1.697760423797319618e+00,2.807168532709211917e+01,2.904084062832197688e+01,1.931247147292040722e+00,2.550000000000000266e+00,2.904084062832197688e+01,1.931247147292040722e+00,2.846946527783600445e+01,2.480337599056508413e+00
3.472232891567814477e+02,1.697760423797319618e+00,2.807303409440544684e+01,2.904785109042369839e+01,1.929959517778899736e+00,2.550000000000000266e+00,2.904785109042369839e+01,1.929959517778899736e+00,2.847373440133773670e+01,2.480026563637094839e+00
3.492453290710919873e+02,2.022039914310539643e+00,2.807465948177984671e+01,2.905619983041362531e+01,1.928431337137077151e+00,2.550000000000000266e+00,2.905619983041362531e+01,1.928431337137077151e+00,2.847883447292613468e+01,2.479656394975654710e+00
3.512673689854025270e+02,2.022039914310539643e+00,2.807630561642124079e+01,2.906454840596067513e+01,1.926908968627653040e+00,2.549999999999999822e+00,2.906454840596067513e+01,1.926908968627653040e+00,2.848395142646702638e+01,2.479286525140887765e+00
3.532894088997130666e+02,2.022039914310539643e+00,2.807797259761704467e+01,2.907289745219615185e+01,1.925392360687102622e+00,2.550000000000000266e+00,2.907289745219615185e+01,1.925392360687102622e+00,2.848908526158812293e+01,2.478916953009582702e+00
3.553114488140236062e+02,2.022039914310539643e+00,2.807966052745833352e+01,2.908124755470160139e+01,1.923881462495383055e+00,2.549999999999999822e+00,2.908124755470160139e+01,1.923881462495383055e+00,2.849423597647031769e+01,2.478547677468467825e+00
3.573334887283341459e+02,2.022039914310539643e+00,2.808136951053157304e+01,2.908959925461013185e+01,1.922376223960999164e+00,2.550000000000000266e+00,2.908959925461013185e+01,1.922376223960999164e+00,2.849940356795891105e+01,2.478178697414061826e+00
3.593555286426446855e+02,2.022039914310539643e+00,2.808309965358233740e+01,2.909795305308768931e+01,1.920876595706445755e+00,2.550000000000000266e+00,2.909795305308768931e+01,1.920876595706445755e+00,2.850458803166434762e+01,2.477810011752540120e+00
3.600000000000000000e+02,6.444713573553144670e-01,2.808365555503279509e+01,2.910061612134592224e+01,1.920399800245818911e+00,2.550000000000000266e+00,2.910061612134592224e+01,1.920399800245818911e+00,2.850624398625614120e+01,2.477692564710835210e+00
3.600000327803884375e+02,3.278038843745889608e-05,2.808365558336317491e+01,2.910061625681217023e+01,1.920399776008439918e+00,2.550000000000000266e+00,2.910061625681217023e+01,1.920399776008439918e+00,2.850624407052817944e+01,2.477692558737766948e+00
3.600000655607768749e+02,3.278038843745889608e-05,2.808365561169356184e+01,2.910061639228185726e+01,1.920399751771062924e+00,2.550000000000000266e+00,2.910061639228185726e+01,1.920399751771062924e+00,2.850624415480023899e+01,2.477692552764698686e+00
3.600003933646612495e+02,3.278038843745889608e-04,2.808365589499790360e+01,2.910061774709783577e+01,1.920399509397444859e+00,2.550000000000000266e+00,2.910061774709783577e+01,1.920399509397444859e+00,2.850624499752123597e+01,2.477692493034019616e+00
3.600007211685456241e+02,3.278038843745889608e-04,2.808365617830279604e+01,2.910061910200466073e+01,1.920399267023991996e+00,2.550000000000000266e+00,2.910061910200466073e+01,1.920399267023991996e+00,2.850624584024281560e+01,2.477692433303348540e+00
3.600039992073893700e+02,3.278038843745889608e-03,2.808365901139980991e+01,2.910063265469962346e+01,1.920396843302839773e+00,2.550000000000000266e+00,2.910063265469962346e+01,1.920396843302839773e+00,2.850625426750890412e+01,2.477691835997299030e+00
3.600072772462331159e+02,3.278038843745889608e-03,2.808366184455158177e+01,2.910064621022585385e+01,1.920394419596587632e+00,2.550000000000000266e+00,2.910064621022585385e+01,1.920394419596587632e+00,2.850626269483228015e+01,2.477691238692002695e+00
3.600189571297906923e+02,1.167988355757643149e-02,2.808367193968878439e+01,2.910069452364221121e+01,1.920385783872191388e+00,2.550000000000000266e+00,2.910069452364221121e+01,1.920385783872191388e+00,2.850629272241648238e+01,2.477689110456859467e+00
3.600306370133482687e+02,1.167988355757643149e-02,2.808368203551681574e+01,2.910074285615351997e+01,1.920377148331900097e+00,2.550000000000000266e+00,2.910074285615351997e+01,1.920377148331900097e+00,2.850632275072297972e+01,2.477686982231222412e+00
3.600423168969058452e+02,1.167988355757643149e-02,2.808369213205001103e+01,2.910079120320579094e+01,1.920368512978398279e+00,2.550000000000000266e+00,2.910079120320579094e+01,1.920368512978398279e+00,2.850635277976651238e+01,2.477684854015286930e+00
3.600644032431272308e+02,2.208634622138561099e-02,2.808371122625929672e+01,2.910088265907213767e+01,1.920352184267991591e+00,2.550000000000000266e+00,2.910088265907213767e+01,1.920352184267991591e+00,2.850640956590455843e+01,2.477680829642730398e+00
3.600864895893486164e+02,2.208634622138561099e-02,2.808373032301511785e+01,2.910097414960788598e+01,1.920335856227979310e+00,2.550000000000000266e+00,2.910097414960788598e+01,1.920335856227979310e+00,2.850646635470237200e+01,2.477676805305208063e+00
3.601085759355700020e+02,2.208634622138561099e-02,2.808374942231628424e+01,2.910106567035465375e+01,1.920319528856953450e+00,2.550000000000000266e+00,2.910106567035465375e+01,1.920319528856953450e+00,2.850652314615769356e+01,2.477672781002699498e+00
3.601306622817913876e+02,2.208634622138561099e-02,2.808376852415972991e+01,2.910115721838680258e+01,1.920303202153359257e+00,2.550000000000000266e+00,2.910115721838680258e+01,1.920303202153359257e+00,2.850657994026643038e+01,2.477668756735159405e+00
3.601707833204275744e+02,4.012103863618676769e-02,2.808380323019192559e+01,2.910132358275949116e+01,1.920273545521543390e+00,2.550000000000000266e+00,2.910132358275949116e+01,1.920273545521543390e+00,2.850668311661233290e+01,2.477661446525661226e+00
3.602109043590637611e+02,4.012103863618676769e-02,2.808383794461301619e+01,2.910149001842350103e+01,1.920243891086957921e+00,2.550000000000000266e+00,2.910149001842350103e+01,1.920243891086957921e+00,2.850678630170667915e+01,2.477654136431518328e+00
3.602510253976999479e+02,4.012103863618676769e-02,2.808387266742514754e+01,2.910165651800645747e+01,1.920214238847913979e+00,2.550000000000000266e+00,2.910165651800645747e+01,1.920214238847913979e+00,2.850688949554762885e+01,2.477646826452739148e+00
3.602911464363361347e+02,4.012103863618676769e-02,2.808390739862997165e+01,2.910182307640009469e+01,1.920184588803097281e+00,2.550000000000000266e+00,2.910182307640009469e+01,1.920184588803097281e+00,2.850699269813313563e+01,2.477639516589327240e+00
3.603613199903495570e+02,7.017355401342229015e-02,2.808396816529429785e+01,2.910211452475303773e+01,1.920132734773436045e+00,2.549999999999999822e+00,2.910211452475303773e+01,1.920132734773436045e+00,2.850717322524776876e+01,2.477626731577127206e+00
3.604314935443629793e+02,7.017355401342229015e-02,2.808402895764017160e+01,2.910240612332756527e+01,1.920080887446394824e+00,2.550000000000000266e+00,2.910240612332756527e+01,1.920080887446394824e+00,2.850735377909203194e+01,2.477613946917779142e+00
3.605016670983764016e+02,7.017355401342229015e-02,2.808408977567188813e+01,2.910269785907296125e+01,1.920029046816964069e+00,2.550000000000000266e+00,2.910269785907296125e+01,1.920029046816964069e+00,2.850753435965371807e+01,2.477601162611231977e+00
3.605718406523898238e+02,7.017355401342229015e-02,2.808415061939391322e+01,2.910298972225202263e+01,1.919977212880923600e+00,2.549999999999999822e+00,2.910298972225202263e+01,1.919977212880923600e+00,2.850771496692184925e+01,2.477588378657439083e+00
3.606772617131098286e+02,1.054210607200047889e-01,2.808424207263431427e+01,2.910342840856134927e+01,1.919899355826033105e+00,2.549999999999999822e+00,2.910342840856134927e+01,1.919899355826033105e+00,2.850798634167295376e+01,2.477569174108553263e+00
3.607826827738298334e+02,1.054210607200047889e-01,2.808433358388069934e+01,2.910386734289548372e+01,1.919821513857142170e+00,2.549999999999999822e+00,2.910386734289548372e+01,1.919821513857142170e+00,2.850825777664263327e+01,2.477549970355539699e+00
3.608881038345498382e+02,1.054210607200047889e-01,2.808442515314873233e+01,2.910430650781723472e+01,1.919743686963563345e+00,2.549999999999999822e+00,2.910430650781723472e+01,1.919743686963563345e+00,2.850852927180129370e+01,2.477530767398243849e+00
3.609935248952698430e+02,1.054210607200047889e-01,2.808451678045404876e+01,2.910474588945622543e+01,1.919665875135402766e+00,2.549999999999999822e+00,2.910474588945622543e+01,1.919665875135402766e+00,2.850880082712132335e+01,2.477511565236515167e+00
3.611472436682104785e+02,1.537187729406355174e-01,2.808465049003071101e+01,2.910538693432919999e+01,1.919552441497210937e+00,2.549999999999999822e+00,2.910538693432919999e+01,1.919552441497210937e+00,2.850919690083760472e+01,2.477483567202304560e+00
3.613009624411511140e+02,1.537187729406355174e-01,2.808478432308653439e+01,2.910602838582504504e+01,1.919439039843163108e+00,2.549999999999999822e+00,2.910602838582504504e+01,1.919439039843163108e+00,2.850959310233659849e+01,2.477455570858810852e+00
3.614546812140917496e+02,1.537187729406355174e-01,2.808491827967006316e+01,2.910667021964092172e+01,1.919325670146820650e+00,2.550000000000000266e+00,2.910667021964092172e+01,1.919325670146820650e+00,2.850998943154748133e+01,2.477427576205563753e+00
3.616083999870323851e+02,1.537187729406355174e-01,2.808505235982988424e+01,2.910731241516269208e+01,1.919212332382596475e+00,2.550000000000000266e+00,2.910731241516269208e+01,1.919212332382596475e+00,2.851038588840323840e+01,2.477399583242090753e+00
3.617621187599730206e+02,1.537187729406355174e-01,2.808518656361461652e+01,2.910795495486254936e+01,1.919099026525615814e+00,2.550000000000000266e+00,2.910795495486254936e+01,1.919099026525615814e+00,2.851078247284024059e+01,2.477371591967921560e+00
3.620106966759088323e+02,2.485779159358116885e-01,2.808540384565365144e+01,2.910899469329969946e+01,1.918915867604296555e+00,2.550000000000000266e+00,2.910899469329969946e+01,1.918915867604296555e+00,2.851142405751073738e+01,2.477326330981517888e+00
3.622592745918446440e+02,2.485779159358116885e-01,2.808562145130460763e+01,2.911003523961391792e+01,1.918732791956600625e+00,2.550000000000000266e+00,2.911003523961391792e+01,1.918732791956600625e+00,2.851206597540496546e+01,2.477281074409419137e+00
3.625078525077804557e+02,2.485779159358116885e-01,2.808583938077358155e+01,2.911107654974414771e+01,1.918549799484433382e+00,2.550000000000000266e+00,2.911107654974414771e+01,1.918549799484433382e+00,2.851270822629439650e+01,2.477235822249638897e+00
3.627564304237162673e+02,2.485779159358116885e-01,2.808605763426685442e+01,2.911211858607221004e+01,1.918366890091296684e+00,2.549999999999999822e+00,2.911211858607221004e+01,1.918366890091296684e+00,2.851335080996204852e+01,2.477190574500194309e+00
3.630050083396520790e+02,2.485779159358116885e-01,2.808627621199089930e+01,2.911316131621419245e+01,1.918184063682016660e+00,2.549999999999999822e+00,2.911316131621419245e+01,1.918184063682016660e+00,2.851399372620095463e+01,2.477145331159103403e+00
3.633481364695633147e+02,3.431281299112356464e-01,2.808657846197755248e+01,2.911460175228973313e+01,1.917931832756507804e+00,2.549999999999999822e+00,2.911460175228973313e+01,1.917931832756507804e+00,2.851488173096241141e+01,2.477082886096090064e+00
3.636912645994745503e+02,3.431281299112356464e-01,2.808688133069325588e+01,2.911604339420940235e+01,1.917679759525348082e+00,2.549999999999999822e+00,2.911604339420940235e+01,1.917679759525348082e+00,2.851577036853312563e+01,2.477020449423810611e+00
3.640343927293857860e+02,3.431281299112356464e-01,2.808718481868253392e+01,2.911748618820821477e+01,1.917427843746673410e+00,2.550000000000000266e+00,2.911748618820821477e+01,1.917427843746673410e+00,2.851665963843937490e+01,2.476958021137075860e+00
3.643775208592970216e+02,3.431281299112356464e-01,2.808748892649037288e+01,2.911893008747726697e+01,1.917176085180726242e+00,2.549999999999999822e+00,2.911893008747726697e+01,1.917176085180726242e+00,2.851754954022727517e+01,2.476895601230703736e+00
3.647206489892082573e+02,3.431281299112356464e-01,2.808779365466216760e+01,2.912037505096213152e+01,1.916924483589584893e+00,2.550000000000000266e+00,2.912037505096213152e+01,1.916924483589584893e+00,2.851844007346041820e+01,2.476833189699518822e+00
3.651898895650641634e+02,4.692405758559061724e-01,2.808821138712310983e+01,2.912235275019547132e+01,1.916580662674504110e+00,2.549999999999999822e+00,2.912235275019547132e+01,1.916580662674504110e+00,2.851965893247911055e+01,2.476747853140615518e+00
3.656591301409200696e+02,4.692405758559061724e-01,2.808863028218044633e+01,2.912433229171326232e+01,1.916237134285494026e+00,2.549999999999999822e+00,2.912433229171326232e+01,1.916237134285494026e+00,2.852087897057991484e+01,2.476662532221789448e+00
3.661283707167759758e+02,4.692405758559061724e-01,2.808905034123160505e+01,2.912631360571393202e+01,1.915893897826883352e+00,2.549999999999999822e+00,2.912631360571393202e+01,1.915893897826883352e+00,2.852210018676932890e+01,2.476577226929875142e+00
3.665976112926318820e+02,4.692405758559061724e-01,2.808947156567450065e+01,2.912829663080482590e+01,1.915550952706768451e+00,2.549999999999999822e+00,2.912829663080482590e+01,1.915550952706768451e+00,2.852332258008937060e+01,2.476491937251737330e+00
3.670668518684877881e+02,4.692405758559061724e-01,2.808989395690727164e+01,2.913028131261667397e+01,1.915208298336695814e+00,2.549999999999999822e+00,2.913028131261667397e+01,1.915208298336695814e+00,2.852454614961355972e+01,2.476406663174264278e+00
3.676829384590377003e+02,6.160865905499122164e-01,2.809045030691276423e+01,2.913288952356308315e+01,1.914758852832268321e+00,2.549999999999999822e+00,2.913288952356308315e+01,1.914758852832268321e+00,2.852615441228291360e+01,2.476294726753205833e+00
3.682990250495876126e+02,6.160865905499122164e-01,2.809100867382958100e+01,2.913550041087195908e+01,1.914309906203754075e+00,2.549999999999999822e+00,2.913550041087195908e+01,1.914309906203754075e+00,2.852776469900538814e+01,2.476182817172819295e+00
3.689151116401375248e+02,6.160865905499122164e-01,2.809156906081917526e+01,2.913811389000271035e+01,1.913861457142530531e+00,2.549999999999999822e+00,2.913811389000271035e+01,1.913861457142530531e+00,2.852937700787932229e+01,2.476070934403636681e+00
3.695311982306874370e+02,6.160865905499122164e-01,2.809213147103996988e+01,2.914072988596678471e+01,1.913413504347575955e+00,2.549999999999999822e+00,2.914072988596678471e+01,1.913413504347575955e+00,2.853099133706001567e+01,2.475959078416268611e+00
3.701472848212373492e+02,6.160865905499122164e-01,2.809269590764633406e+01,2.914334833185207785e+01,1.912966046525104824e+00,2.549999999999999822e+00,2.914334833185207785e+01,1.912966046525104824e+00,2.853260768475358589e+01,2.475847249181402088e+00
3.709330775012944628e+02,7.857926800571135573e-01,2.809341876846105279e+01,2.914669151069425723e+01,1.912396049015530064e+00,2.549999999999999822e+00,2.914669151069425723e+01,1.912396049015530064e+00,2.853467219498774909e+01,2.475704654444224495e+00
3.717188701813515763e+02,7.857926800571135573e-01,2.809414493742938745e+01,2.915003846727584857e+01,1.911826851976821562e+00,2.549999999999999822e+00,2.915003846727584857e+01,1.911826851976821562e+00,2.853673998255446520e+01,2.475562103119804735e+00
3.725046628614086899e+02,7.857926800571135573e-01,2.809487442105198696e+01,2.915338910384266313e+01,1.911258452771640970e+00,2.549999999999999822e+00,2.915338910384266313e+01,1.911258452771640970e+00,2.853881104401957103e+01,2.475419595147857699e+00
3.732904555414658034e+02,7.857926800571135573e-01,2.809560722580667758e+01,2.915674333313158684e+01,1.910690848778979323e+00,2.549999999999999822e+00,2.915674333313158684e+01,1.910690848778979323e+00,2.854088537603324838e+01,2.475277130468295894e+00
3.740762482215229170e+02,7.857926800571135573e-01,2.809634335814521933e+01,2.916010107684390817e+01,1.910124037393710283e+00,2.549999999999999822e+00,2.916010107684390817e+01,1.910124037393710283e+00,2.854296297532147619e+01,2.475134709021231227e+00
3.750548211195039698e+02,9.785728979810528472e-01,2.809726474940183394e+01,2.916428739037293028e+01,1.909419273168198705e+00,2.549999999999999822e+00,2.916428739037293028e+01,1.909419273168198705e+00,2.854555483964483997e+01,2.474957407365241391e+00
3.760333940174850227e+02,9.785728979810528472e-01,2.809819132354027360e+01,2.916847892337970904e+01,1.908715729175980202e+00,2.549999999999999822e+00,2.916847892337970904e+01,1.908715729175980202e+00,2.854815176000327170e+01,2.474780172549036816e+00
3.770119669154660755e+02,9.785728979810528472e-01,2.809912309280711540e+01,2.917267556743721713e+01,1.908013400484082300e+00,2.549999999999999822e+00,2.917267556743721713e+01,1.908013400484082300e+00,2.855075373047182197e+01,2.474603004458217015e+00
3.779905398134471284e+02,9.785728979810528472e-01,2.810006006935276801e+01,2.917687722526947525e+01,1.907312282194289388e+00,2.549999999999999822e+00,2.917687722526947525e+01,1.907312282194289388e+00,2.855336074524257128e+01,2.474425902978842906e+00
3.789691127114281812e+02,9.785728979810528472e-01,2.810100226522292033e+01,2.918108380920777734e+01,1.906612369442498567e+00,2.549999999999999822e+00,2.918108380920777734e+01,1.906612369442498567e+00,2.855597279861306248e+01,2.474248867997434598e+00
3.801840672589248697e+02,1.214954547496688519e+00,2.810217933627809828e+01,2.918631326146142158e+01,1.905745057756877525e+00,2.549999999999999822e+00,2.918631326146142158e+01,1.905745057756877525e+00,2.855922281598442325e+01,2.474029161246446673e+00
3.813990218064215583e+02,1.214954547496688519e+00,2.810336449370187140e+01,2.919155004907465312e+01,1.904879587748091962e+00,2.549999999999999822e+00,2.919155004907465312e+01,1.904879587748091962e+00,2.856248058100004883e+01,2.473809556610220728e+00
3.826139763539182468e+02,1.214954547496688519e+00,2.810455775975950488e+01,2.919679405003513040e+01,1.904015950318951989e+00,2.550000000000000266e+00,2.919679405003513040e+01,1.904015950318951989e+00,2.856574608329736620e+01,2.473590053874482830e+00
3.838289309014149353e+02,1.214954547496688519e+00,2.810575915638449018e+01,2.920204515472628160e+01,1.903154136447926970e+00,2.550000000000000266e+00,2.920204515472628160e+01,1.903154136447926970e+00,2.856901931267865535e+01,2.473370652826014648e+00
3.850438854489116238e+02,1.214954547496688519e+00,2.810696870515833012e+01,2.920730326422994949e+01,1.902294137187951817e+00,2.550000000000000266e+00,2.920730326422994949e+01,1.902294137187951817e+00,2.857230025909511184e+01,2.473151353252648121e+00
3.862588399964083123e+02,1.214954547496688519e+00,2.810818642729107353e+01,2.921256828883251444e+01,1.901435943665277239e+00,2.549999999999999822e+00,2.921256828883251444e+01,1.901435943665277239e+00,2.857558891263239076e+01,2.472932154943252581e+00
3.880466910604733357e+02,1.787851064065023365e+00,2.810999325776137425e+01,2.922032837426375096e+01,1.900176344988045329e+00,2.550000000000000266e+00,2.922032837426375096e+01,1.900176344988045329e+00,2.858044228399669251e+01,2.472609780136128421e+00
3.898345421245383591e+02,1.787851064065023365e+00,2.811181789673299392e+01,2.922810302438717400e+01,1.898920609684203731e+00,2.549999999999999822e+00,2.922810302438717400e+01,1.898920609684203731e+00,2.858531229257790329e+01,2.472287623488067076e+00
3.916223931886033824e+02,1.787851064065023365e+00,2.811366040692036350e+01,2.923589203234461920e+01,1.897668710314648788e+00,2.549999999999999822e+00,2.923589203234461920e+01,1.897668710314648788e+00,2.859019890806171915e+01,2.471965684338343738e+00
3.934102442526684058e+02,1.787851064065023365e+00,2.811552084893108017e+01,2.924369521416839390e+01,1.896420619761532755e+00,2.549999999999999822e+00,2.924369521416839390e+01,1.896420619761532755e+00,2.859510210054340718e+01,2.471643962030912967e+00
3.951980953167334292e+02,1.787851064065023365e+00,2.811739928118362286e+01,2.925151240522876250e+01,1.895176311222371179e+00,2.549999999999999822e+00,2.925151240522876250e+01,1.895176311222371179e+00,2.860002184048418528e+01,2.471322455914359839e+00
3.969859463807984525e+02,1.787851064065023365e+00,2.811929575983611329e+01,2.925934345719237584e+01,1.893935758204360109e+00,2.549999999999999822e+00,2.925934345719237584e+01,1.893935758204360109e+00,2.860495809867313000e+01,2.471001165341840888e+00
3.991972752794300163e+02,2.211328898631563789e+00,2.812166649091713211e+01,2.926904837961794215e+01,1.892406518774922608e+00,2.549999999999999822e+00,2.926904837961794215e+01,1.892406518774922608e+00,2.861108638685664474e+01,2.470604069763020938e+00
4.014086041780615801e+02,2.211328898631563789e+00,2.812406500903250262e+01,2.927877407257771480e+01,1.890882935699268241e+00,2.549999999999999822e+00,2.927877407257771480e+01,1.890882935699268241e+00,2.861723984683274224e+01,2.470207301742267436e+00
4.036199330766931439e+02,2.211328898631563789e+00,2.812649140539121007e+01,2.928852033011643030e+01,1.889364960740428367e+00,2.549999999999999822e+00,2.928852033011643030e+01,1.889364960740428367e+00,2.862341842501339428e+01,2.469810860083937687e+00
4.058312619753247077e+02,2.211328898631563789e+00,2.812894576549939885e+01,2.929828696629377660e+01,1.887852546332808412e+00,2.549999999999999822e+00,2.929828696629377660e+01,1.887852546332808412e+00,2.862962206831893042e+01,2.469414743602557305e+00
4.080425908739562715e+02,2.211328898631563789e+00,2.813142816913682864e+01,2.930807381211586815e+01,1.886345645568649587e+00,2.549999999999999822e+00,2.930807381211586815e+01,1.886345645568649587e+00,2.863585072413010835e+01,2.469018951122682548e+00
4.102539197725878353e+02,2.211328898631563789e+00,2.813393869036814010e+01,2.931788071297249587e+01,1.884844212184909384e+00,2.549999999999999822e+00,2.931788071297249587e+01,1.884844212184909384e+00,2.864210434024659691e+01,2.468623481478757320e+00
4.127539197725878353e+02,2.500000000000000000e+00,2.813681088852731804e+01,2.932899180006871376e+01,1.883153306045745934e+00,2.549999999999999822e+00,2.932899180006871376e+01,1.883153306045745934e+00,2.864920431079133323e+01,2.468176773821566083e+00
4.152539197725878353e+02,2.500000000000000000e+00,2.813971920197657894e+01,2.934012814930571977e+01,1.881469264615649672e+00,2.549999999999999822e+00,2.934012814930571977e+01,1.881469264615649672e+00,2.865633604317966743e+01,2.467730475656794376e+00
4.177539197725878353e+02,2.500000000000000000e+00,2.814266371202192474e+01,2.935128958641176311e+01,1.879792023902177922e+00,2.549999999999999822e+00,2.935128958641176311e+01,1.879792023902177922e+00,2.866349946361343370e+01,2.467284585344609038e+00
4.200000000000000000e+02,2.246080227412164732e+00,2.814534008304037727e+01,2.936133864152294493e+01,1.878290884766935065e+00,2.549999999999999822e+00,2.936133864152294493e+01,1.878290884766935065e+00,2.866996227376315076e+01,2.466884329659419173e+00
4.200000325117623561e+02,3.251176235607999843e-05,2.814534012199267110e+01,2.936133878711032352e+01,1.878290863077256567e+00,2.549999999999999822e+00,2.936133878711032352e+01,1.878290863077256567e+00,2.866996236749604066e+01,2.466884323868130391e+00
4.200000650235247122e+02,3.251176235607999843e-05,2.814534016094497204e+01,2.936133893268642225e+01,1.878290841387579402e+00,2.549999999999999822e+00,2.936133893268642225e+01,1.878290841387579402e+00,2.866996246122893410e+01,2.466884318076840721e+00
4.200003901411482730e+02,3.251176235607999843e-04,2.814534055046850725e+01,2.936134038805681001e+01,1.878290624490923655e+00,2.549999999999999822e+00,2.936134038805681001e+01,1.878290624490923655e+00,2.866996339855796805e+01,2.466884260163956899e+00
4.200007152587718338e+02,3.251176235607999843e-04,2.814534093999264286e+01,2.936134184312962248e+01,1.878290407594392919e+00,2.549999999999999822e+00,2.936134184312962248e+01,1.878290407594392919e+00,2.866996433588706950e+01,2.466884202251078850e+00
4.200039664350074418e+02,3.251176235607999843e-03,2.814534483528676745e+01,2.936135638200794062e+01,1.878288238639362451e+00,2.549999999999999822e+00,2.936135638200794062e+01,1.878288238639362451e+00,2.866997370918382870e+01,2.466883623122887226e+00
4.200072176112430498e+02,3.251176235607999843e-03,2.814534873064098264e+01,2.936137091165562651e+01,1.878286069695810578e+00,2.549999999999999822e+00,2.936137091165562651e+01,1.878286069695810578e+00,2.866998308248722083e+01,2.466883043995366620e+00
4.200151696295272359e+02,7.952018284186124220e-03,2.814535825847780615e+01,2.936140642473876383e+01,1.878280764742731312e+00,2.549999999999999822e+00,2.936140642473876383e+01,1.878280764742731312e+00,2.867000600857851111e+01,2.466881627515927544e+00
4.200231216478114220e+02,7.952018284186124220e-03,2.814536778666748518e+01,2.936144190637348927e+01,1.878275459855986984e+00,2.549999999999999822e+00,2.936144190637348927e+01,1.878275459855986984e+00,2.867002893470916547e+01,2.466880211040421766e+00
4.200310736660956081e+02,7.952018284186124220e-03,2.814537731522047537e+01,2.936147736267121289e+01,1.878270155037217393e+00,2.549999999999999822e+00,2.936147736267121289e+01,1.878270155037217393e+00,2.867005186088058721e+01,2.466878794568965638e+00
4.200456722290700213e+02,1.459856297441319839e-02,2.814539480898704937e+01,2.936154239900573515e+01,1.878260416463232385e+00,2.549999999999999822e+00,2.936154239900573515e+01,1.878260416463232385e+00,2.867009394956803803e+01,2.466876194177138437e+00
4.200602707920444345e+02,1.459856297441319839e-02,2.814541230399534655e+01,2.936160737623248096e+01,1.878250678120304995e+00,2.549999999999999822e+00,2.936160737623248096e+01,1.878250678120304995e+00,2.867013603839667368e+01,2.466873593799152165e+00
4.200748693550188477e+02,1.459856297441319839e-02,2.814542980024448937e+01,2.936167230216284807e+01,1.878240940007908533e+00,2.549999999999999822e+00,2.936167230216284807e+01,1.878240940007908533e+00,2.867017812736736460e+01,2.466870993434996162e+00
4.200894679179932609e+02,1.459856297441319839e-02,2.814544729773238174e+01,2.936173718186315895e+01,1.878231202125411725e+00,2.549999999999999822e+00,2.936173718186315895e+01,1.878231202125411725e+00,2.867022021648072894e+01,2.466868393084647781e+00
4.201139166955964583e+02,2.444877760319741355e-02,2.814547660422570985e+01,2.936184574521529100e+01,1.878214894231600152e+00,2.549999999999999822e+00,2.936184574521529100e+01,1.878214894231600152e+00,2.867029070506697153e+01,2.466864038208342436e+00
4.201383654731996558e+02,2.444877760319741355e-02,2.814550591419264691e+01,2.936195420456870764e+01,1.878198586981190132e+00,2.549999999999999822e+00,2.936195420456870764e+01,1.878198586981190132e+00,2.867036119405849703e+01,2.466859683370751011e+00
4.201628142508028532e+02,2.444877760319741355e-02,2.814553522763399585e+01,2.936206257016478105e+01,1.878182280373799529e+00,2.549999999999999822e+00,2.936206257016478105e+01,1.878182280373799529e+00,2.867043168345824355e+01,2.466855328571878836e+00
4.201872630284060506e+02,2.444877760319741355e-02,2.814556454455022205e+01,2.936217084938083488e+01,1.878165974409112371e+00,2.549999999999999822e+00,2.936217084938083488e+01,1.878165974409112371e+00,2.867050217326883654e+01,2.466850973811730796e+00
4.202286567610141788e+02,4.139373260812817534e-02,2.814561418835222639e+01,2.936235399343751240e+01,1.878138368573274208e+00,2.549999999999999822e+00,2.936235399343751240e+01,1.878138368573274208e+00,2.867062151908957546e+01,2.466843600943366077e+00
4.202700504936223069e+02,4.139373260812817534e-02,2.814566384211526540e+01,2.936253692997153664e+01,1.878110764577466840e+00,2.549999999999999822e+00,2.936253692997153664e+01,1.878110764577466840e+00,2.867074086610534778e+01,2.466836228185988134e+00
4.203114442262304351e+02,4.139373260812817534e-02,2.814571350583946341e+01,2.936271967677532047e+01,1.878083162420579377e+00,2.549999999999999822e+00,2.936271967677532047e+01,1.878083162420579377e+00,2.867086021432582399e+01,2.466828855539587639e+00
4.203528379588385633e+02,4.139373260812817534e-02,2.814576317952504070e+01,2.936290224742503341e+01,1.878055562101710096e+00,2.549999999999999822e+00,2.936290224742503341e+01,1.878055562101710096e+00,2.867097956375981127e+01,2.466821483004157489e+00
4.204131312997129157e+02,6.029334087435245237e-02,2.814583555111392599e+01,2.936316788321341775e+01,1.878015363277539151e+00,2.549999999999999822e+00,2.936316788321341775e+01,1.878015363277539151e+00,2.867115340811302460e+01,2.466810744504722042e+00
4.204734246405872682e+02,6.029334087435245237e-02,2.814590794383864036e+01,2.936343319706627497e+01,1.877975168349179214e+00,2.549999999999999822e+00,2.936343319706627497e+01,1.877975168349179214e+00,2.867132725508207258e+01,2.466800006240686294e+00
4.205337179814616206e+02,6.029334087435245237e-02,2.814598035770003293e+01,2.936369821191717477e+01,1.877934977314734910e+00,2.549999999999999822e+00,2.936369821191717477e+01,1.877934977314734910e+00,2.867150110468895008e+01,2.466789268212027597e+00
4.205940113223359731e+02,6.029334087435245237e-02,2.814605279269893856e+01,2.936396294630348081e+01,1.877894790172507600e+00,2.549999999999999822e+00,2.936396294630348081e+01,1.877894790172507600e+00,2.867167495695411006e+01,2.466778530418723747e+00
4.206817819445466853e+02,8.777062221071219028e-02,2.814615827603974196e+01,2.936434785801066383e+01,1.877836295633043440e+00,2.549999999999999822e+00,2.936434785801066383e+01,1.877836295633043440e+00,2.867192804311801879e+01,2.466762899547647603e+00
4.207695525667573975e+02,8.777062221071219028e-02,2.814626380417819362e+01,2.936473224848096208e+01,1.877777809333943448e+00,2.549999999999999822e+00,2.936473224848096208e+01,1.877777809333943448e+00,2.867218113501138177e+01,2.466747269175202817e+00
4.208573231889681097e+02,8.777062221071219028e-02,2.814636937711682663e+01,2.936511615088277338e+01,1.877719331271051839e+00,2.549999999999999822e+00,2.936511615088277338e+01,1.877719331271051839e+00,2.867243423268593716e+01,2.466731639301320556e+00
4.209450938111788219e+02,8.777062221071219028e-02,2.814647499485817406e+01,2.936549959352156236e+01,1.877660861440435092e+00,2.549999999999999822e+00,2.936549959352156236e+01,1.877660861440435092e+00,2.867268733619042820e+01,2.466716009925932873e+00
4.210328644333895340e+02,8.777062221071219028e-02,2.814658065740474768e+01,2.936588260065121858e+01,1.877602399838343761e+00,2.549999999999999822e+00,2.936588260065121858e+01,1.877602399838343761e+00,2.867294044557095134e+01,2.466700381048968271e+00
4.211715604010006473e+02,1.386959676111132467e-01,2.814674771770813422e+01,2.936648699461480660e+01,1.877510035027853963e+00,2.549999999999999822e+00,2.936648699461480660e+01,1.877510035027853963e+00,2.867334042349362733e+01,2.466675685165662379e+00
4.213102563686117605e+02,1.386959676111132467e-01,2.814691488990900226e+01,2.936709042274420511e+01,1.877417690741917777e+00,2.549999999999999822e+00,2.936709042274420511e+01,1.877417690741917777e+00,2.867374041636035287e+01,2.466650990526504827e+00
4.214489523362228738e+02,1.386959676111132467e-01,2.814708217401708623e+01,2.936769294345063841e+01,1.877325366967441234e+00,2.549999999999999822e+00,2.936769294345063841e+01,1.877325366967441234e+00,2.867414042432308818e+01,2.466626297131224721e+00
4.215876483038339870e+02,1.386959676111132467e-01,2.814724957004204953e+01,2.936829460698823269e+01,1.877233063691708059e+00,2.549999999999999822e+00,2.936829460698823269e+01,1.877233063691708059e+00,2.867454044752518882e+01,2.466601604979546281e+00
4.217263442714451003e+02,1.386959676111132467e-01,2.814741707799347381e+01,2.936889545696870840e+01,1.877140780902309958e+00,2.549999999999999822e+00,2.936889545696870840e+01,1.877140780902309958e+00,2.867494048610254254e+01,2.466576914071199944e+00
4.219160095323140922e+02,1.896652608689919361e-01,2.814764632453498905e+01,2.936971586460084183e+01,1.877014618309480909e+00,2.549999999999999822e+00,2.936971586460084183e+01,1.877014618309480909e+00,2.867548755972601171e+01,2.466543151528744371e+00
4.221056747931830841e+02,1.896652608689919361e-01,2.814787578042390948e+01,2.937053490570704994e+01,1.876888493973510208e+00,2.549999999999999822e+00,2.937053490570704994e+01,1.876888493973510208e+00,2.867603466265552825e+01,2.466509391310144128e+00
4.222953400540520761e+02,1.896652608689919361e-01,2.814810544568407380e+01,2.937135265266001838e+01,1.876762407864511983e+00,2.549999999999999822e+00,2.937135265266001838e+01,1.876762407864511983e+00,2.867658179518653583e+01,2.466475633414701552e+00
4.224850053149210680e+02,1.896652608689919361e-01,2.814833532033906494e+01,2.937216916898869812e+01,1.876636359953028688e+00,2.549999999999999822e+00,2.937216916898869812e+01,1.876636359953028688e+00,2.867712895759959224e+01,2.466441877841721642e+00
4.226746705757900600e+02,1.896652608689919361e-01,2.814856540441221000e+01,2.937298451088119577e+01,1.876510350209964706e+00,2.549999999999999822e+00,2.937298451088119577e+01,1.876510350209964706e+00,2.867767615016214577e+01,2.466408124590510287e+00
4.229313598132138168e+02,2.566892374237568220e-01,2.814887712921740359e+01,2.937408619662671683e+01,1.876339871831961270e+00,2.549999999999999822e+00,2.937408619662671683e+01,1.876339871831961270e+00,2.867841675829177817e+01,2.466362447299720095e+00
4.231880490506375736e+02,2.566892374237568220e-01,2.814918923769959846e+01,2.937518593134285183e+01,1.876169463241402546e+00,2.550000000000000266e+00,2.937518593134285183e+01,1.876169463241402546e+00,2.867915742271458157e+01,2.466316774258575872e+00
4.234447382880613304e+02,2.566892374237568220e-01,2.814950172991439459e+01,2.937628381051525395e+01,1.875999124368402438e+00,2.549999999999999822e+00,2.937628381051525395e+01,1.875999124368402438e+00,2.867989814400280579e+01,2.466271105465357660e+00
4.237014275254850872e+02,2.566892374237568220e-01,2.814981460591654638e+01,2.937737991900556977e+01,1.875828855143655716e+00,2.549999999999999822e+00,2.937737991900556977e+01,1.875828855143655716e+00,2.868063892270190962e+01,2.466225440918349054e+00
4.239581167629088441e+02,2.566892374237568220e-01,2.815012786575996628e+01,2.937847433275625875e+01,1.875658655498359195e+00,2.549999999999999822e+00,2.937847433275625875e+01,1.875658655498359195e+00,2.868137975933336037e+01,2.466179780615834538e+00
4.242925595615921566e+02,3.344427986833125033e-01,2.815053659087016413e+01,2.937989782432620700e+01,1.875437005068045337e+00,2.549999999999999822e+00,2.937989782432620700e+01,1.875437005068045337e+00,2.868234509001775123e+01,2.466120295747263658e+00
4.246270023602754691e+02,3.344427986833125033e-01,2.815094596778410363e+01,2.938131868928224932e+01,1.875215472487686830e+00,2.549999999999999822e+00,2.938131868928224932e+01,1.875215472487686830e+00,2.868331052094904976e+01,2.466060818077334904e+00
4.249614451589587816e+02,3.344427986833125033e-01,2.815135599661467225e+01,2.938273704741976999e+01,1.874994057608043052e+00,2.549999999999999822e+00,2.938273704741976999e+01,1.874994057608043052e+00,2.868427605313295459e+01,2.466001347602266414e+00
4.252958879576420941e+02,3.344427986833125033e-01,2.815176667747238781e+01,2.938415300639578831e+01,1.874772760280707828e+00,2.549999999999999822e+00,2.938415300639578831e+01,1.874772760280707828e+00,2.868524168753105386e+01,2.465941884318281208e+00
4.256303307563254066e+02,3.344427986833125033e-01,2.815217801046543045e+01,2.938556666353848712e+01,1.874551580358026825e+00,2.549999999999999822e+00,2.938556666353848712e+01,1.874551580358026825e+00,2.868620742506499255e+01,2.465882428221608524e+00
4.260542676155778850e+02,4.239368592524783708e-01,2.815270035009162441e+01,2.938735543294709274e+01,1.874271383063967900e+00,2.549999999999999822e+00,2.938735543294709274e+01,1.874271383063967900e+00,2.868743173539283831e+01,2.465807072500629804e+00
4.264782044748303633e+02,4.239368592524783708e-01,2.815322373794132815e+01,2.938914080787192518e+01,1.873991373880345979e+00,2.549999999999999822e+00,2.938914080787192518e+01,1.873991373880345979e+00,2.868865621458507320e+01,2.465731728314425109e+00
4.269021413340828417e+02,4.239368592524783708e-01,2.815374817421883691e+01,2.939092293441623127e+01,1.873711552510745948e+00,2.549999999999999822e+00,2.939092293441623127e+01,1.873711552510745948e+00,2.868988086429168405e+01,2.465656395655345445e+00
4.273260781933353201e+02,4.239368592524783708e-01,2.815427365912259106e+01,2.939270194512181789e+01,1.873431918660092954e+00,2.549999999999999822e+00,2.939270194512181789e+01,1.873431918660092954e+00,2.869110568609393397e+01,2.465581074515754256e+00
4.277500150525877984e+02,4.239368592524783708e-01,2.815480019284521873e+01,2.939447796084555975e+01,1.873152472034565141e+00,2.549999999999999822e+00,2.939447796084555975e+01,1.873152472034565141e+00,2.869233068151047661e+01,2.465505764888023865e+00
4.282752813549727193e+02,5.252663023849208912e-01,2.815545403381787182e+01,2.939667449085223438e+01,1.872806491301290954e+00,2.549999999999999822e+00,2.939667449085223438e+01,1.872806491301290954e+00,2.869384871849416996e+01,2.465412470699947178e+00
4.288005476573576402e+02,5.252663023849208912e-01,2.815610948553652548e+01,2.939886678421082422e+01,1.872460796987148512e+00,2.549999999999999822e+00,2.939886678421082422e+01,1.872460796987148512e+00,2.869536702691262064e+01,2.465319194158400506e+00
4.293258139597425611e+02,5.252663023849208912e-01,2.815676654833122683e+01,2.940105501501065532e+01,1.872115388540377179e+00,2.549999999999999822e+00,2.940105501501065532e+01,1.872115388540377179e+00,2.869688560932024757e+01,2.465225935248956279e+00
4.298510802621274820e+02,5.252663023849208912e-01,2.815742522251891700e+01,2.940323934245161652e+01,1.871770265411571987e+00,2.549999999999999822e+00,2.940323934245161652e+01,1.871770265411571987e+00,2.869840446816948187e+01,2.465132693957213128e+00
4.303763465645124029e+02,5.252663023849208912e-01,2.815808550840361235e+01,2.940541991276032263e+01,1.871425427053589940e+00,2.549999999999999822e+00,2.940541991276032263e+01,1.871425427053589940e+00,2.869992360581912649e+01,2.465039470268795885e+00
4.310295660479054050e+02,6.532194833930020650e-01,2.815890888666506697e+01,2.940812662376983511e+01,1.870996983633248734e+00,2.550000000000000266e+00,2.940812662376983511e+01,1.870996983633248734e+00,2.870181319287573274e+01,2.464923562126011269e+00
4.316827855312984070e+02,6.532194833930020650e-01,2.815973475845152407e+01,2.941082796981583058e+01,1.870568978734181487e+00,2.549999999999999822e+00,2.941082796981583058e+01,1.870568978734181487e+00,2.870370321881335940e+01,2.464807681157635155e+00
4.323360050146914091e+02,6.532194833930020650e-01,2.816056312426628594e+01,2.941352416842281770e+01,1.870141411317712610e+00,2.550000000000000266e+00,2.941352416842281770e+01,1.870141411317712610e+00,2.870559368765735186e+01,2.464691827336202401e+00
4.329892244980844112e+02,6.532194833930020650e-01,2.816139398458347998e+01,2.941621541932313733e+01,1.869714280349903834e+00,2.549999999999999822e+00,2.941621541932313733e+01,1.869714280349903834e+00,2.870748460327337881e+01,2.464576000634309594e+00
4.336424439814774132e+02,6.532194833930020650e-01,2.816222733984855608e+01,2.941890190666244465e+01,1.869287584801431645e+00,2.550000000000000266e+00,2.941890190666244465e+01,1.869287584801431645e+00,2.870937596937975300e+01,2.464460201024619490e+00
4.342956634648704153e+02,6.532194833930020650e-01,2.816306319047874851e+01,2.942158380095133907e+01,1.868861323647479811e+00,2.549999999999999822e+00,2.942158380095133907e+01,1.868861323647479811e+00,2.871126778955892789e+01,2.464344428479860127e+00
4.352524628683424908e+02,9.567994034720754826e-01,2.816429200299569757e+01,2.942550412663355175e+01,1.868237742128215029e+00,2.550000000000000266e+00,2.942550412663355175e+01,1.868237742128215029e+00,2.871403964888833826e+01,2.464174900123048406e+00
4.362092622718145662e+02,9.567994034720754826e-01,2.816552617120632718e+01,2.942941539376162297e+01,1.867615087213340574e+00,2.549999999999999822e+00,2.942941539376162297e+01,1.867615087213340574e+00,2.871681250022719212e+01,2.464005429689759552e+00
4.371660616752866417e+02,9.567994034720754826e-01,2.816676569610769931e+01,2.943331801849516438e+01,1.866993355732333715e+00,2.549999999999999822e+00,2.943331801849516438e+01,1.866993355732333715e+00,2.871958635350255662e+01,2.463836017095027753e+00
4.381228610787587172e+02,9.567994034720754826e-01,2.816801057857799861e+01,2.943721238085876379e+01,1.866372544533749123e+00,2.550000000000000266e+00,2.943721238085876379e+01,1.866372544533749123e+00,2.872236121819500809e+01,2.463666662254178075e+00
4.390796604822307927e+02,9.567994034720754826e-01,2.816926081937973336e+01,2.944109882956337287e+01,1.865752650484864494e+00,2.549999999999999822e+00,2.944109882956337287e+01,1.865752650484864494e+00,2.872513710337593551e+01,2.463497365082823798e+00
4.400364598857028682e+02,9.567994034720754826e-01,2.817051641916285476e+01,2.944497768617046063e+01,1.865133670471361249e+00,2.550000000000000266e+00,2.944497768617046063e+01,1.865133670471361249e+00,2.872791401774093956e+01,2.463328125496866416e+00
4.412139391577629794e+02,1.177479272060111271e+00,2.817206897161012336e+01,2.944974119466395734e+01,1.864373176540702115e+00,2.550000000000000266e+00,2.944974119466395734e+01,1.864373176540702115e+00,2.873133283517330483e+01,2.463119930762232013e+00
4.423914184298230907e+02,1.177479272060111271e+00,2.817362964174874307e+01,2.945449416643866059e+01,1.863614056480613623e+00,2.550000000000000266e+00,2.945449416643866059e+01,1.863614056480613623e+00,2.873475323880797205e+01,2.462911822957231323e+00
4.435688977018832020e+02,1.177479272060111271e+00,2.817519843013014835e+01,2.945923707139751357e+01,1.862856304597821477e+00,2.550000000000000266e+00,2.945923707139751357e+01,1.862856304597821477e+00,2.873817524286518577e+01,2.462703801926886094e+00
4.447463769739433133e+02,1.177479272060111271e+00,2.817677533707850301e+01,2.946397034265748616e+01,1.862099915238777381e+00,2.550000000000000266e+00,2.946397034265748616e+01,1.862099915238777381e+00,2.874159886094167504e+01,2.462495867516858894e+00
4.459238562460034245e+02,1.177479272060111271e+00,2.817836036269883948e+01,2.946869438106805816e+01,1.861344882789100597e+00,2.549999999999999822e+00,2.946869438106805816e+01,1.861344882789100597e+00,2.874502410605837355e+01,2.462288019573454001e+00
4.471013355180635358e+02,1.177479272060111271e+00,2.817995350688494938e+01,2.947340955906054205e+01,1.860591201673050143e+00,2.550000000000000266e+00,2.947340955906054205e+01,1.860591201673050143e+00,2.874845099070275012e+01,2.462080257943600525e+00
4.485480969171154015e+02,1.446761399051865737e+00,2.818192210855196933e+01,2.947919144661988966e+01,1.859667000488196109e+00,2.549999999999999822e+00,2.947919144661988966e+01,1.859667000488196109e+00,2.875266384483591864e+01,2.461825100486783935e+00
4.499948583161672673e+02,1.446761399051865737e+00,2.818390296526442285e+01,2.948496107803972066e+01,1.858744820844139056e+00,2.550000000000000266e+00,2.948496107803972066e+01,1.858744820844139056e+00,2.875687921351052623e+01,2.461570072824954991e+00
4.514416197152191330e+02,1.446761399051865737e+00,2.818589607561772681e+01,2.949071900577564165e+01,1.857824652631410389e+00,2.549999999999999822e+00,2.949071900577564165e+01,1.857824652631410389e+00,2.876109711704515348e+01,2.461315174678047946e+00
4.528883811142709988e+02,1.446761399051865737e+00,2.818790143780000079e+01,2.949646574217954864e+01,1.856906485824033615e+00,2.550000000000000266e+00,2.949646574217954864e+01,1.856906485824033615e+00,2.876531757485525276e+01,2.461060405767393267e+00
4.543351425133228645e+02,1.446761399051865737e+00,2.818991904961035644e+01,2.950220176402810424e+01,1.855990310478397021e+00,2.549999999999999822e+00,2.950220176402810424e+01,1.855990310478397021e+00,2.876954060551727821e+01,2.460805765815709201e+00
4.557819039123747302e+02,1.446761399051865737e+00,2.819194890847605706e+01,2.950792751641499478e+01,1.855076116732169655e+00,2.550000000000000266e+00,2.950792751641499478e+01,1.855076116732169655e+00,2.877376622682619356e+01,2.460551254547089783e+00
4.575484557674824941e+02,1.766551855107763913e+00,2.819444404754332467e+01,2.951490556165027002e+01,1.853962523452509448e+00,2.549999999999999822e+00,2.951490556165027002e+01,1.853962523452509448e+00,2.877892941222416923e+01,2.460240660496837872e+00
4.593150076225902581e+02,1.766551855107763913e+00,2.819695743577647562e+01,2.952186962272295290e+01,1.852851852382539688e+00,2.550000000000000266e+00,2.952186962272295290e+01,1.852851852382539688e+00,2.878409651520169987e+01,2.459930257398466491e+00
4.610815594776980220e+02,1.766551855107763913e+00,2.819948906642866504e+01,2.952882035650062420e+01,1.851744086047476090e+00,2.549999999999999822e+00,2.952882035650062420e+01,1.851744086047476090e+00,2.878926756403908982e+01,2.459620044757886870e+00
4.628481113328057859e+02,1.766551855107763913e+00,2.820203893205258794e+01,2.953575837480490307e+01,1.850639207143447429e+00,2.550000000000000266e+00,2.953575837480490307e+01,1.850639207143447429e+00,2.879444258570280724e+01,2.459310022083956770e+00
4.646146631879135498e+02,1.766551855107763913e+00,2.820460702451914514e+01,2.954268424915997215e+01,1.849537198535006421e+00,2.549999999999999822e+00,2.954268424915997215e+01,1.849537198535006421e+00,2.879962160593373000e+01,2.459000188888455174e+00
4.663812150430213137e+02,1.766551855107763913e+00,2.820719333502781367e+01,2.954959851492671774e+01,1.848438043252707663e+00,2.550000000000000266e+00,2.954959851492671774e+01,1.848438043252707663e+00,2.880480464932694673e+01,2.458690544686052970e+00
4.685106913001092721e+02,2.129476257087958402e+00,2.821033518614119728e+01,2.955791854390462348e+01,1.847116844001199798e+00,2.550000000000000266e+00,2.955791854390462348e+01,1.847116844001199798e+00,2.881105789004457307e+01,2.458317537016720955e+00
4.706401675571972305e+02,2.129476257087958402e+00,2.821350347802598080e+01,2.956622325732564249e+01,1.845799737354720360e+00,2.550000000000000266e+00,2.956622325732564249e+01,1.845799737354720360e+00,2.881731705016505884e+01,2.457944802431035747e+00
4.727696438142851889e+02,2.129476257087958402e+00,2.821669819130094936e+01,2.957451342331969002e+01,1.844486694522148973e+00,2.550000000000000711e+00,2.957451342331969002e+01,1.844486694522148973e+00,2.882358216696316688e+01,2.457572340095295349e+00
4.748991200713731473e+02,2.129476257087958402e+00,2.821991930502937507e+01,2.958278975983117220e+01,1.843177687041839041e+00,2.549999999999999822e+00,2.958278975983117220e+01,1.843177687041839041e+00,2.882985327585857505e+01,2.457200149181651305e+00
4.770285963284611057e+02,2.129476257087958402e+00,2.822316679661728500e+01,2.959105293959900607e+01,1.841872686776223844e+00,2.550000000000000266e+00,2.959105293959900607e+01,1.841872686776223844e+00,2.883613041053481396e+01,2.456828228868037645e+00
4.791580725855490641e+02,2.129476257087958402e+00,2.822644064168963851e+01,2.959930359452616244e+01,1.840571665906550747e+00,2.550000000000000266e+00,2.959930359452616244e+01,1.840571665906550747e+00,2.884241360304737611e+01,2.456456578338110930e+00
4.800000000000000000e+02,8.419274144509358848e-01,2.822774227994032969e+01,2.960256231929269077e+01,1.840058375109947741e+00,2.549999999999999822e+00,2.960256231929269077e+01,1.840058375109947741e+00,2.884489945598923555e+01,2.456309713737699241e+00
4.800000326180486354e+02,3.261804863541328814e-05,2.822774233044825110e+01,2.960256244552975247e+01,1.840058355235922871e+00,2.549999999999999822e+00,2.960256244552975247e+01,1.840058355235922871e+00,2.884489955231490299e+01,2.456309708048667773e+00
4.800000652360972708e+02,3.261804863541328814e-05,2.822774238095617960e+01,2.960256257178225425e+01,1.840058335361899333e+00,2.549999999999999822e+00,2.960256257178225425e+01,1.840058335361899333e+00,2.884489964864058109e+01,2.456309702359636749e+00
4.800003914165836250e+02,3.261804863541328814e-04,2.822774288603598336e+01,2.960256383484248133e+01,1.840058136621790075e+00,2.549999999999999822e+00,2.960256383484248133e+01,1.840058136621790075e+00,2.884490061189800514e+01,2.456309645469329617e+00
4.800007175970699791e+02,3.261804863541328814e-04,2.822774339111638753e+01,2.960256509831053506e+01,1.840057937881809158e+00,2.549999999999999822e+00,2.960256509831053506e+01,1.840057937881809158e+00,2.884490157515617881e+01,2.456309588579028258e+00
4.800038374739568781e+02,3.119876886898964585e-03,2.822774822219794899e+01,2.960257719831797019e+01,1.840056036966534636e+00,2.549999999999999822e+00,2.960257719831797019e+01,1.840056036966534636e+00,2.884491078866567193e+01,2.456309044430674327e+00
4.800069573508437770e+02,3.119876886898964585e-03,2.822775305333475870e+01,2.960258931012829819e+01,1.840054136060539136e+00,2.549999999999999822e+00,2.960258931012829819e+01,1.840054136060539136e+00,2.884492000224515351e+01,2.456308500282885721e+00
4.800140582128225333e+02,7.100861978756256576e-03,2.822776404922255011e+01,2.960261690505334542e+01,1.840049809615226017e+00,2.549999999999999822e+00,2.960261690505334542e+01,1.840049809615226017e+00,2.884494097265305967e+01,2.456307261800550812e+00
4.800211590748012895e+02,7.100861978756256576e-03,2.822777504539043392e+01,2.960264453538535534e+01,1.840045483214830968e+00,2.549999999999999822e+00,2.960264453538535534e+01,1.840045483214830968e+00,2.884496194341530639e+01,2.456306023321079834e+00
4.800282599367800458e+02,7.100861978756256576e-03,2.822778604184730611e+01,2.960267219463570854e+01,1.840041156860136695e+00,2.549999999999999822e+00,2.960267219463570854e+01,1.840041156860136695e+00,2.884498291454289642e+01,2.456304784844562938e+00
4.800412430738164744e+02,1.298313703642861583e-02,2.822780614839934543e+01,2.960272282970447932e+01,1.840033246719357418e+00,2.549999999999999822e+00,2.960272282970447932e+01,1.840033246719357418e+00,2.884502125887011559e+01,2.456302520435571957e+00
4.800542262108529030e+02,1.298313703642861583e-02,2.822782625593205452e+01,2.960277353251575150e+01,1.840025336731113237e+00,2.549999999999999822e+00,2.960277353251575150e+01,1.840025336731113237e+00,2.884505960443530270e+01,2.456300256036605845e+00
4.800672093478893316e+02,1.298313703642861583e-02,2.822784636444469086e+01,2.960282429419951455e+01,1.840017426894548169e+00,2.549999999999999822e+00,2.960282429419951455e+01,1.840017426894548169e+00,2.884509795123652509e+01,2.456297991647655721e+00
4.800801924849257603e+02,1.298313703642861583e-02,2.822786647393547099e+01,2.960287510900241870e+01,1.840009517208911261e+00,2.549999999999999822e+00,2.960287510900241870e+01,1.840009517208911261e+00,2.884513629927065637e+01,2.456295727268704265e+00
4.801015796735574099e+02,2.138718863164967843e-02,2.822789960253584596e+01,2.960295892103912507e+01,1.839996487871033315e+00,2.549999999999999822e+00,2.960295892103912507e+01,1.839996487871033315e+00,2.884519947287113339e+01,2.456291997167370234e+00
4.801229668621890596e+02,2.138718863164967843e-02,2.822793273378978540e+01,2.960304284944800202e+01,1.839983458940252392e+00,2.549999999999999822e+00,2.960304284944800202e+01,1.839983458940252392e+00,2.884526264981126786e+01,2.456288267093159394e+00
4.801443540508207093e+02,2.138718863164967843e-02,2.822796586769787908e+01,2.960312688312031781e+01,1.839970430415708291e+00,2.549999999999999822e+00,2.960312688312031781e+01,1.839970430415708291e+00,2.884532583008904538e+01,2.456284537046077077e+00
4.801657412394523590e+02,2.138718863164967843e-02,2.822799900426042186e+01,2.960321101399182808e+01,1.839957402296750200e+00,2.549999999999999822e+00,2.960321101399182808e+01,1.839957402296750200e+00,2.884538901370235564e+01,2.456280807026125945e+00
4.802017205469617238e+02,3.597930750936484401e-02,2.822805475533061426e+01,2.960335274831971475e+01,1.839935486225047434e+00,2.549999999999999822e+00,2.960335274831971475e+01,1.839935486225047434e+00,2.884549531395074240e+01,2.456274532137543432e+00
4.802376998544710887e+02,3.597930750936484401e-02,2.822811051391271420e+01,2.960349471447260683e+01,1.839913571297350670e+00,2.549999999999999822e+00,2.960349471447260683e+01,1.839913571297350670e+00,2.884560162362183888e+01,2.456268257325735949e+00
4.802736791619804535e+02,3.597930750936484401e-02,2.822816628000645878e+01,2.960363689321544456e+01,1.839891657511909751e+00,2.549999999999999822e+00,2.960363689321544456e+01,1.839891657511909751e+00,2.884570794270609184e+01,2.456261982590697723e+00
4.803096584694898183e+02,3.597930750936484401e-02,2.822822205361167036e+01,2.960377926980779861e+01,1.839869744867361323e+00,2.549999999999999822e+00,2.960377926980779861e+01,1.839869744867361323e+00,2.884581427119482200e+01,2.456255707932425203e+00
4.803617317954521013e+02,5.207332596228297916e-02,2.822830278878825538e+01,2.960398566013471822e+01,1.839838032426411418e+00,2.549999999999999822e+00,2.960398566013471822e+01,1.839838032426411418e+00,2.884596817845726591e+01,2.456246626672751621e+00
4.804138051214143843e+02,5.207332596228297916e-02,2.822838353969857295e+01,2.960419240939532770e+01,1.839806322370023395e+00,2.549999999999999822e+00,2.960419240939532770e+01,1.839806322370023395e+00,2.884612210537984467e+01,2.456237545573860537e+00
4.804658784473766673e+02,5.207332596228297916e-02,2.822846430634222514e+01,2.960439949299705731e+01,1.839774614695755428e+00,2.549999999999999822e+00,2.960439949299705731e+01,1.839774614695755428e+00,2.884627605194135924e+01,2.456228464635739517e+00
4.805179517733389503e+02,5.207332596228297916e-02,2.822854508871878920e+01,2.960460689100159115e+01,1.839742909401552051e+00,2.549999999999999822e+00,2.960460689100159115e+01,1.839742909401552051e+00,2.884643001812203167e+01,2.456219383858376126e+00
4.805937397757425060e+02,7.578800240355576534e-02,2.822866268825107028e+01,2.960490926717454130e+01,1.839696769470836601e+00,2.549999999999999822e+00,2.960490926717454130e+01,1.839696769470836601e+00,2.884665413694932212e+01,2.456206167897855064e+00
4.806695277781460618e+02,7.578800240355576534e-02,2.822878032110687485e+01,2.960521223052785444e+01,1.839650634572988830e+00,2.549999999999999822e+00,2.960521223052785444e+01,1.839650634572988830e+00,2.884687829724089170e+01,2.456192952277792330e+00
4.807453157805496176e+02,7.578800240355576534e-02,2.822889798728490263e+01,2.960551574524578555e+01,1.839604504703804322e+00,2.549999999999999822e+00,2.960551574524578555e+01,1.839604504703804322e+00,2.884710249894630252e+01,2.456179736998151508e+00
4.808211037829531733e+02,7.578800240355576534e-02,2.822901568678385686e+01,2.960581978073541620e+01,1.839558379859513870e+00,2.549999999999999822e+00,2.960581978073541620e+01,1.839558379859513870e+00,2.884732674201798375e+01,2.456166522058895296e+00
4.808968917853567291e+02,7.578800240355576534e-02,2.822913341960243017e+01,2.960612431075199780e+01,1.839512260036710867e+00,2.549999999999999822e+00,2.960612431075199780e+01,1.839512260036710867e+00,2.884755102641080171e+01,2.456153307459988611e+00
4.810160791610904880e+02,1.191873757337589268e-01,2.822931863854655887e+01,2.960660417377809139e+01,1.839439740229112719e+00,2.549999999999999822e+00,2.960660417377809139e+01,1.839439740229112719e+00,2.884790382889437410e+01,2.456132526318622666e+00
4.811352665368242469e+02,1.191873757337589268e-01,2.822950393988849882e+01,2.960708512960657046e+01,1.839367232822048948e+00,2.549999999999999822e+00,2.960708512960657046e+01,1.839367232822048948e+00,2.884825673330998086e+01,2.456111746018775133e+00
4.812544539125580059e+02,1.191873757337589268e-01,2.822968932362312700e+01,2.960756711570411071e+01,1.839294737805563074e+00,2.549999999999999822e+00,2.960756711570411071e+01,1.839294737805563074e+00,2.884860973950958041e+01,2.456090966560305677e+00
4.813736412882917648e+02,1.191873757337589268e-01,2.822987478974528486e+01,2.960805007822260393e+01,1.839222255170425369e+00,2.549999999999999822e+00,2.960805007822260393e+01,1.839222255170425369e+00,2.884896284735308924e+01,2.456070187943070415e+00
4.814928286640255237e+02,1.191873757337589268e-01,2.823006033824981031e+01,2.960853397039016599e+01,1.839149784907996521e+00,2.549999999999999822e+00,2.960853397039016599e+01,1.839149784907996521e+00,2.884931605670727706e+01,2.456049410166929459e+00
4.816554979537015129e+02,1.626692896759891482e-01,2.823031371145897239e+01,2.960919582286210527e+01,1.839050896011402481e+00,2.549999999999999822e+00,2.960919582286210527e+01,1.839050896011402481e+00,2.884979828741183283e+01,2.456021053603844262e+00
4.818181672433775020e+02,1.626692896759891482e-01,2.823056723810154267e+01,2.960985924154961779e+01,1.838952030127203097e+00,2.549999999999999822e+00,2.960985924154961779e+01,1.838952030127203097e+00,2.885028070666059108e+01,2.455992698606868530e+00
4.819808365330534912e+02,1.626692896759891482e-01,2.823082091816417005e+01,2.961052414909185515e+01,1.838853187236918263e+00,2.549999999999999822e+00,2.961052414909185515e+01,1.838853187236918263e+00,2.885076331416256679e+01,2.455964345175644326e+00
4.821435058227294803e+02,1.626692896759891482e-01,2.823107475163343238e+01,2.961119047754806388e+01,1.838754367322861016e+00,2.549999999999999822e+00,2.961119047754806388e+01,1.838754367322861016e+00,2.885124610964042446e+01,2.455935993309811494e+00
4.823061751124054695e+02,1.626692896759891482e-01,2.823132873849582225e+01,2.961185816680156435e+01,1.838655570368005199e+00,2.549999999999999822e+00,2.961185816680156435e+01,1.838655570368005199e+00,2.885172909282887943e+01,2.455907643009012542e+00
4.825258530118696854e+02,2.196778994642158978e-01,2.823167198028648528e+01,2.961276191805263736e+01,1.838522185726806812e+00,2.549999999999999822e+00,2.961276191805263736e+01,1.838522185726806812e+00,2.885238163837657410e+01,2.455869359626836612e+00
4.827455309113339013e+02,2.196778994642158978e-01,2.823201550176700536e+01,2.961366793796210928e+01,1.838388842887897612e+00,2.549999999999999822e+00,2.961366793796210928e+01,1.838388842887897612e+00,2.885303452519666223e+01,2.455831079097330782e+00
4.829652088107981172e+02,2.196778994642158978e-01,2.823235930290343276e+01,2.961457612489559565e+01,1.838255541813295313e+00,2.549999999999999822e+00,2.961457612489559565e+01,1.838255541813295313e+00,2.885368775271838260e+01,2.455792801419613536e+00
4.831848867102623331e+02,2.196778994642158978e-01,2.823270338366154419e+01,2.961548638850746684e+01,1.838122282465990853e+00,2.549999999999999822e+00,2.961548638850746684e+01,1.838122282465990853e+00,2.885434132039544153e+01,2.455754526592803355e+00
4.834045646097265490e+02,2.196778994642158978e-01,2.823304774400685346e+01,2.961639864793648158e+01,1.837989064809798068e+00,2.549999999999999822e+00,2.961639864793648158e+01,1.837989064809798068e+00,2.885499522770336966e+01,2.455716254616021832e+00
4.836903245472639128e+02,2.857599375373638395e-01,2.823349611086558397e+01,2.961758819469856974e+01,1.837815835839187617e+00,2.549999999999999822e+00,2.961758819469856974e+01,1.837815835839187617e+00,2.885584634645534052e+01,2.455666474182393255e+00
4.839760844848012766e+02,2.857599375373638395e-01,2.823394495068201238e+01,2.961878085311804654e+01,1.837642677278187753e+00,2.549999999999999822e+00,2.961878085311804654e+01,1.837642677278187753e+00,2.885669803798342414e+01,2.455616698567921308e+00
4.842618444223386405e+02,2.857599375373638395e-01,2.823439426337812819e+01,2.961997649622937701e+01,1.837469589051650809e+00,2.549999999999999822e+00,2.961997649622937701e+01,1.837469589051650809e+00,2.885755030126702181e+01,2.455566927770675534e+00
4.845476043598760043e+02,2.857599375373638395e-01,2.823484404887511445e+01,2.962117500994703434e+01,1.837296571085597074e+00,2.549999999999999822e+00,2.962117500994703434e+01,1.837296571085597074e+00,2.885840313532550994e+01,2.455517161788728142e+00
4.848333642974133681e+02,2.857599375373638395e-01,2.823529430709334420e+01,2.962237629115257320e+01,1.837123623307056253e+00,2.549999999999999822e+00,2.962237629115257320e+01,1.837123623307056253e+00,2.885925653921438538e+01,2.455467400620150897e+00
4.851951197500248441e+02,3.617554526114759028e-01,2.823586498568388237e+01,2.962390086704917991e+01,1.836904782038940809e+00,2.549999999999999822e+00,2.962390086704917991e+01,1.836904782038940809e+00,2.886033771475132426e+01,2.455404412777018486e+00
4.855568752026363200e+02,3.617554526114759028e-01,2.823643642156749678e+01,2.962542955718094717e+01,1.836686052993987461e+00,2.549999999999999822e+00,2.962542955718094717e+01,1.836686052993987461e+00,2.886141980026390641e+01,2.455341432640851806e+00
4.859186306552477959e+02,3.617554526114759028e-01,2.823700861457694344e+01,2.962696220750920517e+01,1.836467436029408429e+00,2.549999999999999822e+00,2.962696220750920517e+01,1.836467436029408429e+00,2.886250279404059782e+01,2.455278460207757529e+00
4.862803861078592718e+02,3.617554526114759028e-01,2.823758156454280055e+01,2.962849867836600026e+01,1.836248931003857443e+00,2.549999999999999822e+00,2.962849867836600026e+01,1.836248931003857443e+00,2.886358669443165326e+01,2.455215495473844989e+00
4.866421415604707477e+02,3.617554526114759028e-01,2.823815527129344716e+01,2.963003884247181929e+01,1.836030537777265215e+00,2.549999999999999822e+00,2.963003884247181929e+01,1.836030537777265215e+00,2.886467149984362379e+01,2.455152538435228404e+00
4.870898909359980280e+02,4.477493755272803355e-01,2.823886640326902153e+01,2.963195006448287572e+01,1.835760384286599045e+00,2.549999999999999822e+00,2.963195006448287572e+01,1.835760384286599045e+00,2.886601542844476143e+01,2.455074626349790901e+00
4.875376403115253083e+02,4.477493755272803355e-01,2.823957869398743981e+01,2.963386656536365749e+01,1.835490401590449183e+00,2.549999999999999822e+00,2.963386656536365749e+01,1.835490401590449183e+00,2.886736073829512961e+01,2.454996726039741617e+00
4.879853896870525887e+02,4.477493755272803355e-01,2.824029214310899150e+01,2.963578816276678651e+01,1.835220589429695570e+00,2.549999999999999822e+00,2.963578816276678651e+01,1.835220589429695570e+00,2.886870742667232648e+01,2.454918837497744644e+00
4.884331390625798690e+02,4.477493755272803355e-01,2.824100675028853402e+01,2.963771469009822113e+01,1.834950947547099309e+00,2.549999999999999822e+00,2.963771469009822113e+01,1.834950947547099309e+00,2.887005549094495294e+01,2.454840960716476950e+00
4.888808884381071493e+02,4.477493755272803355e-01,2.824172251517544652e+01,2.963964599449394655e+01,1.834681475687131691e+00,2.549999999999999822e+00,2.963964599449394655e+01,1.834681475687131691e+00,2.887140492856508445e+01,2.454763095688622609e+00
4.894378978559616371e+02,5.570094178544877650e-01,2.824261455678752597e+01,2.964205503335601932e+01,1.834346484094706131e+00,2.549999999999999822e+00,2.964205503335601932e+01,1.834346484094706131e+00,2.887308556987728636e+01,2.454666246389424877e+00
4.899949072738161249e+02,5.570094178544877650e-01,2.824350838880309311e+01,2.964447099977111932e+01,1.834011754748381628e+00,2.549999999999999822e+00,2.964447099977111932e+01,1.834011754748381628e+00,2.887476832814149219e+01,2.454569415254322706e+00
4.905519166916706126e+02,5.570094178544877650e-01,2.824440401051058558e+01,2.964689366697087536e+01,1.833677287165484948e+00,2.549999999999999822e+00,2.964689366697087536e+01,1.833677287165484948e+00,2.887645319890766871e+01,2.454472602269305970e+00
4.911089261095251004e+02,5.570094178544877650e-01,2.824530142118456055e+01,2.964932282705395039e+01,1.833343080866253860e+00,2.549999999999999822e+00,2.964932282705395039e+01,1.833343080866253860e+00,2.887814017786765675e+01,2.454375807420388966e+00
4.916659355273795882e+02,5.570094178544877650e-01,2.824620062008550292e+01,2.965175828864589036e+01,1.833009135373638854e+00,2.549999999999999822e+00,2.965175828864589036e+01,1.833009135373638854e+00,2.887982926084395174e+01,2.454279030693616193e+00
4.922229449452340759e+02,5.570094178544877650e-01,2.824710160645963342e+01,2.965419987482786723e+01,1.832675450213123058e+00,2.549999999999999822e+00,2.965419987482786723e+01,1.832675450213123058e+00,2.888152044377938665e+01,2.454182272075050353e+00
4.930380420277043640e+02,8.150970824702881146e-01,2.824842328065730612e+01,2.965778345830694462e+01,1.832187621851425030e+00,2.549999999999999822e+00,2.965778345830694462e+01,1.832187621851425030e+00,2.888399900498699679e+01,2.454040713419377795e+00
4.938531391101746522e+02,8.150970824702881146e-01,2.824974877840091381e+01,2.966137933558143303e+01,1.831700348478109586e+00,2.549999999999999822e+00,2.966137933558143303e+01,1.831700348478109586e+00,2.888648204260339725e+01,2.453899193466987594e+00
4.946682361926449403e+02,8.150970824702881146e-01,2.825107809715800400e+01,2.966498707865776652e+01,1.831213628632018864e+00,2.549999999999999822e+00,2.966498707865776652e+01,1.831213628632018864e+00,2.888896954508525639e+01,2.453757712174506889e+00
4.954833332751152284e+02,8.150970824702881146e-01,2.825241123432654078e+01,2.966860629765731616e+01,1.830727460861147682e+00,2.549999999999999822e+00,2.966860629765731616e+01,1.830727460861147682e+00,2.889146150128001267e+01,2.453616269498681390e+00
4.962984303575855165e+02,8.150970824702881146e-01,2.825374818723378212e+01,2.967223663571148506e+01,1.830241843722182127e+00,2.549999999999999822e+00,2.967223663571148506e+01,1.830241843722182127e+00,2.889395790039232637e+01,2.453474865396366944e+00
4.971135274400558046e+02,8.150970824702881146e-01,2.825508895313519631e+01,2.967587776455267701e+01,1.829756775780096989e+00,2.549999999999999822e+00,2.967587776455267701e+01,1.829756775780096989e+00,2.889645873195405201e+01,2.453333499824534858e+00
4.981158857339777910e+02,1.002358293921986387e+00,2.825674297138121815e+01,2.968036975857039295e+01,1.829161018692629037e+00,2.550000000000000266e+00,2.968036975857039295e+01,1.829161018692629037e+00,2.889954016895212874e+01,2.453159709548168976e+00
4.991182440278997774e+02,1.002358293921986387e+00,2.825840274621881321e+01,2.968487709536965014e+01,1.828566087339589918e+00,2.549999999999999822e+00,2.968487709536965014e+01,1.828566087339589918e+00,2.890262827528867717e+01,2.452985977395540029e+00
5.001206023218217638e+02,1.002358293921986387e+00,2.826006827208386341e+01,2.968939930022801832e+01,1.827971979099850541e+00,2.550000000000000266e+00,2.968939930022801832e+01,1.827971979099850541e+00,2.890572303321242487e+01,2.452812303287316364e+00
5.011229606157437502e+02,1.002358293921986387e+00,2.826173954323844484e+01,2.969393593691039257e+01,1.827378691368645169e+00,2.549999999999999822e+00,2.969393593691039257e+01,1.827378691368645169e+00,2.890882442550752174e+01,2.452638687144418572e+00
5.021253189096657366e+02,1.002358293921986387e+00,2.826341655376861794e+01,2.969848660289713038e+01,1.826786221557079370e+00,2.549999999999999822e+00,2.969848660289713038e+01,1.826786221557079370e+00,2.891193243545115266e+01,2.452465128888016377e+00
5.031276772035877229e+02,1.002358293921986387e+00,2.826509929758241313e+01,2.970305092531893365e+01,1.826194567091696586e+00,2.549999999999999822e+00,2.970305092531893365e+01,1.826194567091696586e+00,2.891504704677577209e+01,2.452291628439528193e+00
5.043585890190868213e+02,1.230911815499098338e+00,2.826717356755721866e+01,2.970867415960657709e+01,1.825469117708640621e+00,2.550000000000000266e+00,2.970867415960657709e+01,1.825469117708640621e+00,2.891888084619880672e+01,2.452078646115691374e+00
5.055895008345859196e+02,1.230911815499098338e+00,2.826925646199554976e+01,2.971431687330470695e+01,1.824744889321580077e+00,2.549999999999999822e+00,2.971431687330470695e+01,1.824744889321580077e+00,2.892272454824650296e+01,2.451865750704831814e+00
5.068204126500850180e+02,1.230911815499098338e+00,2.827134796849171749e+01,2.971997851953626579e+01,1.824021877255769475e+00,2.550000000000000266e+00,2.971997851953626579e+01,1.824021877255769475e+00,2.892657812520192095e+01,2.451652942062943819e+00
5.080513244655841163e+02,1.230911815499098338e+00,2.827344807422051431e+01,2.972565859287421119e+01,1.823300076868481279e+00,2.549999999999999822e+00,2.972565859287421119e+01,1.823300076868481279e+00,2.893044155010746721e+01,2.451440220046572804e+00
5.092822362810832146e+02,1.230911815499098338e+00,2.827555676593485146e+01,2.973135662457833917e+01,1.822579483548360857e+00,2.550000000000000266e+00,2.973135662457833917e+01,1.822579483548360857e+00,2.893431479670861250e+01,2.451227584512809976e+00
5.105131480965823130e+02,1.230911815499098338e+00,2.827767402996407142e+01,2.973707217850328277e+01,1.821860092714840285e+00,2.549999999999999822e+00,2.973707217850328277e+01,1.821860092714840285e+00,2.893819783940338652e+01,2.451015035319290103e+00
5.120156625003149884e+02,1.502514403732675419e+00,2.828027006925763231e+01,2.974407203650064702e+01,1.820983590322577284e+00,2.550000000000000266e+00,2.974407203650064702e+01,1.820983590322577284e+00,2.894295092198075636e+01,2.450755703631220417e+00
5.135181769040476638e+02,1.502514403732675419e+00,2.828287883369605638e+01,2.975109670986057608e+01,1.820108864629547352e+00,2.549999999999999822e+00,2.975109670986057608e+01,1.820108864629547352e+00,2.894771851911641747e+01,2.450496500121113197e+00
5.150206913077803392e+02,1.502514403732675419e+00,2.828550029584612346e+01,2.975814556218192664e+01,1.819235907484746173e+00,2.549999999999999822e+00,2.975814556218192664e+01,1.819235907484746173e+00,2.895250058765599732e+01,2.450237424533284969e+00
5.165232057115130146e+02,1.502514403732675419e+00,2.828813442733950367e+01,2.976521800283184049e+01,1.818364710800956408e+00,2.549999999999999822e+00,2.976521800283184049e+01,1.818364710800956408e+00,2.895729708552584825e+01,2.449978476613220213e+00
5.180257201152456901e+02,1.502514403732675419e+00,2.829078119888109200e+01,2.977231348198496264e+01,1.817495266553711186e+00,2.549999999999999822e+00,2.977231348198496264e+01,1.817495266553711186e+00,2.896210797165693762e+01,2.449719656107568699e+00
5.195282345189783655e+02,1.502514403732675419e+00,2.829344058026073228e+01,2.977943148630992454e+01,1.816627566780318670e+00,2.549999999999999822e+00,2.977943148630992454e+01,1.816627566780318670e+00,2.896693320591626275e+01,2.449460962764130834e+00
5.213393183825099868e+02,1.811083863531621319e+00,2.829666283140242911e+01,2.978804056509518361e+01,1.815583976050070270e+00,2.549999999999999822e+00,2.978804056509518361e+01,1.815583976050070270e+00,2.897276840735729309e+01,2.449149310559985970e+00
5.231504022460416081e+02,1.811083863531621319e+00,2.829990330212768868e+01,2.979668088975066809e+01,1.814542894689747277e+00,2.549999999999999822e+00,2.979668088975066809e+01,1.814542894689747277e+00,2.897862433121825276e+01,2.448837842309391277e+00
5.249614861095732294e+02,1.811083863531621319e+00,2.830316193446618911e+01,2.980535173115927350e+01,1.813504309101190426e+00,2.549999999999999822e+00,2.980535173115927350e+01,1.813504309101190426e+00,2.898450091192502143e+01,2.448526557577241469e+00
5.267725699731048508e+02,1.811083863531621319e+00,2.830643866873139558e+01,2.981405241005447948e+01,1.812468205808864585e+00,2.549999999999999822e+00,2.981405241005447948e+01,1.812468205808864585e+00,2.899039808539865959e+01,2.448215455930784046e+00
5.285836538366364721e+02,1.811083863531621319e+00,2.830973344361327904e+01,2.982278229187442520e+01,1.811434571457979370e+00,2.549999999999999822e+00,2.982278229187442520e+01,1.811434571457979370e+00,2.899631578895520434e+01,2.447904536939600639e+00
5.303947377001680934e+02,1.811083863531621319e+00,2.831304619628593855e+01,2.983154078225637917e+01,1.810403392812686363e+00,2.549999999999999822e+00,2.983154078225637917e+01,1.810403392812686363e+00,2.900225396121492238e+01,2.447593800175582146e+00
5.325505048087051136e+02,2.155767108537020249e+00,2.831701277449523957e+01,2.984200270019531942e+01,1.809179144572342413e+00,2.549999999999999822e+00,2.984200270019531942e+01,1.809179144572342413e+00,2.900934887854223021e+01,2.447224161333391379e+00
5.347062719172421339e+02,2.155767108537020249e+00,2.832100462304656929e+01,2.985250348266159293e+01,1.807958335226817814e+00,2.549999999999999822e+00,2.985250348266159293e+01,1.807958335226817814e+00,2.901647261260962907e+01,2.446854779364192378e+00
5.368620390257791541e+02,2.155767108537020249e+00,2.832502162918328281e+01,2.986304230809357918e+01,1.806740943092648433e+00,2.549999999999999822e+00,2.986304230809357918e+01,1.806740943092648433e+00,2.902362506622171168e+01,2.446485653558539752e+00
5.390178061343161744e+02,2.155767108537020249e+00,2.832906367838998563e+01,2.987361840821521142e+01,1.805526946710842795e+00,2.549999999999999822e+00,2.987361840821521142e+01,1.805526946710842795e+00,2.903080614419206640e+01,2.446116783211453871e+00
5.400000000000000000e+02,9.821938656838256065e-01,2.833091355826201507e+01,2.987844917180276028e+01,1.804974955358666255e+00,2.549999999999999822e+00,2.987844917180276028e+01,1.804974955358666255e+00,2.903408739752916645e+01,2.445948805888086497e+00
5.400000319163589211e+02,3.191635892108024564e-05,2.833091361845776035e+01,2.987844932889103333e+01,1.804974937433084570e+00,2.549999999999999822e+00,2.987844932889103333e+01,1.804974937433084570e+00,2.903408750424953055e+01,2.445948800430527648e+00
5.400000638327178422e+02,3.191635892108024564e-05,2.833091367865351273e+01,2.987844948597266281e+01,1.804974919507503550e+00,2.549999999999999822e+00,2.987844948597266281e+01,1.804974919507503550e+00,2.903408761096989465e+01,2.445948794972967910e+00
5.400003829963070530e+02,3.191635892108024564e-04,2.833091428061149131e+01,2.987845105655901534e+01,1.804974740251746868e+00,2.549999999999999822e+00,2.987845105655901534e+01,1.804974740251746868e+00,2.903408867817381989e+01,2.445948740397380305e+00
5.400007021598962638e+02,3.191635892108024564e-04,2.833091488257000279e+01,2.987845262697042870e+01,1.804974560996055022e+00,2.549999999999999822e+00,2.987845262697042870e+01,1.804974560996055022e+00,2.903408974537808973e+01,2.445948685821798030e+00
5.400038937957883718e+02,3.191635892108024564e-03,2.833092090220198145e+01,2.987846832414447817e+01,1.804972768445196607e+00,2.549999999999999822e+00,2.987846832414447817e+01,1.804972768445196607e+00,2.903410041745106795e+01,2.445948140066454002e+00
5.400070854316804798e+02,3.191635892108024564e-03,2.833092692188728279e+01,2.987848401592931680e+01,1.804970975901341701e+00,2.549999999999999822e+00,2.987848401592931680e+01,1.804970975901341701e+00,2.903411108955849684e+01,2.445947594311654427e+00
5.400164522766629034e+02,9.366844982423572219e-03,2.833094458880448840e+01,2.987853004893689501e+01,1.804965715163417528e+00,2.549999999999999822e+00,2.987853004893689501e+01,1.804965715163417528e+00,2.903414241035031296e+01,2.445945992627913679e+00
5.400258191216453270e+02,9.366844982423572219e-03,2.833096225617545727e+01,2.987857605659971583e+01,1.804960454485893262e+00,2.549999999999999822e+00,2.987857605659971583e+01,1.804960454485893262e+00,2.903417373143576441e+01,2.445944390948812774e+00
5.400351859666277505e+02,9.366844982423572219e-03,2.833097992401146570e+01,2.987862204455062098e+01,1.804955193870507735e+00,2.549999999999999822e+00,2.987862204455062098e+01,1.804955193870507735e+00,2.903420505282238651e+01,2.445942789274467177e+00
5.400525342977459786e+02,1.734833111822808860e-02,2.833101264784088258e+01,2.987870717570330115e+01,1.804945450851511257e+00,2.549999999999999822e+00,2.987870717570330115e+01,1.804945450851511257e+00,2.903426306395474299e+01,2.445939822826464383e+00
5.400698826288642067e+02,1.734833111822808860e-02,2.833104537328426176e+01,2.987879226162383972e+01,1.804935708049044241e+00,2.549999999999999822e+00,2.987879226162383972e+01,1.804935708049044241e+00,2.903432107613411617e+01,2.445936856394967940e+00
5.400872309599824348e+02,1.734833111822808860e-02,2.833107810034055518e+01,2.987887730850167856e+01,1.804925965463195059e+00,2.549999999999999822e+00,2.987887730850167856e+01,1.804925965463195059e+00,2.903437908936076184e+01,2.445933889979965858e+00
5.401045792911006629e+02,1.734833111822808860e-02,2.833111082900735056e+01,2.987896232036538535e+01,1.804916223093785632e+00,2.549999999999999822e+00,2.987896232036538535e+01,1.804916223093785632e+00,2.903443710363389130e+01,2.445930923581434602e+00
5.401347453765237105e+02,3.016608542304766161e-02,2.833116774297054263e+01,2.987911006864953833e+01,1.804899283124162590e+00,2.549999999999999822e+00,2.987911006864953833e+01,1.804899283124162590e+00,2.903453798404521891e+01,2.445925765508845995e+00
5.401649114619467582e+02,3.016608542304766161e-02,2.833122466180167365e+01,2.987925773385437012e+01,1.804882343809589340e+00,2.549999999999999822e+00,2.987925773385437012e+01,1.804882343809589340e+00,2.903463886762518698e+01,2.445920607486044673e+00
5.401950775473698059e+02,3.016608542304766161e-02,2.833128158550130138e+01,2.987940532501978197e+01,1.804865405150468893e+00,2.549999999999999822e+00,2.987940532501978197e+01,1.804865405150468893e+00,2.903473975437715282e+01,2.445915449513035966e+00
5.402252436327928535e+02,3.016608542304766161e-02,2.833133851406961412e+01,2.987955284854357885e+01,1.804848467147051938e+00,2.549999999999999822e+00,2.987955284854357885e+01,1.804848467147051938e+00,2.903484064430395151e+01,2.445910291589824315e+00
5.402770687493074320e+02,5.182511651457843982e-02,2.833143632830412528e+01,2.987980614881664110e+01,1.804819369310950661e+00,2.549999999999999822e+00,2.987980614881664110e+01,1.804819369310950661e+00,2.903501397988698685e+01,2.445901430431316026e+00
5.403288938658220104e+02,5.182511651457843982e-02,2.833153415690576793e+01,2.988005928525747024e+01,1.804790273411013501e+00,2.549999999999999822e+00,2.988005928525747024e+01,1.804790273411013501e+00,2.903518732485764176e+01,2.445892569419766183e+00
5.403807189823365889e+02,5.182511651457843982e-02,2.833163199987272307e+01,2.988031227369058840e+01,1.804761179447517794e+00,2.549999999999999822e+00,2.988031227369058840e+01,1.804761179447517794e+00,2.903536067922528119e+01,2.445883708555160130e+00
5.404325440988511673e+02,5.182511651457843982e-02,2.833172985720329251e+01,2.988056512606944182e+01,1.804732087420610975e+00,2.549999999999999822e+00,2.988056512606944182e+01,1.804732087420610975e+00,2.903553404299848850e+01,2.445874847837490318e+00
5.405091187572785429e+02,7.657465842737565254e-02,2.833187447345331123e+01,2.988093850103771842e+01,1.804689105784229364e+00,2.549999999999999822e+00,2.988093850103771842e+01,1.804689105784229364e+00,2.903579021540425842e+01,2.445861755874797261e+00
5.405856934157059186e+02,7.657465842737565254e-02,2.833201912105298348e+01,2.988131162593572299e+01,1.804646128375970493e+00,2.549999999999999822e+00,2.988131162593572299e+01,1.804646128375970493e+00,2.903604640838488748e+01,2.445848664232839642e+00
5.406622680741332942e+02,7.657465842737565254e-02,2.833216379999709389e+01,2.988168452151083088e+01,1.804603155195678488e+00,2.549999999999999822e+00,2.988168452151083088e+01,1.804603155195678488e+00,2.903630262196199041e+01,2.445835572911584599e+00
5.407388427325606699e+02,7.657465842737565254e-02,2.833230851028040576e+01,2.988205720441188618e+01,1.804560186243040265e+00,2.549999999999999822e+00,2.988205720441188618e+01,1.804560186243040265e+00,2.903655885615536647e+01,2.445822481911001489e+00
5.408503841942750796e+02,1.115414617144097065e-01,2.833251935665914090e+01,2.988259971627529055e+01,1.804497603650768278e+00,2.549999999999999822e+00,2.988259971627529055e+01,1.804497603650768278e+00,2.903693213322324596e+01,2.445803413652123837e+00
5.409619256559894893e+02,1.115414617144097065e-01,2.833273026950575257e+01,2.988314184222581815e+01,1.804435030026256159e+00,2.549999999999999822e+00,2.988314184222581815e+01,1.804435030026256159e+00,2.903730545412607000e+01,2.445784346073483384e+00
5.410734671177038990e+02,1.115414617144097065e-01,2.833294124880402975e+01,2.988368361175765386e+01,1.804372465367714673e+00,2.549999999999999822e+00,2.988368361175765386e+01,1.804372465367714673e+00,2.903767881891217684e+01,2.445765279174984208e+00
5.411850085794183087e+02,1.115414617144097065e-01,2.833315229453776496e+01,2.988422504997217999e+01,1.804309909673192269e+00,2.549999999999999822e+00,2.988422504997217999e+01,1.804309909673192269e+00,2.903805222762649763e+01,2.445746212956530830e+00
5.412965500411327184e+02,1.115414617144097065e-01,2.833336340669074005e+01,2.988476617830417581e+01,1.804247362940600397e+00,2.549999999999999822e+00,2.988476617830417581e+01,1.804247362940600397e+00,2.903842568031100058e+01,2.445727147418026437e+00
5.414746994381395098e+02,1.781493970067913324e-01,2.833370072398223982e+01,2.988562984862307914e+01,1.804147484475012497e+00,2.549999999999999822e+00,2.988562984862307914e+01,1.804147484475012497e+00,2.903902223474441158e+01,2.445696698140579883e+00
5.416528488351463011e+02,1.781493970067913324e-01,2.833403821059613747e+01,2.988649283835871273e+01,1.804047628855526053e+00,2.549999999999999822e+00,2.988649283835871273e+01,1.804047628855526053e+00,2.903961890159020598e+01,2.445666250596991720e+00
5.418309982321530924e+02,1.781493970067913324e-01,2.833437586646631701e+01,2.988735520019113068e+01,1.803947796072353338e+00,2.549999999999999822e+00,2.988735520019113068e+01,1.803947796072353338e+00,2.904021568098464101e+01,2.445635804786870260e+00
5.420091476291598838e+02,1.781493970067913324e-01,2.833471369152664820e+01,2.988821697929084920e+01,1.803847986115435287e+00,2.549999999999999822e+00,2.988821697929084920e+01,1.803847986115435287e+00,2.904081257305400499e+01,2.445605360709826037e+00
5.421872970261666751e+02,1.781493970067913324e-01,2.833505168571099730e+01,2.988907821472018966e+01,1.803748198974493233e+00,2.549999999999999822e+00,2.988907821472018966e+01,1.803748198974493233e+00,2.904140957791596023e+01,2.445574918365467809e+00
5.424319702641222420e+02,2.446732379555669468e-01,2.833551616786701999e+01,2.989026022492220136e+01,1.803611186882616124e+00,2.549999999999999822e+00,2.989026022492220136e+01,1.803611186882616124e+00,2.904222969799963039e+01,2.445533111184965858e+00
5.426766435020778090e+02,2.446732379555669468e-01,2.833598096874067451e+01,2.989144134901057015e+01,1.803474217780591804e+00,2.549999999999999822e+00,2.989144134901057015e+01,1.803474217780591804e+00,2.904305003131223373e+01,2.445491307271035808e+00
5.429213167400333759e+02,2.446732379555669468e-01,2.833644608816051758e+01,2.989262165187257381e+01,1.803337291640517703e+00,2.549999999999999822e+00,2.989262165187257381e+01,1.803337291640517703e+00,2.904387057809817207e+01,2.445449506622666469e+00
5.431659899779889429e+02,2.446732379555669468e-01,2.833691152595510232e+01,2.989380119026601079e+01,1.803200408434221247e+00,2.549999999999999822e+00,2.989380119026601079e+01,1.803200408434221247e+00,2.904469133858469121e+01,2.445407709238850646e+00
5.434106632159445098e+02,2.446732379555669468e-01,2.833737728195295702e+01,2.989498001421065254e+01,1.803063568133311367e+00,2.549999999999999822e+00,2.989498001421065254e+01,1.803063568133311367e+00,2.904551231298394853e+01,2.445365915118579814e+00
5.437433911420787354e+02,3.327279261342255268e-01,2.833801116770114348e+01,2.989658201411308269e+01,1.802877549597655227e+00,2.549999999999999822e+00,2.989658201411308269e+01,1.802877549597655227e+00,2.904662908889554984e+01,2.445309085077611133e+00
5.440761190682129609e+02,3.327279261342255268e-01,2.833864564115192053e+01,2.989818287200631275e+01,1.802691610281491830e+00,2.549999999999999822e+00,2.989818287200631275e+01,1.802691610281491830e+00,2.904774626122424763e+01,2.445252261067496047e+00
5.444088469943471864e+02,3.327279261342255268e-01,2.833928070187416282e+01,2.989978267300267234e+01,1.802505750112203708e+00,2.549999999999999822e+00,2.989978267300267234e+01,1.802505750112203708e+00,2.904886383039825759e+01,2.445195443085705911e+00
5.447415749204814119e+02,3.327279261342255268e-01,2.833991634943684801e+01,2.990138149240937082e+01,1.802319969016923373e+00,2.549999999999999822e+00,2.990138149240937082e+01,1.802319969016923373e+00,2.904998179681486903e+01,2.445138631129713414e+00
5.450743028466156375e+02,3.327279261342255268e-01,2.834055258340911720e+01,2.990297939731890509e+01,1.802134266922593042e+00,2.549999999999999822e+00,2.990297939731890509e+01,1.802134266922593042e+00,2.905110016084389102e+01,2.445081825196994796e+00
5.455093563459379311e+02,4.350534993222936464e-01,2.834138536570538847e+01,2.990506743409169843e+01,1.801891573942643765e+00,2.549999999999999822e+00,2.990506743409169843e+01,1.801891573942643765e+00,2.905256306166484137e+01,2.445007558518786261e+00
5.459444098452602248e+02,4.350534993222936464e-01,2.834221914885746685e+01,2.990715412886588354e+01,1.801649015737484927e+00,2.550000000000000266e+00,2.990715412886588354e+01,1.801649015737484927e+00,2.905402664356533649e+01,2.444933302128312835e+00
5.463794633445825184e+02,4.350534993222936464e-01,2.834305393190400579e+01,2.990923958690733286e+01,1.801406592143028895e+00,2.549999999999999822e+00,2.990923958690733286e+01,1.801406592143028895e+00,2.905549090720209904e+01,2.444859056019950128e+00
5.468145168439048120e+02,4.350534993222936464e-01,2.834388971388463574e+01,2.991132390228185756e+01,1.801164302995108546e+00,2.550000000000000266e+00,2.991132390228185756e+01,1.801164302995108546e+00,2.905695585318154883e+01,2.444784820188079077e+00
5.472495703432271057e+02,4.350534993222936464e-01,2.834472649384011689e+01,2.991340715954694573e+01,1.800922148129540545e+00,2.549999999999999822e+00,2.991340715954694573e+01,1.800922148129540545e+00,2.905842148206488318e+01,2.444710594627088618e+00
5.478026156947562413e+02,5.530453515291355870e-01,2.834579165796180078e+01,2.991605401389652386e+01,1.800614511481511526e+00,2.549999999999999822e+00,2.991605401389652386e+01,1.800614511481511526e+00,2.906028559415482349e+01,2.444616253000526207e+00
5.483556610462853769e+02,5.530453515291355870e-01,2.834685843127908456e+01,2.991869942192499110e+01,1.800307091228878331e+00,2.549999999999999822e+00,2.991869942192499110e+01,1.800307091228878331e+00,2.906215081162455149e+01,2.444521927950952467e+00
5.489087063978145125e+02,5.530453515291355870e-01,2.834792681183164120e+01,2.992134350910231078e+01,1.799999887034920754e+00,2.549999999999999822e+00,2.992134350910231078e+01,1.799999887034920754e+00,2.906401713536990883e+01,2.444427619466887691e+00
5.494617517493436480e+02,5.530453515291355870e-01,2.834899679766387237e+01,2.992398638842906777e+01,1.799692898563326038e+00,2.549999999999999822e+00,2.992398638842906777e+01,1.799692898563326038e+00,2.906588456621014771e+01,2.444333327536869938e+00
5.500147971008727836e+02,5.530453515291355870e-01,2.835006838682539509e+01,2.992662816219163346e+01,1.799386125478252829e+00,2.549999999999999822e+00,2.992662816219163346e+01,1.799386125478252829e+00,2.906775310489513231e+01,2.444239052149454583e+00
5.507016112926374944e+02,6.868141917647108130e-01,2.835140139756257582e+01,2.992990751998301491e+01,1.799005450429026487e+00,2.549999999999999822e+00,2.992990751998301491e+01,1.799005450429026487e+00,2.907007514296193307e+01,2.444121996744181846e+00
5.513884254844022053e+02,6.868141917647108130e-01,2.835273687433713974e+01,2.993318547646495631e+01,1.798625106403252127e+00,2.549999999999999822e+00,2.993318547646495631e+01,1.798625106403252127e+00,2.907239889185830251e+01,2.444004966812402202e+00
5.520752396761669161e+02,6.868141917647108130e-01,2.835407481345384184e+01,2.993646217627605921e+01,1.798245092761351804e+00,2.549999999999999822e+00,2.993646217627605921e+01,1.798245092761351804e+00,2.907472435265279742e+01,2.443887962332309982e+00
5.527620538679316269e+02,6.868141917647108130e-01,2.835541521123491293e+01,2.993973775047426500e+01,1.797865408865281900e+00,2.549999999999999822e+00,2.993973775047426500e+01,1.797865408865281900e+00,2.907705152630378720e+01,2.443770983282143483e+00
5.534488680596963377e+02,6.868141917647108130e-01,2.835675806402142740e+01,2.994301231832640298e+01,1.797486054078591300e+00,2.549999999999999822e+00,2.994301231832640298e+01,1.797486054078591300e+00,2.907938041366933746e+01,2.443654029640181413e+00
5.543023609653484982e+02,8.534929056521605162e-01,2.835843022100142008e+01,2.994708033166646644e+01,1.797015093660060847e+00,2.549999999999999822e+00,2.994708033166646644e+01,1.797015093660060847e+00,2.908227687355371316e+01,2.443508728610857883e+00
5.551558538710006587e+02,8.534929056521605162e-01,2.836010615660147849e+01,2.995114714820896751e+01,1.796544639278201183e+00,2.549999999999999822e+00,2.995114714820896751e+01,1.796544639278201183e+00,2.908517598233204993e+01,2.443363466743500911e+00
5.560093467766528192e+02,8.534929056521605162e-01,2.836178586394001400e+01,2.995521293951608399e+01,1.796074689722498396e+00,2.549999999999999822e+00,2.995521293951608399e+01,1.796074689722498396e+00,2.908807774111543054e+01,2.443218243996700068e+00
5.568628396823049798e+02,8.534929056521605162e-01,2.836346933619396182e+01,2.995927786129550441e+01,1.795605243786599248e+00,2.549999999999999822e+00,2.995927786129550441e+01,1.795605243786599248e+00,2.909098215085122874e+01,2.443073060329139956e+00
5.577163325879571403e+02,8.534929056521605162e-01,2.836515656660229823e+01,2.996334205542867224e+01,1.795136300268361351e+00,2.549999999999999822e+00,2.996334205542867224e+01,1.795136300268361351e+00,2.909388921233762559e+01,2.442927915699607322e+00
5.585698254936093008e+02,8.534929056521605162e-01,2.836684754846949019e+01,2.996740565176289195e+01,1.794667857969895364e+00,2.549999999999999822e+00,2.996740565176289195e+01,1.794667857969895364e+00,2.909679892623671904e+01,2.442782810066984833e+00
5.598225287845151570e+02,1.252703290905856193e+00,2.836933624548534283e+01,2.997336910801926990e+01,1.793981212989381735e+00,2.549999999999999822e+00,2.997336910801926990e+01,1.793981212989381735e+00,2.910107442618136275e+01,2.442569903668847076e+00
5.610752320754210132e+02,1.252703290905856193e+00,2.837183298916134078e+01,2.997933187338606231e+01,1.793295641435127319e+00,2.549999999999999822e+00,2.997933187338606231e+01,1.793295641435127319e+00,2.910535564248759499e+01,2.442357081062240809e+00
5.623279353663268694e+02,1.252703290905856193e+00,2.837433775918375289e+01,2.998529425328113263e+01,1.792611139569935119e+00,2.549999999999999822e+00,2.998529425328113263e+01,1.792611139569935119e+00,2.910964257594299198e+01,2.442144342118301115e+00
5.635806386572327256e+02,1.252703290905856193e+00,2.837685053561336801e+01,2.999125652177241008e+01,1.791927703676674088e+00,2.549999999999999822e+00,2.999125652177241008e+01,1.791927703676674088e+00,2.911393522690956459e+01,2.441931686708611160e+00
5.648333419481385818e+02,1.252703290905856193e+00,2.837937129890369192e+01,2.999721892597570161e+01,1.791245330058275576e+00,2.549999999999999822e+00,2.999721892597570161e+01,1.791245330058275576e+00,2.911823359536615996e+01,2.441719114705199978e+00
5.660860452390444379e+02,1.252703290905856193e+00,2.838190002991797911e+01,3.000318168984446032e+01,1.790564015037705792e+00,2.549999999999999822e+00,3.000318168984446032e+01,1.790564015037705792e+00,2.912253768094579698e+01,2.441506625980541134e+00
5.676303029719134656e+02,1.544257732869027677e+00,2.838502823577585232e+01,3.001053302431489911e+01,1.789725582022827943e+00,2.549999999999999822e+00,3.001053302431489911e+01,1.789725582022827943e+00,2.912785136719596579e+01,2.441244797002263045e+00
5.691745607047824933e+02,1.544257732869027677e+00,2.838816848723794450e+01,3.001788555937904590e+01,1.788888745339137332e+00,2.549999999999999822e+00,3.001788555937904590e+01,1.788888745339137332e+00,2.913317373854321701e+01,2.440983094148156063e+00
5.707188184376515210e+02,1.544257732869027677e+00,2.839132075122752497e+01,3.002523960547792470e+01,1.788053498223123094e+00,2.549999999999999822e+00,3.002523960547792470e+01,1.788053498223123094e+00,2.913850479252853987e+01,2.440721517182066869e+00
5.722630761705205487e+02,1.544257732869027677e+00,2.839448499575259177e+01,3.003259544262966330e+01,1.787219833956726900e+00,2.549999999999999822e+00,3.003259544262966330e+01,1.787219833956726900e+00,2.914384452615827215e+01,2.440460065868842232e+00
5.738073339033895763e+02,1.544257732869027677e+00,2.839766118993371435e+01,3.003995332447007627e+01,1.786387745867043852e+00,2.549999999999999822e+00,3.003995332447007627e+01,1.786387745867043852e+00,2.914919293595534810e+01,2.440198739974323239e+00
5.753515916362586040e+02,1.544257732869027677e+00,2.840084930402752406e+01,3.004731348167671356e+01,1.785557227326006080e+00,2.549999999999999822e+00,3.004731348167671356e+01,1.785557227326006080e+00,2.915455001800479096e+01,2.439937539265336408e+00
5.772523834538955043e+02,1.900791817636900305e+00,2.840478980484271787e+01,3.005637636584899752e+01,1.784537106100475778e+00,2.549999999999999822e+00,3.005637636584899752e+01,1.784537106100475778e+00,2.916115582910937221e+01,2.439616204769508023e+00
5.791531752715324046e+02,1.900791817636900305e+00,2.840874827091258581e+01,3.006544337088118368e+01,1.783519340676479326e+00,2.549999999999999822e+00,3.006544337088118368e+01,1.783519340676479326e+00,2.916777476383267143e+01,2.439295059154429346e+00
5.810539670891693049e+02,1.900791817636900305e+00,2.841272465406846592e+01,3.007451481712379504e+01,1.782503918968768364e+00,2.549999999999999822e+00,3.007451481712379504e+01,1.782503918968768364e+00,2.917440681262767654e+01,2.438974101991325583e+00
5.829547589068062052e+02,1.900791817636900305e+00,2.841671890885993434e+01,3.008359099392214731e+01,1.781490828991434849e+00,2.549999999999999378e+00,3.008359099392214731e+01,1.781490828991434849e+00,2.918105196526790124e+01,2.438653332853620181e+00
5.848555507244431055e+02,1.900791817636900305e+00,2.842073099254755064e+01,3.009267216352628793e+01,1.780480058856889869e+00,2.549999999999999378e+00,3.009267216352628793e+01,1.780480058856889869e+00,2.918771021091214379e+01,2.438332751316913516e+00
5.867563425420800058e+02,1.900791817636900305e+00,2.842476086507967636e+01,3.010175856442407749e+01,1.779471596774837350e+00,2.549999999999999378e+00,3.010175856442407749e+01,1.779471596774837350e+00,2.919438153816178527e+01,2.438012356958968230e+00
5.890829573719597647e+02,2.326614829879758872e+00,2.842971768424801837e+01,3.011288797429879338e+01,1.778240339429698169e+00,2.549999999999999378e+00,3.011288797429879338e+01,1.778240339429698169e+00,2.920256519122104066e+01,2.437620440731164795e+00
5.914095722018395236e+02,2.326614829879758872e+00,2.843470103607820221e+01,3.012402590781589140e+01,1.777012501323191662e+00,2.549999999999999378e+00,3.012402590781589140e+01,1.777012501323191662e+00,2.921076840295882349e+01,2.437228803545749667e+00
5.937361870317192825e+02,2.326614829879758872e+00,2.843971086286482119e+01,3.013517268985211217e+01,1.775788061414868446e+00,2.549999999999999378e+00,3.013517268985211217e+01,1.775788061414868446e+00,2.921899114967114386e+01,2.436837444641370531e+00
5.960628018615990413e+02,2.326614829879758872e+00,2.844474711226938979e+01,3.014632861334732539e+01,1.774566998872459500e+00,2.549999999999999378e+00,3.014632861334732539e+01,1.774566998872459500e+00,2.922723340681144322e+01,2.436446363261354442e+00
5.983894166914788002e+02,2.326614829879758872e+00,2.844980973702953264e+01,3.015749394320129895e+01,1.773349293069121702e+00,2.549999999999999378e+00,3.015749394320129895e+01,1.773349293069121702e+00,2.923549514907219304e+01,2.436055558653656306e+00
6.000000000000000000e+02,1.610583308521199797e+00,2.845332973072311233e+01,3.016522870366170750e+01,1.772508299872004756e+00,2.549999999999998934e+00,3.016522870366170750e+01,1.772508299872004756e+00,2.924122568324496285e+01,2.435785188537719304e+00
6.000000315381965947e+02,3.153819659473811043e-05,2.845332979977455778e+01,3.016522885518276809e+01,1.772508283419412356e+00,2.549999999999998934e+00,3.016522885518276809e+01,1.772508283419412356e+00,2.924122579555065116e+01,2.435785183244666641e+00
6.000000630763931895e+02,3.153819659473811043e-05,2.845332986882601034e+01,3.016522900671361640e+01,1.772508266966818624e+00,2.549999999999998934e+00,3.016522900671361640e+01,1.772508266966818624e+00,2.924122590785636078e+01,2.435785177951613534e+00
6.000003784583591369e+02,3.153819659473811043e-04,2.845333055934093025e+01,3.016523052236124869e+01,1.772508102440812916e+00,2.549999999999998934e+00,3.016523052236124869e+01,1.772508102440812916e+00,2.924122703091401476e+01,2.435785125021090014e+00
6.000006938403250842e+02,3.153819659473811043e-04,2.845333124985632622e+01,3.016523203826734800e+01,1.772507937914765463e+00,2.549999999999998934e+00,3.016523203826734800e+01,1.772507937914765463e+00,2.924122815397241482e+01,2.435785072090570491e+00
6.000038476599845580e+02,3.153819659473811043e-03,2.845333815505180652e+01,3.016524720764515521e+01,1.772506292655692706e+00,2.549999999999998934e+00,3.016524720764515521e+01,1.772506292655692706e+00,2.924123938462126659e+01,2.435784542785814910e+00
6.000070014796440319e+02,3.153819659473811043e-03,2.845334506029456278e+01,3.016526238507614366e+01,1.772504647399691269e+00,2.549999999999998934e+00,3.016526238507614366e+01,1.772504647399691269e+00,2.924125061534394376e+01,2.435784013481551380e+00
6.000151822696286672e+02,8.180789984635339351e-03,2.845336297221795974e+01,3.016530177817825020e+01,1.772500379736417164e+00,2.549999999999998934e+00,3.016530177817825020e+01,1.772500379736417164e+00,2.924127974737594471e+01,2.435782640505015362e+00
6.000233630596133025e+02,8.180789984635339351e-03,2.845338088445428326e+01,3.016534120196707747e+01,1.772496112101799914e+00,2.549999999999998934e+00,3.016534120196707747e+01,1.772496112101799914e+00,2.924130887989617378e+01,2.435781267531742511e+00
6.000315438495979379e+02,8.180789984635339351e-03,2.845339879701228369e+01,3.016538065032368721e+01,1.772491844499142433e+00,2.549999999999998934e+00,3.016538065032368721e+01,1.772491844499142433e+00,2.924133801291805312e+01,2.435779894561823866e+00
6.000466036213548477e+02,1.505977175690986769e-02,2.845343177255132261e+01,3.016545332360602316e+01,1.772483988484843564e+00,2.549999999999998934e+00,3.016545332360602316e+01,1.772483988484843564e+00,2.924139164434656735e+01,2.435777367111365166e+00
6.000616633931117576e+02,1.505977175690986769e-02,2.845346474919496416e+01,3.016552605449263069e+01,1.772476132589777542e+00,2.549999999999998934e+00,3.016552605449263069e+01,1.772476132589777542e+00,2.924144527749583844e+01,2.435774839672423919e+00
6.000767231648686675e+02,1.505977175690986769e-02,2.845349772694244095e+01,3.016559883553129495e+01,1.772468276816475896e+00,2.549999999999998934e+00,3.016559883553129495e+01,1.772468276816475896e+00,2.924149891236373477e+01,2.435772312244993021e+00
6.000917829366255773e+02,1.505977175690986769e-02,2.845353070579195531e+01,3.016567166188381677e+01,1.772460421166418332e+00,2.549999999999998934e+00,3.016567166188381677e+01,1.772460421166418332e+00,2.924155254894660416e+01,2.435769784829053375e+00
6.001173094472812863e+02,2.552651065570898936e-02,2.845358660789121075e+01,3.016579519680873034e+01,1.772447106021584506e+00,2.549999999999998934e+00,3.016579519680873034e+01,1.772447106021584506e+00,2.924164346757261512e+01,2.435765500852126841e+00
6.001428359579369953e+02,2.552651065570898936e-02,2.845364251315588078e+01,3.016591883654097472e+01,1.772433791239683920e+00,2.549999999999998934e+00,3.016591883654097472e+01,1.772433791239683920e+00,2.924173439111923045e+01,2.435761216908206350e+00
6.001683624685927043e+02,2.552651065570898936e-02,2.845369842158655516e+01,3.016604257097223751e+01,1.772420476824343671e+00,2.549999999999998934e+00,3.016604257097223751e+01,1.772420476824343671e+00,2.924182531958444642e+01,2.435756932997296342e+00
6.001938889792484133e+02,2.552651065570898936e-02,2.845375433318354297e+01,3.016616639286219481e+01,1.772407162778141032e+00,2.549999999999998934e+00,3.016616639286219481e+01,1.772407162778141032e+00,2.924191625296611718e+01,2.435752649119400370e+00
6.002373108533963659e+02,4.342187414795262157e-02,2.845384944888632361e+01,3.016637720557681490e+01,1.772384515771566083e+00,2.549999999999998934e+00,3.016637720557681490e+01,1.772384515771566083e+00,2.924207094649381844e+01,2.435745362104208667e+00
6.002807327275443185e+02,4.342187414795262157e-02,2.845394457375051545e+01,3.016658823163673375e+01,1.772361869846920790e+00,2.549999999999998934e+00,3.016658823163673375e+01,1.772361869846920790e+00,2.924222565422869380e+01,2.435738075184536999e+00
6.003241546016922712e+02,4.342187414795262157e-02,2.845403970777574187e+01,3.016679945343573621e+01,1.772339225010276298e+00,2.549999999999998934e+00,3.016679945343573621e+01,1.772339225010276298e+00,2.924238037616009933e+01,2.435730788360377819e+00
6.003675764758402238e+02,4.342187414795262157e-02,2.845413485096171513e+01,3.016701085758267809e+01,1.772316581266226487e+00,2.549999999999998934e+00,3.016701085758267809e+01,1.772316581266226487e+00,2.924253511227833258e+01,2.435723501631728016e+00
6.004311181760905356e+02,6.354170025031180558e-02,2.845427409591255241e+01,3.016732052417843235e+01,1.772283447363254716e+00,2.549999999999998934e+00,3.016732052417843235e+01,1.772283447363254716e+00,2.924276157200040061e+01,2.435712838719028106e+00
6.004946598763408474e+02,6.354170025031180558e-02,2.845441336047914049e+01,3.016763052967472092e+01,1.772250315817513355e+00,2.549999999999998934e+00,3.016763052967472092e+01,1.772250315817513355e+00,2.924298806205707280e+01,2.435702176010828612e+00
6.005582015765911592e+02,6.354170025031180558e-02,2.845455264466075107e+01,3.016794085124741187e+01,1.772217186636655617e+00,2.549999999999998934e+00,3.016794085124741187e+01,1.772217186636655617e+00,2.924321458242390293e+01,2.435691513507114436e+00
6.006217432768414710e+02,6.354170025031180558e-02,2.845469194845664518e+01,3.016825147048924194e+01,1.772184059826772629e+00,2.549999999999998934e+00,3.016825147048924194e+01,1.772184059826772629e+00,2.924344113307806126e+01,2.435680851207871367e+00
6.007142588471577938e+02,9.251557031632273720e-02,2.845489480734021370e+01,3.016870422685002850e+01,1.772135832038202130e+00,2.549999999999998934e+00,3.016870422685002850e+01,1.772135832038202130e+00,2.924377104085470691e+01,2.435665327457896545e+00
6.008067744174741165e+02,9.251557031632273720e-02,2.845509770779993630e+01,3.016915754175215980e+01,1.772087609299288324e+00,2.549999999999998934e+00,3.016915754175215980e+01,1.772087609299288324e+00,2.924410101272881235e+01,2.435649804141302166e+00
6.008992899877904392e+02,9.251557031632273720e-02,2.845530064983354990e+01,3.016961138235914675e+01,1.772039391620366056e+00,2.549999999999998934e+00,3.016961138235914675e+01,1.772039391620366056e+00,2.924443104864178977e+01,2.435634281258041600e+00
6.009918055581067620e+02,9.251557031632273720e-02,2.845550363343880917e+01,3.017006572067009884e+01,1.771991179010062867e+00,2.549999999999998934e+00,3.017006572067009884e+01,1.771991179010062867e+00,2.924476114853814224e+01,2.435618758808070439e+00
6.010843211284230847e+02,9.251557031632273720e-02,2.845570665861347948e+01,3.017052053271516598e+01,1.771942971475583661e+00,2.549999999999998934e+00,3.017052053271516598e+01,1.771942971475583661e+00,2.924509131236518300e+01,2.435603236791343829e+00
6.012310208243729903e+02,1.466996959499056175e-01,2.845602867592144847e+01,3.017124263827475517e+01,1.771866540377532440e+00,2.549999999999998934e+00,3.017124263827475517e+01,1.771866540377532440e+00,2.924561497607452409e+01,2.435578624793946823e+00
6.013777205203228959e+02,1.466996959499056175e-01,2.845635079773574816e+01,3.017196581385125143e+01,1.771790122076557061e+00,2.549999999999998934e+00,3.017196581385125143e+01,1.771790122076557061e+00,2.924613880021344769e+01,2.435554013885592450e+00
6.015244202162728016e+02,1.466996959499056175e-01,2.845667302404760690e+01,3.017269000129969569e+01,1.771713716588175558e+00,2.549999999999998934e+00,3.017269000129969569e+01,1.771713716588175558e+00,2.924666278460323454e+01,2.435529404066099968e+00
6.016711199122227072e+02,1.466996959499056175e-01,2.845699535484831344e+01,3.017341515063648316e+01,1.771637323925027818e+00,2.549999999999998934e+00,3.017341515063648316e+01,1.771637323925027818e+00,2.924718692907428519e+01,2.435504795335288630e+00
6.018178196081726128e+02,1.466996959499056175e-01,2.845731779012921692e+01,3.017414121852137043e+01,1.771560944097411383e+00,2.549999999999998934e+00,3.017414121852137043e+01,1.771560944097411383e+00,2.924771123346484814e+01,2.435480187692978138e+00
6.020187100010309678e+02,2.008903928583549714e-01,2.845775950211283245e+01,3.017513691689836364e+01,1.771456370488813326e+00,2.549999999999998934e+00,3.017513691689836364e+01,1.771456370488813326e+00,2.924842947444735231e+01,2.435446491781818157e+00
6.022196003938893227e+02,2.008903928583549714e-01,2.845820140998529624e+01,3.017613418356778610e+01,1.771351820982319580e+00,2.549999999999998934e+00,3.017613418356778610e+01,1.771351820982319580e+00,2.924914801465096303e+01,2.435412797911069571e+00
6.024204907867476777e+02,2.008903928583549714e-01,2.845864351372494383e+01,3.017713294649979616e+01,1.771247295590536064e+00,2.549999999999998934e+00,3.017713294649979616e+01,1.771247295590536064e+00,2.924986685371518291e+01,2.435379106080266531e+00
6.026213811796060327e+02,2.008903928583549714e-01,2.845908581331032750e+01,3.017813314250925316e+01,1.771142794322956071e+00,2.549999999999998934e+00,3.017813314250925316e+01,1.771142794322956071e+00,2.925058599129516068e+01,2.435345416288945408e+00
6.028222715724643876e+02,2.008903928583549714e-01,2.845952830872019845e+01,3.017913471574930284e+01,1.771038317186492517e+00,2.549999999999998934e+00,3.017913471574930284e+01,1.771038317186492517e+00,2.925130542705992553e+01,2.435311728536638132e+00
6.030945725686075320e+02,2.723009961431444026e-01,2.846012841075722122e+01,3.018049442927821602e+01,1.770896740043542694e+00,2.549999999999998934e+00,3.018049442927821602e+01,1.770896740043542694e+00,2.925228107644791820e+01,2.435266069037255399e+00
6.033668735647506765e+02,2.723009961431444026e-01,2.846072887249219008e+01,3.018185647373503500e+01,1.770755207251782037e+00,2.549999999999998934e+00,3.018185647373503500e+01,1.770755207251782037e+00,2.925325727234570294e+01,2.435220413282142005e+00
6.036391745608938209e+02,2.723009961431444026e-01,2.846132969387398859e+01,3.018322075399176185e+01,1.770613718812999560e+00,2.549999999999998934e+00,3.018322075399176185e+01,1.770613718812999560e+00,2.925423401402488466e+01,2.435174761270138433e+00
6.039114755570369653e+02,2.723009961431444026e-01,2.846193087485217177e+01,3.018458718556163944e+01,1.770472274725261252e+00,2.549999999999998934e+00,3.018458718556163944e+01,1.770472274725261252e+00,2.925521130078537269e+01,2.435129113000085166e+00
6.041837765531801097e+02,2.723009961431444026e-01,2.846253241537695189e+01,3.018595569288620695e+01,1.770330874983517599e+00,2.549999999999998934e+00,3.018595569288620695e+01,1.770330874983517599e+00,2.925618913195236814e+01,2.435083468470822687e+00
6.045389636447712292e+02,3.551870915911194970e-01,2.846331759998163591e+01,3.018774377000098141e+01,1.770146501004396189e+00,2.549999999999998934e+00,3.018774377000098141e+01,1.770146501004396189e+00,2.925746542368693781e+01,2.435023935757216762e+00
6.048941507363623487e+02,3.551870915911194970e-01,2.846410339614130081e+01,3.018953512935921424e+01,1.769962202441122123e+00,2.549999999999998934e+00,3.018953512935921424e+01,1.769962202441122123e+00,2.925874263919327589e+01,2.434964409403787222e+00
6.052493378279534681e+02,3.551870915911194970e-01,2.846488980375038480e+01,3.019132965162169313e+01,1.769777979265682477e+00,2.549999999999998934e+00,3.019132965162169313e+01,1.769777979265682477e+00,2.926002077713012639e+01,2.434904889407962791e+00
6.056045249195445876e+02,3.551870915911194970e-01,2.846567682270512734e+01,3.019312722961267070e+01,1.769593831445870569e+00,2.549999999999998934e+00,3.019312722961267070e+01,1.769593831445870569e+00,2.926129983620290886e+01,2.434845375767173525e+00
6.059597120111357071e+02,3.551870915911194970e-01,2.846646445290353000e+01,3.019492776650039190e+01,1.769409758945928113e+00,2.549999999999998934e+00,3.019492776650039190e+01,1.769409758945928113e+00,2.926257981515926332e+01,2.434785868478850368e+00
6.064103543269498005e+02,4.506423158140933083e-01,2.846746463538451266e+01,3.019721631238328285e+01,1.769176325980455156e+00,2.549999999999998934e+00,3.019721631238328285e+01,1.769176325980455156e+00,2.926420510577660394e+01,2.434710377964348194e+00
6.068609966427638938e+02,4.506423158140933083e-01,2.846846580143284200e+01,3.019950931833695051e+01,1.768943014110783363e+00,2.549999999999998934e+00,3.019950931833695051e+01,1.768943014110783363e+00,2.926583187279618414e+01,2.434634897666146713e+00
6.073116389585779871e+02,4.506423158140933083e-01,2.846946795085197834e+01,3.020180663890885953e+01,1.768709823246111146e+00,2.549999999999998934e+00,3.020180663890885953e+01,1.768709823246111146e+00,2.926746011390084945e+01,2.434559427579009228e+00
6.077622812743920804e+02,4.506423158140933083e-01,2.847047108344956001e+01,3.020410814223477303e+01,1.768476753291098325e+00,2.549999999999998934e+00,3.020410814223477303e+01,1.768476753291098325e+00,2.926908982684610905e+01,2.434483967697703477e+00
6.082129235902061737e+02,4.506423158140933083e-01,2.847147519903729673e+01,3.020641370815138060e+01,1.768243804146532261e+00,2.549999999999998934e+00,3.020641370815138060e+01,1.768243804146532261e+00,2.927072100945367339e+01,2.434408518016999423e+00
6.087716862686921786e+02,5.587626784860049156e-01,2.847272159184104368e+01,3.020927791431379816e+01,1.767955132287623243e+00,2.549999999999998490e+00,3.020927791431379816e+01,1.767955132287623243e+00,2.927274559127058140e+01,2.434314980228239111e+00
6.093304489471781835e+02,5.587626784860049156e-01,2.847396949528137355e+01,3.021214800696172986e+01,1.767666645804979897e+00,2.549999999999998934e+00,3.021214800696172986e+01,1.767666645804979897e+00,2.927477242539680802e+01,2.434221458104046665e+00
6.098892116256641884e+02,5.587626784860049156e-01,2.847521890902394404e+01,3.021502381297372608e+01,1.767378344491373987e+00,2.549999999999998934e+00,3.021502381297372608e+01,1.767378344491373987e+00,2.927680150803373849e+01,2.434127951634485143e+00
6.104479743041501933e+02,5.587626784860049156e-01,2.847646983274288601e+01,3.021790517413625921e+01,1.767090228134919672e+00,2.549999999999998934e+00,3.021790517413625921e+01,1.767090228134919672e+00,2.927883283549059001e+01,2.434034460809627376e+00
6.110067369826361983e+02,5.587626784860049156e-01,2.847772226612049096e+01,3.022079194521656831e+01,1.766802296519753623e+00,2.549999999999998490e+00,3.022079194521656831e+01,1.766802296519753623e+00,2.928086640417554420e+01,2.433940985619556852e+00
6.117014507118485653e+02,6.947137292123670704e-01,2.847928153055218914e+01,3.022438843264767527e+01,1.766444566336388799e+00,2.549999999999998490e+00,3.022438843264767527e+01,1.766444566336388799e+00,2.928339787526920546e+01,2.433824789020075041e+00
6.123961644410609324e+02,6.947137292123670704e-01,2.848084312757629988e+01,3.022799284092435457e+01,1.766087120961599810e+00,2.549999999999998490e+00,3.022799284092435457e+01,1.766087120961599810e+00,2.928593279893111401e+01,2.433708616554735027e+00
6.130908781702732995e+02,6.947137292123670704e-01,2.848240705663060623e+01,3.023160495452776786e+01,1.765729959961949147e+00,2.549999999999998490e+00,3.023160495452776786e+01,1.765729959961949147e+00,2.928847116879730450e+01,2.433592468204556880e+00
6.137855918994856665e+02,6.947137292123670704e-01,2.848397331716910585e+01,3.023522457567369059e+01,1.765373082899166945e+00,2.549999999999998490e+00,3.023522457567369059e+01,1.765373082899166945e+00,2.929101297867207876e+01,2.433476343950590426e+00
6.144803056286980336e+02,6.947137292123670704e-01,2.848554190866111213e+01,3.023885152210332805e+01,1.765016489330927696e+00,2.549999999999998490e+00,3.023885152210332805e+01,1.765016489330927696e+00,2.929355822251479324e+01,2.433360243773913023e+00
6.151750193579104007e+02,6.947137292123670704e-01,2.848711283059036603e+01,3.024248562512898530e+01,1.764660178811535474e+00,2.549999999999998490e+00,3.024248562512898530e+01,1.764660178811535474e+00,2.929610689442784377e+01,2.433244167655633117e+00
6.161932384283684314e+02,1.018219070458030728e+00,2.848941948908541022e+01,3.024782461737952133e+01,1.764138456709728908e+00,2.549999999999998490e+00,3.024782461737952133e+01,1.764138456709728908e+00,2.929984858130723069e+01,2.433074082138015459e+00
6.172114574988264621e+02,1.018219070458030728e+00,2.849173115116774468e+01,3.025317819532991948e+01,1.763617340263113897e+00,2.549999999999998490e+00,3.025317819532991948e+01,1.763617340263113897e+00,2.930359760225912424e+01,2.432904048202384040e+00
6.182296765692844929e+02,1.018219070458030728e+00,2.849404781535582032e+01,3.025854594704352252e+01,1.763096828042747255e+00,2.549999999999998046e+00,3.025854594704352252e+01,1.763096828042747255e+00,2.930735394011737327e+01,2.432734065789603939e+00
6.192478956397425236e+02,1.018219070458030728e+00,2.849636948021532490e+01,3.026392749650881342e+01,1.762576918613452337e+00,2.549999999999998046e+00,3.026392749650881342e+01,1.762576918613452337e+00,2.931111757818611352e+01,2.432564134840684567e+00
6.202661147102005543e+02,1.018219070458030728e+00,2.849869614435371545e+01,3.026932249881228998e+01,1.762057610535492369e+00,2.549999999999998046e+00,3.026932249881228998e+01,1.762057610535492369e+00,2.931488850020025083e+01,2.432394255296773000e+00
6.212843337806585851e+02,1.018219070458030728e+00,2.850102780641491762e+01,3.027473063597067693e+01,1.761538902366008186e+00,2.549999999999997602e+00,3.027473063597067693e+01,1.761538902366008186e+00,2.931866669029023242e+01,2.432224427099158870e+00
6.225380264505339483e+02,1.253692669875363208e+00,2.850390555257754244e+01,3.028140706904676449e+01,1.760901059529354606e+00,2.549999999999997602e+00,3.028140706904676449e+01,1.760901059529354606e+00,2.932332858631994554e+01,2.432015394833892952e+00
6.237917191204093115e+02,1.253692669875363208e+00,2.850679087117450194e+01,3.028810246288810859e+01,1.760264121265748383e+00,2.549999999999997602e+00,3.028810246288810859e+01,1.760264121265748383e+00,2.932800144904213013e+01,2.431806440211892628e+00
6.250454117902846747e+02,1.253692669875363208e+00,2.850968375983364211e+01,3.029481635225106828e+01,1.759628084876121656e+00,2.549999999999997602e+00,3.029481635225106828e+01,1.759628084876121656e+00,2.933268525092853451e+01,2.431597563124448413e+00
6.262991044601600379e+02,1.253692669875363208e+00,2.851258421621676220e+01,3.030154830827798307e+01,1.758992947662908701e+00,2.549999999999997158e+00,3.030154830827798307e+01,1.758992947662908701e+00,2.933737996510820878e+01,2.431388763463181224e+00
6.275527971300354011e+02,1.253692669875363208e+00,2.851549223800721933e+01,3.030829793398289240e+01,1.758358706931548054e+00,2.549999999999997158e+00,3.030829793398289240e+01,1.758358706931548054e+00,2.934208556531738310e+01,2.431180041120031277e+00
6.288064897999107643e+02,1.253692669875363208e+00,2.851840782289812992e+01,3.031506486040877490e+01,1.757725359991749947e+00,2.549999999999997158e+00,3.031506486040877490e+01,1.757725359991749947e+00,2.934680202585477105e+01,2.430971395987264749e+00
6.303475776908726402e+02,1.541087890961875928e+00,2.852200213253120609e+01,3.032340622897876870e+01,1.756948045903927058e+00,2.549999999999996714e+00,3.032340622897876870e+01,1.756948045903927058e+00,2.935261452597710274e+01,2.430715026888544461e+00
6.318886655818345162e+02,1.541087890961875928e+00,2.852560786242106161e+01,3.033177262749562431e+01,1.756172073329538730e+00,2.549999999999996270e+00,3.033177262749562431e+01,1.756172073329538730e+00,2.935844335259128357e+01,2.430458774095794361e+00
6.334297534727963921e+02,1.541087890961875928e+00,2.852922500819836671e+01,3.034016350697464404e+01,1.755397437310228792e+00,2.549999999999996270e+00,3.034016350697464404e+01,1.755397437310228792e+00,2.936428846096730538e+01,2.430202637410913358e+00
6.349708413637582680e+02,1.541087890961875928e+00,2.853285356541417173e+01,3.034857835782577951e+01,1.754624132905160616e+00,2.549999999999995826e+00,3.034857835782577951e+01,1.754624132905160616e+00,2.937014980733155056e+01,2.429946616636530443e+00
6.365119292547201439e+02,1.541087890961875928e+00,2.853649352951754992e+01,3.035701670534817254e+01,1.753852155192357598e+00,2.549999999999995381e+00,3.035701670534817254e+01,1.753852155192357598e+00,2.937602734879973809e+01,2.429690711576005580e+00
6.380530171456820199e+02,1.541087890961875928e+00,2.854014489583603975e+01,3.036547810586195340e+01,1.753081499269820709e+00,2.549999999999995381e+00,3.036547810586195340e+01,1.753081499269820709e+00,2.938192104331684362e+01,2.429434922033424371e+00
6.399355188472054579e+02,1.882501701523437987e+00,2.854462065278011806e+01,3.037584472725624352e+01,1.752141897997053333e+00,2.549999999999994493e+00,3.037584472725624352e+01,1.752141897997053333e+00,2.938914228870391199e+01,2.429122621132869142e+00
6.418180205487288958e+02,1.882501701523437987e+00,2.854911340741191594e+01,3.038624442043835927e+01,1.751204252914082771e+00,2.549999999999994493e+00,3.038624442043835927e+01,1.751204252914082771e+00,2.939638750172904480e+01,2.428810491958251827e+00
6.437005222502523338e+02,1.882501701523437987e+00,2.855362315029477926e+01,3.039667652664982711e+01,1.750268555217511901e+00,2.549999999999993605e+00,3.039667652664982711e+01,1.750268555217511901e+00,2.940365661012294396e+01,2.428498534156845690e+00
6.455830239517757718e+02,1.882501701523437987e+00,2.855814987162085927e+01,3.040714043102023467e+01,1.749334796154897731e+00,2.549999999999993161e+00,3.040714043102023467e+01,1.749334796154897731e+00,2.941094954302175424e+01,2.428186747377510724e+00
6.474655256532992098e+02,1.882501701523437987e+00,2.856269356121400804e+01,3.041763555787231255e+01,1.748402967025756816e+00,2.549999999999992273e+00,3.041763555787231255e+01,1.748402967025756816e+00,2.941826623087563064e+01,2.427875131270684328e+00
6.493480273548226478e+02,1.882501701523437987e+00,2.856725420854673558e+01,3.042816136664014337e+01,1.747473059182362176e+00,2.549999999999991829e+00,3.042816136664014337e+01,1.747473059182362176e+00,2.942560660536606676e+01,2.427563685488368872e+00
6.516185812671111535e+02,2.270553912288505671e+00,2.857277751750907768e+01,3.044089702757587546e+01,1.746354007400768404e+00,2.549999999999990496e+00,3.044089702757587546e+01,1.746354007400768404e+00,2.943449151705977940e+01,2.427188265495201946e+00
6.538891351793996591e+02,2.270553912288505671e+00,2.857832546065376889e+01,3.045367574666998678e+01,1.745237723162851529e+00,2.549999999999989608e+00,3.045367574666998678e+01,1.745237723162851529e+00,2.944341067385953181e+01,2.426813092175414521e+00
6.561596890916881648e+02,2.270553912288505671e+00,2.858389801800307595e+01,3.046649673989405827e+01,1.744124191607163699e+00,2.549999999999988276e+00,3.046649673989405827e+01,1.744124191607163699e+00,2.945236396217809727e+01,2.426438164927379404e+00
6.584302430039766705e+02,2.270553912288505671e+00,2.858949516934826107e+01,3.047935927173388748e+01,1.743013397987152935e+00,2.549999999999986944e+00,3.047935927173388748e+01,1.743013397987152935e+00,2.946135127045075208e+01,2.426063483152693490e+00
6.600000000000000000e+02,1.569756996023329521e+00,2.859337915204230640e+01,3.048827575869560746e+01,1.742247039235624406e+00,2.549999999999986056e+00,3.048827575869560746e+01,1.742247039235624406e+00,2.946758451641494503e+01,2.425804588538774453e+00
6.600000307140649056e+02,3.071406490562367253e-05,2.859337922815167232e+01,3.048827593332688579e+01,1.742247024253655407e+00,2.549999999999986056e+00,3.048827593332688579e+01,1.742247024253655407e+00,2.946758463853376142e+01,2.425804583474353127e+00
6.600000614281298112e+02,3.071406490562367253e-05,2.859337930426104535e+01,3.048827610794494092e+01,1.742247009271687519e+00,2.549999999999986056e+00,3.048827610794494092e+01,1.742247009271687519e+00,2.946758476065258492e+01,2.425804578409932244e+00
6.600003685687788675e+02,3.071406490562367253e-04,2.859338006535514509e+01,3.048827785366824017e+01,1.742246859452083463e+00,2.549999999999986056e+00,3.048827785366824017e+01,1.742246859452083463e+00,2.946758598184080569e+01,2.425804527765725194e+00
6.600006757094279237e+02,3.071406490562367253e-04,2.859338082644968182e+01,3.048827959904346585e+01,1.742246709632556012e+00,2.549999999999986056e+00,3.048827959904346585e+01,1.742246709632556012e+00,2.946758720302912593e+01,2.425804477121522584e+00
6.600037471159184861e+02,3.071406490562367253e-03,2.859338843743367775e+01,3.048829703895000520e+01,1.742245211442608355e+00,2.549999999999986056e+00,3.048829703895000520e+01,1.742245211442608355e+00,2.946759941491994539e+01,2.425803970679883292e+00
6.600068185224090485e+02,3.071406490562367253e-03,2.859339604846162075e+01,3.048831446807897549e+01,1.742243713258316617e+00,2.549999999999986056e+00,3.048831446807897549e+01,1.742243713258316617e+00,2.946761162681950807e+01,2.425803464238681872e+00
6.600140765712170605e+02,7.258048808012063091e-03,2.859341403426024186e+01,3.048835562750037909e+01,1.742240172914555574e+00,2.549999999999986056e+00,3.048835562750037909e+01,1.742240172914555574e+00,2.946764048482334886e+01,2.425802267467716877e+00
6.600213346200250726e+02,7.258048808012063091e-03,2.859343202029944564e+01,3.048839675249729808e+01,1.742236632599901025e+00,2.549999999999986056e+00,3.048839675249729808e+01,1.742236632599901025e+00,2.946766934287546391e+01,2.425801070699149964e+00
6.600285926688330846e+02,7.258048808012063091e-03,2.859345000658661107e+01,3.048843784963051107e+01,1.742233092314685594e+00,2.549999999999986056e+00,3.048843784963051107e+01,1.742233092314685594e+00,2.946769820097757275e+01,2.425799873933053963e+00
6.600418918696348101e+02,1.329920080172541930e-02,2.859348296419732804e+01,3.048851309263514864e+01,1.742226605390552185e+00,2.549999999999986056e+00,3.048851309263514864e+01,1.742226605390552185e+00,2.946775107891457068e+01,2.425797681059161270e+00
6.600551910704365355e+02,1.329920080172541930e-02,2.859351592265267428e+01,3.048858827073605227e+01,1.742220118564517639e+00,2.549999999999986056e+00,3.048858827073605227e+01,1.742220118564517639e+00,2.946780395702371180e+01,2.425795488193685401e+00
6.600684902712382609e+02,1.329920080172541930e-02,2.859354888195202804e+01,3.048866339256427693e+01,1.742213631835888288e+00,2.549999999999986056e+00,3.048866339256427693e+01,1.742213631835888288e+00,2.946785683530584521e+01,2.425793295336622357e+00
6.600817894720399863e+02,1.329920080172541930e-02,2.859358184209390785e+01,3.048873846371684238e+01,1.742207145204092811e+00,2.549999999999986056e+00,3.048873846371684238e+01,1.742207145204092811e+00,2.946790971376150026e+01,2.425791102487957041e+00
6.601039039518869913e+02,2.211447984700498637e-02,2.859363665149240674e+01,3.048886319427811031e+01,1.742196359168869613e+00,2.549999999999986056e+00,3.048886319427811031e+01,1.742196359168869613e+00,2.946799764270503985e+01,2.425787456144004484e+00
6.601260184317339963e+02,2.211447984700498637e-02,2.859369146321990129e+01,3.048898781248611556e+01,1.742185573399301690e+00,2.549999999999986056e+00,3.048898781248611556e+01,1.742185573399301690e+00,2.946808557213341828e+01,2.425783809823264026e+00
6.601481329115810013e+02,2.211447984700498637e-02,2.859374627727689244e+01,3.048911232943396143e+01,1.742174787894632315e+00,2.549999999999986056e+00,3.048911232943396143e+01,1.742174787894632315e+00,2.946817350204953456e+01,2.425780163525740107e+00
6.601702473914280063e+02,2.211447984700498637e-02,2.859380109366363598e+01,3.048923675313966797e+01,1.742164002654299937e+00,2.549999999999986056e+00,3.048923675313966797e+01,1.742164002654299937e+00,2.946826143245592178e+01,2.425776517251435394e+00
6.602075826408639614e+02,3.733524943595512013e-02,2.859389364390213117e+01,3.048944661947530932e+01,1.742145794837361317e+00,2.549999999999986056e+00,3.048944661947530932e+01,1.742145794837361317e+00,2.946840988398730943e+01,2.425770361402576736e+00
6.602449178902999165e+02,3.733524943595512013e-02,2.859398620078075481e+01,3.048965626336220680e+01,1.742127587770607722e+00,2.549999999999986056e+00,3.048965626336220680e+01,1.742127587770607722e+00,2.946855833693296489e+01,2.425764205619892255e+00
6.602822531397358716e+02,3.733524943595512013e-02,2.859407876429931150e+01,3.048986570404084517e+01,1.742109381452574990e+00,2.549999999999986056e+00,3.048986570404084517e+01,1.742109381452574990e+00,2.946870679130219628e+01,2.425758049903378843e+00
6.603195883891718267e+02,3.733524943595512013e-02,2.859417133445767689e+01,3.049007495621997066e+01,1.742091175882133358e+00,2.549999999999986056e+00,3.049007495621997066e+01,1.742091175882133358e+00,2.946885524710356918e+01,2.425751894253032059e+00
6.603738178081785009e+02,5.422941900667410664e-02,2.859430580436252711e+01,3.049037858275887203e+01,1.742064733635802831e+00,2.549999999999985612e+00,3.049037858275887203e+01,1.742064733635802831e+00,2.946907088159944621e+01,2.425742953293830606e+00
6.604280472271851750e+02,5.422941900667410664e-02,2.859444028827532946e+01,3.049068186740378650e+01,1.742038292962351242e+00,2.549999999999985612e+00,3.049068186740378650e+01,1.742038292962351242e+00,2.946928651915615305e+01,2.425734012474212609e+00
6.604822766461918491e+02,5.422941900667410664e-02,2.859457478619582105e+01,3.049098483486422850e+01,1.742011853859799286e+00,2.549999999999985612e+00,3.049098483486422850e+01,1.742011853859799286e+00,2.946950215979470045e+01,2.425725071794170518e+00
6.605365060651985232e+02,5.422941900667410664e-02,2.859470929812373896e+01,3.049128750513885677e+01,1.741985416326506719e+00,2.549999999999986056e+00,3.049128750513885677e+01,1.741985416326506719e+00,2.946971780353458215e+01,2.425716131253695895e+00
6.606154403714328964e+02,7.893430623437325266e-02,2.859490511366797350e+01,3.049172756419099173e+01,1.741946937647191884e+00,2.549999999999985612e+00,3.049172756419099173e+01,1.741946937647191884e+00,2.947003169204594997e+01,2.425703117988064594e+00
6.606943746776672697e+02,7.893430623437325266e-02,2.859510095888778736e+01,3.049216707253934544e+01,1.741908462285884696e+00,2.549999999999985612e+00,3.049216707253934544e+01,1.741908462285884696e+00,2.947034558721951214e+01,2.425690105018088349e+00
6.607733089839016429e+02,7.893430623437325266e-02,2.859529683378235276e+01,3.049260606602224755e+01,1.741869990239390154e+00,2.549999999999985612e+00,3.049260606602224755e+01,1.741869990239390154e+00,2.947065948910440625e+01,2.425677092343740959e+00
6.608522432901360162e+02,7.893430623437325266e-02,2.859549273835083483e+01,3.049304457523438927e+01,1.741831521504892732e+00,2.549999999999985612e+00,3.049304457523438927e+01,1.741831521504892732e+00,2.947097339774682823e+01,2.425664079964997555e+00
6.609311775963703894e+02,7.893430623437325266e-02,2.859568867259240932e+01,3.049348262640319973e+01,1.741793056079891766e+00,2.549999999999985612e+00,3.049348262640319973e+01,1.741793056079891766e+00,2.947128731319040185e+01,2.425651067881833711e+00
6.610556429259730749e+02,1.244653296026854150e-01,2.859599768624456573e+01,3.049417247864555236e+01,1.741732409679924487e+00,2.549999999999985167e+00,3.049417247864555236e+01,1.741732409679924487e+00,2.947178231580114982e+01,2.425630550746735281e+00
6.611801082555757603e+02,1.244653296026854150e-01,2.859630677366959617e+01,3.049486132294567042e+01,1.741671771495234333e+00,2.549999999999985167e+00,3.049486132294567042e+01,1.741671771495234333e+00,2.947227733557673446e+01,2.425610034346394439e+00
6.613045735851784457e+02,1.244653296026854150e-01,2.859661593486425701e+01,3.049554922214804620e+01,1.741611141518903061e+00,2.549999999999985167e+00,3.049554922214804620e+01,1.741611141518903061e+00,2.947277237265933891e+01,2.425589518680713486e+00
6.614290389147811311e+02,1.244653296026854150e-01,2.859692516982531529e+01,3.049623623033602016e+01,1.741550519744644587e+00,2.549999999999985167e+00,3.049623623033602016e+01,1.741550519744644587e+00,2.947326742718282588e+01,2.425569003749593833e+00
6.615535042443838165e+02,1.244653296026854150e-01,2.859723447854952738e+01,3.049692239445695918e+01,1.741489906166688861e+00,2.549999999999985167e+00,3.049692239445695918e+01,1.741489906166688861e+00,2.947376249927381409e+01,2.425548489552936005e+00
6.617235591912422024e+02,1.700549468583858470e-01,2.859765720124011068e+01,3.049785859861260562e+01,1.741407104064913058e+00,2.549999999999984723e+00,3.049785859861260562e+01,1.741407104064913058e+00,2.947443893680063809e+01,2.425520462528204302e+00
6.618936141381005882e+02,1.700549468583858470e-01,2.859808006161243554e+01,3.049879339350365015e+01,1.741324317240907860e+00,2.549999999999984723e+00,3.049879339350365015e+01,1.741324317240907860e+00,2.947511540763472127e+01,2.425492436874085111e+00
6.620636690849589741e+02,1.700549468583858470e-01,2.859850305965830941e+01,3.049972685688193508e+01,1.741241545682994607e+00,2.549999999999984723e+00,3.049972685688193508e+01,1.741241545682994607e+00,2.947579191204891913e+01,2.425464412590329744e+00
6.622337240318173599e+02,1.700549468583858470e-01,2.859892619536955749e+01,3.050065905699973001e+01,1.741158789380183203e+00,2.549999999999984279e+00,3.050065905699973001e+01,1.741158789380183203e+00,2.947646845030175555e+01,2.425436389676688620e+00
6.624037789786757457e+02,1.700549468583858470e-01,2.859934946873802630e+01,3.050159005422197112e+01,1.741076048322057090e+00,2.549999999999984279e+00,3.050159005422197112e+01,1.741076048322057090e+00,2.947714502263909253e+01,2.425408368132913051e+00
6.626337023771051236e+02,2.299233984293778121e-01,2.859992197587561691e+01,3.050284699440676306e+01,1.740964202201053412e+00,2.549999999999984279e+00,3.050284699440676306e+01,1.740964202201053412e+00,2.947805983929629292e+01,2.425370483682257383e+00
6.628636257755345014e+02,2.299233984293778121e-01,2.860049473462243697e+01,3.050410195007684422e+01,1.740852383906568379e+00,2.549999999999984279e+00,3.050410195007684422e+01,1.740852383906568379e+00,2.947897471923950619e+01,2.425332601734714100e+00
6.630935491739638792e+02,2.299233984293778121e-01,2.860106774495854154e+01,3.050535502349101691e+01,1.740740593416272519e+00,2.549999999999983835e+00,3.050535502349101691e+01,1.740740593416272519e+00,2.947988966298940028e+01,2.425294722289669025e+00
6.633234725723932570e+02,2.299233984293778121e-01,2.860164100686405320e+01,3.050660630551014307e+01,1.740628830708669916e+00,2.549999999999983835e+00,3.050660630551014307e+01,1.740628830708669916e+00,2.948080467104091795e+01,2.425256845346507983e+00
6.635533959708226348e+02,2.299233984293778121e-01,2.860221452031918332e+01,3.050785587742313609e+01,1.740517095762968092e+00,2.549999999999983391e+00,3.050785587742313609e+01,1.740517095762968092e+00,2.948171974386600880e+01,2.425218970904619464e+00
6.638527435523700433e+02,2.993475815474084811e-01,2.860296158011646739e+01,3.050948030843005654e+01,1.740371664595300460e+00,2.549999999999983391e+00,3.050948030843005654e+01,1.740371664595300460e+00,2.948291121601181786e+01,2.425169664217688759e+00
6.641520911339174518e+02,2.993475815474084811e-01,2.860370906622891951e+01,3.051110210801464362e+01,1.740226280408274873e+00,2.549999999999982947e+00,3.051110210801464362e+01,1.740226280408274873e+00,2.948410279966413938e+01,2.425120361768176913e+00
6.644514387154648603e+02,2.993475815474084811e-01,2.860445697861356606e+01,3.051272140397201227e+01,1.740080943159818538e+00,2.549999999999982947e+00,3.051272140397201227e+01,1.740080943159818538e+00,2.948529449572338379e+01,2.425071063554732120e+00
6.647507862970122687e+02,2.993475815474084811e-01,2.860520531722772120e+01,3.051433831108576200e+01,1.739935652808833666e+00,2.549999999999982503e+00,3.051433831108576200e+01,1.739935652808833666e+00,2.948648630504780854e+01,2.425021769576007902e+00
6.650501338785596772e+02,2.993475815474084811e-01,2.860595408202899037e+01,3.051595293306492351e+01,1.739790409315055353e+00,2.549999999999982503e+00,3.051595293306492351e+01,1.739790409315055353e+00,2.948767822845761799e+01,2.424972479830655114e+00
6.654293535841691209e+02,3.792197056094437357e-01,2.860690324462616019e+01,3.051799523503078504e+01,1.739606479071189815e+00,2.549999999999982059e+00,3.051799523503078504e+01,1.739606479071189815e+00,2.948918834670957168e+01,2.424910044638417528e+00
6.658085732897785647e+02,3.792197056094437357e-01,2.860785309103081886e+01,3.052003419290321773e+01,1.739422623883029262e+00,2.549999999999981615e+00,3.052003419290321773e+01,1.739422623883029262e+00,2.949069865083252395e+01,2.424847616235147996e+00
6.661877929953880084e+02,3.792197056094437357e-01,2.860880362115899445e+01,3.052206996172614240e+01,1.739238843672982870e+00,2.549999999999981171e+00,3.052206996172614240e+01,1.739238843672982870e+00,2.949220914227795731e+01,2.424785194618117146e+00
6.665670127009974522e+02,3.792197056094437357e-01,2.860975483492759608e+01,3.052410268202127241e+01,1.739055138364596464e+00,2.549999999999981171e+00,3.052410268202127241e+01,1.739055138364596464e+00,2.949371982243212997e+01,2.424722779784594717e+00
6.669462324066068959e+02,3.792197056094437357e-01,2.861070673225447081e+01,3.052613248179582683e+01,1.738871507882409739e+00,2.549999999999980727e+00,3.052613248179582683e+01,1.738871507882409739e+00,2.949523069262198760e+01,2.424660371731858000e+00
6.674158577346059928e+02,4.696253279990969531e-01,2.861188650831298830e+01,3.052864231055790967e+01,1.738644203664131860e+00,2.549999999999980282e+00,3.052864231055790967e+01,1.738644203664131860e+00,2.949710201814134081e+01,2.424583095052039283e+00
6.678854830626050898e+02,4.696253279990969531e-01,2.861306733242200551e+01,3.053114804171869068e+01,1.738417013947371581e+00,2.549999999999979838e+00,3.053114804171869068e+01,1.738417013947371581e+00,2.949897363936501549e+01,2.424505828762109516e+00
6.683551083906041868e+02,4.696253279990969531e-01,2.861424920443192121e+01,3.053364985873485082e+01,1.738189938593687867e+00,2.549999999999979394e+00,3.053364985873485082e+01,1.738189938593687867e+00,2.950084555849756640e+01,2.424428572856909270e+00
6.688247337186032837e+02,4.696253279990969531e-01,2.861543212419571702e+01,3.053614792914124365e+01,1.737962977465999703e+00,2.549999999999978950e+00,3.053614792914124365e+01,1.737962977465999703e+00,2.950271777764760373e+01,2.424351327331285777e+00
6.692943590466023807e+02,4.696253279990969531e-01,2.861661609156903907e+01,3.053864240660026041e+01,1.737736130428437331e+00,2.549999999999978506e+00,3.053864240660026041e+01,1.737736130428437331e+00,2.950459029883565165e+01,2.424274092180091156e+00
6.698784796015775100e+02,5.841205549751293802e-01,2.861809017327342630e+01,3.054174023927436821e+01,1.737454136807359051e+00,2.549999999999978062e+00,3.054174023927436821e+01,1.737454136807359051e+00,2.950691976735886968e+01,2.424178041473907363e+00
6.704626001565526394e+02,5.841205549751293802e-01,2.861956587518823980e+01,3.054483298079195563e+01,1.737172319222767936e+00,2.549999999999977174e+00,3.054483298079195563e+01,1.737172319222767936e+00,2.950924970971292183e+01,2.424082006799564759e+00
6.710467207115277688e+02,5.841205549751293802e-01,2.862104319705455069e+01,3.054792085868395191e+01,1.736890677419499207e+00,2.549999999999976730e+00,3.054792085868395191e+01,1.736890677419499207e+00,2.951158012930635621e+01,2.423985988147201454e+00
6.716308412665028982e+02,5.841205549751293802e-01,2.862252213862095118e+01,3.055100408145503366e+01,1.736609211144261478e+00,2.549999999999975842e+00,3.055100408145503366e+01,1.736609211144261478e+00,2.951391102939845013e+01,2.423889985506966660e+00
6.722149618214780276e+02,5.841205549751293802e-01,2.862400269964383881e+01,3.055408284094736615e+01,1.736327920145466441e+00,2.549999999999975397e+00,3.055408284094736615e+01,1.736327920145466441e+00,2.951624241311110453e+01,2.423793998869023802e+00
6.727990823764531569e+02,5.841205549751293802e-01,2.862548487988771839e+01,3.055715731443239846e+01,1.736046804173074776e+00,2.549999999999974953e+00,3.055715731443239846e+01,1.736046804173074776e+00,2.951857428343976864e+01,2.423698028223551404e+00
6.736542479012742888e+02,8.551655248211318394e-01,2.862765774493853144e+01,3.056165102117063981e+01,1.735635559293740027e+00,2.549999999999973621e+00,3.056165102117063981e+01,1.735635559293740027e+00,2.952198907730078048e+01,2.423557553882439652e+00
6.745094134260954206e+02,8.551655248211318394e-01,2.862983407940126668e+01,3.056613636469285211e+01,1.735224688251508107e+00,2.549999999999972733e+00,3.056613636469285211e+01,1.735224688251508107e+00,2.952540492892245538e+01,2.423417113767230902e+00
6.753645789509165525e+02,8.551655248211318394e-01,2.863201388263892966e+01,3.057061377371864097e+01,1.734814190276738666e+00,2.549999999999971845e+00,3.057061377371864097e+01,1.734814190276738666e+00,2.952882184647367581e+01,2.423276707847264788e+00
6.762197444757376843e+02,8.551655248211318394e-01,2.863419715405811772e+01,3.057508363851649236e+01,1.734404064604835094e+00,2.549999999999970512e+00,3.057508363851649236e+01,1.734404064604835094e+00,2.953223983771283656e+01,2.423136336091945786e+00
6.770749100005588161e+02,8.551655248211318394e-01,2.863638389311076438e+01,3.057954631606204288e+01,1.733994310475865053e+00,2.549999999999969624e+00,3.057954631606204288e+01,1.733994310475865053e+00,2.953565891002327248e+01,2.422995998470741430e+00
6.779300755253799480e+02,8.551655248211318394e-01,2.863857409929585529e+01,3.058400213449271021e+01,1.733584927134232734e+00,2.549999999999968292e+00,3.058400213449271021e+01,1.733584927134232734e+00,2.953907907044503744e+01,2.422855694953180539e+00
6.789820930541778807e+02,1.052017528797932755e+00,2.864127322824581512e+01,3.058947468149122884e+01,1.733081814675748955e+00,2.549999999999966516e+00,3.058947468149122884e+01,1.733081814675748955e+00,2.954328802595798820e+01,2.422683141468557899e+00
6.800341105829758135e+02,1.052017528797932755e+00,2.864397760283683425e+01,3.059493782323062661e+01,1.732579260828011281e+00,2.549999999999965183e+00,3.059493782323062661e+01,1.732579260828011281e+00,2.954749865026188260e+01,2.422510639492919005e+00
6.810861281117737462e+02,1.052017528797932755e+00,2.864668722245073340e+01,3.060039203362052262e+01,1.732077264208130352e+00,2.549999999999963407e+00,3.060039203362052262e+01,1.732077264208130352e+00,2.955171095466336695e+01,2.422338188969915596e+00
6.821381456405716790e+02,1.052017528797932755e+00,2.864940208659257337e+01,3.060583774773979471e+01,1.731575823441108053e+00,2.549999999999961631e+00,3.060583774773979471e+01,1.731575823441108053e+00,2.955592494990833075e+01,2.422165789843341521e+00
6.831901631693696118e+02,1.052017528797932755e+00,2.865212219489434275e+01,3.061127536665855686e+01,1.731074937159469362e+00,2.549999999999959854e+00,3.061127536665855686e+01,1.731074937159469362e+00,2.956014064622682369e+01,2.421993442057127410e+00
6.842421806981675445e+02,1.052017528797932755e+00,2.865484754711841830e+01,3.061670526154491512e+01,1.730574604002944605e+00,2.549999999999958078e+00,3.061670526154491512e+01,1.730574604002944605e+00,2.956435805337300948e+01,2.421821145555342891e+00
6.855344671084483252e+02,1.292286410280780728e+00,2.865820251592939272e+01,3.062336521673279321e+01,1.729960755473119116e+00,2.549999999999955413e+00,3.062336521673279321e+01,1.729960755473119116e+00,2.956954102374642801e+01,2.421609568594091488e+00
6.868267535187291060e+02,1.292286410280780728e+00,2.866156539743924725e+01,3.063001462561800636e+01,1.729347737038884558e+00,2.549999999999952749e+00,3.063001462561800636e+01,1.729347737038884558e+00,2.957472660610276449e+01,2.421398068830584727e+00
6.881190399290098867e+02,1.292286410280780728e+00,2.866493619205596488e+01,3.063665403122601205e+01,1.728735546220336206e+00,2.549999999999950084e+00,3.063665403122601205e+01,1.728735546220336206e+00,2.957991481600706152e+01,2.421186646161996414e+00
6.894113263392906674e+02,1.292286410280780728e+00,2.866831490051215781e+01,3.064328393475599910e+01,1.728124180551861233e+00,2.549999999999946976e+00,3.064328393475599910e+01,1.728124180551861233e+00,2.958510566823331089e+01,2.420975300485805004e+00
6.907036127495714481e+02,1.292286410280780728e+00,2.867170152387058835e+01,3.064990480039305965e+01,1.727513637581730377e+00,2.549999999999943867e+00,3.064990480039305965e+01,1.727513637581730377e+00,2.959029917682402910e+01,2.420764031699796259e+00
6.919958991598522289e+02,1.292286410280780728e+00,2.867509606352874485e+01,3.065651705944122440e+01,1.726903914871738888e+00,2.549999999999940758e+00,3.065651705944122440e+01,1.726903914871738888e+00,2.959549535514376828e+01,2.420552839702056147e+00
6.935736309665828685e+02,1.577731806730639619e+00,2.867925113754438371e+01,3.066457877532735665e+01,1.726160622683486912e+00,2.549999999999936318e+00,3.066457877532735665e+01,1.726160622683486912e+00,2.960184292402897910e+01,2.420295102725857905e+00
6.951513627733135081e+02,1.577731806730639619e+00,2.868341801771756039e+01,3.067262893845890304e+01,1.725418545139637327e+00,2.549999999999931877e+00,3.067262893845890304e+01,1.725418545139637327e+00,2.960819451323618878e+01,2.420037479871267383e+00
6.967290945800441477e+02,1.577731806730639619e+00,2.868759670865641098e+01,3.068066817542966973e+01,1.724677677881364835e+00,2.549999999999927436e+00,3.068066817542966973e+01,1.724677677881364835e+00,2.961455014355245652e+01,2.419779970954642589e+00
6.983068263867747874e+02,1.577731806730639619e+00,2.869178721572851742e+01,3.068869706664592201e+01,1.723938016577347021e+00,2.549999999999922107e+00,3.068869706664592201e+01,1.723938016577347021e+00,2.962090983464863569e+01,2.419522575792999231e+00
6.998845581935054270e+02,1.577731806730639619e+00,2.869598954505557131e+01,3.069671615133576026e+01,1.723199556923237452e+00,2.549999999999916778e+00,3.069671615133576026e+01,1.723199556923237452e+00,2.962727360515988195e+01,2.419265294204007599e+00
7.014622900002360666e+02,1.577731806730639619e+00,2.870020370350321315e+01,3.070472593190419275e+01,1.722462294641184499e+00,2.549999999999911005e+00,3.070472593190419275e+01,1.722462294641184499e+00,2.963364147275839855e+01,2.419008126005986359e+00
7.033642998236914536e+02,1.902009823455387050e+00,2.870529975284641111e+01,3.071437029239731586e+01,1.721575085442334396e+00,2.549999999999903455e+00,3.071437029239731586e+01,1.721575085442334396e+00,2.964132362615321270e+01,2.418698251407606747e+00
7.052663096471468407e+02,1.902009823455387050e+00,2.871041301934385004e+01,3.072400257637140086e+01,1.720689602822355946e+00,2.549999999999895461e+00,3.072400257637140086e+01,1.720689602822355946e+00,2.964901178600594278e+01,2.418388541022795213e+00
7.071683194706022277e+02,1.902009823455387050e+00,2.871554351908222813e+01,3.073362349256829518e+01,1.719805839434834338e+00,2.549999999999887024e+00,3.073362349256829518e+01,1.719805839434834338e+00,2.965670597845185341e+01,2.418078994536962512e+00
7.090703292940576148e+02,1.902009823455387050e+00,2.872069126947766904e+01,3.074323369940740847e+01,1.718923787985796592e+00,2.549999999999877698e+00,3.074323369940740847e+01,1.718923787985796592e+00,2.966440622810201333e+01,2.417769611636856553e+00
7.109723391175130018e+02,1.902009823455387050e+00,2.872585628916461076e+01,3.075283381018057938e+01,1.718043441232921298e+00,2.549999999999867484e+00,3.075283381018057938e+01,1.718043441232921298e+00,2.967211255814935100e+01,2.417460392010549519e+00
7.128743489409683889e+02,1.902009823455387050e+00,2.873103859786597525e+01,3.076242439760007130e+01,1.717164791984796102e+00,2.549999999999856826e+00,3.076242439760007130e+01,1.717164791984796102e+00,2.967982499046504685e+01,2.417151335347435204e+00
7.151386253109599238e+02,2.264276369991534921e+00,2.873723052640811915e+01,3.077382998157670357e+01,1.716120994063511374e+00,2.549999999999843059e+00,3.077382998157670357e+01,1.716120994063511374e+00,2.968901435709089753e+01,2.416783626215599501e+00
7.174029016809514587e+02,2.264276369991534921e+00,2.874344702264977514e+01,3.078522367039593988e+01,1.715079579783415520e+00,2.549999999999827516e+00,3.078522367039593988e+01,1.715079579783415520e+00,2.969821243377158737e+01,2.416416147078668697e+00
7.196671780509429937e+02,2.264276369991534921e+00,2.874968812397841944e+01,3.079660624766369992e+01,1.714040537285880683e+00,2.549999999999811529e+00,3.079660624766369992e+01,1.714040537285880683e+00,2.970741925103850534e+01,2.416048897419798003e+00
7.200000000000000000e+02,3.328219490570063499e-01,2.875060756876554535e+01,3.079827846044467776e+01,1.713888009503622634e+00,2.549999999999808864e+00,3.079827846044467776e+01,1.713888009503622634e+00,2.970877328325354938e+01,2.415994935360044948e+00
7.200000305247297092e+02,3.052472970921371598e-05,2.875060765311675226e+01,3.079827861381122034e+01,1.713887995516891305e+00,2.549999999999808864e+00,3.079827861381122034e+01,1.713887995516891305e+00,2.970877340744716477e+01,2.415994930411147656e+00
7.200000610494594184e+02,3.052472970921371598e-05,2.875060773746795917e+01,3.079827876718454505e+01,1.713887981530161086e+00,2.549999999999808864e+00,3.079827876718454505e+01,1.713887981530161086e+00,2.970877353164078372e+01,2.415994925462249920e+00
7.200003662967565106e+02,3.052472970921371598e-04,2.875060858098043326e+01,3.079828030115235649e+01,1.713887841662937284e+00,2.549999999999808864e+00,3.079828030115235649e+01,1.713887841662937284e+00,2.970877477357734975e+01,2.415994875973277001e+00
7.200006715440536027e+02,3.052472970921371598e-04,2.875060942449334078e+01,3.079828183529878061e+01,1.713887701795789864e+00,2.549999999999808864e+00,3.079828183529878061e+01,1.713887701795789864e+00,2.970877601551433500e+01,2.415994826484306746e+00
7.200037240170245241e+02,3.052472970921371598e-03,2.875061785966092032e+01,3.079829718387671278e+01,1.713886303129320554e+00,2.549999999999808864e+00,3.079829718387671278e+01,1.713886303129320554e+00,2.970878843492117838e+01,2.415994331594971012e+00
7.200067764899954454e+02,3.052472970921371598e-03,2.875062629487230836e+01,3.079831253799790503e+01,1.713884904468038428e+00,2.549999999999808864e+00,3.079831253799790503e+01,1.713884904468038428e+00,2.970880085437010010e+01,2.415993836706043396e+00
7.200158144068655020e+02,9.037916870056506013e-03,2.875065127051180269e+01,3.079835801961029418e+01,1.713880763267077612e+00,2.549999999999808864e+00,3.079835801961029418e+01,1.713880763267077612e+00,2.970883762673263817e+01,2.415992371416001649e+00
7.200248523237355585e+02,9.037916870056506013e-03,2.875067624653089027e+01,3.079840352794526481e+01,1.713876622107167291e+00,2.549999999999808420e+00,3.079840352794526481e+01,1.713876622107167291e+00,2.970887439945926900e+01,2.415990906129491744e+00
7.200338902406056150e+02,9.037916870056506013e-03,2.875070122293892894e+01,3.079844905716431569e+01,1.713872480988164249e+00,2.549999999999808420e+00,3.079844905716431569e+01,1.713872480988164249e+00,2.970891117255875358e+01,2.415989440846599834e+00
7.200506271324632053e+02,1.673689185759030806e-02,2.875074747660333685e+01,3.079853341648357201e+01,1.713864812352186018e+00,2.549999999999808420e+00,3.079853341648357201e+01,1.713864812352186018e+00,2.970897927191609256e+01,2.415986727367947839e+00
7.200673640243207956e+02,1.673689185759030806e-02,2.875079373161725727e+01,3.079861782430195305e+01,1.713857143853917853e+00,2.549999999999807976e+00,3.079861782430195305e+01,1.713857143853917853e+00,2.970904737256528705e+01,2.415984013901848915e+00
7.200841009161783859e+02,1.673689185759030806e-02,2.875083998797988372e+01,3.079870227424034468e+01,1.713849475492160712e+00,2.549999999999807976e+00,3.079870227424034468e+01,1.713849475492160712e+00,2.970911547450461754e+01,2.415981300448294622e+00
7.201008378080359762e+02,1.673689185759030806e-02,2.875088624568927642e+01,3.079878676214269717e+01,1.713841807265994222e+00,2.549999999999807976e+00,3.079878676214269717e+01,1.713841807265994222e+00,2.970918357773143725e+01,2.415978587007267198e+00
7.201299886495787632e+02,2.915084154278702044e-02,2.875096681650152775e+01,3.079893399696335266e+01,1.713828451748273585e+00,2.549999999999807532e+00,3.079893399696335266e+01,1.713828451748273585e+00,2.970930219699491204e+01,2.415973861004997669e+00
7.201591394911215502e+02,2.915084154278702044e-02,2.875104739139854004e+01,3.079908132334081472e+01,1.713815096637612223e+00,2.549999999999807532e+00,3.079908132334081472e+01,1.713815096637612223e+00,2.970942082015777785e+01,2.415969135040718641e+00
7.201882903326643373e+02,2.915084154278702044e-02,2.875112797038113399e+01,3.079922873191319255e+01,1.713801741932416522e+00,2.549999999999807532e+00,3.079922873191319255e+01,1.713801741932416522e+00,2.970953944721774320e+01,2.415964409114435885e+00
7.202174411742071243e+02,2.915084154278702044e-02,2.875120855344980697e+01,3.079937621605925102e+01,1.713788387631541621e+00,2.549999999999807088e+00,3.079937621605925102e+01,1.713788387631541621e+00,2.970965807817252724e+01,2.415959683226152066e+00
7.202675507420092345e+02,5.010956780211017758e-02,2.875134708327911426e+01,3.079962989987875233e+01,1.713765432864478910e+00,2.549999999999806644e+00,3.079962989987875233e+01,1.713765432864478910e+00,2.970986201091264789e+01,2.415951559631142054e+00
7.203176603098113446e+02,5.010956780211017758e-02,2.875148562518275952e+01,3.079988376989888721e+01,1.713742479285417231e+00,2.549999999999806199e+00,3.079988376989888721e+01,1.713742479285417231e+00,2.971006595514250748e+01,2.415943436148402235e+00
7.203677698776134548e+02,5.010956780211017758e-02,2.875162417916099855e+01,3.080013780972362269e+01,1.713719526891343214e+00,2.549999999999805755e+00,3.080013780972362269e+01,1.713719526891343214e+00,2.971026991085143365e+01,2.415935312777926836e+00
7.204178794454155650e+02,5.010956780211017758e-02,2.875176274521418662e+01,3.080039200697229873e+01,1.713696575679955592e+00,2.549999999999805311e+00,3.080039200697229873e+01,1.713696575679955592e+00,2.971047387802980921e+01,2.415927189519708751e+00
7.204919623404599633e+02,7.408289504439835582e-02,2.875196762590668342e+01,3.080076808475503114e+01,1.713662646355154306e+00,2.549999999999804867e+00,3.080076808475503114e+01,1.713662646355154306e+00,2.971077544780465018e+01,2.415915180152891306e+00
7.205660452355043617e+02,7.408289504439835582e-02,2.875217253299394926e+01,3.080114445792174394e+01,1.713628719606164363e+00,2.549999999999804423e+00,3.080114445792174394e+01,1.713628719606164363e+00,2.971107704260236204e+01,2.415903171031408281e+00
7.206401281305487601e+02,7.408289504439835582e-02,2.875237746647734483e+01,3.080152110495596673e+01,1.713594795428809103e+00,2.549999999999803535e+00,3.080152110495596673e+01,1.713594795428809103e+00,2.971137866239817882e+01,2.415891162155240579e+00
7.207142110255931584e+02,7.408289504439835582e-02,2.875258242635821659e+01,3.080189800859511706e+01,1.713560873819654162e+00,2.549999999999803091e+00,3.080189800859511706e+01,1.713560873819654162e+00,2.971168030716911446e+01,2.415879153524370437e+00
7.208221250896940546e+02,1.079140641008962120e-01,2.875288103176524501e+01,3.080244746076632367e+01,1.713511465940465994e+00,2.549999999999802203e+00,3.080244746076632367e+01,1.713511465940465994e+00,2.971211974761480334e+01,2.415861661394126170e+00
7.209300391537949508e+02,1.079140641008962120e-01,2.875317969319143785e+01,3.080299738967960366e+01,1.713462063496674403e+00,2.549999999999801314e+00,3.080299738967960366e+01,1.713462063496674403e+00,2.971255924094637990e+01,2.415844169784278073e+00
7.210379532178958470e+02,1.079140641008962120e-01,2.875347841064093757e+01,3.080354776475520495e+01,1.713412666481651803e+00,2.549999999999800426e+00,3.080354776475520495e+01,1.713412666481651803e+00,2.971299878710569686e+01,2.415826678694770191e+00
7.211458672819967433e+02,1.079140641008962120e-01,2.875377718411788308e+01,3.080409855996698454e+01,1.713363274889568855e+00,2.549999999999799538e+00,3.080409855996698454e+01,1.713363274889568855e+00,2.971343838603798915e+01,2.415809188125545681e+00
7.212537813460976395e+02,1.079140641008962120e-01,2.875407601362642396e+01,3.080464975308990105e+01,1.713313888715261690e+00,2.549999999999799094e+00,3.080464975308990105e+01,1.713313888715261690e+00,2.971387803769147595e+01,2.415791698076549032e+00
7.214262068795268306e+02,1.724255334291910913e-01,2.875455360093636870e+01,3.080553123053229569e+01,1.713234990516368406e+00,2.549999999999797318e+00,3.080553123053229569e+01,1.713234990516368406e+00,2.971458062419882395e+01,2.415763753484192033e+00
7.215986324129560217e+02,1.724255334291910913e-01,2.875503133132118094e+01,3.080641360974987464e+01,1.713156106120524269e+00,2.549999999999795985e+00,3.080641360974987464e+01,1.713156106120524269e+00,2.971528334498868062e+01,2.415735810219592938e+00
7.217710579463852127e+02,1.724255334291910913e-01,2.875550920479773609e+01,3.080729683603971836e+01,1.713077235512965091e+00,2.549999999999794653e+00,3.080729683603971836e+01,1.713077235512965091e+00,2.971598619988467149e+01,2.415707868282523485e+00
7.219434834798144038e+02,1.724255334291910913e-01,2.875598722138290242e+01,3.080818086248899945e+01,1.712998378680292699e+00,2.549999999999793321e+00,3.080818086248899945e+01,1.712998378680292699e+00,2.971668918872043363e+01,2.415679927672753635e+00
7.221159090132435949e+02,1.724255334291910913e-01,2.875646538109353756e+01,3.080906564852115892e+01,1.712919535610221589e+00,2.549999999999791989e+00,3.080906564852115892e+01,1.712919535610221589e+00,2.971739231133826564e+01,2.415651988390058236e+00
7.223527578039877426e+02,2.368487907441476636e-01,2.875712242871439273e+01,3.081028219079564323e+01,1.712811256862863729e+00,2.549999999999789768e+00,3.081028219079564323e+01,1.712811256862863729e+00,2.971835835909675438e+01,2.415613612331555249e+00
7.225896065947318903e+02,2.368487907441476636e-01,2.875777974646806356e+01,3.081150002138405597e+01,1.712703004035023957e+00,2.549999999999787548e+00,3.081150002138405597e+01,1.712703004035023957e+00,2.971932465863239869e+01,2.415575238776031419e+00
7.228264553854760379e+02,2.368487907441476636e-01,2.875843733439812056e+01,3.081271907279495181e+01,1.712594777101484000e+00,2.549999999999785771e+00,3.081271907279495181e+01,1.712594777101484000e+00,2.972029120959726001e+01,2.415536867722897441e+00
7.230633041762201856e+02,2.368487907441476636e-01,2.875909519254807023e+01,3.081393928597035625e+01,1.712486576038514174e+00,2.549999999999783551e+00,3.081393928597035625e+01,1.712486576038514174e+00,2.972125801166072279e+01,2.415498499171565783e+00
7.233001529669643332e+02,2.368487907441476636e-01,2.875975332096135517e+01,3.081516060884215946e+01,1.712378400823619140e+00,2.549999999999781775e+00,3.081516060884215946e+01,1.712378400823619140e+00,2.972222506450736645e+01,2.415460133121448028e+00
7.236222951122337008e+02,3.221421452693675747e-01,2.876064888667825414e+01,3.081682344994227307e+01,1.712231311287166990e+00,2.549999999999778666e+00,3.081682344994227307e+01,1.712231311287166990e+00,2.972354077181544696e+01,2.415407954805172785e+00
7.239444372575030684e+02,3.221421452693675747e-01,2.876154495254959897e+01,3.081848815711606449e+01,1.712084269476538800e+00,2.549999999999776001e+00,3.081848815711606449e+01,1.712084269476538800e+00,2.972485694177172277e+01,2.415355781113377898e+00
7.242665794027724360e+02,3.221421452693675747e-01,2.876244151868398902e+01,3.082015464157481333e+01,1.711937275342631626e+00,2.549999999999773337e+00,3.082015464157481333e+01,1.711937275342631626e+00,2.972617357368885749e+01,2.415303612044586767e+00
7.245887215480418035e+02,3.221421452693675747e-01,2.876333858518969677e+01,3.082182282470574464e+01,1.711790328838163955e+00,2.549999999999770228e+00,3.082182282470574464e+01,1.711790328838163955e+00,2.972749066691067199e+01,2.415251447597327239e+00
7.249108636933111711e+02,3.221421452693675747e-01,2.876423615217464302e+01,3.082349263642154114e+01,1.711643429917387715e+00,2.549999999999767120e+00,3.082349263642154114e+01,1.711643429917387715e+00,2.972880822080880847e+01,2.415199287770125824e+00
7.253321247670296543e+02,4.212610737184832033e-01,2.876541064412668902e+01,3.082567858081162626e+01,1.711451403841921293e+00,2.549999999999763567e+00,3.082567858081162626e+01,1.711451403841921293e+00,2.973053186292174033e+01,2.415131086014305151e+00
7.257533858407481375e+02,4.212610737184832033e-01,2.876658599234402303e+01,3.082786707843962049e+01,1.711259458964301094e+00,2.549999999999759126e+00,3.082786707843962049e+01,1.711259458964301094e+00,2.973225629049112939e+01,2.415062892153191587e+00
7.261746469144666207e+02,4.212610737184832033e-01,2.876776219706470528e+01,3.083005801900252152e+01,1.711067595190664647e+00,2.549999999999755129e+00,3.083005801900252152e+01,1.711067595190664647e+00,2.973398150228406678e+01,2.414994706183504647e+00
7.265959079881851039e+02,4.212610737184832033e-01,2.876893925852534295e+01,3.083225130382767887e+01,1.710875812429303089e+00,2.549999999999751132e+00,3.083225130382767887e+01,1.710875812429303089e+00,2.973570749711867833e+01,2.414926528101964287e+00
7.270171690619035871e+02,4.212610737184832033e-01,2.877011717696098358e+01,3.083444684411689707e+01,1.710684110590354079e+00,2.549999999999747136e+00,3.083444684411689707e+01,1.710684110590354079e+00,2.973743427385906557e+01,2.414858357905298014e+00
7.275527270604329715e+02,5.355579985293843492e-01,2.877161592692014480e+01,3.083724121095498205e+01,1.710440512736003171e+00,2.549999999999741362e+00,3.083724121095498205e+01,1.710440512736003171e+00,2.973963068837013779e+01,2.414771703089893862e+00
7.280882850589623558e+02,5.355579985293843492e-01,2.877311606282338730e+01,3.084003894582428273e+01,1.710197045352381595e+00,2.549999999999736033e+00,3.084003894582428273e+01,1.710197045352381595e+00,2.974182836271550556e+01,2.414685061006470512e+00
7.286238430574917402e+02,5.355579985293843492e-01,2.877461758514107615e+01,3.084283991638059774e+01,1.709953708264432048e+00,2.549999999999730260e+00,3.084283991638059774e+01,1.709953708264432048e+00,2.974402729482302732e+01,2.414598431648324883e+00
7.291594010560211245e+02,5.355579985293843492e-01,2.877612049433817631e+01,3.084564400324135747e+01,1.709710501299669394e+00,2.549999999999724931e+00,3.084564400324135747e+01,1.709710501299669394e+00,2.974622748269886330e+01,2.414511815008763218e+00
7.296949590545505089e+02,5.355579985293843492e-01,2.877762479087390801e+01,3.084845109816360420e+01,1.709467424287860693e+00,2.549999999999718714e+00,3.084845109816360420e+01,1.709467424287860693e+00,2.974842892442025999e+01,2.414425211081098865e+00
7.303600959162492927e+02,6.651368616987838323e-01,2.877949498578654186e+01,3.085194141303286841e+01,1.709165715185379408e+00,2.549999999999711164e+00,3.085194141303286841e+01,1.709165715185379408e+00,2.975116475026417362e+01,2.414317670922653036e+00
7.310252327779480765e+02,6.651368616987838323e-01,2.878136732214181848e+01,3.085543604526387895e+01,1.708864205949982784e+00,2.549999999999703615e+00,3.085543604526387895e+01,1.708864205949982784e+00,2.975390250379844659e+01,2.414210150348510719e+00
7.316903696396468604e+02,6.651368616987838323e-01,2.878324180077736472e+01,3.085893484084649430e+01,1.708562896266831999e+00,2.549999999999696065e+00,3.085893484084649430e+01,1.708562896266831999e+00,2.975664218171761632e+01,2.414102649345917673e+00
7.323555065013456442e+02,6.651368616987838323e-01,2.878511842251333519e+01,3.086243765991183352e+01,1.708261785824269685e+00,2.549999999999688072e+00,3.086243765991183352e+01,1.708261785824269685e+00,2.975938378082998170e+01,2.413995167902141858e+00
7.330206433630444280e+02,6.651368616987838323e-01,2.878699718815141750e+01,3.086594437487373099e+01,1.707960874313491306e+00,2.549999999999679634e+00,3.086594437487373099e+01,1.707960874313491306e+00,2.976212729804765189e+01,2.413887706004472111e+00
7.338471829009148450e+02,8.265395378704170071e-01,2.878933484521725461e+01,3.087030728605130392e+01,1.707587220096989489e+00,2.549999999999669420e+00,3.087030728605130392e+01,1.707587220096989489e+00,2.976553922773869587e+01,2.413754194528461294e+00
7.346737224387852621e+02,8.265395378704170071e-01,2.879167581557303279e+01,3.087467582959563117e+01,1.707213872016853928e+00,2.549999999999658762e+00,3.087467582959563117e+01,1.707213872016853928e+00,2.976895410920892004e+01,2.413620713191751310e+00
7.355002619766556791e+02,8.265395378704170071e-01,2.879402010062410255e+01,3.087904982043508184e+01,1.706840829495460898e+00,2.549999999999647660e+00,3.087904982043508184e+01,1.706840829495460898e+00,2.977237193708987917e+01,2.413487261970072684e+00
7.363268015145260961e+02,8.265395378704170071e-01,2.879636770172157512e+01,3.088342909004787629e+01,1.706468091959723488e+00,2.549999999999636113e+00,3.088342909004787629e+01,1.706468091959723488e+00,2.977579270618449669e+01,2.413353840839204789e+00
7.371533410523965131e+02,8.265395378704170071e-01,2.879871862015971473e+01,3.088781348435444585e+01,1.706095658840714568e+00,2.549999999999624567e+00,3.088781348435444585e+01,1.706095658840714568e+00,2.977921641145228193e+01,2.413220449774967857e+00
7.379798805902669301e+02,8.265395378704170071e-01,2.880107285717332033e+01,3.089220286185490139e+01,1.705723529573331509e+00,2.549999999999612132e+00,3.089220286185490139e+01,1.705723529573331509e+00,2.978264304799610329e+01,2.413087088753230525e+00
7.391930572182720880e+02,1.213176628005157909e+00,2.880453436732113559e+01,3.089865424831489094e+01,1.705177875509713559e+00,2.549999999999593481e+00,3.089865424831489094e+01,1.705177875509713559e+00,2.978767788886911205e+01,2.412891398725665049e+00
7.404062338462772459e+02,1.213176628005157909e+00,2.880800303288563669e+01,3.090511571586367623e+01,1.704632873083584466e+00,2.549999999999574829e+00,3.090511571586367623e+01,1.704632873083584466e+00,2.979271901995840111e+01,2.412695773292955703e+00
7.416194104742824038e+02,1.213176628005157909e+00,2.881147885700788080e+01,3.091158692717650425e+01,1.704088520546028329e+00,2.549999999999554401e+00,3.091158692717650425e+01,1.704088520546028329e+00,2.979776642716580781e+01,2.412500212379312003e+00
7.428325871022875617e+02,1.213176628005157909e+00,2.881496184249999004e+01,3.091806757783129811e+01,1.703544816161219666e+00,2.549999999999533529e+00,3.091806757783129811e+01,1.703544816161219666e+00,2.980282009684950495e+01,2.412304715909145969e+00
7.440457637302927196e+02,1.213176628005157909e+00,2.881845199183138817e+01,3.092455739172896401e+01,1.703001758205566318e+00,2.549999999999511324e+00,3.092455739172896401e+01,1.703001758205566318e+00,2.980788001578107682e+01,2.412109283807069016e+00
7.452589403582978775e+02,1.213176628005157909e+00,2.882194930711600733e+01,3.093105611714535286e+01,1.702459344966963606e+00,2.549999999999488676e+00,3.093105611714535286e+01,1.702459344966963606e+00,2.981294617110727074e+01,2.411913915997897284e+00
7.467544511361074910e+02,1.495510777809613501e+00,2.882627039232505695e+01,3.093907916927206969e+01,1.701791584386823653e+00,2.549999999999458922e+00,3.093907916927206969e+01,1.701791584386823653e+00,2.981919990126995401e+01,2.411673169965191210e+00
7.482499619139171045e+02,1.495510777809613501e+00,2.883060237206791498e+01,3.094711502092974698e+01,1.701124797772889163e+00,2.549999999999427835e+00,3.094711502092974698e+01,1.701124797772889163e+00,2.982546306652021428e+01,2.411432521378376048e+00
7.497454726917267180e+02,1.495510777809613501e+00,2.883494524792164526e+01,3.095516331571972657e+01,1.700458981982679418e+00,2.549999999999394973e+00,3.095516331571972657e+01,1.700458981982679418e+00,2.983173564472865280e+01,2.411191970097847026e+00
7.512409834695363315e+02,1.495510777809613501e+00,2.883929902053776928e+01,3.096322372945983759e+01,1.699794133895490722e+00,2.549999999999360778e+00,3.096322372945983759e+01,1.699794133895490722e+00,2.983801761436272315e+01,2.410951515984447457e+00
7.527364942473459450e+02,1.495510777809613501e+00,2.884366368962120930e+01,3.097129596595972956e+01,1.699130250411516885e+00,2.549999999999323919e+00,3.097129596595972956e+01,1.699130250411516885e+00,2.984430895443399478e+01,2.410711158899467854e+00
7.542320050251555585e+02,1.495510777809613501e+00,2.884803925391251411e+01,3.097937975343786832e+01,1.698467328451084946e+00,2.549999999999286171e+00,3.097937975343786832e+01,1.698467328451084946e+00,2.985060964445155562e+01,2.410470898704643261e+00
7.560725837696872986e+02,1.840578744531740085e+00,2.885343937051078100e+01,3.098934424863645987e+01,1.697652762004981275e+00,2.549999999999235989e+00,3.098934424863645987e+01,1.697652762004981275e+00,2.985837693491454559e+01,2.410175334666601721e+00
7.579131625142190387e+02,1.840578744531740085e+00,2.885885598051219247e+01,3.099932543500015925e+01,1.696839641689307232e+00,2.549999999999183142e+00,3.099932543500015925e+01,1.696839641689307232e+00,2.986615832104584811e+01,2.409879916924357879e+00
7.597537412587507788e+02,1.840578744531740085e+00,2.886428907539585254e+01,3.100932292308087668e+01,1.696027961880551382e+00,2.549999999999126299e+00,3.100932292308087668e+01,1.696027961880551382e+00,2.987395376724689555e+01,2.409584645222884625e+00
7.615943200032825189e+02,1.840578744531740085e+00,2.886973864434549952e+01,3.101933635667602118e+01,1.695217716996082924e+00,2.549999999999066347e+00,3.101933635667602118e+01,1.695217716996082924e+00,2.988176323872373175e+01,2.409289519308143834e+00
7.634348987478142590e+02,1.840578744531740085e+00,2.887520467425585835e+01,3.102936540871397142e+01,1.694408901493080988e+00,2.549999999999002398e+00,3.102936540871397142e+01,1.694408901493080988e+00,2.988958670141976270e+01,2.408994538927082818e+00
7.652754774923459991e+02,1.840578744531740085e+00,2.888068714975168660e+01,3.103940977774187360e+01,1.693601509867581623e+00,2.549999999998934452e+00,3.103940977774187360e+01,1.693601509867581623e+00,2.989742412195605681e+01,2.408699703827620109e+00
7.675275015635418185e+02,2.252024071195819488e+00,2.888741752979555599e+01,3.105171990784425873e+01,1.692615561795849599e+00,2.549999999998845190e+00,3.105171990784425873e+01,1.692615561795849599e+00,2.990703246848951480e+01,2.408339158172136063e+00
7.697795256347376380e+02,2.252024071195819488e+00,2.889417246654318916e+01,3.106405208236904869e+01,1.691631727227743909e+00,2.549999999998749267e+00,3.106405208236904869e+01,1.691631727227743909e+00,2.991666160283104858e+01,2.407978829177079838e+00
7.720315497059334575e+02,2.252024071195819488e+00,2.890095191853449208e+01,3.107640587094392615e+01,1.690649996308531078e+00,2.549999999998646238e+00,3.107640587094392615e+01,1.690649996308531078e+00,2.992631146734227343e+01,2.407618716386590751e+00
7.742835737771292770e+02,2.252024071195819488e+00,2.890775583976914120e+01,3.108878087800023238e+01,1.689670359263383936e+00,2.549999999998534772e+00,3.108878087800023238e+01,1.689670359263383936e+00,2.993598200547510757e+01,2.407258819346931755e+00
7.765355978483250965e+02,2.252024071195819488e+00,2.891458417994975250e+01,3.110117673863675236e+01,1.688692806395818424e+00,2.549999999998415312e+00,3.110117673863675236e+01,1.688692806395818424e+00,2.994567316168559046e+01,2.406899137606467232e+00
7.787876219195209160e+02,2.252024071195819488e+00,2.892143688475611896e+01,3.111359311505119862e+01,1.687717328086244306e+00,2.549999999998286970e+00,3.111359311505119862e+01,1.687717328086244306e+00,2.995538488135687416e+01,2.406539670715651891e+00
7.800000000000000000e+02,1.212378080479084019e+00,2.892513611004231677e+01,3.112028586081226678e+01,1.687193034637078481e+00,2.549999999998213696e+00,3.112028586081226678e+01,1.687193034637078481e+00,2.996062168578525586e+01,2.406346240377175150e+00
7.800000300257072468e+02,3.002570724675024394e-05,2.892513620174434408e+01,3.112028602662352483e+01,1.687193021659848524e+00,2.549999999998213696e+00,3.112028602662352483e+01,1.687193021659848524e+00,2.996062181555328507e+01,2.406346235587455862e+00
7.800000600514144935e+02,3.002570724675024394e-05,2.892513629344637138e+01,3.112028619242581584e+01,1.687193008682620787e+00,2.549999999998213696e+00,3.112028619242581584e+01,1.687193008682620787e+00,2.996062194532130718e+01,2.406346230797736574e+00
7.800003603084869610e+02,3.002570724675024394e-04,2.892513721046704234e+01,3.112028785013846033e+01,1.687192878910486638e+00,2.549999999998213696e+00,3.112028785013846033e+01,1.687192878910486638e+00,2.996062324300158863e+01,2.406346182900548580e+00
7.800006605655594285e+02,3.002570724675024394e-04,2.892513812748812896e+01,3.112028950761496304e+01,1.687192749138483716e+00,2.549999999998213696e+00,3.112028950761496304e+01,1.687192749138483716e+00,2.996062454068187719e+01,2.406346135003364584e+00
7.800036631362841035e+02,3.002570724675024394e-03,2.892514729773609972e+01,3.112030607298051166e+01,1.687191451425229971e+00,2.549999999998213696e+00,3.112030607298051166e+01,1.687191451425229971e+00,2.996063751748554083e+01,2.406345656031853686e+00
7.800066657070087786e+02,3.002570724675024394e-03,2.892515646802627316e+01,3.112032263102508267e+01,1.687190153718289842e+00,2.549999999998213696e+00,3.112032263102508267e+01,1.687190153718289842e+00,2.996065049429007843e+01,2.406345177060716711e+00
7.800148100979837409e+02,8.144390974962334440e-03,2.892518134238260430e+01,3.112036752098067538e+01,1.687186633748844145e+00,2.549999999998212807e+00,3.112036752098067538e+01,1.687186633748844145e+00,2.996068569352170741e+01,2.406343877866335301e+00
7.800229544889587032e+02,8.144390974962334440e-03,2.892520621704489514e+01,3.112041238083923744e+01,1.687183113816449476e+00,2.549999999998212363e+00,3.112041238083923744e+01,1.687183113816449476e+00,2.996072089276010431e+01,2.406342578674668609e+00
7.800310988799336656e+02,8.144390974962334440e-03,2.892523109202134179e+01,3.112045721685917599e+01,1.687179593919492016e+00,2.549999999998212363e+00,3.112045721685917599e+01,1.687179593919492016e+00,2.996075609200568124e+01,2.406341279485788132e+00
7.800461127835068282e+02,1.501390357316267909e-02,2.892527694900992330e+01,3.112053981830056060e+01,1.687173105200533652e+00,2.549999999998211031e+00,3.112053981830056060e+01,1.687173105200533652e+00,2.996082098061923560e+01,2.406338884483288698e+00
7.800611266870799909e+02,1.501390357316267909e-02,2.892532280707969861e+01,3.112062236439335194e+01,1.687166616593797741e+00,2.549999999998210143e+00,3.112062236439335194e+01,1.687166616593797741e+00,2.996088586925930031e+01,2.406336489490378927e+00
7.800761405906531536e+02,1.501390357316267909e-02,2.892536866622995007e+01,3.112070486245924172e+01,1.687160128096563794e+00,2.549999999998209255e+00,3.112070486245924172e+01,1.687160128096563794e+00,2.996095075792681683e+01,2.406334094507051713e+00
7.800911544942263163e+02,1.501390357316267909e-02,2.892541452645897238e+01,3.112078731725543435e+01,1.687153639706956421e+00,2.549999999998208366e+00,3.112078731725543435e+01,1.687153639706956421e+00,2.996101564662254546e+01,2.406331699533292845e+00
7.801168319041466930e+02,2.567740992037670367e-02,2.892549296105300627e+01,3.112092824490251886e+01,1.687142543235577552e+00,2.549999999998206590e+00,3.112092824490251886e+01,1.687142543235577552e+00,2.996112662206891031e+01,2.406327603570522999e+00
7.801425093140670697e+02,2.567740992037670367e-02,2.892557139880150530e+01,3.112106907162021940e+01,1.687131447069591728e+00,2.549999999998205258e+00,3.112106907162021940e+01,1.687131447069591728e+00,2.996123759760309468e+01,2.406323507635730774e+00
7.801681867239874464e+02,2.567740992037670367e-02,2.892564983970499526e+01,3.112120980760303013e+01,1.687120351205334101e+00,2.549999999998203482e+00,3.112120980760303013e+01,1.687120351205334101e+00,2.996134857322801182e+01,2.406319411728921054e+00
7.801938641339078231e+02,2.567740992037670367e-02,2.892572828376373195e+01,3.112135046012273776e+01,1.687109255640178995e+00,2.549999999998202149e+00,3.112135046012273776e+01,1.687109255640178995e+00,2.996145954894628360e+01,2.406315315850096503e+00
7.802376919153855397e+02,4.382778147771659860e-02,2.892586218419321753e+01,3.112159035727091094e+01,1.687090317732846900e+00,2.549999999998199485e+00,3.112159035727091094e+01,1.687090317732846900e+00,2.996164896934553212e+01,2.406308324817018729e+00
7.802815196968632563e+02,4.382778147771659860e-02,2.892599609381423065e+01,3.112183005143014469e+01,1.687071380682201083e+00,2.549999999998196376e+00,3.112183005143014469e+01,1.687071380682201083e+00,2.996183839003472116e+01,2.406301333865464187e+00
7.803253474783409729e+02,4.382778147771659860e-02,2.892613001262618866e+01,3.112206956038692951e+01,1.687052444481702107e+00,2.549999999998194156e+00,3.112206956038692951e+01,1.687052444481702107e+00,2.996202781102384805e+01,2.406294342995429325e+00
7.803691752598186895e+02,4.382778147771659860e-02,2.892626394062857997e+01,3.112230889763803177e+01,1.687033509126376174e+00,2.549999999998191047e+00,3.112230889763803177e+01,1.687033509126376174e+00,2.996221723232206813e+01,2.406287352206909702e+00
7.804335281610948414e+02,6.435290127615189704e-02,2.892646060550879739e+01,3.112266003055526653e+01,1.687005707621408446e+00,2.549999999998187050e+00,3.112266003055526653e+01,1.687005707621408446e+00,2.996249536265423075e+01,2.406277087688960314e+00
7.804978810623709933e+02,6.435290127615189704e-02,2.892665729020069065e+01,3.112301084563715037e+01,1.686977907919211983e+00,2.549999999998183053e+00,3.112301084563715037e+01,1.686977907919211983e+00,2.996277349369605858e+01,2.406266823346733918e+00
7.805622339636471452e+02,6.435290127615189704e-02,2.892685399470282093e+01,3.112336136603857284e+01,1.686950110011160131e+00,2.549999999998179057e+00,3.112336136603857284e+01,1.686950110011160131e+00,2.996305162547070111e+01,2.406256559180222077e+00
7.806265868649232971e+02,6.435290127615189704e-02,2.892705071901373515e+01,3.112371161040264056e+01,1.686922313890264036e+00,2.549999999998175060e+00,3.112371161040264056e+01,1.686922313890264036e+00,2.996332975799965936e+01,2.406246295189412354e+00
7.807202966000600100e+02,9.370973513671287947e-02,2.892733722144316388e+01,3.112422116963492513e+01,1.686881840777397779e+00,2.549999999998169287e+00,3.112422116963492513e+01,1.686881840777397779e+00,2.996373477183096412e+01,2.406231349233253880e+00
7.808140063351967228e+02,9.370973513671287947e-02,2.892762376586901851e+01,3.112473021686825803e+01,1.686841371426373248e+00,2.549999999998163069e+00,3.112473021686825803e+01,1.686841371426373248e+00,2.996413978736274331e+01,2.406216403649610314e+00
7.809077160703334357e+02,9.370973513671287947e-02,2.892791035228678354e+01,3.112523878528785559e+01,1.686800905824457963e+00,2.549999999998157296e+00,3.112523878528785559e+01,1.686800905824457963e+00,2.996454480464924330e+01,2.406201458438447904e+00
7.810014258054701486e+02,9.370973513671287947e-02,2.892819698069193279e+01,3.112574690317616444e+01,1.686760443960700018e+00,2.549999999998151523e+00,3.112574690317616444e+01,1.686760443960700018e+00,2.996494982374147398e+01,2.406186513599732457e+00
7.810951355406068615e+02,9.370973513671287947e-02,2.892848365107994013e+01,3.112625459472676681e+01,1.686719985825630763e+00,2.549999999998145306e+00,3.112625459472676681e+01,1.686719985825630763e+00,2.996535484468762789e+01,2.406171569133431110e+00
7.812441016599491377e+02,1.489661193422762153e-01,2.892893944440813314e+01,3.112706082216067216e+01,1.686655679016499043e+00,2.549999999998135980e+00,3.112706082216067216e+01,1.686655679016499043e+00,2.996599869205949318e+01,2.406147813359051923e+00
7.813930677792914139e+02,1.489661193422762153e-01,2.892939534379729949e+01,3.112786609514725455e+01,1.686591381580666793e+00,2.549999999998126654e+00,3.112786609514725455e+01,1.686591381580666793e+00,2.996664254440378627e+01,2.406124058525544118e+00
7.815420338986336901e+02,1.489661193422762153e-01,2.892985134922907520e+01,3.112867047267877041e+01,1.686527093493964680e+00,2.549999999998116884e+00,3.112867047267877041e+01,1.686527093493964680e+00,2.996728640188170800e+01,2.406100304632773579e+00
7.816910000179759663e+02,1.489661193422762153e-01,2.893030746068505010e+01,3.112947400543550103e+01,1.686462814735241844e+00,2.549999999998107114e+00,3.112947400543550103e+01,1.686462814735241844e+00,2.996793026464507292e+01,2.406076551680607523e+00
7.818399661373182425e+02,1.489661193422762153e-01,2.893076367814675010e+01,3.113027673733345679e+01,1.686398545285803241e+00,2.549999999998097344e+00,3.113027673733345679e+01,1.686398545285803241e+00,2.996857413283765226e+01,2.406052799668912723e+00
7.820441666786369979e+02,2.042005413187553131e-01,2.893138922647627354e+01,3.113137587827411323e+01,1.686310460776817788e+00,2.549999999998084022e+00,3.113137587827411323e+01,1.686310460776817788e+00,2.996945674685238359e+01,2.406020242292412181e+00
7.822483672199557532e+02,2.042005413187553131e-01,2.893201497391333632e+01,3.113247367086296791e+01,1.686222393691392485e+00,2.549999999998070255e+00,3.113247367086296791e+01,1.686222393691392485e+00,2.997033937165739914e+01,2.405987686682512727e+00
7.824525677612745085e+02,2.042005413187553131e-01,2.893264092040984181e+01,3.113357018815680632e+01,1.686134343995925988e+00,2.549999999998056932e+00,3.113357018815680632e+01,1.686134343995925988e+00,2.997122200756635024e+01,2.405955132838874633e+00
7.826567683025932638e+02,2.042005413187553131e-01,2.893326706591750508e+01,3.113466549420684615e+01,1.686046311660091002e+00,2.549999999998043165e+00,3.113466549420684615e+01,1.686046311660091002e+00,2.997210465487672337e+01,2.405922580761155949e+00
7.828609688439120191e+02,2.042005413187553131e-01,2.893389341038784579e+01,3.113575964559488085e+01,1.685958296656275390e+00,2.549999999998029843e+00,3.113575964559488085e+01,1.685958296656275390e+00,2.997298731387174087e+01,2.405890030449017836e+00
7.831380670696271409e+02,2.770982257151217709e-01,2.893474367207448594e+01,3.113724264157664123e+01,1.685838888791276968e+00,2.549999999998010747e+00,3.113724264157664123e+01,1.685838888791276968e+00,2.997418509304557332e+01,2.405845862802645563e+00
7.834151652953422627e+02,2.770982257151217709e-01,2.893559429992390264e+01,3.113872371381162552e+01,1.685719512737711367e+00,2.549999999997991651e+00,3.113872371381162552e+01,1.685719512737711367e+00,2.997538289487499341e+01,2.405801698405981792e+00
7.836922635210573844e+02,2.770982257151217709e-01,2.893644529381330699e+01,3.114020295882080802e+01,1.685600168442912494e+00,2.549999999997972999e+00,3.114020295882080802e+01,1.685600168442912494e+00,2.997658071996872309e+01,2.405757537258181422e+00
7.839693617467725062e+02,2.770982257151217709e-01,2.893729665361929548e+01,3.114168046227766240e+01,1.685480855858169758e+00,2.549999999997953459e+00,3.114168046227766240e+01,1.685480855858169758e+00,2.997777856890621351e+01,2.405713379358400239e+00
7.842464599724876280e+02,2.770982257151217709e-01,2.893814837921786065e+01,3.114315630075802588e+01,1.685361574938091911e+00,2.549999999997934363e+00,3.114315630075802588e+01,1.685361574938091911e+00,2.997897644224083180e+01,2.405669224705794473e+00
7.846082028108062332e+02,3.617428383186052088e-01,2.893926082990376969e+01,3.114508056840592332e+01,1.685205905106540447e+00,2.549999999997908606e+00,3.114508056840592332e+01,1.685205905106540447e+00,2.998054026501558056e+01,2.405611587109403260e+00
7.849699456491248384e+02,3.617428383186052088e-01,2.894037390349924266e+01,3.114700225169359982e+01,1.685050289078467323e+00,2.549999999997882849e+00,3.114700225169359982e+01,1.685050289078467323e+00,2.998210413139443986e+01,2.405553955043695957e+00
7.853316884874434436e+02,3.617428383186052088e-01,2.894148759972389939e+01,3.114892147162471403e+01,1.684894726770938878e+00,2.549999999997856648e+00,3.114892147162471403e+01,1.684894726770938878e+00,2.998366804244700745e+01,2.405496328506805614e+00
7.856934313257620488e+02,3.617428383186052088e-01,2.894260191829573614e+01,3.115083833679787162e+01,1.684739218105576475e+00,2.549999999997830002e+00,3.115083833679787162e+01,1.684739218105576475e+00,2.998523199919471338e+01,2.405438707496867945e+00
7.860551741640806540e+02,3.617428383186052088e-01,2.894371685893116108e+01,3.115275294526644956e+01,1.684583763007879487e+00,2.549999999997803357e+00,3.115275294526644956e+01,1.684583763007879487e+00,2.998679600261545630e+01,2.405381092012021771e+00
7.865144373789391921e+02,4.592632148585380492e-01,2.894513326640134565e+01,3.115518059085896851e+01,1.684386476640540531e+00,2.549999999997768718e+00,3.115518059085896851e+01,1.684386476640540531e+00,2.998878170632322337e+01,2.405307952224453150e+00
7.869737005937977301e+02,4.592632148585380492e-01,2.894655067549528837e+01,3.115760490591287279e+01,1.684189276362575205e+00,2.549999999997734079e+00,3.115760490591287279e+01,1.684189276362575205e+00,2.999076748860717956e+01,2.405234821335684003e+00
7.874329638086562682e+02,4.592632148585380492e-01,2.894796908562220139e+01,3.116002603767451618e+01,1.683992162041270113e+00,2.549999999997698108e+00,3.116002603767451618e+01,1.683992162041270113e+00,2.999275335121999220e+01,2.405161699341921366e+00
7.878922270235148062e+02,4.592632148585380492e-01,2.894938849618762688e+01,3.116244411952936488e+01,1.683795133549074841e+00,2.549999999997662581e+00,3.116244411952936488e+01,1.683795133549074841e+00,2.999473929583943033e+01,2.405088586239377602e+00
7.883514902383733443e+02,4.592632148585380492e-01,2.895080890659357564e+01,3.116485927293175351e+01,1.683598190762901181e+00,2.549999999997625721e+00,3.116485927293175351e+01,1.683598190762901181e+00,2.999672532407501180e+01,2.405015482024272622e+00
7.889212436643618958e+02,5.697534259885514984e-01,2.895257243008466119e+01,3.116785156352377228e+01,1.683353986131818303e+00,2.549999999997579980e+00,3.116785156352377228e+01,1.683353986131818303e+00,2.999918927239599853e+01,2.404924802637141035e+00
7.894909970903504473e+02,5.697534259885514984e-01,2.895433749029151116e+01,3.117083971038207935e+01,1.683109913002378777e+00,2.549999999997532907e+00,3.117083971038207935e+01,1.683109913002378777e+00,3.000165335461450766e+01,2.404834136915143805e+00
7.900607505163389988e+02,5.697534259885514984e-01,2.895610408605137209e+01,3.117382388829328477e+01,1.682865971161134455e+00,2.549999999997485389e+00,3.117382388829328477e+01,1.682865971161134455e+00,3.000411757343896113e+01,2.404743484851092017e+00
7.906305039423275502e+02,5.697534259885514984e-01,2.895787221619441354e+01,3.117680425683849421e+01,1.682622160400461864e+00,2.549999999997436984e+00,3.117680425683849421e+01,1.682622160400461864e+00,3.000658193146681185e+01,2.404652846437813629e+00
7.912002573683161017e+02,5.697534259885514984e-01,2.895964187954410463e+01,3.117978096236384644e+01,1.682378480517846331e+00,2.549999999997387246e+00,3.117978096236384644e+01,1.682378480517846331e+00,3.000904643119378790e+01,2.404562221668141486e+00
7.919085156118859459e+02,7.082582435698441259e-01,2.896184387689673301e+01,3.118347638825006030e+01,1.682075745185087623e+00,2.549999999997325073e+00,3.118347638825006030e+01,1.682075745185087623e+00,3.001211024228101820e+01,2.404449585384328625e+00
7.926167738554557900e+02,7.082582435698441259e-01,2.896404823938143380e+01,3.118716659808401204e+01,1.681773211419187453e+00,2.549999999997260680e+00,3.118716659808401204e+01,1.681773211419187453e+00,3.001517428046786762e+01,2.404336970159044906e+00
7.933250320990256341e+02,7.082582435698441259e-01,2.896625496469978955e+01,3.119085180822088077e+01,1.681470878856582196e+00,2.549999999997195399e+00,3.119085180822088077e+01,1.681470878856582196e+00,3.001823854999569008e+01,2.404224375978599948e+00
7.940332903425954783e+02,7.082582435698441259e-01,2.896846405054109397e+01,3.119453221697375866e+01,1.681168747140968422e+00,2.549999999997128342e+00,3.119453221697375866e+01,1.681168747140968422e+00,3.002130305493368212e+01,2.404111802829323352e+00
7.947415485861653224e+02,7.082582435698441259e-01,2.897067549458338576e+01,3.119820800686642670e+01,1.680866815922481328e+00,2.549999999997060396e+00,3.119820800686642670e+01,1.680866815922481328e+00,3.002436779919263898e+01,2.403999250697572254e+00
7.954498068297351665e+02,7.082582435698441259e-01,2.897288929449442563e+01,3.120187934662592610e+01,1.680565084856966651e+00,2.549999999996990230e+00,3.120187934662592610e+01,1.680565084856966651e+00,3.002743278653740688e+01,2.403886719569726438e+00
7.964883568326072236e+02,1.038550002872057121e+00,2.897613974112828217e+01,3.120725506994516607e+01,1.680123004634594963e+00,2.549999999996884981e+00,3.120725506994516607e+01,1.680123004634594963e+00,3.003192755848884588e+01,2.403721748213016429e+00
7.975269068354792807e+02,1.038550002872057121e+00,2.897939524081568408e+01,3.121262201213817988e+01,1.679681352994365495e+00,2.549999999996776179e+00,3.121262201213817988e+01,1.679681352994365495e+00,3.003642287185803283e+01,2.403556821946128519e+00
7.985654568383513379e+02,1.038550002872057121e+00,2.898265578611085758e+01,3.121798058392058550e+01,1.679240128903311868e+00,2.549999999996664712e+00,3.121798058392058550e+01,1.679240128903311868e+00,3.004091873708569693e+01,2.403391940726383069e+00
7.996040068412233950e+02,1.038550002872057121e+00,2.898592136954236764e+01,3.122333115947956728e+01,1.678799331344892565e+00,2.549999999996548805e+00,3.122333115947956728e+01,1.678799331344892565e+00,3.004541516413474866e+01,2.403227104511204359e+00
8.006425568440954521e+02,1.038550002872057121e+00,2.898919198361918959e+01,3.122867408139738288e+01,1.678358959317178378e+00,2.549999999996429345e+00,3.122867408139738288e+01,1.678358959317178378e+00,3.004991216253123909e+01,2.403062313258116145e+00
8.016811068469675092e+02,1.038550002872057121e+00,2.899246762083662787e+01,3.123400966490175890e+01,1.677919011831286555e+00,2.549999999996306332e+00,3.123400966490175890e+01,1.677919011831286555e+00,3.005440974140090304e+01,2.402897566924742545e+00
8.029602887107384959e+02,1.279181863770986638e+00,2.899650911528805608e+01,3.124057184569530321e+01,1.677377710628221941e+00,2.549999999996149125e+00,3.124057184569530321e+01,1.677377710628221941e+00,3.005995021927033761e+01,2.402694710568366698e+00
8.042394705745094825e+02,1.279181863770986638e+00,2.900055820482864277e+01,3.124712383484645173e+01,1.676837050205708612e+00,2.549999999995985700e+00,3.124712383484645173e+01,1.676837050205708612e+00,3.006549160668637555e+01,2.402491922216058562e+00
8.055186524382804691e+02,1.279181863770986638e+00,2.900461487542573025e+01,3.125366609103347315e+01,1.676297028782435694e+00,2.549999999995816058e+00,3.125366609103347315e+01,1.676297028782435694e+00,3.007103391858831287e+01,2.402289201789240991e+00
8.067978343020514558e+02,1.279181863770986638e+00,2.900867911307014069e+01,3.126019903599997107e+01,1.675757644597449580e+00,2.549999999995639755e+00,3.126019903599997107e+01,1.675757644597449580e+00,3.007657716925504587e+01,2.402086549209550448e+00
8.080770161658224424e+02,1.279181863770986638e+00,2.901275090378968002e+01,3.126672305915719363e+01,1.675218895908424432e+00,2.549999999995456790e+00,3.126672305915719363e+01,1.675218895908424432e+00,3.008212137235696915e+01,2.401883964398841442e+00
8.093561980295934291e+02,1.279181863770986638e+00,2.901683023366188152e+01,3.127323852150031414e+01,1.674680780990184692e+00,2.549999999995266720e+00,3.127323852150031414e+01,1.674680780990184692e+00,3.008766654100221061e+01,2.401681447279179871e+00
8.109290684234260880e+02,1.572870393832658920e+00,2.902185645438597916e+01,3.128123863355295597e+01,1.674019985992923010e+00,2.549999999995022471e+00,3.128123863355295597e+01,1.674019985992923010e+00,3.009448617201249476e+01,2.401432526741734907e+00
8.125019388172587469e+02,1.572870393832658920e+00,2.902689402694325693e+01,3.128922688675451269e+01,1.673360143459769356e+00,2.549999999994767119e+00,3.128922688675451269e+01,1.673360143459769356e+00,3.010130730421667877e+01,2.401183708284416074e+00
8.140748092110914058e+02,1.572870393832658920e+00,2.903194292591551218e+01,3.129720381402306728e+01,1.672701250275523410e+00,2.549999999994499333e+00,3.129720381402306728e+01,1.672701250275523410e+00,3.010812995898978528e+01,2.400934991763640891e+00
8.156476796049240647e+02,1.572870393832658920e+00,2.903700312610574130e+01,3.130516990839456426e+01,1.672043303354546762e+00,2.549999999994219113e+00,3.130516990839456426e+01,1.672043303354546762e+00,3.011495415676077414e+01,2.400686377036293173e+00
8.172205499987567237e+02,1.572870393832658920e+00,2.904207460256075279e+01,3.131312562761028673e+01,1.671386299638961903e+00,2.549999999993926014e+00,3.131312562761028673e+01,1.671386299638961903e+00,3.012177991708184166e+01,2.400437863959725249e+00
8.187934203925893826e+02,1.572870393832658920e+00,2.904715733059041227e+01,3.132107139805364682e+01,1.670730236097085930e+00,2.549999999993618705e+00,3.132107139805364682e+01,1.670730236097085930e+00,3.012860725869042611e+01,2.400189452391744638e+00
8.207151510866551689e+02,1.921730694065786338e+00,2.905338263623861295e+01,3.133076660352981335e+01,1.669929930355345649e+00,2.549999999993224353e+00,3.133076660352981335e+01,1.669929930355345649e+00,3.013695106687333336e+01,2.399886081080167433e+00
8.226368817807209552e+02,1.921730694065786338e+00,2.905962465778309323e+01,3.134044822648789719e+01,1.669131018173638958e+00,2.549999999992807354e+00,3.134044822648789719e+01,1.669131018173638958e+00,3.014529729374071465e+01,2.399582860830610009e+00
8.245586124747867416e+02,1.921730694065786338e+00,2.906588335195178630e+01,3.135011689314020700e+01,1.668333494165801456e+00,2.549999999992366817e+00,3.135011689314020700e+01,1.668333494165801456e+00,3.015364596918668738e+01,2.399279791386478067e+00
8.264803431688525279e+02,1.921730694065786338e+00,2.907215867613735583e+01,3.135977318543795533e+01,1.667537352993485600e+00,2.549999999991901412e+00,3.135977318543795533e+01,1.667537352993485600e+00,3.016199712174435632e+01,2.398976872492165402e+00
8.284020738629183143e+02,1.921730694065786338e+00,2.907845058838286789e+01,3.136941764584160808e+01,1.666742589364105021e+00,2.549999999991410249e+00,3.136941764584160808e+01,1.666742589364105021e+00,3.017035077867994630e+01,2.398674103893046361e+00
8.303238045569841006e+02,1.921730694065786338e+00,2.908475904735134421e+01,3.137905078146617299e+01,1.665949198029012424e+00,2.549999999990891553e+00,3.137905078146617299e+01,1.665949198029012424e+00,3.017870696607781866e+01,2.398371485335468734e+00
8.326421680947165669e+02,2.318363537732466284e+00,2.909239149554966275e+01,3.139065773610165522e+01,1.664993874799389317e+00,2.549999999990227639e+00,3.139065773610165522e+01,1.664993874799389317e+00,3.018879121997783699e+01,2.398006607585128958e+00
8.349605316324490332e+02,2.318363537732466284e+00,2.910004789570798067e+01,3.140224967821021806e+01,1.664040532149985374e+00,2.549999999989518873e+00,3.140224967821021806e+01,1.664040532149985374e+00,3.019887923482929182e+01,2.397641947393545525e+00
8.372788951701814995e+02,2.318363537732466284e+00,2.910772817810753921e+01,3.141382733278292960e+01,1.663089161102354607e+00,2.549999999988763477e+00,3.141382733278292960e+01,1.663089161102354607e+00,3.020897105044841879e+01,2.397277504320914687e+00
8.395972587079139657e+02,2.318363537732466284e+00,2.911543227366509257e+01,3.142539137612180866e+01,1.662139752758830191e+00,2.549999999987957899e+00,3.142539137612180866e+01,1.662139752758830191e+00,3.021906670474711731e+01,2.396913277929423103e+00
8.400000000000000000e+02,4.027412920860342638e-01,2.911677303574619557e+01,3.142739891741340585e+01,1.661975022956895254e+00,2.549999999987812682e+00,3.142739891741340585e+01,1.661975022956895254e+00,3.022082089485600775e+01,2.396850027336170363e+00
8.400000299205080410e+02,2.992050804095924832e-05,2.911677313538087830e+01,3.142739906654642823e+01,1.661975010720955659e+00,2.549999999987812682e+00,3.142739906654642823e+01,1.661975010720955659e+00,3.022082102518287883e+01,2.396850022637392108e+00
8.400000598410160819e+02,2.992050804095924832e-05,2.911677323501556103e+01,3.142739921568148276e+01,1.661974998485014732e+00,2.549999999987812682e+00,3.142739921568148276e+01,1.661974998485014732e+00,3.022082115550974279e+01,2.396850017938613409e+00
8.400003590460964915e+02,2.992050804095924832e-04,2.911677423136275422e+01,3.142740070710217992e+01,1.661974876125537515e+00,2.549999999987812682e+00,3.142740070710217992e+01,1.661974876125537515e+00,3.022082245877856010e+01,2.396849970950827746e+00
8.400006582511769011e+02,2.992050804095924832e-04,2.911677522771033111e+01,3.142740219857623885e+01,1.661974753766010560e+00,2.549999999987812682e+00,3.142740219857623885e+01,1.661974753766010560e+00,3.022082376204751597e+01,2.396849923963046525e+00
8.400036503019809970e+02,2.992050804095924832e-03,2.911678519122006392e+01,3.142741711543461847e+01,1.661973530170426816e+00,2.549999999987811350e+00,3.142741711543461847e+01,1.661973530170426816e+00,3.022083679474953399e+01,2.396849454085538067e+00
8.400066423527850930e+02,2.992050804095924832e-03,2.911679515476845737e+01,3.142743203393833440e+01,1.661972306575683289e+00,2.549999999987810462e+00,3.142743203393833440e+01,1.661972306575683289e+00,3.022084982746571313e+01,2.396848984208380440e+00
8.400198815795753262e+02,1.323922679023326054e-02,2.911683924192055883e+01,3.142749805696024268e+01,1.661966892433447418e+00,2.549999999987805577e+00,3.142749805696024268e+01,1.661966892433447418e+00,3.022090749479191629e+01,2.396846905099877301e+00
8.400331208063655595e+02,1.323922679023326054e-02,2.911688332982871330e+01,3.142756409600105627e+01,1.661961478330738373e+00,2.549999999987800692e+00,3.142756409600105627e+01,1.661961478330738373e+00,3.022096516239502861e+01,2.396844825998227346e+00
8.400463600331557927e+02,1.323922679023326054e-02,2.911692741850575317e+01,3.142763014670268262e+01,1.661956064274666023e+00,2.549999999987795807e+00,3.142763014670268262e+01,1.661956064274666023e+00,3.022102283027953717e+01,2.396842746903548704e+00
8.400716284667223590e+02,2.526843356656627293e-02,2.911701156845320426e+01,3.142775623611040814e+01,1.661945731129630177e+00,2.549999999987786925e+00,3.142775623611040814e+01,1.661945731129630177e+00,3.022113289618662790e+01,2.396838778755795651e+00
8.400968969002889253e+02,2.526843356656627293e-02,2.911709572121907286e+01,3.142788235398761287e+01,1.661935398175149459e+00,2.549999999987777599e+00,3.142788235398761287e+01,1.661935398175149459e+00,3.022124296312380665e+01,2.396834810633594159e+00
8.401221653338554916e+02,2.526843356656627293e-02,2.911717987680406239e+01,3.142800849575414190e+01,1.661925065417572123e+00,2.549999999987768717e+00,3.142800849575414190e+01,1.661925065417572123e+00,3.022135303109057602e+01,2.396830842536949557e+00
8.401703800039956604e+02,4.821467014016889152e-02,2.911734046180350788e+01,3.142824924382984264e+01,1.661905350053090924e+00,2.549999999987750954e+00,3.142824924382984264e+01,1.661905350053090924e+00,3.022156305451048652e+01,2.396823271087031859e+00
8.402185946741358293e+02,4.821467014016889152e-02,2.911750105706572000e+01,3.142849005464180934e+01,1.661885635438659969e+00,2.549999999987733190e+00,3.142849005464180934e+01,1.661885635438659969e+00,3.022177308167260179e+01,2.396815699730157512e+00
8.402668093442759982e+02,4.821467014016889152e-02,2.911766166258975019e+01,3.142873091999622304e+01,1.661865921585423234e+00,2.549999999987715871e+00,3.142873091999622304e+01,1.661865921585423234e+00,3.022198311257338332e+01,2.396808128466317633e+00
8.403150240144161671e+02,4.821467014016889152e-02,2.911782227837482040e+01,3.142897183456764409e+01,1.661846208500600719e+00,2.549999999987698107e+00,3.142897183456764409e+01,1.661846208500600719e+00,3.022219314720986816e+01,2.396800557295508671e+00
8.403926801943678129e+02,7.765617995164575404e-02,2.911808099316683141e+01,3.142935995289065332e+01,1.661814459568317304e+00,2.549999999987669685e+00,3.142935995289065332e+01,1.661814459568317304e+00,3.022253144395319424e+01,2.396788363107073661e+00
8.404703363743194586e+02,7.765617995164575404e-02,2.911833973457338232e+01,3.142974817348371275e+01,1.661782712663792294e+00,2.549999999987641264e+00,3.142974817348371275e+01,1.661782712663792294e+00,3.022286975037077994e+01,2.396776169159949621e+00
8.405479925542711044e+02,7.765617995164575404e-02,2.911859850259195071e+01,3.143013648579605857e+01,1.661750967801205903e+00,2.549999999987612398e+00,3.143013648579605857e+01,1.661750967801205903e+00,3.022320806645379321e+01,2.396763975454122342e+00
8.406256487342227501e+02,7.765617995164575404e-02,2.911885729721997507e+01,3.143052488203590400e+01,1.661719224990948041e+00,2.549999999987583976e+00,3.143052488203590400e+01,1.661719224990948041e+00,3.022354639219426531e+01,2.396751781989576724e+00
8.407504767182855403e+02,1.248279840627901649e-01,2.911927335092833147e+01,3.143114936826005135e+01,1.661668204512217306e+00,2.549999999987537791e+00,3.143114936826005135e+01,1.661668204512217306e+00,3.022409025219917211e+01,2.396732182180064452e+00
8.408753047023483305e+02,1.248279840627901649e-01,2.911968947337484792e+01,3.143177403392606450e+01,1.661617189385762527e+00,2.549999999987491606e+00,3.143177403392606450e+01,1.661617189385762527e+00,3.022463413711122726e+01,2.396712582993889562e+00
8.410001326864111206e+02,1.248279840627901649e-01,2.912010566454879879e+01,3.143239886235782876e+01,1.661566179633218177e+00,2.549999999987444976e+00,3.143239886235782876e+01,1.661566179633218177e+00,3.022517804690529530e+01,2.396692984430988105e+00
8.411249606704739108e+02,1.248279840627901649e-01,2.912052192443947973e+01,3.143302384052968179e+01,1.661515175271212952e+00,2.549999999987398347e+00,3.143302384052968179e+01,1.661515175271212952e+00,3.022572198155858203e+01,2.396673386491296132e+00
8.413053697721212529e+02,1.804091016473421405e-01,2.912112365030955630e+01,3.143392734024523705e+01,1.661441470174119139e+00,2.549999999987330845e+00,3.143392734024523705e+01,1.661441470174119139e+00,3.022650815335219221e+01,2.396645063441195322e+00
8.414857788737685951e+02,1.804091016473421405e-01,2.912172551965912604e+01,3.143483110365787425e+01,1.661367776397680629e+00,2.549999999987262900e+00,3.143483110365787425e+01,1.661367776397680629e+00,3.022729437696910182e+01,2.396616741692510821e+00
8.416661879754159372e+02,1.804091016473421405e-01,2.912232753245583794e+01,3.143573510901629220e+01,1.661294093968000540e+00,2.549999999987194510e+00,3.143573510901629220e+01,1.661294093968000540e+00,3.022808065235614094e+01,2.396588421245048117e+00
8.418465970770632794e+02,1.804091016473421405e-01,2.912292968866732679e+01,3.143663933796232257e+01,1.661220422906528826e+00,2.549999999987126120e+00,3.143663933796232257e+01,1.661220422906528826e+00,3.022886697946406898e+01,2.396560102098608702e+00
8.420270061787106215e+02,1.804091016473421405e-01,2.912353198826122735e+01,3.143754377499142194e+01,1.661146763230802792e+00,2.549999999987056842e+00,3.143754377499142194e+01,1.661146763230802792e+00,3.022965335824721222e+01,2.396531784252997177e+00
8.423260737899495325e+02,2.990676112389110131e-01,2.912453074756070492e+01,3.143904350088868327e+01,1.661024681299814620e+00,2.549999999986941823e+00,3.143904350088868327e+01,1.661024681299814620e+00,3.023095706708600616e+01,2.396484844084858512e+00
8.426251414011884435e+02,2.990676112389110131e-01,2.912552990064318337e+01,3.144054371259103675e+01,1.660902630747987052e+00,2.549999999986825916e+00,3.144054371259103675e+01,1.660902630747987052e+00,3.023226091763497081e+01,2.396437907489993524e+00
8.429242090124273545e+02,2.990676112389110131e-01,2.912652944736102256e+01,3.144204436904662003e+01,1.660780611614661728e+00,2.549999999986708676e+00,3.144204436904662003e+01,1.660780611614661728e+00,3.023356490973153043e+01,2.396390974467498935e+00
8.432232766236662656e+02,2.990676112389110131e-01,2.912752938756649002e+01,3.144354543544151781e+01,1.660658623930631572e+00,2.549999999986590993e+00,3.144354543544151781e+01,1.660658623930631572e+00,3.023486904322605184e+01,2.396344045016474134e+00
8.435223442349051766e+02,2.990676112389110131e-01,2.912852972111173600e+01,3.144504688202307463e+01,1.660536667719755943e+00,2.549999999986471977e+00,3.144504688202307463e+01,1.660536667719755943e+00,3.023617331797996854e+01,2.396297119136014508e+00
8.439377351410291794e+02,4.153909061240028677e-01,2.912991978986030972e+01,3.144713290429855945e+01,1.660367328503869366e+00,2.549999999986304999e+00,3.144713290429855945e+01,1.660367328503869366e+00,3.023798512865078081e+01,2.396231947207812851e+00
8.443531260471531823e+02,4.153909061240028677e-01,2.913131061675401412e+01,3.144921955293862226e+01,1.660198050074530141e+00,2.549999999986136690e+00,3.144921955293862226e+01,1.660198050074530141e+00,3.023979721127168219e+01,2.396166782163746234e+00
8.447685169532771852e+02,4.153909061240028677e-01,2.913270220139538935e+01,3.145130677883116377e+01,1.660028832453754655e+00,2.549999999985966159e+00,3.145130677883116377e+01,1.660028832453754655e+00,3.024160956555025592e+01,2.396101624001390817e+00
8.451839078594011880e+02,4.153909061240028677e-01,2.913409454338635740e+01,3.145339453952088959e+01,1.659859675654456357e+00,2.549999999985793409e+00,3.145339453952088959e+01,1.659859675654456357e+00,3.024342219121599484e+01,2.396036472718320542e+00
8.455992987655251909e+02,4.153909061240028677e-01,2.913548764232815813e+01,3.145548279804845748e+01,1.659690579682039147e+00,2.549999999985618881e+00,3.145548279804845748e+01,1.659690579682039147e+00,3.024523508801742011e+01,2.395971328312110238e+00
8.461727623064807631e+02,5.734635409555721708e-01,2.913741211349410420e+01,3.145836648003933789e+01,1.659457235967322974e+00,2.549999999985375077e+00,3.145836648003933789e+01,1.659457235967322974e+00,3.024773830870672242e+01,2.395881405183819091e+00
8.467462258474363352e+02,5.734635409555721708e-01,2.913933802550933905e+01,3.146125097619084343e+01,1.659224008161352293e+00,2.549999999985127275e+00,3.146125097619084343e+01,1.659224008161352293e+00,3.025024204513398729e+01,2.395791495151056605e+00
8.473196893883919074e+02,5.734635409555721708e-01,2.914126537731704758e+01,3.146413622365864526e+01,1.658990896231433698e+00,2.549999999984875476e+00,3.146413622365864526e+01,1.658990896231433698e+00,3.025274629677400284e+01,2.395701598207442995e+00
8.478931529293474796e+02,5.734635409555721708e-01,2.914319416785689754e+01,3.146702216771749505e+01,1.658757900133847274e+00,2.549999999984619681e+00,3.146702216771749505e+01,1.658757900133847274e+00,3.025525106314046653e+01,2.395611714346599808e+00
8.484666164703030518e+02,5.734635409555721708e-01,2.914512439606476590e+01,3.146990876039646068e+01,1.658525019815719759e+00,2.549999999984359889e+00,3.146990876039646068e+01,1.658525019815719759e+00,3.025775634378115697e+01,2.395521843562151698e+00
8.492245843463495021e+02,7.579678760464503284e-01,2.914767785384330168e+01,3.147372500017649344e+01,1.658217390868990337e+00,2.549999999984010834e+00,3.147372500017649344e+01,1.658217390868990337e+00,3.026106845381353594e+01,2.395403078090560189e+00
8.499825522223959524e+02,7.579678760464503284e-01,2.915023381886575038e+01,3.147754221485370607e+01,1.657909963924094399e+00,2.549999999983654231e+00,3.147754221485370607e+01,1.657909963924094399e+00,3.026438146063943435e+01,2.395284335437441570e+00
8.507405200984424027e+02,7.579678760464503284e-01,2.915279228863909466e+01,3.148136033122120381e+01,1.657602738808353404e+00,2.549999999983290078e+00,3.148136033122120381e+01,1.657602738808353404e+00,3.026769536342645139e+01,2.395165615588102259e+00
8.514984879744888531e+02,7.579678760464503284e-01,2.915535326065452182e+01,3.148517928527204646e+01,1.657295715336833952e+00,2.549999999982919263e+00,3.148517928527204646e+01,1.657295715336833952e+00,3.027101016140233725e+01,2.395046918527862445e+00
8.522564558505353034e+02,7.579678760464503284e-01,2.915791673238628334e+01,3.148899902074055746e+01,1.656988893314355948e+00,2.549999999982540011e+00,3.148899902074055746e+01,1.656988893314355948e+00,3.027432585384778818e+01,2.394928244242057414e+00
8.532284231544973636e+02,9.719673039620602140e-01,2.916120761096400571e+01,3.149389825850431635e+01,1.656595739740505557e+00,2.549999999982043075e+00,3.149389825850431635e+01,1.656595739740505557e+00,3.027857898390852753e+01,2.394776097579675245e+00
8.542003904584594238e+02,9.719673039620602140e-01,2.916450259042568049e+01,3.149879860867094550e+01,1.656202916641947853e+00,2.549999999981532817e+00,3.149879860867094550e+01,1.656202916641947853e+00,3.028283358239490042e+01,2.394623988312129637e+00
8.551723577624214840e+02,9.719673039620602140e-01,2.916780166530557139e+01,3.150369999230254692e+01,1.655810423555425182e+00,2.549999999981009680e+00,3.150369999230254692e+01,1.655810423555425182e+00,3.028708964808607007e+01,2.394471916408603906e+00
8.561443250663835443e+02,9.719673039620602140e-01,2.917110483007864019e+01,3.150860234045762809e+01,1.655418260005038000e+00,2.549999999980472332e+00,3.150860234045762809e+01,1.655418260005038000e+00,3.029134717984443270e+01,2.394319881838330222e+00
8.571162923703456045e+02,9.719673039620602140e-01,2.917441207915709001e+01,3.151350559268323437e+01,1.655026425504332099e+00,2.549999999979921661e+00,3.151350559268323437e+01,1.655026425504332099e+00,3.029560617660549582e+01,2.394167884570579385e+00
8.583320870154456088e+02,1.215794645100004345e+00,2.917855472452558985e+01,3.151964006495986936e+01,1.654536758017681297e+00,2.549999999979212006e+00,3.151964006495986936e+01,1.654536758017681297e+00,3.030093564448689492e+01,2.393977809793160993e+00
8.595478816605456132e+02,1.215794645100004345e+00,2.918270374033091130e+01,3.152577577862705382e+01,1.654047603617253337e+00,2.549999999978479703e+00,3.152577577862705382e+01,1.654047603617253337e+00,3.030626740119146945e+01,2.393787793273185027e+00
8.607636763056456175e+02,1.215794645100004345e+00,2.918685911517529519e+01,3.153191265596755244e+01,1.653558961302680208e+00,2.549999999977723864e+00,3.153191265596755244e+01,1.653558961302680208e+00,3.031160144500734077e+01,2.393597834950823788e+00
8.619794709507456218e+02,1.215794645100004345e+00,2.919102083747264587e+01,3.153805062964988437e+01,1.653070830062157714e+00,2.549999999976943599e+00,3.153805062964988437e+01,1.653070830062157714e+00,3.031693777432477077e+01,2.393407934766368150e+00
8.631952655958456262e+02,1.215794645100004345e+00,2.919518889544034579e+01,3.154418964121288127e+01,1.652583208874557119e+00,2.549999999976138021e+00,3.154418964121288127e+01,1.652583208874557119e+00,3.032227638762295285e+01,2.393218092660225782e+00
8.647027344405577196e+02,1.507468844712093414e+00,2.920036566780416010e+01,3.155180279300586221e+01,1.651979312065804617e+00,2.549999999975103737e+00,3.155180279300586221e+01,1.651979312065804617e+00,3.032889892594364056e+01,2.392982787202355688e+00
8.662102032852698130e+02,1.507468844712093414e+00,2.920555213864630417e+01,3.155941737984820250e+01,1.651376195837275018e+00,2.549999999974028153e+00,3.155941737984820250e+01,1.651376195837275018e+00,3.033552497074962062e+01,2.392747570827370662e+00
8.677176721299819064e+02,1.507468844712093414e+00,2.921074828414781166e+01,3.156703333155760660e+01,1.650773858204525935e+00,2.549999999972910381e+00,3.156703333155760660e+01,1.650773858204525935e+00,3.034215451956719178e+01,2.392512443422451174e+00
8.692251409746939999e+02,1.507468844712093414e+00,2.921595407995571847e+01,3.157465058884615061e+01,1.650172297175165337e+00,2.549999999971747755e+00,3.157465058884615061e+01,1.650172297175165337e+00,3.034878757003692940e+01,2.392277404875066349e+00
8.707326098194060933e+02,1.507468844712093414e+00,2.922116950116906153e+01,3.158226910171106283e+01,1.649571510751115744e+00,2.549999999970540276e+00,3.158226910171106283e+01,1.649571510751115744e+00,3.035542411989647604e+01,2.392042455072971308e+00
8.722400786641181867e+02,1.507468844712093414e+00,2.922639452232664325e+01,3.158988882802376352e+01,1.648971496930602632e+00,2.549999999969285280e+00,3.158988882802376352e+01,1.648971496930602632e+00,3.036206416696498067e+01,2.391807593904213380e+00
8.744675526482765235e+02,2.227473984158336862e+00,2.923413266269017541e+01,3.160115007542908572e+01,1.648086311375759117e+00,2.549999999967340614e+00,3.160115007542908572e+01,1.648086311375759117e+00,3.037188206515582323e+01,2.391460719124446577e+00
8.766950266324348604e+02,2.227473984158336862e+00,2.924189162008678622e+01,3.161241380422498892e+01,1.647202801863241195e+00,2.549999999965283592e+00,3.161241380422498892e+01,1.647202801863241195e+00,3.038170758787448378e+01,2.391114037261772296e+00
8.789225006165931973e+02,2.227473984158336862e+00,2.924967130542961158e+01,3.162367994468839782e+01,1.646320961930441529e+00,2.549999999963108444e+00,3.162367994468839782e+01,1.646320961930441529e+00,3.039154072873350643e+01,2.390767547958480677e+00
8.811499746007515341e+02,2.227473984158336862e+00,2.925747162683168767e+01,3.163494844549224894e+01,1.645440785124204552e+00,2.549999999960808506e+00,3.163494844549224894e+01,1.645440785124204552e+00,3.040138148150343156e+01,2.390421250858242974e+00
8.833774485849098710e+02,2.227473984158336862e+00,2.926529248961593055e+01,3.164621927042822236e+01,1.644562265005461654e+00,2.549999999958378005e+00,3.164621927042822236e+01,1.644562265005461654e+00,3.041122984006983643e+01,2.390075145606110674e+00
8.856049225690682078e+02,2.227473984158336862e+00,2.927313379634518498e+01,3.165749239561705863e+01,1.643685395153164697e+00,2.549999999955809837e+00,3.165749239561705863e+01,1.643685395153164697e+00,3.042108579839651483e+01,2.389729231848506608e+00
8.881049225690682078e+02,2.500000000000000000e+00,2.928195869247045380e+01,3.167014748315586914e+01,1.642703199955007243e+00,2.549999999952754948e+00,3.167014748315586914e+01,1.642703199955007243e+00,3.043215665315286600e+01,2.389341224019868815e+00
8.906049225690682078e+02,2.500000000000000000e+00,2.929080906934270701e+01,3.168280544429351053e+01,1.641723066464250813e+00,2.549999999949507323e+00,3.168280544429351053e+01,1.641723066464250813e+00,3.044323706508054883e+01,2.388953456470494174e+00
8.931049225690682078e+02,2.500000000000000000e+00,2.929968477740543165e+01,3.169546628313905856e+01,1.640744985708694204e+00,2.549999999946056306e+00,3.169546628313905856e+01,1.640744985708694204e+00,3.045432702575132211e+01,2.388565928706649633e+00
8.956049225690682078e+02,2.500000000000000000e+00,2.930858566327904313e+01,3.170813001283054788e+01,1.639768948759349865e+00,2.549999999942390350e+00,3.170813001283054788e+01,1.639768948759349865e+00,3.046542652671184470e+01,2.388178640236751971e+00
8.981049225690682078e+02,2.500000000000000000e+00,2.931751156998831220e+01,3.172079665383258984e+01,1.638794946732710978e+00,2.549999999938497464e+00,3.172079665383258984e+01,1.638794946732710978e+00,3.047653555945953840e+01,2.387791590571354039e+00
9.000000000000000000e+02,1.895077430931792151e+00,2.932429425754455821e+01,3.173040031585596665e+01,1.638057973526391153e+00,2.549999999935387507e+00,3.173040031585596665e+01,1.638057973526391153e+00,3.048496289633684242e+01,2.387498353758980230e+00
9.000000297374225511e+02,2.973742255107936217e-05,2.932429436408973089e+01,3.173040046658111635e+01,1.638057961970971199e+00,2.549999999935387507e+00,3.173040046658111635e+01,1.638057961970971199e+00,3.048496302862093899e+01,2.387498349158602817e+00
9.000000594748451022e+02,2.973742255107936217e-05,2.932429447063490358e+01,3.173040061731435912e+01,1.638057950415548802e+00,2.549999999935387507e+00,3.173040061731435912e+01,1.638057950415548802e+00,3.048496316090504266e+01,2.387498344558224517e+00
9.000003568490706130e+02,2.973742255107936217e-04,2.932429553608696793e+01,3.173040212492728429e+01,1.638057834861183615e+00,2.549999999935387063e+00,3.173040212492728429e+01,1.638057834861183615e+00,3.048496448374647017e+01,2.387498298554445508e+00
9.000006542232961237e+02,2.973742255107936217e-04,2.932429660153937334e+01,3.173040363275373466e+01,1.638057719306704296e+00,2.549999999935386619e+00,3.173040363275373466e+01,1.638057719306704296e+00,3.048496580658834176e+01,2.387498252550669608e+00
9.000036279655512317e+02,2.973742255107936217e-03,2.932430725609348698e+01,3.173041871953434878e+01,1.638056563758953477e+00,2.549999999935381290e+00,3.173041871953434878e+01,1.638056563758953477e+00,3.048497903504607720e+01,2.387497792513199713e+00
9.000066017078063396e+02,2.973742255107936217e-03,2.932431791068183458e+01,3.173043381295914145e+01,1.638055408209921904e+00,2.549999999935376405e+00,3.173043381295914145e+01,1.638055408209921904e+00,3.048499226354817537e+01,2.387497332476056222e+00
9.000150064882778906e+02,8.404780471551021037e-03,2.932434802424763376e+01,3.173047649462928987e+01,1.638052142245890019e+00,2.549999999935362194e+00,3.173047649462928987e+01,1.638052142245890019e+00,3.048502965189701541e+01,2.387496032260356227e+00
9.000234112687494417e+02,8.404780471551021037e-03,2.932437813808325444e+01,3.173051920584445895e+01,1.638048876286084310e+00,2.549999999935347983e+00,3.173051920584445895e+01,1.638048876286084310e+00,3.048506704059517958e+01,2.387494732047228840e+00
9.000318160492209927e+02,8.404780471551021037e-03,2.932440825219564218e+01,3.173056194037219413e+01,1.638045610334873725e+00,2.549999999935334216e+00,3.173056194037219413e+01,1.638045610334873725e+00,3.048510442965144662e+01,2.387493431836740232e+00
9.000473410845561375e+02,1.552503533514482115e-02,2.932446387873014970e+01,3.173064092944090575e+01,1.638039577605709285e+00,2.549999999935308015e+00,3.173064092944090575e+01,1.638039577605709285e+00,3.048517349443857327e+01,2.387491030137471437e+00
9.000628661198912823e+02,1.552503533514482115e-02,2.932451950622050774e+01,3.173071997291058821e+01,1.638033544921950968e+00,2.549999999935281814e+00,3.173071997291058821e+01,1.638033544921950968e+00,3.048524256046066938e+01,2.387488628447316685e+00
9.000783911552264271e+02,1.552503533514482115e-02,2.932457513466607679e+01,3.173079906371711800e+01,1.638027512287779874e+00,2.549999999935255612e+00,3.173079906371711800e+01,1.638027512287779874e+00,3.048531162771601544e+01,2.387486226766270647e+00
9.000939161905615720e+02,1.552503533514482115e-02,2.932463076406537539e+01,3.173087819726434233e+01,1.638021479705834560e+00,2.549999999935229855e+00,3.173087819726434233e+01,1.638021479705834560e+00,3.048538069620191848e+01,2.387483825094320000e+00
9.001206951903910749e+02,2.677899982950293634e-02,2.932472672097843613e+01,3.173101478434815803e+01,1.638011074285957713e+00,2.549999999935184558e+00,3.173101478434815803e+01,1.638011074285957713e+00,3.048549983472835834e+01,2.387479682492411825e+00
9.001474741902205778e+02,2.677899982950293634e-02,2.932482268072814335e+01,3.173115147321706075e+01,1.638000669036635992e+00,2.549999999935139705e+00,3.173115147321706075e+01,1.638000669036635992e+00,3.048561897690962752e+01,2.387475539917558010e+00
9.001742531900500808e+02,2.677899982950293634e-02,2.932491864331482745e+01,3.173128825379124152e+01,1.637990263963947646e+00,2.549999999935094408e+00,3.173128825379124152e+01,1.637990263963947646e+00,3.048573812274339900e+01,2.387471397369759885e+00
9.002010321898795837e+02,2.677899982950293634e-02,2.932501460873859500e+01,3.173142511890896600e+01,1.637979859072199673e+00,2.549999999935049555e+00,3.173142511890896600e+01,1.637979859072199673e+00,3.048585727222730313e+01,2.387467254849022336e+00
9.002468911390171797e+02,4.585894913759602787e-02,2.932517895579979594e+01,3.173165968089708144e+01,1.637962041158758764e+00,2.549999999934971839e+00,3.173165968089708144e+01,1.637962041158758764e+00,3.048606132379699574e+01,2.387460160858727587e+00
9.002927500881547758e+02,4.585894913759602787e-02,2.932534331117939885e+01,3.173189445098784134e+01,1.637944223799733257e+00,2.549999999934894568e+00,3.173189445098784134e+01,1.637944223799733257e+00,3.048626538605185132e+01,2.387453066947784475e+00
9.003386090372923718e+02,4.585894913759602787e-02,2.932550767487627752e+01,3.173212941156029743e+01,1.637926407005621199e+00,2.549999999934816852e+00,3.173212941156029743e+01,1.637926407005621199e+00,3.048646945898094174e+01,2.387445973116189002e+00
9.003844679864299678e+02,4.585894913759602787e-02,2.932567204688936968e+01,3.173236454927281258e+01,1.637908590784360019e+00,2.549999999934739137e+00,3.173236454927281258e+01,1.637908590784360019e+00,3.048667354257436202e+01,2.387438879363938060e+00
9.004520203758232810e+02,6.755238939331320580e-02,2.932591418974262254e+01,3.173271121891069768e+01,1.637882347708777608e+00,2.549999999934624562e+00,3.173271121891069768e+01,1.637882347708777608e+00,3.048697418671362769e+01,2.387428430077683128e+00
9.005195727652165942e+02,6.755238939331320580e-02,2.932615635063555715e+01,3.173305822082049943e+01,1.637856105907139481e+00,2.549999999934509987e+00,3.173305822082049943e+01,1.637856105907139481e+00,3.048727485394586267e+01,2.387417980963582931e+00
9.005871251546099074e+02,6.755238939331320580e-02,2.932639852956493343e+01,3.173340553196733538e+01,1.637829865393077622e+00,2.549999999934394967e+00,3.173340553196733538e+01,1.637829865393077622e+00,3.048757554424561889e+01,2.387407532021628587e+00
9.006546775440032206e+02,6.755238939331320580e-02,2.932664072652750775e+01,3.173375313383255758e+01,1.637803626177515515e+00,2.549999999934279948e+00,3.173375313383255758e+01,1.637803626177515515e+00,3.048787625758918907e+01,2.387397083251812546e+00
9.007530610076673838e+02,9.838346366416317323e-02,2.932699349502116348e+01,3.173425987002691429e+01,1.637765413661898650e+00,2.549999999934112083e+00,3.173425987002691429e+01,1.637765413661898650e+00,3.048831425840547027e+01,2.387381865946017534e+00
9.008514444713315470e+02,9.838346366416317323e-02,2.932734630174820722e+01,3.173476715008682447e+01,1.637727203943248666e+00,2.549999999933943773e+00,3.173476715008682447e+01,1.637727203943248666e+00,3.048875230798798341e+01,2.387366649005302044e+00
9.009498279349957102e+02,9.838346366416317323e-02,2.932769914669858125e+01,3.173527494110451741e+01,1.637688997040749994e+00,2.549999999933775463e+00,3.173527494110451741e+01,1.637688997040749994e+00,3.048919040627610499e+01,2.387351432429636322e+00
9.010482113986598733e+02,9.838346366416317323e-02,2.932805202986221715e+01,3.173578321504540511e+01,1.637650792970668512e+00,2.549999999933605821e+00,3.173578321504540511e+01,1.637650792970668512e+00,3.048962855321254750e+01,2.387336216218997276e+00
9.011465948623240365e+02,9.838346366416317323e-02,2.932840495122904301e+01,3.173629194794080632e+01,1.637612591746833601e+00,2.549999999933436623e+00,3.173629194794080632e+01,1.637612591746833601e+00,3.049006674874297929e+01,2.387321000373356039e+00
9.013033664308627522e+02,1.567715685387156554e-01,2.932896740144291314e+01,3.173710349885053361e+01,1.637551724970103484e+00,2.549999999933165729e+00,3.173710349885053361e+01,1.637551724970103484e+00,3.049076510255447658e+01,2.387296755061141251e+00
9.014601379994014678e+02,1.567715685387156554e-01,2.932952994859444473e+01,3.173791609269452962e+01,1.637490865490307090e+00,2.549999999932893946e+00,3.173791609269452962e+01,1.637490865490307090e+00,3.049146357942519359e+01,2.387272510675539028e+00
9.016169095679401835e+02,1.567715685387156554e-01,2.933009259264278157e+01,3.173872967070017026e+01,1.637430013340509971e+00,2.549999999932621275e+00,3.173872967070017026e+01,1.637430013340509971e+00,3.049216217916922389e+01,2.387248267216437458e+00
9.017736811364788991e+02,1.567715685387156554e-01,2.933065533354701415e+01,3.173954418239256725e+01,1.637369168548807874e+00,2.549999999932346828e+00,3.173954418239256725e+01,1.637369168548807874e+00,3.049286090161043106e+01,2.387224024683727741e+00
9.019304527050176148e+02,1.567715685387156554e-01,2.933121817126619746e+01,3.174035958404798308e+01,1.637308331139252005e+00,2.549999999932072381e+00,3.174035958404798308e+01,1.637308331139252005e+00,3.049355974658119095e+01,2.387199783077297965e+00
9.021455616001669569e+02,2.151088951493420609e-01,2.933199060781104350e+01,3.174147978952512617e+01,1.637224867161839015e+00,2.549999999931693129e+00,3.174147978952512617e+01,1.637224867161839015e+00,3.049451884258529333e+01,2.387166522270299129e+00
9.023606704953162989e+02,2.151088951493420609e-01,2.933276322644665157e+01,3.174260151441053068e+01,1.637141417166795732e+00,2.549999999931312100e+00,3.174260151441053068e+01,1.637141417166795732e+00,3.049547816858207483e+01,2.387133263206714151e+00
9.025757793904656410e+02,2.151088951493420609e-01,2.933353602706687724e+01,3.174372468581462670e+01,1.637057981192260314e+00,2.549999999930929295e+00,3.174372468581462670e+01,1.637057981192260314e+00,3.049643772419797827e+01,2.387100005886253484e+00
9.027908882856149830e+02,2.151088951493420609e-01,2.933430900956544107e+01,3.174484923983690621e+01,1.636974559270988117e+00,2.549999999930544714e+00,3.174484923983690621e+01,1.636974559270988117e+00,3.049739750907640001e+01,2.387066750308628471e+00
9.030059971807643251e+02,2.151088951493420609e-01,2.933508217383591088e+01,3.174597512003058952e+01,1.636891151431271840e+00,2.549999999930157912e+00,3.174597512003058952e+01,1.636891151431271840e+00,3.049835752287573953e+01,2.387033496473548233e+00
9.032982123748304275e+02,2.922151940661024128e-01,2.933613277168522160e+01,3.174750660980669892e+01,1.636777868452702345e+00,2.549999999929629446e+00,3.174750660980669892e+01,1.636777868452702345e+00,3.049966202204856458e+01,2.386988325512498843e+00
9.035904275688965299e+02,2.922151940661024128e-01,2.933718370451090607e+01,3.174904034434523226e+01,1.636664611557455462e+00,2.549999999929097427e+00,3.174904034434523226e+01,1.636664611557455462e+00,3.050096694227863736e+01,2.386943157765861745e+00
9.038826427629626323e+02,2.922151940661024128e-01,2.933823497204496178e+01,3.175057622703808491e+01,1.636551380789582621e+00,2.549999999928561856e+00,3.175057622703808491e+01,1.636551380789582621e+00,3.050227228281408642e+01,2.386897993232902415e+00
9.041748579570287347e+02,2.922151940661024128e-01,2.933928657401892437e+01,3.175211417212026888e+01,1.636438176186648663e+00,2.549999999928021843e+00,3.175211417212026888e+01,1.636438176186648663e+00,3.050357804293385655e+01,2.386852831912888995e+00
9.044670731510948372e+02,2.922151940661024128e-01,2.934033851016389249e+01,3.175365410291786361e+01,1.636324997780780111e+00,2.549999999927478722e+00,3.175365410291786361e+01,1.636324997780780111e+00,3.050488422194448290e+01,2.386807673805087404e+00
9.048488533632341841e+02,3.817802121393469861e-01,2.934171337161443915e+01,3.175566890623814587e+01,1.636177169299640521e+00,2.549999999926763294e+00,3.175566890623814587e+01,1.636177169299640521e+00,3.050659137961152112e+01,2.386748679411971441e+00
9.052306335753735311e+02,3.817802121393469861e-01,2.934308880241717432e+01,3.175768684496971872e+01,1.636029385633559485e+00,2.549999999926041205e+00,3.175768684496971872e+01,1.636029385633559485e+00,3.050829924973234597e+01,2.386689690499048666e+00
9.056124137875128781e+02,3.817802121393469861e-01,2.934446480196907103e+01,3.175970779755330753e+01,1.635881646824638658e+00,2.549999999925312899e+00,3.175970779755330753e+01,1.635881646824638658e+00,3.051000783093151014e+01,2.386630707064675061e+00
9.059941939996522251e+02,3.817802121393469861e-01,2.934584136966590151e+01,3.176173165484313898e+01,1.635733952907568955e+00,2.549999999924577931e+00,3.176173165484313898e+01,1.635733952907568955e+00,3.051171712188470053e+01,2.386571729107205719e+00
9.063759742117915721e+02,3.817802121393469861e-01,2.934721850490224426e+01,3.176375831824370266e+01,1.635586303910748329e+00,2.549999999923836302e+00,3.176375831824370266e+01,1.635586303910748329e+00,3.051342712131379287e+01,2.386512756624993958e+00
9.068609850441795288e+02,4.850108323879567251e-01,2.934896882511077010e+01,3.176633688361549446e+01,1.635398796505625363e+00,2.549999999922884619e+00,3.176633688361549446e+01,1.635398796505625363e+00,3.051560051206065083e+01,2.386437846301770804e+00
9.073459958765674855e+02,4.850108323879567251e-01,2.935072005904477166e+01,3.176891966838335790e+01,1.635211361670325214e+00,2.549999999921922278e+00,3.176891966838335790e+01,1.635211361670325214e+00,3.051777504177749023e+01,2.386362944809019560e+00
9.078310067089554423e+02,4.850108323879567251e-01,2.935247220545507574e+01,3.177150652393169139e+01,1.635023999431188146e+00,2.549999999920948390e+00,3.177150652393169139e+01,1.635023999431188146e+00,3.051995070810825794e+01,2.386288052143361149e+00
9.083160175413433990e+02,4.850108323879567251e-01,2.935422526308973801e+01,3.177409731553501970e+01,1.634836709806303245e+00,2.549999999919963845e+00,3.177409731553501970e+01,1.634836709806303245e+00,3.052212750877679071e+01,2.386213168301413834e+00
9.088010283737313557e+02,4.850108323879567251e-01,2.935597923069411053e+01,3.177669192042366930e+01,1.634649492806669047e+00,2.549999999918967752e+00,3.177669192042366930e+01,1.634649492806669047e+00,3.052430544157972392e+01,2.386138293279797651e+00
9.094030302454386856e+02,6.020018717073298831e-01,2.935815754232330832e+01,3.177991751415474653e+01,1.634417217608224782e+00,2.549999999917715865e+00,3.177991751415474653e+01,1.634417217608224782e+00,3.052701029212629180e+01,2.386045369674070216e+00
9.100050321171460155e+02,6.020018717073298831e-01,2.936033725151452245e+01,3.178314861450739670e+01,1.634185054301979800e+00,2.549999999916446214e+00,3.178314861450739670e+01,1.634185054301979800e+00,3.052971687960827651e+01,2.385952459645359180e+00
9.106070339888533454e+02,6.020018717073298831e-01,2.936251835585238013e+01,3.178638504404683474e+01,1.633953002875081717e+00,2.549999999915158799e+00,3.178638504404683474e+01,1.633953002875081717e+00,3.053242520020284445e+01,2.385859563187197274e+00
9.112090358605606752e+02,6.020018717073298831e-01,2.936470085291599474e+01,3.178962664060717103e+01,1.633721063305701993e+00,2.549999999913853177e+00,3.178962664060717103e+01,1.633721063305701993e+00,3.053513525020620634e+01,2.385766680293122111e+00
9.118110377322680051e+02,6.020018717073298831e-01,2.936688474027918616e+01,3.179287325531493380e+01,1.633489235564220543e+00,2.549999999912529347e+00,3.179287325531493380e+01,1.633489235564220543e+00,3.053784702602390055e+01,2.385673810956665974e+00
9.125592608792350120e+02,7.482231469670068691e-01,2.936960101000494916e+01,3.179691523479090520e+01,1.633201254596011953e+00,2.549999999910858239e+00,3.179691523479090520e+01,1.633201254596011953e+00,3.054121987000509719e+01,2.385558403313905007e+00
9.133074840262020189e+02,7.482231469670068691e-01,2.937231941900326149e+01,3.180096451355230158e+01,1.632913446237801658e+00,2.549999999909157378e+00,3.180096451355230158e+01,1.632913446237801658e+00,3.054459536809147124e+01,2.385443016592299958e+00
9.140557071731690257e+02,7.482231469670068691e-01,2.937503996258519834e+01,3.180502087080932228e+01,1.632625810394867649e+00,2.549999999907427206e+00,3.180502087080932228e+01,1.632625810394867649e+00,3.054797351397650829e+01,2.385327650779456743e+00
9.148039303201360326e+02,7.482231469670068691e-01,2.937776263605178784e+01,3.180908410390482643e+01,1.632338346962040054e+00,2.549999999905666836e+00,3.180908410390482643e+01,1.632338346962040054e+00,3.055135430153945819e+01,2.385212305862986604e+00
9.155521534671030395e+02,7.482231469670068691e-01,2.938048743469470736e+01,3.181315402605835985e+01,1.632051055825052277e+00,2.549999999903875825e+00,3.181315402605835985e+01,1.632051055825052277e+00,3.055473772483064820e+01,2.385096981830510554e+00
9.163003766140700463e+02,7.482231469670068691e-01,2.938321435379697633e+01,3.181723046437065960e+01,1.631763936861737374e+00,2.549999999902053727e+00,3.181723046437065960e+01,1.631763936861737374e+00,3.055812377805826685e+01,2.384981678669656269e+00
9.173980164268059525e+02,1.097639812735906162e+00,2.938721855836735486e+01,3.182322203804734784e+01,1.631343045985297779e+00,2.549999999899323466e+00,3.182322203804734784e+01,1.631343045985297779e+00,3.056309584929603318e+01,2.384812567220885526e+00
9.184956562395418587e+02,1.097639812735906162e+00,2.939122730121057359e+01,3.182922682531779657e+01,1.630922524929978801e+00,2.549999999896524372e+00,3.182922682531779657e+01,1.630922524929978801e+00,3.056807355093119938e+01,2.384643500623818024e+00
9.195932960522777648e+02,1.097639812735906162e+00,2.939524056735234936e+01,3.183524440269350464e+01,1.630502373241648373e+00,2.549999999893654223e+00,3.183524440269350464e+01,1.630502373241648373e+00,3.057305686623221774e+01,2.384474478839507583e+00
9.206909358650136710e+02,1.097639812735906162e+00,2.939925834179345898e+01,3.184127438361852924e+01,1.630082590445981250e+00,2.549999999890711244e+00,3.184127438361852924e+01,1.630082590445981250e+00,3.057804577898872012e+01,2.384305501829056873e+00
9.217885756777495772e+02,1.097639812735906162e+00,2.940328060951403799e+01,3.184731641352450993e+01,1.629663176051422857e+00,2.549999999887693658e+00,3.184731641352450993e+01,1.629663176051422857e+00,3.058304027346775200e+01,2.384136569553622298e+00
9.228862154904854833e+02,1.097639812735906162e+00,2.940730735547777286e+01,3.185337016556032808e+01,1.629244129551745912e+00,2.549999999884600577e+00,3.185337016556032808e+01,1.629244129551745912e+00,3.058804033437464298e+01,2.383967681974407782e+00
9.242385967744218078e+02,1.352381283936324508e+00,2.941227476865827839e+01,3.186084455138042415e+01,1.628728335378488046e+00,2.549999999880682378e+00,3.186084455138042415e+01,1.628728335378488046e+00,3.059420844709505971e+01,2.383759660179829432e+00
9.255909780583581323e+02,1.352381283936324508e+00,2.941724892891167542e+01,3.186833575208540381e+01,1.628213097897255324e+00,2.549999999876643386e+00,3.186833575208540381e+01,1.628213097897255324e+00,3.060038496013410025e+01,2.383551706104040324e+00
9.269433593422944568e+02,1.352381283936324508e+00,2.942222980806733190e+01,3.187584328889814955e+01,1.627698416093928957e+00,2.549999999872479606e+00,3.187584328889814955e+01,1.627698416093928957e+00,3.060656984721040175e+01,2.383343819674831110e+00
9.282957406262307813e+02,1.352381283936324508e+00,2.942721737795695702e+01,3.188336672070100519e+01,1.627184288936271761e+00,2.549999999868187484e+00,3.188336672070100519e+01,1.627184288936271761e+00,3.061276308277205871e+01,2.383136000820125666e+00
9.296481219101671059e+02,1.352381283936324508e+00,2.943221161042480816e+01,3.189090563939151934e+01,1.626670715376703269e+00,2.549999999863763911e+00,3.189090563939151934e+01,1.626670715376703269e+00,3.061896464194068912e+01,2.382928249467983317e+00
9.310005031941034304e+02,1.352381283936324508e+00,2.943721247733759583e+01,3.189845966592754678e+01,1.626157694354662286e+00,2.549999999859205779e+00,3.189845966592754678e+01,1.626157694354662286e+00,3.062517450046149037e+01,2.382720565546599722e+00
9.326635965486627811e+02,1.663093354559350701e+00,2.944337135704618547e+01,3.190776943777566288e+01,1.625527561773355778e+00,2.549999999853409083e+00,3.190776943777566288e+01,1.625527561773355778e+00,3.063282242900834618e+01,2.382465258208061876e+00
9.343266899032221318e+02,1.663093354559350701e+00,2.944954017528870338e+01,3.191710091494172374e+01,1.624898261155377943e+00,2.549999999847395227e+00,3.191710091494172374e+01,1.624898261155377943e+00,3.064048282989578098e+01,2.382210052602996342e+00
9.359897832577814825e+02,1.663093354559350701e+00,2.945571888001205352e+01,3.192645353430297561e+01,1.624269790470833641e+00,2.549999999841157106e+00,3.192645353430297561e+01,1.624269790470833641e+00,3.064815566135018088e+01,2.381954948598736355e+00
9.376528766123408332e+02,1.663093354559350701e+00,2.946190741930853463e+01,3.193582677379809454e+01,1.623642147675256719e+00,2.549999999834686726e+00,3.193582677379809454e+01,1.623642147675256719e+00,3.065584088265595497e+01,2.381699946062940221e+00
9.393159699669001839e+02,1.663093354559350701e+00,2.946810574144135586e+01,3.194522014776537233e+01,1.623015330712371806e+00,2.549999999827977426e+00,3.194522014776537233e+01,1.623015330712371806e+00,3.066353845408010770e+01,2.381445044863593097e+00
9.409790633214595346e+02,1.663093354559350701e+00,2.947431379487099434e+01,3.195463320293708165e+01,1.622389337516459307e+00,2.549999999821019880e+00,3.195463320293708165e+01,1.622389337516459307e+00,3.067124833680458451e+01,2.381190244869010986e+00
9.430104429404519806e+02,2.031379618992446012e+00,2.948190972784326291e+01,3.196615683204574054e+01,1.621625834869832028e+00,2.549999999812174067e+00,3.196615683204574054e+01,1.621625834869832028e+00,3.068068219372777961e+01,2.380879157410010105e+00
9.450418225594444266e+02,2.031379618992446012e+00,2.948952000971389609e+01,3.197770847217372392e+01,1.620863554344418755e+00,2.549999999802931239e+00,3.197770847217372392e+01,1.620863554344418755e+00,3.069013429411040761e+01,2.380568220506949384e+00
9.470732021784368726e+02,2.031379618992446012e+00,2.949714454814737152e+01,3.198928745413737573e+01,1.620102492141895834e+00,2.549999999793275407e+00,3.198928745413737573e+01,1.620102492141895834e+00,3.069960457203535142e+01,2.380257433921869836e+00
9.491045817974293186e+02,2.031379618992446012e+00,2.950478325155861725e+01,3.200089315472026641e+01,1.619342644458204417e+00,2.549999999783190141e+00,3.200089315472026641e+01,1.619342644458204417e+00,3.070909296312444070e+01,2.379946797417554105e+00
9.511359614164217646e+02,2.031379618992446012e+00,2.951243602922014020e+01,3.201252499178530542e+01,1.618584007486367549e+00,2.549999999772658565e+00,3.201252499178530542e+01,1.618584007486367549e+00,3.071859940443506432e+01,2.379636310757528239e+00
9.531673410354142106e+02,2.031379618992446012e+00,2.952010279137979865e+01,3.202418242002038795e+01,1.617826577418926437e+00,2.549999999761662473e+00,3.202418242002038795e+01,1.617826577418926437e+00,3.072812383436661676e+01,2.379325973706058139e+00
9.556154542417913262e+02,2.448113206377115603e+00,2.952936083127355715e+01,3.203826462697698219e+01,1.616915360332274565e+00,2.549999999747767809e+00,3.203826462697698219e+01,1.616915360332274565e+00,3.073962599969231491e+01,2.378952170071682470e+00
9.580635674481684418e+02,2.448113206377115603e+00,2.953863890057340313e+01,3.205238242110574021e+01,1.616005883949380051e+00,2.549999999733139067e+00,3.205238242110574021e+01,1.616005883949380051e+00,3.075115410044104891e+01,2.378578582974922639e+00
9.600000000000000000e+02,1.936432551831558158e+00,2.954599184723933192e+01,3.206357414208046208e+01,1.615287726025329329e+00,2.549999999721025201e+00,3.206357414208046208e+01,1.615287726025329329e+00,3.076029101455307568e+01,2.378283232505967071e+00
9.600000292858410376e+02,2.928584103756293189e-05,2.954599195853607796e+01,3.206357431148344261e+01,1.615287715172382343e+00,2.549999999721025201e+00,3.206357431148344261e+01,1.615287715172382343e+00,3.076029115285813376e+01,2.378283228040225072e+00
9.600000585716820751e+02,2.928584103756293189e-05,2.954599206983283111e+01,3.206357448087341311e+01,1.615287704319437800e+00,2.549999999721025201e+00,3.206357448087341311e+01,1.615287704319437800e+00,3.076029129116318828e+01,2.378283223574483074e+00
9.600003514300924508e+02,2.928584103756293189e-04,2.954599318280058995e+01,3.206357617432306029e+01,1.615287595790153130e+00,2.549999999721023425e+00,3.206357617432306029e+01,1.615287595790153130e+00,3.076029267421361979e+01,2.378283178917063090e+00
9.600006442885028264e+02,2.928584103756293189e-04,2.954599429576862235e+01,3.206357786743031113e+01,1.615287487261012567e+00,2.549999999721021648e+00,3.206357786743031113e+01,1.615287487261012567e+00,3.076029405726391985e+01,2.378283134259646214e+00
9.600035728726065827e+02,2.928584103756293189e-03,2.954600542547325759e+01,3.206359478487372172e+01,1.615286401976285813e+00,2.549999999721002997e+00,3.206359478487372172e+01,1.615286401976285813e+00,3.076030788775484481e+01,2.378282687685746133e+00
9.600065014567103390e+02,2.928584103756293189e-03,2.954601655520555425e+01,3.206361169170109804e+01,1.615285316697408158e+00,2.549999999720984345e+00,3.206361169170109804e+01,1.615285316697408158e+00,3.076032171823208827e+01,2.378282241112150253e+00
9.600136083136732168e+02,7.106856962877827755e-03,2.954604356406674270e+01,3.206365269165914356e+01,1.615282683046344037e+00,2.549999999720939048e+00,3.206365269165914356e+01,1.615282683046344037e+00,3.076035528089212434e+01,2.378281157403713486e+00
9.600207151706360946e+02,7.106856962877827755e-03,2.954607057308777129e+01,3.206369365596483334e+01,1.615280049420612762e+00,2.549999999720893751e+00,3.206369365596483334e+01,1.615280049420612762e+00,3.076038884347355662e+01,2.378280073697036201e+00
9.600278220275989725e+02,7.106856962877827755e-03,2.954609758227339711e+01,3.206373459150901795e+01,1.615277415818430207e+00,2.549999999720848010e+00,3.206373459150901795e+01,1.615277415818430207e+00,3.076042240597429966e+01,2.378278989992171244e+00
9.600408572439276895e+02,1.303521632871706970e-02,2.954614712226560513e+01,3.206380961157014298e+01,1.615272585389986748e+00,2.549999999720764965e+00,3.206380961157014298e+01,1.615272585389986748e+00,3.076048396524920037e+01,2.378277002293004649e+00
9.600538924602564066e+02,1.303521632871706970e-02,2.954619666281939772e+01,3.206388456457885638e+01,1.615267755032079311e+00,2.549999999720681920e+00,3.206388456457885638e+01,1.615267755032079311e+00,3.076054552425060606e+01,2.378275014600019777e+00
9.600669276765851237e+02,1.303521632871706970e-02,2.954624620393434853e+01,3.206395945939207337e+01,1.615262924741891482e+00,2.549999999720598431e+00,3.206395945939207337e+01,1.615262924741891482e+00,3.076060708297970692e+01,2.378273026913212185e+00
9.600799628929138407e+02,1.303521632871706970e-02,2.954629574560947347e+01,3.206403430175475222e+01,1.615258094517531884e+00,2.549999999720514943e+00,3.206403430175475222e+01,1.615258094517531884e+00,3.076066864143781743e+01,2.378271039232570327e+00
9.601017541226939329e+02,2.179122978009218059e-02,2.954637856666152018e+01,3.206415931177294709e+01,1.615250019878937682e+00,2.549999999720375943e+00,3.206415931177294709e+01,1.615250019878937682e+00,3.076077154933060953e+01,2.378267716401172294e+00
9.601235453524740251e+02,2.179122978009218059e-02,2.954646138927850529e+01,3.206428420416047942e+01,1.615241945415162306e+00,2.549999999720236499e+00,3.206428420416047942e+01,1.615241945415162306e+00,3.076087445647156216e+01,2.378264393587002257e+00
9.601453365822541173e+02,2.179122978009218059e-02,2.954654421346067039e+01,3.206440899047313309e+01,1.615233871122600862e+00,2.549999999720097055e+00,3.206440899047313309e+01,1.615233871122600862e+00,3.076097736286338957e+01,2.378261070790063769e+00
9.601671278120342095e+02,2.179122978009218059e-02,2.954662703920809008e+01,3.206453367904241247e+01,1.615225796998649210e+00,2.549999999719957167e+00,3.206453367904241247e+01,1.615225796998649210e+00,3.076108026850859289e+01,2.378257748010359052e+00
9.602039937449440004e+02,3.686593290979089943e-02,2.954676716558620697e+01,3.206474441954799914e+01,1.615212137748117893e+00,2.549999999719721355e+00,3.206474441954799914e+01,1.615212137748117893e+00,3.076125436036794625e+01,2.378252126642502962e+00
9.602408596778537913e+02,3.686593290979089943e-02,2.954690729644338987e+01,3.206495492550067183e+01,1.615198478965931717e+00,2.549999999719484656e+00,3.206495492550067183e+01,1.615198478965931717e+00,3.076142845010791049e+01,2.378246505323967419e+00
9.602777256107635822e+02,3.686593290979089943e-02,2.954704743177907389e+01,3.206516521696576660e+01,1.615184820645763519e+00,2.549999999719247956e+00,3.206516521696576660e+01,1.615184820645763519e+00,3.076160253773825204e+01,2.378240884054749316e+00
9.603145915436733731e+02,3.686593290979089943e-02,2.954718757159274745e+01,3.206537530926115664e+01,1.615171162782780501e+00,2.549999999719011257e+00,3.206537530926115664e+01,1.615171162782780501e+00,3.076177662326793083e+01,2.378235262834848651e+00
9.603682508027944777e+02,5.365925912110469653e-02,2.954739155649039262e+01,3.206568077248763160e+01,1.615151284241293395e+00,2.549999999718666199e+00,3.206568077248763160e+01,1.615151284241293395e+00,3.076203000523967290e+01,2.378227081101128793e+00
9.604219100619155824e+02,5.365925912110469653e-02,2.954759555087233025e+01,3.206598587211734497e+01,1.615131406649946033e+00,2.549999999718321142e+00,3.206598587211734497e+01,1.615131406649946033e+00,3.076228338280236940e+01,2.378218899471879588e+00
9.604755693210366871e+02,5.365925912110469653e-02,2.954779955473704689e+01,3.206629063398789725e+01,1.615111530000559625e+00,2.549999999717975196e+00,3.206629063398789725e+01,1.615111530000559625e+00,3.076253675597810044e+01,2.378210717947096597e+00
9.605292285801577918e+02,5.365925912110469653e-02,2.954800356808301132e+01,3.206659507899050254e+01,1.615091654286507472e+00,2.549999999717629251e+00,3.206659507899050254e+01,1.615091654286507472e+00,3.076279012478745045e+01,2.378202536526774047e+00
9.606073386206933264e+02,7.811004053553460835e-02,2.954830056062682075e+01,3.206703771955078963e+01,1.615062723515399146e+00,2.549999999717124766e+00,3.206703771955078963e+01,1.615062723515399146e+00,3.076315893776883570e+01,2.378190627285655889e+00
9.606854486612288611e+02,7.811004053553460835e-02,2.954859757325317204e+01,3.206747977107900738e+01,1.615033794700005298e+00,2.549999999716619392e+00,3.206747977107900738e+01,1.615033794700005298e+00,3.076352774159470371e+01,2.378178718265863800e+00
9.607635587017643957e+02,7.811004053553460835e-02,2.954889460595737916e+01,3.206792127096530720e+01,1.615004867828372825e+00,2.549999999716113130e+00,3.206792127096530720e+01,1.615004867828372825e+00,3.076389653631710885e+01,2.378166809467380904e+00
9.608416687422999303e+02,7.811004053553460835e-02,2.954919165873475606e+01,3.206836225111951677e+01,1.614975942890267913e+00,2.549999999715606425e+00,3.206836225111951677e+01,1.614975942890267913e+00,3.076426532198505726e+01,2.378154900890193435e+00
9.609197787828354649e+02,7.811004053553460835e-02,2.954948873158062028e+01,3.206880273888597799e+01,1.614947019876889600e+00,2.549999999715098387e+00,3.206880273888597799e+01,1.614947019876889600e+00,3.076463409864490828e+01,2.378142992534287181e+00
9.610431357998442081e+02,1.233570170087432416e-01,2.954995793133483772e+01,3.206949744280257875e+01,1.614901346467130239e+00,2.549999999714294585e+00,3.206949744280257875e+01,1.614901346467130239e+00,3.076521647913842727e+01,2.378124186449280586e+00
9.611664928168529514e+02,1.233570170087432416e-01,2.955042718111181443e+01,3.207019105561732886e+01,1.614855677813432866e+00,2.549999999713489007e+00,3.207019105561732886e+01,1.614855677813432866e+00,3.076579883743742272e+01,2.378105380916080147e+00
9.612898498338616946e+02,1.233570170087432416e-01,2.955089648089317578e+01,3.207088364307701767e+01,1.614810013894294016e+00,2.549999999712681209e+00,3.207088364307701767e+01,1.614810013894294016e+00,3.076638117369460801e+01,2.378086575934628133e+00
9.614132068508704378e+02,1.233570170087432416e-01,2.955136583066056133e+01,3.207157526174611206e+01,1.614764354691091919e+00,2.549999999711871190e+00,3.207157526174611206e+01,1.614764354691091919e+00,3.076696348805408832e+01,2.378067771504868588e+00
9.615365638678791811e+02,1.233570170087432416e-01,2.955183523039564264e+01,3.207226596071139824e+01,1.614718700187550926e+00,2.549999999711059395e+00,3.207226596071139824e+01,1.614718700187550926e+00,3.076754578065245482e+01,2.378048967626746446e+00
9.617052102277917811e+02,1.686463599126000190e-01,2.955247704655071672e+01,3.207320883218145724e+01,1.614656291650676145e+00,2.549999999709946064e+00,3.207320883218145724e+01,1.614656291650676145e+00,3.076834182140381557e+01,2.378023260978049169e+00
9.618738565877043811e+02,1.686463599126000190e-01,2.955311895601815309e+01,3.207415015881923637e+01,1.614593891839295692e+00,2.549999999708828735e+00,3.207415015881923637e+01,1.614593891839295692e+00,3.076913782203880032e+01,2.377997555360157111e+00
9.620425029476169811e+02,1.686463599126000190e-01,2.955376095875134013e+01,3.207509002200289672e+01,1.614531500725641555e+00,2.549999999707707854e+00,3.207509002200289672e+01,1.614531500725641555e+00,3.076993378285440173e+01,2.377971850772928164e+00
9.622111493075295812e+02,1.686463599126000190e-01,2.955440305470376927e+01,3.207602849315583882e+01,1.614469118285069227e+00,2.549999999706582532e+00,3.207602849315583882e+01,1.614469118285069227e+00,3.077072970413279762e+01,2.377946147216222439e+00
9.623797956674421812e+02,1.686463599126000190e-01,2.955504524382901010e+01,3.207696563543780144e+01,1.614406744495527235e+00,2.549999999705453657e+00,3.207696563543780144e+01,1.614406744495527235e+00,3.077152558614299949e+01,2.377920444689899604e+00
9.626079723647828814e+02,2.281766973407002297e-01,2.955591426698467217e+01,3.207823156274842802e+01,1.614322367169687134e+00,2.549999999703919329e+00,3.207823156274842802e+01,1.614322367169687134e+00,3.077260234382756821e+01,2.377885671090220754e+00
9.628361490621235816e+02,2.281766973407002297e-01,2.955678346050129335e+01,3.207949528216070689e+01,1.614238005600121983e+00,2.549999999702378339e+00,3.207949528216070689e+01,1.614238005600121983e+00,3.077367903070491550e+01,2.377850899376138916e+00
9.630643257594642819e+02,2.281766973407002297e-01,2.955765282426469298e+01,3.208075690083926901e+01,1.614153659747678438e+00,2.549999999700829800e+00,3.208075690083926901e+01,1.614153659747678438e+00,3.077475564735083680e+01,2.377816129547307700e+00
9.632925024568049821e+02,2.281766973407002297e-01,2.955852235816100659e+01,3.208201651399549803e+01,1.614069329576954592e+00,2.549999999699274156e+00,3.208201651399549803e+01,1.614069329576954592e+00,3.077583219431436490e+01,2.377781361603384269e+00
9.635206791541456823e+02,2.281766973407002297e-01,2.955939206207667880e+01,3.208327420680495123e+01,1.613985015055699579e+00,2.549999999697710962e+00,3.208327420680495123e+01,1.613985015055699579e+00,3.077690867212065129e+01,2.377746595544025343e+00
9.638179040503907800e+02,2.972248962450976251e-01,2.956052520054550925e+01,3.208490973391200640e+01,1.613875209667954946e+00,2.549999999695663710e+00,3.208490973391200640e+01,1.613875209667954946e+00,3.077831079833187999e+01,2.377701311806709406e+00
9.641151289466358776e+02,2.972248962450976251e-01,2.956165862705973879e+01,3.208654228302697931e+01,1.613765430724490413e+00,2.549999999693603581e+00,3.208654228302697931e+01,1.613765430724490413e+00,3.077971280911406282e+01,2.377656031265764636e+00
9.644123538428809752e+02,2.972248962450976251e-01,2.956279234137085155e+01,3.208817198824112182e+01,1.613655678171036723e+00,2.549999999691531016e+00,3.208817198824112182e+01,1.613655678171036723e+00,3.078111470548088846e+01,2.377610753920437414e+00
9.647095787391260728e+02,2.972248962450976251e-01,2.956392634323128732e+01,3.208979896999491643e+01,1.613545951957615632e+00,2.549999999689446017e+00,3.208979896999491643e+01,1.613545951957615632e+00,3.078251648840210564e+01,2.377565479769975898e+00
9.650068036353711705e+02,2.972248962450976251e-01,2.956506063239443094e+01,3.209142333711261585e+01,1.613436252037899754e+00,2.549999999687347696e+00,3.209142333711261585e+01,1.613436252037899754e+00,3.078391815880783611e+01,2.377520208813628244e+00
9.653834875880685331e+02,3.766839526973626562e-01,2.956649857082040000e+01,3.209347835413690575e+01,1.613297263038053320e+00,2.549999999684669838e+00,3.209347835413690575e+01,1.613297263038053320e+00,3.078569438658129087e+01,2.377462839867264144e+00
9.657601715407658958e+02,3.766839526973626562e-01,2.956793696980303920e+01,3.209552951117564845e+01,1.613158316118785462e+00,2.549999999681971552e+00,3.209552951117564845e+01,1.613158316118785462e+00,3.078747043681643802e+01,2.377405476048373600e+00
9.661368554934632584e+02,3.766839526973626562e-01,2.956937582884714999e+01,3.209757697115494324e+01,1.613019411204229980e+00,2.549999999679251950e+00,3.209757697115494324e+01,1.613019411204229980e+00,3.078924631118110611e+01,2.377348117355435608e+00
9.665135394461606211e+02,3.766839526973626562e-01,2.957081514746012374e+01,3.209962088176009587e+01,1.612880548223320387e+00,2.549999999676511475e+00,3.209962088176009587e+01,1.612880548223320387e+00,3.079102201127509275e+01,2.377290763786933603e+00
9.668902233988579837e+02,3.766839526973626562e-01,2.957225492515197729e+01,3.210166137754498550e+01,1.612741727109131107e+00,2.549999999673749684e+00,3.210166137754498550e+01,1.612741727109131107e+00,3.079279753863622204e+01,2.377233415341350131e+00
9.673568598903900693e+02,4.666364915320855289e-01,2.957403915920937010e+01,3.210418459415220838e+01,1.612569813324061796e+00,2.549999999670298223e+00,3.210418459415220838e+01,1.612569813324061796e+00,3.079499682654998338e+01,2.377162379126164016e+00
9.678234963819221548e+02,4.666364915320855289e-01,2.957582409611370267e+01,3.210670297163341758e+01,1.612397963578126925e+00,2.549999999666814343e+00,3.210670297163341758e+01,1.612397963578126925e+00,3.079719585435747931e+01,2.377091350767562616e+00
9.682901328734542403e+02,4.666364915320855289e-01,2.957760973495064505e+01,3.210921670313613419e+01,1.612226177763874890e+00,2.549999999663296268e+00,3.210921670313613419e+01,1.612226177763874890e+00,3.079939462465227962e+01,2.377020330262678449e+00
9.687567693649863259e+02,4.666364915320855289e-01,2.957939607481238298e+01,3.211172596509275223e+01,1.612054455779144302e+00,2.549999999659744443e+00,3.211172596509275223e+01,1.612054455779144302e+00,3.080159313992752601e+01,2.376949317608650691e+00
9.692234058565184114e+02,4.666364915320855289e-01,2.958118311479771023e+01,3.211423091937398056e+01,1.611882797526388522e+00,2.549999999656159311e+00,3.211423091937398056e+01,1.611882797526388522e+00,3.080379140258420634e+01,2.376878312802622517e+00
9.698037448720274369e+02,5.803390155090255575e-01,2.958340656758308640e+01,3.211734045450988617e+01,1.611669401110579436e+00,2.549999999651651805e+00,3.211734045450988617e+01,1.611669401110579436e+00,3.080652495379628419e+01,2.376790017625116658e+00
9.703840838875364625e+02,5.803390155090255575e-01,2.958563110016064357e+01,3.212044381932670944e+01,1.611456102952544711e+00,2.549999999647091009e+00,3.212044381932670944e+01,1.611456102952544711e+00,3.080925812214608683e+01,2.376701734576221359e+00
9.709644229030454881e+02,5.803390155090255575e-01,2.958785671084084257e+01,3.212354125370325164e+01,1.611242902887376927e+00,2.549999999642475590e+00,3.212354125370325164e+01,1.611242902887376927e+00,3.081199091175022531e+01,2.376613463650467661e+00
9.715447619185545136e+02,5.803390155090255575e-01,2.959008339795087039e+01,3.212663297756342473e+01,1.611029800756540675e+00,2.549999999637805548e+00,3.212663297756342473e+01,1.611029800756540675e+00,3.081472332656892377e+01,2.376525204842394601e+00
9.721251009340635392e+02,5.803390155090255575e-01,2.959231115983489246e+01,3.212971919335608106e+01,1.610816796407095408e+00,2.549999999633080439e+00,3.212971919335608106e+01,1.610816796407095408e+00,3.081745537041846106e+01,2.376436958146550982e+00
9.727054399495725647e+02,5.803390155090255575e-01,2.959453999485429065e+01,3.213280008824933986e+01,1.610603889691005541e+00,2.549999999628298930e+00,3.213280008824933986e+01,1.610603889691005541e+00,3.082018704698243283e+01,2.376348723557491827e+00
9.735553100454530977e+02,8.498700958805329719e-01,2.959780591707898623e+01,3.213730262299166895e+01,1.610292277037993047e+00,2.549999999621194391e+00,3.213730262299166895e+01,1.610292277037993047e+00,3.082418676063326046e+01,2.376219531370348914e+00
9.744051801413336307e+02,8.498700958805329719e-01,2.960107413222888084e+01,3.214179461729520426e+01,1.609980873023047820e+00,2.549999999613966839e+00,3.214179461729520426e+01,1.609980873023047820e+00,3.082818570497450139e+01,2.376090365118439518e+00
9.752550502372141636e+02,8.498700958805329719e-01,2.960434463536411442e+01,3.214627652509042832e+01,1.609669677224558448e+00,2.549999999606614054e+00,3.214627652509042832e+01,1.609669677224558448e+00,3.083218389028154860e+01,2.375961224784759018e+00
9.761049203330946966e+02,8.498700958805329719e-01,2.960761742162913279e+01,3.215074875993856551e+01,1.609358689234095863e+00,2.549999999599134259e+00,3.215074875993856551e+01,1.609358689234095863e+00,3.083618132639758969e+01,2.375832110352335214e+00
9.769547904289752296e+02,8.498700958805329719e-01,2.961089248625407322e+01,3.215521170044591059e+01,1.609047908654714920e+00,2.549999999591525235e+00,3.215521170044591059e+01,1.609047908654714920e+00,3.084017802277076825e+01,2.375703021804230541e+00
9.778046605248557626e+02,8.498700958805329719e-01,2.961416982455607183e+01,3.215966569493961202e+01,1.608737335099489130e+00,2.549999999583785204e+00,3.215966569493961202e+01,1.608737335099489130e+00,3.084417398848718150e+01,2.375573959123538970e+00
9.788503849085794855e+02,1.045724383723722895e+00,2.961820554534998351e+01,3.216513431890528096e+01,1.608355472765577998e+00,2.549999999574078746e+00,3.216513431890528096e+01,1.608355472765577998e+00,3.084908984288562195e+01,2.375415189157395801e+00
9.798961092923032083e+02,1.045724383723722895e+00,2.962224469319479780e+01,3.217059043568960419e+01,1.607973922608638473e+00,2.549999999564166675e+00,3.217059043568960419e+01,1.607973922608638473e+00,3.085400461996195531e+01,2.375256458297910100e+00
9.809418336760269312e+02,1.045724383723722895e+00,2.962628725992520629e+01,3.217603455022512549e+01,1.607592683956265756e+00,2.549999999554045882e+00,3.217603455022512549e+01,1.607592683956265756e+00,3.085891833473963786e+01,2.375097766513777131e+00
9.819875580597506541e+02,1.045724383723722895e+00,2.963033323758680027e+01,3.218146712662154840e+01,1.607211756150055848e+00,2.549999999543711482e+00,3.218146712662154840e+01,1.607211756150055848e+00,3.086383100164792381e+01,2.374939113773756993e+00
9.830332824434743770e+02,1.045724383723722895e+00,2.963438261843863586e+01,3.218688859322952567e+01,1.606831138544019488e+00,2.549999999533160366e+00,3.218688859322952567e+01,1.606831138544019488e+00,3.086874263456876122e+01,2.374780500046676845e+00
9.840790068271980999e+02,1.045724383723722895e+00,2.963843539495560719e+01,3.219229934695312778e+01,1.606450830503228344e+00,2.549999999522387650e+00,3.219229934695312778e+01,1.606450830503228344e+00,3.087365324687860024e+01,2.374621925301428682e+00
9.853637626758280703e+02,1.284755848629970387e+00,2.964341919219473098e+01,3.219893276515135483e+01,1.605984014601579579e+00,2.549999999508844262e+00,3.219893276515135483e+01,1.605984014601579579e+00,3.087968494771013894e+01,2.374427156893633928e+00
9.866485185244580407e+02,1.284755848629970387e+00,2.964840809076728689e+01,3.220555120178583053e+01,1.605517663877052303e+00,2.549999999494952263e+00,3.220555120178583053e+01,1.605517663877052303e+00,3.088571515051755156e+01,2.374232447221038100e+00
9.879332743730880111e+02,1.284755848629970387e+00,2.965340207808199580e+01,3.221215524029016564e+01,1.605051777207516572e+00,2.549999999480704993e+00,3.221215524029016564e+01,1.605051777207516572e+00,3.089174387742628625e+01,2.374037796226338592e+00
9.892180302217179815e+02,1.284755848629970387e+00,2.965840114205594702e+01,3.221874542004030673e+01,1.604586353487394534e+00,2.549999999466093126e+00,3.221874542004030673e+01,1.604586353487394534e+00,3.089777114971615291e+01,2.373843203852369577e+00
9.905027860703479519e+02,1.284755848629970387e+00,2.966340527111713143e+01,3.222532224141091461e+01,1.604121391626075033e+00,2.549999999451109556e+00,3.222532224141091461e+01,1.604121391626075033e+00,3.090379698788371954e+01,2.373648670042098896e+00
9.917875419189779223e+02,1.284755848629970387e+00,2.966841445420611834e+01,3.223188617011822288e+01,1.603656890546550029e+00,2.549999999435744957e+00,3.223188617011822288e+01,1.603656890546550029e+00,3.090982141169837760e+01,2.373454194738628509e+00
9.933561984400580513e+02,1.568656521080129096e+00,2.967453738568949362e+01,3.223988372144716408e+01,1.603090368924682485e+00,2.549999999416456387e+00,3.223988372144716408e+01,1.603090368924682485e+00,3.091717520081390091e+01,2.373216824235819811e+00
9.949248549611381804e+02,1.568656521080129096e+00,2.968066781778255958e+01,3.224786343435706470e+01,1.602524530727625462e+00,2.549999999396570960e+00,3.224786343435706470e+01,1.602524530727625462e+00,3.092452694333823260e+01,2.372979540766293027e+00
9.964935114822183095e+02,1.568656521080129096e+00,2.968680573346178164e+01,3.225582598952482982e+01,1.601959374063935293e+00,2.549999999376072690e+00,3.225582598952482982e+01,1.601959374063935293e+00,3.093187667145077668e+01,2.372742344227272593e+00
9.980621680032984386e+02,1.568656521080129096e+00,2.969295111683161181e+01,3.226377201884430690e+01,1.601394897063522782e+00,2.549999999354945146e+00,3.226377201884430690e+01,1.601394897063522782e+00,3.093922441612399865e+01,2.372505234516267603e+00
9.996308245243785677e+02,1.568656521080129096e+00,2.969910395311230999e+01,3.227170211069383754e+01,1.600831097875993203e+00,2.549999999333170120e+00,3.227170211069383754e+01,1.600831097875993203e+00,3.094657020720804397e+01,2.372268211531066040e+00
1.001199481045458697e+03,1.568656521080129096e+00,2.970526422862320359e+01,3.227961681451639464e+01,1.600267974669201010e+00,2.549999999310730736e+00,3.227961681451639464e+01,1.600267974669201010e+00,3.095391407350729196e+01,2.372031275169732112e+00
1.003090551109182911e+03,1.891070063724214378e+00,2.971270052734740119e+01,3.228913853666495726e+01,1.599590006121136332e+00,2.549999999282769991e+00,3.228913853666495726e+01,1.599590006121136332e+00,3.096276484068025070e+01,2.371745755150479695e+00
1.004981621172907126e+03,1.891070063724214378e+00,2.972014759929024663e+01,3.229863948161698062e+01,1.598913014198904747e+00,2.549999999253784289e+00,3.229863948161698062e+01,1.598913014198904747e+00,3.097161289791971583e+01,2.371460360697613012e+00
1.006872691236631340e+03,1.891070063724214378e+00,2.972760542652148530e+01,3.230812043046280735e+01,1.598236995784338088e+00,2.549999999223741209e+00,3.230812043046280735e+01,1.598236995784338088e+00,3.098045829042353105e+01,2.371175091634117216e+00
1.008763761300355554e+03,1.891070063724214378e+00,2.973507399313458777e+01,3.231758211093939792e+01,1.597561947788640246e+00,2.549999999192606115e+00,3.231758211093939792e+01,1.597561947788640246e+00,3.098930106171696863e+01,2.370889947783539231e+00
1.010654831364079769e+03,1.891070063724214378e+00,2.974255328512157348e+01,3.232702520289900150e+01,1.596887867150633022e+00,2.549999999160343034e+00,3.232702520289900150e+01,1.596887867150633022e+00,3.099814125376476781e+01,2.370604928969986425e+00
1.012545901427803983e+03,1.891070063724214378e+00,2.975004329022939586e+01,3.233645034309795108e+01,1.596214750835216689e+00,2.549999999126916883e+00,3.233645034309795108e+01,1.596214750835216689e+00,3.100697890707268911e+01,2.370320035018114613e+00
1.014796960389345031e+03,2.251058961541048120e+00,2.975897306333376591e+01,3.234764710017152112e+01,1.595414751368815276e+00,2.549999999085557967e+00,3.234764710017152112e+01,1.595414751368815276e+00,3.101749566301158367e+01,2.369981070465596140e+00
1.017048019350886079e+03,2.251058961541048120e+00,2.976791798609611917e+01,3.235882020892967148e+01,1.594616109013247574e+00,2.549999999042433352e+00,3.235882020892967148e+01,1.594616109013247574e+00,3.102800894069594051e+01,2.369642282295993496e+00
1.019299078312427127e+03,2.251058961541048120e+00,2.977687804549116990e+01,3.236997054912433214e+01,1.593818818779239921e+00,2.549999998997475092e+00,3.236997054912433214e+01,1.593818818779239921e+00,3.103851880137500174e+01,2.369303670216575064e+00
1.020000000000000000e+03,7.009216875728725427e-01,2.977967106539667697e+01,3.237343795974477700e+01,1.593570838444339000e+00,2.549999998983091487e+00,3.237343795974477700e+01,1.593570838444339000e+00,3.104179061256670735e+01,2.369198271055970917e+00
1.020000029351777698e+03,2.935177769813890336e-05,2.977967118238780841e+01,3.237343810492996710e+01,1.593570828062655931e+00,2.549999998983091043e+00,3.237343810492996710e+01,1.593570828062655931e+00,3.104179074957020035e+01,2.369198266642634998e+00
1.020000058703555396e+03,2.935177769813890336e-05,2.977967129937893631e+01,3.237343825013449816e+01,1.593570817680975082e+00,2.549999998983090599e+00,3.237343825013449816e+01,1.593570817680975082e+00,3.104179088657369689e+01,2.369198262229299523e+00
1.020000352221332378e+03,2.935177769813890336e-04,2.977967246929047462e+01,3.237343970284837980e+01,1.593570713864310484e+00,2.549999998983084382e+00,3.237343970284837980e+01,1.593570713864310484e+00,3.104179225660927699e+01,2.369198218095946551e+00
1.020000645739109359e+03,2.935177769813890336e-04,2.977967363920225807e+01,3.237344115607117345e+01,1.593570610047775338e+00,2.549999998983078164e+00,3.237344115607117345e+01,1.593570610047775338e+00,3.104179362664554276e+01,2.369198173962595799e+00
1.020003307957747552e+03,2.662218638192825892e-03,2.977968425036980094e+01,3.237345435408024485e+01,1.593569668432507580e+00,2.549999998983023097e+00,3.237345435408024485e+01,1.593569668432507580e+00,3.104180605298189377e+01,2.369197773671455121e+00
1.020005970176385745e+03,2.662218638192825892e-03,2.977969486155803125e+01,3.237346756561170480e+01,1.593568726821712911e+00,2.549999998982968030e+00,3.237346756561170480e+01,1.593568726821712911e+00,3.104181847937451622e+01,2.369197373380556471e+00
1.020012032491360173e+03,6.062314974428772985e-03,2.977971902506962820e+01,3.237349768306958708e+01,1.593566582629655892e+00,2.549999998982843241e+00,3.237349768306958708e+01,1.593566582629655892e+00,3.104184677652843050e+01,2.369196461852367541e+00
1.020018094806334602e+03,6.062314974428772985e-03,2.977974318868621495e+01,3.237352784127239147e+01,1.593564438454733390e+00,2.549999998982718008e+00,3.237352784127239147e+01,1.593564438454733390e+00,3.104187507396745360e+01,2.369195550325407407e+00
1.020024157121309031e+03,6.062314974428772985e-03,2.977976735241112038e+01,3.237355803278003918e+01,1.593562294295804760e+00,2.549999998982592331e+00,3.237355803278003918e+01,1.593562294295804760e+00,3.104190337170039982e+01,2.369194638799715147e+00
1.020035231536237234e+03,1.107441492820271378e-02,2.977981149410032913e+01,3.237361325822458014e+01,1.593558377463760722e+00,2.549999998982363625e+00,3.237361325822458014e+01,1.593558377463760722e+00,3.104195506572609276e+01,2.369192973661267132e+00
1.020046305951165436e+03,1.107441492820271378e-02,2.977985563615645859e+01,3.237366856160400630e+01,1.593554460679249551e+00,2.549999998982134919e+00,3.237366856160400630e+01,1.593554460679249551e+00,3.104200676074561116e+01,2.369191308527113904e+00
1.020057380366093639e+03,1.107441492820271378e-02,2.977989977857922810e+01,3.237372393272132598e+01,1.593550543940315256e+00,2.549999998981905769e+00,3.237372393272132598e+01,1.593550543940315256e+00,3.104205845675721065e+01,2.369189643397251466e+00
1.020068454781021842e+03,1.107441492820271378e-02,2.977994392136797330e+01,3.237377936496213238e+01,1.593546627245644443e+00,2.549999998981676619e+00,3.237377936496213238e+01,1.593546627245644443e+00,3.104211015375826221e+01,2.369187978271672712e+00
1.020086656439086823e+03,1.820165806498152961e-02,2.978001647425275422e+01,3.237387059202757911e+01,1.593540189948510655e+00,2.549999998981300475e+00,3.237387059202757911e+01,1.593540189948510655e+00,3.104219512392798208e+01,2.369185241518212859e+00
1.020104858097151805e+03,1.820165806498152961e-02,2.978008902812589653e+01,3.237396195246220287e+01,1.593533752764899392e+00,2.549999998980923888e+00,3.237396195246220287e+01,1.593533752764899392e+00,3.104228009676482358e+01,2.369182504776319309e+00
1.020123059755216786e+03,1.820165806498152961e-02,2.978016158298762406e+01,3.237405343356573439e+01,1.593527315692423896e+00,2.549999998980546856e+00,3.237405343356573439e+01,1.593527315692423896e+00,3.104236507226667641e+01,2.369179768045997836e+00
1.020141261413281768e+03,1.820165806498152961e-02,2.978023413883805404e+01,3.237414502611029121e+01,1.593520878729345114e+00,2.549999998980170268e+00,3.237414502611029121e+01,1.593520878729345114e+00,3.104245005043139116e+01,2.369177031327246663e+00
1.020171859097419770e+03,3.059768413800156850e-02,2.978035611022868423e+01,3.237429922847282882e+01,1.593510058190791723e+00,2.549999998979536553e+00,3.237429922847282882e+01,1.593510058190791723e+00,3.104259290797444493e+01,2.369172430824314279e+00
1.020202456781557771e+03,3.059768413800156850e-02,2.978047808441317201e+01,3.237445369633103098e+01,1.593499237952001657e+00,2.549999998978901949e+00,3.237445369633103098e+01,1.593499237952001657e+00,3.104273577302587483e+01,2.369167830354080184e+00
1.020233054465695773e+03,3.059768413800156850e-02,2.978060006139144988e+01,3.237460840770062021e+01,1.593488418008798702e+00,2.549999998978267790e+00,3.237460840770062021e+01,1.593488418008798702e+00,3.104287864557640830e+01,2.369163229916542601e+00
1.020263652149833774e+03,3.059768413800156850e-02,2.978072204116347521e+01,3.237476334572508563e+01,1.593477598357979863e+00,2.549999998977632742e+00,3.237476334572508563e+01,1.593477598357979863e+00,3.104302152561758632e+01,2.369158629511700198e+00
1.020307903972129452e+03,4.425182229567781178e-02,2.978089845903820176e+01,3.237498779844176511e+01,1.593461950977790309e+00,2.549999998976713922e+00,3.237498779844176511e+01,1.593461950977790309e+00,3.104322817874591323e+01,2.369151976245817526e+00
1.020352155794425130e+03,4.425182229567781178e-02,2.978107488275631454e+01,3.237521266185692781e+01,1.593446304197108310e+00,2.549999998975794657e+00,3.237521266185692781e+01,1.593446304197108310e+00,3.104343484750343407e+01,2.369145323048317486e+00
1.020396407616720808e+03,4.425182229567781178e-02,2.978125131231774603e+01,3.237543790788467390e+01,1.593430658010583256e+00,2.549999998974874060e+00,3.237543790788467390e+01,1.593430658010583256e+00,3.104364153186952890e+01,2.369138669919196971e+00
1.020440659439016486e+03,4.425182229567781178e-02,2.978142774772242163e+01,3.237566351374544382e+01,1.593415012413868848e+00,2.549999998973953463e+00,3.237566351374544382e+01,1.593415012413868848e+00,3.104384823182498110e+01,2.369132016858455536e+00
1.020505062581414222e+03,6.440314239773670124e-02,2.978168453842397767e+01,3.237599245902951850e+01,1.593392243198036962e+00,2.549999998972611426e+00,3.237599245902951850e+01,1.593392243198036962e+00,3.104414908627414249e+01,2.369122334260318041e+00
1.020569465723811959e+03,6.440314239773670124e-02,2.978194134150187367e+01,3.237632207643519422e+01,1.593369475214267528e+00,2.549999998971268056e+00,3.237632207643519422e+01,1.593369475214267528e+00,3.104444997365272130e+01,2.369112651806999370e+00
1.020633868866209696e+03,6.440314239773670124e-02,2.978219815695588224e+01,3.237665232501686319e+01,1.593346708454699501e+00,2.549999998969923354e+00,3.237665232501686319e+01,1.593346708454699501e+00,3.104475089391168652e+01,2.369102969498493305e+00
1.020698272008607432e+03,6.440314239773670124e-02,2.978245498478577957e+01,3.237698316979383861e+01,1.593323942912599156e+00,2.549999998968576875e+00,3.237698316979383861e+01,1.593323942912599156e+00,3.104505184700471077e+01,2.369093287334791853e+00
1.020762675151005169e+03,6.440314239773670124e-02,2.978271182499133829e+01,3.237731458075098345e+01,1.593301178582172239e+00,2.549999998967228176e+00,3.237731458075098345e+01,1.593301178582172239e+00,3.104535283288791803e+01,2.369083605315887908e+00
1.020863900838075097e+03,1.012256870699275169e-01,2.978311553878748441e+01,3.237783655878897804e+01,1.593265401165791184e+00,2.549999998965106318e+00,3.237783655878897804e+01,1.593265401165791184e+00,3.104582597384559151e+01,2.369068387888085603e+00
1.020965126525145024e+03,1.012256870699275169e-01,2.978351928315504438e+01,3.237835978670769776e+01,1.593229626713836833e+00,2.549999998962980019e+00,3.237835978670769776e+01,1.593229626713836833e+00,3.104629919555214812e+01,2.369053170817942089e+00
1.021066352212214952e+03,1.012256870699275169e-01,2.978392305809315488e+01,3.237888419305901522e+01,1.593193855212339027e+00,2.549999998960850167e+00,3.237888419305901522e+01,1.593193855212339027e+00,3.104677249786376692e+01,2.369037954105429389e+00
1.021167577899284879e+03,1.012256870699275169e-01,2.978432686360095616e+01,3.237940971630426645e+01,1.593158086649202110e+00,2.549999998958715874e+00,3.237940971630426645e+01,1.593158086649202110e+00,3.104724588064435764e+01,2.369022737750519081e+00
1.021268803586354807e+03,1.012256870699275169e-01,2.978473069967759201e+01,3.237993630297909675e+01,1.593122321013857201e+00,2.549999998956578029e+00,3.237993630297909675e+01,1.593122321013857201e+00,3.104771934376451270e+01,2.369007521753181855e+00
1.021406925990852528e+03,1.381224044977216181e-01,2.978528178313406372e+01,3.238065646189690483e+01,1.593073523526873592e+00,2.549999998953654146e+00,3.238065646189690483e+01,1.593073523526873592e+00,3.104836551335856853e+01,2.368986760108434897e+00
1.021545048395350250e+03,1.381224044977216181e-01,2.978583292350165124e+01,3.238137841165756470e+01,1.593024731453246190e+00,2.549999998950723157e+00,3.238137841165756470e+01,1.593024731453246190e+00,3.104901183200622228e+01,2.368965999129314159e+00
1.021683170799847971e+03,1.381224044977216181e-01,2.978638412077819808e+01,3.238210206381992862e+01,1.592975944775086861e+00,2.549999998947784619e+00,3.238210206381992862e+01,1.592975944775086861e+00,3.104965829942495148e+01,2.368945238815748588e+00
1.021821293204345693e+03,1.381224044977216181e-01,2.978693537496157973e+01,3.238282734069186120e+01,1.592927163476540509e+00,2.549999998944838531e+00,3.238282734069186120e+01,1.592927163476540509e+00,3.105030491534547821e+01,2.368924479167666242e+00
1.021959415608843415e+03,1.381224044977216181e-01,2.978748668604966809e+01,3.238355417350991416e+01,1.592878387543440910e+00,2.549999998941884893e+00,3.238355417350991416e+01,1.592878387543440910e+00,3.105095167951026625e+01,2.368903720184996065e+00
1.022145895532698773e+03,1.864799238553587202e-01,2.978823110487701697e+01,3.238453783578970047e+01,1.592812543340081488e+00,2.549999998937885870e+00,3.238453783578970047e+01,1.592812543340081488e+00,3.105182511460725792e+01,2.368875694407922339e+00
1.022332375456554132e+03,1.864799238553587202e-01,2.978897562742050553e+01,3.238552409055355241e+01,1.592746708865732108e+00,2.549999998933872636e+00,3.238552409055355241e+01,1.592746708865732108e+00,3.105269881889170591e+01,2.368847669843449744e+00
1.022518855380409491e+03,1.864799238553587202e-01,2.978972025367499299e+01,3.238651282152425637e+01,1.592680884095548421e+00,2.549999998929845635e+00,3.238651282152425637e+01,1.592680884095548421e+00,3.105357279180996954e+01,2.368819646491403752e+00
1.022705335304264850e+03,1.864799238553587202e-01,2.979046498363536699e+01,3.238750392530364763e+01,1.592615069007123463e+00,2.549999998925805311e+00,3.238750392530364763e+01,1.592615069007123463e+00,3.105444703283215802e+01,2.368791624351610725e+00
1.022891815228120208e+03,1.864799238553587202e-01,2.979120981729654716e+01,3.238849730931545423e+01,1.592549263580098406e+00,2.549999998921750777e+00,3.238849730931545423e+01,1.592549263580098406e+00,3.105532154144958312e+01,2.368763603423898356e+00
1.023134343471292368e+03,2.425282431721598186e-01,2.979217867294589439e+01,3.238979253922712331e+01,1.592463694127529861e+00,2.549999998916457233e+00,3.238979253922712331e+01,1.592463694127529861e+00,3.105645929149165951e+01,2.368727162352160409e+00
1.023376871714464528e+03,2.425282431721598186e-01,2.979314770398088186e+01,3.239109132205636143e+01,1.592378140948215393e+00,2.549999998911140153e+00,3.239109132205636143e+01,1.592378140948215393e+00,3.105759749229959610e+01,2.368690723329931025e+00
1.023619399957636688e+03,2.425282431721598186e-01,2.979411691039049614e+01,3.239239351234171238e+01,1.592292604008390455e+00,2.549999998905799536e+00,3.239239351234171238e+01,1.592292604008390455e+00,3.105873614288440621e+01,2.368654286356830507e+00
1.023861928200808848e+03,2.425282431721598186e-01,2.979508629216378424e+01,3.239369897931730691e+01,1.592207083277075164e+00,2.549999998900434939e+00,3.239369897931730691e+01,1.592207083277075164e+00,3.105987524229601959e+01,2.368617851432481825e+00
1.024104456443981007e+03,2.425282431721598186e-01,2.979605584928982509e+01,3.239500760473212182e+01,1.592121578725662623e+00,2.549999998895046804e+00,3.239500760473212182e+01,1.592121578725662623e+00,3.106101478961951301e+01,2.368581418556507057e+00
1.024411434441061147e+03,3.069779970801391755e-01,2.979728330914513990e+01,3.239666834788909711e+01,1.592013375248893636e+00,2.549999998888192732e+00,3.239666834788909711e+01,1.592013375248893636e+00,3.106245780254642952e+01,2.368535306899839821e+00
1.024718412438141286e+03,3.069779970801391755e-01,2.979851104989379706e+01,3.239833378297425526e+01,1.591905197601700017e+00,2.549999998881300023e+00,3.239833378297425526e+01,1.591905197601700017e+00,3.106390152993751386e+01,2.368489198523509032e+00
1.025025390435221425e+03,3.069779970801391755e-01,2.979973907151383372e+01,3.240000373313225879e+01,1.591797045738016836e+00,2.549999998874368234e+00,3.240000373313225879e+01,1.591797045738016836e+00,3.106534597013666499e+01,2.368443093426755741e+00
1.025332368432301564e+03,3.069779970801391755e-01,2.980096737398328344e+01,3.240167803790912160e+01,1.591688919614896891e+00,2.549999998867397810e+00,3.240167803790912160e+01,1.591688919614896891e+00,3.106679112154801459e+01,2.368396991608820112e+00
1.025639346429381703e+03,3.069779970801391755e-01,2.980219595728018689e+01,3.240335655099240597e+01,1.591580819192083052e+00,2.549999998860388750e+00,3.240335655099240597e+01,1.591580819192083052e+00,3.106823698263058020e+01,2.368350893068943641e+00
1.026019248266587510e+03,3.799018372058071691e-01,2.980371678419549042e+01,3.240543942869369687e+01,1.591447074612082568e+00,2.549999998851660177e+00,3.240543942869369687e+01,1.591447074612082568e+00,3.107002729409451192e+01,2.368293848175674121e+00
1.026399150103793318e+03,3.799018372058071691e-01,2.980523804113366992e+01,3.240752831567282044e+01,1.591313369267639111e+00,2.549999998842871207e+00,3.240752831567282044e+01,1.591313369267639111e+00,3.107181868744072517e+01,2.368236808300292040e+00
1.026779051940999125e+03,3.799018372058071691e-01,2.980675972805266483e+01,3.240962300194433965e+01,1.591179703095283227e+00,2.549999998834020953e+00,3.240962300194433965e+01,1.591179703095283227e+00,3.107361116004026158e+01,2.368179773441367875e+00
1.027158953778204932e+03,3.799018372058071691e-01,2.980828184491013033e+01,3.241172329551340425e+01,1.591046076034983381e+00,2.549999998825109859e+00,3.241172329551340425e+01,1.591046076034983381e+00,3.107540470935313692e+01,2.368122743597473878e+00
1.027538855615410739e+03,3.799018372058071691e-01,2.980980439166334861e+01,3.241382902006898803e+01,1.590912488029710303e+00,2.549999998816137481e+00,3.241382902006898803e+01,1.590912488029710303e+00,3.107719933292102965e+01,2.368065718767185857e+00
1.028011482960795092e+03,4.726273453843532479e-01,2.981169915791959468e+01,3.241645604188425978e+01,1.590746348627130047e+00,2.549999998804888257e+00,3.241645604188425978e+01,1.590746348627130047e+00,3.107943347977177595e+01,2.367994782452613745e+00
1.028484110306179446e+03,4.726273453843532479e-01,2.981359458938691631e+01,3.241909093188125013e+01,1.590580269487427589e+00,2.549999998793542222e+00,3.241909093188125013e+01,1.590580269487427589e+00,3.108166928115664618e+01,2.367923853892804242e+00
1.028956737651563799e+03,4.726273453843532479e-01,2.981549068597966823e+01,3.242173342776726486e+01,1.590414250515620243e+00,2.549999998782099375e+00,3.242173342776726486e+01,1.590414250515620243e+00,3.108390673278835692e+01,2.367852933085025757e+00
1.029429364996948152e+03,4.726273453843532479e-01,2.981738744761055671e+01,3.242438328883103082e+01,1.590248291620890653e+00,2.549999998770558385e+00,3.242438328883103082e+01,1.590248291620890653e+00,3.108614583051895863e+01,2.367782020026548917e+00
1.029901992342332505e+03,4.726273453843532479e-01,2.981928487419042639e+01,3.242704029327216375e+01,1.590082392716079207e+00,2.549999998758918363e+00,3.242704029327216375e+01,1.590082392716079207e+00,3.108838657032890396e+01,2.367711114714650567e+00
1.030374619687716859e+03,4.726273453843532479e-01,2.982118296562806137e+01,3.242970423583727779e+01,1.589916553717237946e+00,2.549999998747178864e+00,3.242970423583727779e+01,1.589916553717237946e+00,3.109062894831703616e+01,2.367640217146611992e+00
1.031066161566833216e+03,6.915418791163574497e-01,2.982396142501754355e+01,3.243361418968603971e+01,1.589674008143765693e+00,2.549999998729820305e+00,3.243361418968603971e+01,1.589674008143765693e+00,3.109391290939192842e+01,2.367536494742174646e+00
1.031757703445949574e+03,6.915418791163574497e-01,2.982674130730718076e+01,3.243753804325983481e+01,1.589431590406140460e+00,2.549999998712245031e+00,3.243753804325983481e+01,1.589431590406140460e+00,3.109720035807951177e+01,2.367432788902366525e+00
1.032449245325065931e+03,6.915418791163574497e-01,2.982952261218159151e+01,3.244147529834476984e+01,1.589189300269692406e+00,2.549999998694450820e+00,3.244147529834476984e+01,1.589189300269692406e+00,3.110049128331274559e+01,2.367329099618707744e+00
1.033140787204182288e+03,6.915418791163574497e-01,2.983230533931131134e+01,3.244542550042051232e+01,1.588947137508375018e+00,2.549999998676433677e+00,3.244542550042051232e+01,1.588947137508375018e+00,3.110378567441078701e+01,2.367225426882734851e+00
1.033832329083298646e+03,6.915418791163574497e-01,2.983508948835149255e+01,3.244938823283142426e+01,1.588705101903657102e+00,2.549999998658191824e+00,3.244938823283142426e+01,1.588705101903657102e+00,3.110708352104636631e+01,2.367121770685998605e+00
1.034523870962415003e+03,6.915418791163574497e-01,2.983787505894062519e+01,3.245336311175147870e+01,1.588463193243567773e+00,2.549999998639723930e+00,3.245336311175147870e+01,1.588463193243567773e+00,3.111038481321656946e+01,2.367018131020065308e+00
1.035374225150649181e+03,8.503541882341778546e-01,2.984130228283396846e+01,3.245826694925330713e+01,1.588165904076277446e+00,2.549999998616699681e+00,3.245826694925330713e+01,1.588165904076277446e+00,3.111444895477423600e+01,2.366890713196048157e+00
1.036224579338883359e+03,8.503541882341778546e-01,2.984473165484304147e+01,3.246318800942307092e+01,1.587868806169883129e+00,2.549999998593323269e+00,3.246318800942307092e+01,1.587868806169883129e+00,3.111851827398520243e+01,2.366763320338874266e+00
1.037074933527117537e+03,8.503541882341778546e-01,2.984816317417516629e+01,3.246812573462754870e+01,1.587571899161907663e+00,2.549999998569590698e+00,3.246812573462754870e+01,1.587571899161907663e+00,3.112259275395734548e+01,2.366635952432944556e+00
1.037925287715351715e+03,8.503541882341778546e-01,2.985159683998725200e+01,3.247307961153166644e+01,1.587275182699014797e+00,2.549999998545497082e+00,3.247307961153166644e+01,1.587275182699014797e+00,3.112667237833258582e+01,2.366508609462691037e+00
1.038775641903585893e+03,8.503541882341778546e-01,2.985503265138260787e+01,3.247804916564216171e+01,1.586978656435970469e+00,2.549999998521037092e+00,3.247804916564216171e+01,1.586978656435970469e+00,3.113075713124546340e+01,2.366381291412571031e+00
1.039625996091820070e+03,8.503541882341778546e-01,2.985847060740792358e+01,3.248303395665771376e+01,1.586682320034752403e+00,2.549999998496206288e+00,3.248303395665771376e+01,1.586682320034752403e+00,3.113484699728615723e+01,2.366253998267072944e+00
1.040670183628180439e+03,1.044187536360368540e+00,2.986269515787688178e+01,3.248917524373463550e+01,1.586318694678376939e+00,2.549999998465200424e+00,3.248917524373463550e+01,1.586318694678376939e+00,3.113987609697833392e+01,2.366097723425059751e+00
1.041714371164540808e+03,1.044187536360368540e+00,2.986692293858399339e+01,3.249533818590504808e+01,1.585955354503206349e+00,2.549999998433617687e+00,3.249533818590504808e+01,1.585955354503206349e+00,3.114491285697380007e+01,2.365941486083442680e+00
1.042758558700901176e+03,1.044187536360368540e+00,2.987115394737531204e+01,3.250152213385705124e+01,1.585592298919256127e+00,2.549999998401450085e+00,3.250152213385705124e+01,1.585592298919256127e+00,3.114995725115954173e+01,2.365785286213662797e+00
1.043802746237261545e+03,1.044187536360368540e+00,2.987538818194055423e+01,3.250772648627206962e+01,1.585229527347230327e+00,2.549999998368686516e+00,3.250772648627206962e+01,1.585229527347230327e+00,3.115500925418810496e+01,2.365629123787222454e+00
1.044846933773621913e+03,1.044187536360368540e+00,2.987962563980646280e+01,3.251395068436396940e+01,1.584867039217467966e+00,2.549999998335317208e+00,3.251395068436396940e+01,1.584867039217467966e+00,3.116006884142224465e+01,2.365472998775679514e+00
1.045891121309982282e+03,1.044187536360368540e+00,2.988386631833054352e+01,3.252019420718497855e+01,1.584504833969035298e+00,2.549999998301333726e+00,3.252019420718497855e+01,1.584504833969035298e+00,3.116513598888533210e+01,2.365316911150650458e+00
1.047165632488344954e+03,1.274511178362672581e+00,2.988904675304389258e+01,3.252784038960479052e+01,1.584063117167205048e+00,2.549999998259005363e+00,3.252784038960479052e+01,1.584063117167205048e+00,3.117133104361728257e+01,2.365126444827036600e+00
1.048440143666707627e+03,1.274511178362672581e+00,2.989423197622198458e+01,3.253551381376375673e+01,1.583621819989946333e+00,2.549999998215727093e+00,3.253551381376375673e+01,1.583621819989946333e+00,3.117753728555063475e+01,2.364936034108544582e+00
1.049714654845070299e+03,1.274511178362672581e+00,2.989942198196214918e+01,3.254321371489153591e+01,1.583180941461029834e+00,2.549999998171480264e+00,3.254321371489153591e+01,1.583180941461029834e+00,3.118375467455020456e+01,2.364745678943890539e+00
1.050989166023432972e+03,1.274511178362672581e+00,2.990461676393615775e+01,3.255093938164551304e+01,1.582740480617639944e+00,2.549999998126245337e+00,3.255093938164551304e+01,1.582740480617639944e+00,3.118998317158359868e+01,2.364555379281910064e+00
1.052263677201795645e+03,1.274511178362672581e+00,2.990981631537989571e+01,3.255869015039959891e+01,1.582300436509248787e+00,2.549999998080002772e+00,3.255869015039959891e+01,1.582300436509248787e+00,3.119622273864586148e+01,2.364365135071557766e+00
1.053538188380158317e+03,1.274511178362672581e+00,2.991502062908448778e+01,3.256646540027411163e+01,1.581860808196634327e+00,2.549999998032733028e+00,3.256646540027411163e+01,1.581860808196634327e+00,3.120247333869129136e+01,2.364174946261901944e+00
1.055074248591037758e+03,1.536060210879441001e+00,2.992129926448919264e+01,3.257586795768743571e+01,1.581331512708139098e+00,2.549999997974369048e+00,3.257586795768743571e+01,1.581331512708139098e+00,3.121002126695492862e+01,2.363945801371388988e+00
1.056610308801917199e+03,1.536060210879441001e+00,2.992758479183802578e+01,3.258530427817505881e+01,1.580802818225379047e+00,2.549999997914447647e+00,3.258530427817505881e+01,1.580802818225379047e+00,3.121758510698738576e+01,2.363716736790251183e+00
1.058146369012796640e+03,1.536060210879441001e+00,2.993387719586240436e+01,3.259477347441116990e+01,1.580274723160037142e+00,2.549999997852932410e+00,3.259477347441116990e+01,1.580274723160037142e+00,3.122516479878213858e+01,2.363487752429982436e+00
1.059682429223676081e+03,1.536060210879441001e+00,2.994017646031789681e+01,3.260427471786913856e+01,1.579747225941360300e+00,2.549999997789785144e+00,3.260427471786913856e+01,1.579747225941360300e+00,3.123276028387764924e+01,2.363258848202306250e+00
1.061218489434555522e+03,1.536060210879441001e+00,2.994648256798864949e+01,3.261380723286273309e+01,1.579220325014947246e+00,2.549999997724968104e+00,3.261380723286273309e+01,1.579220325014947246e+00,3.124037150525701279e+01,2.363030024019178388e+00
1.062754549645434963e+03,1.536060210879441001e+00,2.995279550069894015e+01,3.262337029132281430e+01,1.578694018841677371e+00,2.549999997658442208e+00,3.262337029132281430e+01,1.578694018841677371e+00,3.124799840725691169e+01,2.362801279792781539e+00
1.064582463775185488e+03,1.827914129750524808e+00,2.996031676765178275e+01,3.263478919972091319e+01,1.578068486529095038e+00,2.549999997576994915e+00,3.263478919972091319e+01,1.578068486529095038e+00,3.125709479033663030e+01,2.362529177860723362e+00
1.066410377904936013e+03,1.827914129750524808e+00,2.996784763856348732e+01,3.264624931035540101e+01,1.577443791745526402e+00,2.549999997493002990e+00,3.264624931035540101e+01,1.577443791745526402e+00,3.126621321237763595e+01,2.362257188884481884e+00
1.068238292034686538e+03,1.827914129750524808e+00,2.997538807780138370e+01,3.265774961125788423e+01,1.576819931971770616e+00,2.549999997406396268e+00,3.265774961125788423e+01,1.576819931971770616e+00,3.127535358616127681e+01,2.361985312717306940e+00
1.070066206164437062e+03,1.827914129750524808e+00,2.998293804810644758e+01,3.266928915408986711e+01,1.576196904712595215e+00,2.549999997317103251e+00,3.266928915408986711e+01,1.576196904712595215e+00,3.128451582656938967e+01,2.361713549212892449e+00
1.071894120294187587e+03,1.827914129750524808e+00,2.999049751073199488e+01,3.268086704801310560e+01,1.575574707495417837e+00,2.549999997225050663e+00,3.268086704801310560e+01,1.575574707495417837e+00,3.129369985045462954e+01,2.361441898225365765e+00
1.073722034423938112e+03,1.827914129750524808e+00,2.999806642560537995e+01,3.269248245428472899e+01,1.574953337869131831e+00,2.549999997130163454e+00,3.269248245428472899e+01,1.574953337869131831e+00,3.130290557652242001e+01,2.361170359609285896e+00
1.075874432594721611e+03,2.152398170783499154e+00,3.000699100616641246e+01,3.270620680136811131e+01,1.574222722876876368e+00,2.549999997014693154e+00,3.270620680136811131e+01,1.574222722876876368e+00,3.131377318137421994e+01,2.360850762405511727e+00
1.078026830765505110e+03,2.152398170783499154e+00,3.001592856657650188e+01,3.271998085008389268e+01,1.573493248072534767e+00,2.549999996895056853e+00,3.271998085008389268e+01,1.573493248072534767e+00,3.132467064007268931e+01,2.360531320572641256e+00
1.080000000000000000e+03,1.973169234494889679e+00,3.002413324520607318e+01,3.273265063230297045e+01,1.572825514604594632e+00,2.549999996781609379e+00,3.273265063230297045e+01,1.572825514604594632e+00,3.133468679627952369e+01,2.360238614776466903e+00
1.080000028742021868e+03,2.874202186831098516e-05,3.002413336479766315e+01,3.273265081712767000e+01,1.572825504885042802e+00,2.549999996781607603e+00,3.273265081712767000e+01,1.572825504885042802e+00,3.133468694236061580e+01,2.360238610513738955e+00
1.080000057484043737e+03,2.874202186831098516e-05,3.002413348438925667e+01,3.273265100193734156e+01,1.572825495165487419e+00,2.549999996781605827e+00,3.273265100193734156e+01,1.572825495165487419e+00,3.133468708844173278e+01,2.360238606251010118e+00
1.080000344904262420e+03,2.874202186831098516e-04,3.002413468030538013e+01,3.273265284951452969e+01,1.572825397969742856e+00,2.549999996781588951e+00,3.273265284951452969e+01,1.572825397969742856e+00,3.133468854925269298e+01,2.360238563623729302e+00
1.080000632324481103e+03,2.874202186831098516e-04,3.002413587622172741e+01,3.273265469669660632e+01,1.572825300773836199e+00,2.549999996781572076e+00,3.273265469669660632e+01,1.572825300773836199e+00,3.133469001006361410e+01,2.360238520996451150e+00
1.080003506526667934e+03,2.874202186831098516e-03,3.002414783540489296e+01,3.273267315280538270e+01,1.572824328809548700e+00,2.549999996781404654e+00,3.273267315280538270e+01,1.572824328809548700e+00,3.133470461816816410e+01,2.360238094723901892e+00
1.080006380728854765e+03,2.874202186831098516e-03,3.002415979461045481e+01,3.273269159668444672e+01,1.572823356842006026e+00,2.549999996781236788e+00,3.273269159668444672e+01,1.572823356842006026e+00,3.133471922626748807e+01,2.360237668451619086e+00
1.080013086148058619e+03,6.705419203854035004e-03,3.002418769512268781e+01,3.273273459519413819e+01,1.572821089267778749e+00,2.549999996780844658e+00,3.273273459519413819e+01,1.572821089267778749e+00,3.133475330646472656e+01,2.360236673973337140e+00
1.080019791567262473e+03,6.705419203854035004e-03,3.002421559575437016e+01,3.273277755554921242e+01,1.572818821687988367e+00,2.549999996780452527e+00,3.273277755554921242e+01,1.572818821687988367e+00,3.133478738663454521e+01,2.360235679496476280e+00
1.080026496986466327e+03,6.705419203854035004e-03,3.002424349650919311e+01,3.273282048495583041e+01,1.572816554106001075e+00,2.549999996780060840e+00,3.273282048495583041e+01,1.572816554106001075e+00,3.133482146677635427e+01,2.360234685021080914e+00
1.080038775103421131e+03,1.227811695480340859e-02,3.002429458516983729e+01,3.273289902430639842e+01,1.572812401995966836e+00,2.549999996779342748e+00,3.273289902430639842e+01,1.572812401995966836e+00,3.133488386995630037e+01,2.360232864067134617e+00
1.080051053220375934e+03,1.227811695480340859e-02,3.002434567424943523e+01,3.273297749154492919e+01,1.572808249892285071e+00,2.549999996778625100e+00,3.273297749154492919e+01,1.572808249892285071e+00,3.133494627304282076e+01,2.360231043118174554e+00
1.080063331337330737e+03,1.227811695480340859e-02,3.002439676374766364e+01,3.273305589625800849e+01,1.572804097798901735e+00,2.549999996777907452e+00,3.273305589625800849e+01,1.572804097798901735e+00,3.133500867603697770e+01,2.360229222174196728e+00
1.080075609454285541e+03,1.227811695480340859e-02,3.002444785366376934e+01,3.273313424466245181e+01,1.572799945718330816e+00,2.549999996777189359e+00,3.273313424466245181e+01,1.572799945718330816e+00,3.133507107893981214e+01,2.360227401235191813e+00
1.080095972871750519e+03,2.036341746497782879e-02,3.002453258787852519e+01,3.273326407476896804e+01,1.572793059471809807e+00,2.549999996775997424e+00,3.273326407476896804e+01,1.572793059471809807e+00,3.133517457477056212e+01,2.360224381195012544e+00
1.080116336289215496e+03,2.036341746497782879e-02,3.002461732324232457e+01,3.273339378059414884e+01,1.572786173273206467e+00,2.549999996774805489e+00,3.273339378059414884e+01,1.572786173273206467e+00,3.133527807035541457e+01,2.360221361168510334e+00
1.080136699706680474e+03,2.036341746497782879e-02,3.002470205975536643e+01,3.273352337436988080e+01,1.572779287127611614e+00,2.549999996773613553e+00,3.273352337436988080e+01,1.572779287127611614e+00,3.133538156569713706e+01,2.360218341155686517e+00
1.080157063124145452e+03,2.036341746497782879e-02,3.002478679741772893e+01,3.273365286494831139e+01,1.572772401038702306e+00,2.549999996772420729e+00,3.273365286494831139e+01,1.572772401038702306e+00,3.133548506079826979e+01,2.360215321156544199e+00
1.080191405833350700e+03,3.434270920524795656e-02,3.002492970927996652e+01,3.273387103443434398e+01,1.572760787851602560e+00,2.549999996770408561e+00,3.273387103443434398e+01,1.572760787851602560e+00,3.133565960375994663e+01,2.360210227987805887e+00
1.080225748542555948e+03,3.434270920524795656e-02,3.002507262441062608e+01,3.273408895812064401e+01,1.572749174845474940e+00,2.549999996768395061e+00,3.273408895812064401e+01,1.572749174845474940e+00,3.133583414605443451e+01,2.360205134857977782e+00
1.080260091251761196e+03,3.434270920524795656e-02,3.002521554280936655e+01,3.273430665720977117e+01,1.572737562029084213e+00,2.549999996766380228e+00,3.273430665720977117e+01,1.572737562029084213e+00,3.133600868769123693e+01,2.360200041767058554e+00
1.080294433960966444e+03,3.434270920524795656e-02,3.002535846447588241e+01,3.273452414792165399e+01,1.572725949409133017e+00,2.549999996764364951e+00,3.273452414792165399e+01,1.572725949409133017e+00,3.133618322867906159e+01,2.360194948715049090e+00
1.080344265388145004e+03,4.983142717856026138e-02,3.002556585027392444e+01,3.273483938344792676e+01,1.572709099804865618e+00,2.549999996761437959e+00,3.273483938344792676e+01,1.572709099804865618e+00,3.133643648730812714e+01,2.360187558742615987e+00
1.080394096815323564e+03,4.983142717856026138e-02,3.002577324295051042e+01,3.273515424164848042e+01,1.572692250639541101e+00,2.549999996758508747e+00,3.273515424164848042e+01,1.572692250639541101e+00,3.133668974461076928e+01,2.360180168852098692e+00
1.080443928242502125e+03,4.983142717856026138e-02,3.002598064250476639e+01,3.273546874971619758e+01,1.572675401924378269e+00,2.549999996755577314e+00,3.273546874971619758e+01,1.572675401924378269e+00,3.133694300060829363e+01,2.360172779043494096e+00
1.080493759669680685e+03,4.983142717856026138e-02,3.002618804893580773e+01,3.273578292967005154e+01,1.572658553668452752e+00,2.549999996752643661e+00,3.273578292967005154e+01,1.572658553668452752e+00,3.133719625532046038e+01,2.360165389316800866e+00
1.080566289724820308e+03,7.253005513962307305e-02,3.002648994300169605e+01,3.273623967303181104e+01,1.572634031728736614e+00,2.549999996748368858e+00,3.273623967303181104e+01,1.572634031728736614e+00,3.133756486739362401e+01,2.360154633654742540e+00
1.080638819779959931e+03,7.253005513962307305e-02,3.002679185163148290e+01,3.273669580821539427e+01,1.572609510797691845e+00,2.549999996744089170e+00,3.273669580821539427e+01,1.572609510797691845e+00,3.133793347683664621e+01,2.360143878166201858e+00
1.080711349835099554e+03,7.253005513962307305e-02,3.002709377482243980e+01,3.273715137470211545e+01,1.572584990891535250e+00,2.549999996739804597e+00,3.273715137470211545e+01,1.572584990891535250e+00,3.133830208369936088e+01,2.360133122851170828e+00
1.080783879890239177e+03,7.253005513962307305e-02,3.002739571257184181e+01,3.273760640620083961e+01,1.572560472024093770e+00,2.549999996735514696e+00,3.273760640620083961e+01,1.572560472024093770e+00,3.133867068802866740e+01,2.360122367709643232e+00
1.080856409945378800e+03,7.253005513962307305e-02,3.002769766487696046e+01,3.273806093161327624e+01,1.572535954207203712e+00,2.549999996731219909e+00,3.273806093161327624e+01,1.572535954207203712e+00,3.133903928986888232e+01,2.360111612741612408e+00
1.080970686809250537e+03,1.142768638717370777e-01,3.002817344424882862e+01,3.273877610528874271e+01,1.572497326594887834e+00,2.549999996724442664e+00,3.273877610528874271e+01,1.572497326594887834e+00,3.133962004640143562e+01,2.360094667787081768e+00
1.081084963673122274e+03,1.142768638717370777e-01,3.002864925973712573e+01,3.273949016664234790e+01,1.572458701649307233e+00,2.549999996717652540e+00,3.273949016664234790e+01,1.572458701649307233e+00,3.134020079701297234e+01,2.360077723263197758e+00
1.081199240536994012e+03,1.142768638717370777e-01,3.002912511133117945e+01,3.274020318479573888e+01,1.572420079398572090e+00,2.549999996710849981e+00,3.274020318479573888e+01,1.572420079398572090e+00,3.134078154184755860e+01,2.360060779169933287e+00
1.081313517400865749e+03,1.142768638717370777e-01,3.002960099902033875e+01,3.274091521923965331e+01,1.572381459866804887e+00,2.549999996704034988e+00,3.274091521923965331e+01,1.572381459866804887e+00,3.134136228104088673e+01,2.360043835507257270e+00
1.081427794264737486e+03,1.142768638717370777e-01,3.003007692279394192e+01,3.274162632161979047e+01,1.572342843074880259e+00,2.549999996697207116e+00,3.274162632161979047e+01,1.572342843074880259e+00,3.134194301472129496e+01,2.360026892275140842e+00
1.081583878015690061e+03,1.560837509525754285e-01,3.003072701613268336e+01,3.274259614788230977e+01,1.572290103229493141e+00,2.549999996687860815e+00,3.274259614788230977e+01,1.572290103229493141e+00,3.134273619450728177e+01,2.360003751250415949e+00
1.081739961766642637e+03,1.560837509525754285e-01,3.003137717674045959e+01,3.274356441826773079e+01,1.572237368568807803e+00,2.549999996678490533e+00,3.274356441826773079e+01,1.572237368568807803e+00,3.134352936452912530e+01,2.359980611028772213e+00
1.081896045517595212e+03,1.560837509525754285e-01,3.003202740459011366e+01,3.274453121824083723e+01,1.572184639126915862e+00,2.549999996669096269e+00,3.274453121824083723e+01,1.572184639126915862e+00,3.134432252506333327e+01,2.359957471610130586e+00
1.082052129268547787e+03,1.560837509525754285e-01,3.003267769965450285e+01,3.274549662282346674e+01,1.572131914933585284e+00,2.549999996659678470e+00,3.274549662282346674e+01,1.572131914933585284e+00,3.134511567637200002e+01,2.359934332994412021e+00
1.082208213019500363e+03,1.560837509525754285e-01,3.003332806190649862e+01,3.274646069836600049e+01,1.572079196014994684e+00,2.549999996650236689e+00,3.274646069836600049e+01,1.572079196014994684e+00,3.134590881870440882e+01,2.359911195181539689e+00
1.082419170008739911e+03,2.109569892395484203e-01,3.003420717404601703e+01,3.274776169900224687e+01,1.572007951509619916e+00,2.549999996637437150e+00,3.274776169900224687e+01,1.572007951509619916e+00,3.134698078652101927e+01,2.359879924250412930e+00
1.082630126997979460e+03,2.109569892395484203e-01,3.003508640880210834e+01,3.274906050731745921e+01,1.571936716731666239e+00,2.549999996624593646e+00,3.274906050731745921e+01,1.571936716731666239e+00,3.134805273893154620e+01,2.359848654785519972e+00
1.082841083987219008e+03,2.109569892395484203e-01,3.003596576610786428e+01,3.275035723556779743e+01,1.571865491724421915e+00,2.549999996611705733e+00,3.275035723556779743e+01,1.571865491724421915e+00,3.134912467646380918e+01,2.359817386786662752e+00
1.083052040976458557e+03,2.109569892395484203e-01,3.003684524589642635e+01,3.275165198348537388e+01,1.571794276525990020e+00,2.549999996598774299e+00,3.275165198348537388e+01,1.571794276525990020e+00,3.135019659961973559e+01,2.359786120253644093e+00
1.083262997965698105e+03,2.109569892395484203e-01,3.003772484810097509e+01,3.275294484028348307e+01,1.571723071170120445e+00,2.549999996585798012e+00,3.275294484028348307e+01,1.571723071170120445e+00,3.135126850887809269e+01,2.359754855186263711e+00
1.083537576498815270e+03,2.745785331171646249e-01,3.003886990872247509e+01,3.275462490266954774e+01,1.571630406111826028e+00,2.549999996568841798e+00,3.275462490266954774e+01,1.571630406111826028e+00,3.135266367023420031e+01,2.359714163226625416e+00
1.083812155031932434e+03,2.745785331171646249e-01,3.004001517647177621e+01,3.275630205435209064e+01,1.571537757836979354e+00,2.549999996551809645e+00,3.275630205435209064e+01,1.571537757836979354e+00,3.135405880978200699e+01,2.359673473749182904e+00
1.084086733565049599e+03,2.745785331171646249e-01,3.004116065120202350e+01,3.275797643538809467e+01,1.571445126396543879e+00,2.549999996534701552e+00,3.275797643538809467e+01,1.571445126396543879e+00,3.135545392843528489e+01,2.359632786753489864e+00
1.084361312098166763e+03,2.745785331171646249e-01,3.004230633276657869e+01,3.275964817154253694e+01,1.571352511835567789e+00,2.549999996517517076e+00,3.275964817154253694e+01,1.571352511835567789e+00,3.135684902706546495e+01,2.359592102239106648e+00
1.084635890631283928e+03,2.745785331171646249e-01,3.004345222101904156e+01,3.276131737641490815e+01,1.571259914194063967e+00,2.549999996500255772e+00,3.276131737641490815e+01,1.571259914194063967e+00,3.135824410650567984e+01,2.359551420205584282e+00
1.084983652865539852e+03,3.477622342559243407e-01,3.004490382048965813e+01,3.276342800337378947e+01,1.571142660747375297e+00,2.549999996478284015e+00,3.276342800337378947e+01,1.571142660747375297e+00,3.136001099161675754e+01,2.359499898707607013e+00
1.085331415099795777e+03,3.477622342559243407e-01,3.004635575097782052e+01,3.276553492351403918e+01,1.571025434562119294e+00,2.549999996456187912e+00,3.276553492351403918e+01,1.571025434562119294e+00,3.136177784877268948e+01,2.359448381187558397e+00
1.085679177334051701e+03,3.477622342559243407e-01,3.004780801218800335e+01,3.276763830637226249e+01,1.570908235694238986e+00,2.549999996433967464e+00,3.276763830637226249e+01,1.570908235694238986e+00,3.136354467944940794e+01,2.359396867644525830e+00
1.086026939568307625e+03,3.477622342559243407e-01,3.004926060382551967e+01,3.276973830554090483e+01,1.570791064193079345e+00,2.549999996411621339e+00,3.276973830554090483e+01,1.570791064193079345e+00,3.136531148505750366e+01,2.359345358077596266e+00
1.086374701802563550e+03,3.477622342559243407e-01,3.005071352559658493e+01,3.277183506087205700e+01,1.570673920102303001e+00,2.549999996389149537e+00,3.277183506087205700e+01,1.570673920102303001e+00,3.136707826694804169e+01,2.359293852485856213e+00
1.086805288098824121e+03,4.305862962605715438e-01,3.005251293642610833e+01,3.277442688135135995e+01,1.570528914672769893e+00,2.549999996361150600e+00,3.277442688135135995e+01,1.570528914672769893e+00,3.136926579980826446e+01,2.359230085679724809e+00
1.087235874395084693e+03,4.305862962605715438e-01,3.005431285236353389e+01,3.277701414505636990e+01,1.570383951388127697e+00,2.549999996332956265e+00,3.277701414505636990e+01,1.570383951388127697e+00,3.137145330064826965e+01,2.359166324964602879e+00
1.087666460691345264e+03,4.305862962605715438e-01,3.005611327285784284e+01,3.277959705198612994e+01,1.570239030304182881e+00,2.549999996304566086e+00,3.277959705198612994e+01,1.570239030304182881e+00,3.137364077171692145e+01,2.359102570338745597e+00
1.088097046987605836e+03,4.305862962605715438e-01,3.005791419736078751e+01,3.278217578467045001e+01,1.570094151469520805e+00,2.549999996275977843e+00,3.278217578467045001e+01,1.570094151469520805e+00,3.137582821516714660e+01,2.359038821800408581e+00
1.088527633283866408e+03,4.305862962605715438e-01,3.005971562532712582e+01,3.278475051041911570e+01,1.569949314926439188e+00,2.549999996247191536e+00,3.278475051041911570e+01,1.569949314926439188e+00,3.137801563306397767e+01,2.358975079347843895e+00
1.089063228693697283e+03,5.355954098308757239e-01,3.006195707782945092e+01,3.278794778578107127e+01,1.569769215486524150e+00,2.549999996211105291e+00,3.278794778578107127e+01,1.569769215486524150e+00,3.138073647421880707e+01,2.358895800212697402e+00
1.089598824103528159e+03,5.355954098308757239e-01,3.006419930742801228e+01,3.279113936982940913e+01,1.569589181598057159e+00,2.549999996174707739e+00,3.279113936982940913e+01,1.569589181598057159e+00,3.138345728255871236e+01,2.358816530487530816e+00
1.090134419513359035e+03,5.355954098308757239e-01,3.006644231309531534e+01,3.279432550978899030e+01,1.569409213311572238e+00,2.549999996137995772e+00,3.279432550978899030e+01,1.569409213311572238e+00,3.138617806157975920e+01,2.358737270168971278e+00
1.090670014923189910e+03,5.355954098308757239e-01,3.006868609381293567e+01,3.279750643201380456e+01,1.569229310668996513e+00,2.549999996100967614e+00,3.279750643201380456e+01,1.569229310668996513e+00,3.138889881462932152e+01,2.358658019253646820e+00
1.091205610333020786e+03,5.355954098308757239e-01,3.007093064857204112e+01,3.280068234458310883e+01,1.569049473704725806e+00,2.549999996063620600e+00,3.280068234458310883e+01,1.569049473704725806e+00,3.139161954491815720e+01,2.358578777738180143e+00
1.091741205742851662e+03,5.355954098308757239e-01,3.007317597637391415e+01,3.280385343959889610e+01,1.568869702446576531e+00,2.549999996025952065e+00,3.280385343959889610e+01,1.568869702446576531e+00,3.139434025553126162e+01,2.358499545619193505e+00
1.092525181485700386e+03,7.839757428487246216e-01,3.007646395825631913e+01,3.280848679858797823e+01,1.568606681474138620e+00,2.549999995970230859e+00,3.280848679858797823e+01,1.568606681474138620e+00,3.139832265601297578e+01,2.358383586842780932e+00
1.093309157228549111e+03,7.839757428487246216e-01,3.007975359125379811e+01,3.281311072599516621e+01,1.568343801376480551e+00,2.549999995913808437e+00,3.281311072599516621e+01,1.568343801376480551e+00,3.140230502957842873e+01,2.358267648180982778e+00
1.094093132971397836e+03,7.839757428487246216e-01,3.008304487236562963e+01,3.281772568459178530e+01,1.568081062183438457e+00,2.549999995856677248e+00,3.281772568459178530e+01,1.568081062183438457e+00,3.140628738468275216e+01,2.358151729623197745e+00
1.094877108714246560e+03,7.839757428487246216e-01,3.008633779864888780e+01,3.282233209506891569e+01,1.567818463907605375e+00,2.549999995798828856e+00,3.282233209506891569e+01,1.567818463907605375e+00,3.141026972937509854e+01,2.358035831158817430e+00
1.095661084457095285e+03,7.839757428487246216e-01,3.008963236722164680e+01,3.282693034169837887e+01,1.567556006546679592e+00,2.549999995740256153e+00,3.282693034169837887e+01,1.567556006546679592e+00,3.141425207133428188e+01,2.357919952777238759e+00
1.096445060199944010e+03,7.839757428487246216e-01,3.009292857526608245e+01,3.283152077722109397e+01,1.567293690085491020e+00,2.549999995680950260e+00,3.283152077722109397e+01,1.567293690085491020e+00,3.141823441790050708e+01,2.357804094467855549e+00
1.097409359728705567e+03,9.642995287615576672e-01,3.009698519496740943e+01,3.283715683297221233e+01,1.566971230904678825e+00,2.549999995606986758e+00,3.283715683297221233e+01,1.566971230904678825e+00,3.142313276842102709e+01,2.357661614876088052e+00
1.098373659257467125e+03,9.642995287615576672e-01,3.010104428594385340e+01,3.284278211660480196e+01,1.566648984785244059e+00,2.549999995531887720e+00,3.284278211660480196e+01,1.566648984785244059e+00,3.142803114901704831e+01,2.357519165616365431e+00
1.099337958786228683e+03,9.642995287615576672e-01,3.010510584339108675e+01,3.284839713499680158e+01,1.566326951638248310e+00,2.549999995455637158e+00,3.284839713499680158e+01,1.566326951638248310e+00,3.143292957157911260e+01,2.357376746668968792e+00
1.100302258314990240e+03,9.642995287615576672e-01,3.010916986268076201e+01,3.285400235269750624e+01,1.566005131357687485e+00,2.549999995378219531e+00,3.285400235269750624e+01,1.566005131357687485e+00,3.143782804744844483e+01,2.357234358014187681e+00
1.101266557843751798e+03,9.642995287615576672e-01,3.011323633936779487e+01,3.285959819721270492e+01,1.565683523822685830e+00,2.549999995299619737e+00,3.285959819721270492e+01,1.565683523822685830e+00,3.144272658746184845e+01,2.357091999632320967e+00
1.102230857372513356e+03,9.642995287615576672e-01,3.011730526919731332e+01,3.286518506350513746e+01,1.565362128899365768e+00,2.549999995219821791e+00,3.286518506350513746e+01,1.565362128899365768e+00,3.144762520199153855e+01,2.356949671503681287e+00
1.103415268763805216e+03,1.184411391291860127e+00,3.012230632757156457e+01,3.287203544343322648e+01,1.564967662818829153e+00,2.549999995120145524e+00,3.287203544343322648e+01,1.564967662818829153e+00,3.145364209518000820e+01,2.356774896801470565e+00
1.104599680155097076e+03,1.184411391291860127e+00,3.012731107360899685e+01,3.287887345496385194e+01,1.564573516979487433e+00,2.549999995018606747e+00,3.287887345496385194e+01,1.564573516979487433e+00,3.145965913336534214e+01,2.356600167673916779e+00
1.105784091546388936e+03,1.184411391291860127e+00,3.013231950068859888e+01,3.288569967253839366e+01,1.564179691071095890e+00,2.549999994915175705e+00,3.288569967253839366e+01,1.564179691071095890e+00,3.146567633332175973e+01,2.356425484084624156e+00
1.106968502937680796e+03,1.184411391291860127e+00,3.013733160268236233e+01,3.289251462527494851e+01,1.563786184765775689e+00,2.549999994809820869e+00,3.289251462527494851e+01,1.563786184765775689e+00,3.147169371105720614e+01,2.356250845997234222e+00
1.108152914328972656e+03,1.184411391291860127e+00,3.014234737396892427e+01,3.289931880223100080e+01,1.563392997720201905e+00,2.549999994702511152e+00,3.289931880223100080e+01,1.563392997720201905e+00,3.147771128187255485e+01,2.356076253375426699e+00
1.109337325720264516e+03,1.184411391291860127e+00,3.014736680944594838e+01,3.290611265692155740e+01,1.563000129577488018e+00,2.549999994593214581e+00,3.290611265692155740e+01,1.563000129577488018e+00,3.148372906041468156e+01,2.355901706182921274e+00
1.110783277394630431e+03,1.445951674365915096e+00,3.015349959115783918e+01,3.291439334078968670e+01,1.562520940538973946e+00,2.549999994457042618e+00,3.291439334078968670e+01,1.562520940538973946e+00,3.149107597947890014e+01,2.355688677223245708e+00
1.112229229068996347e+03,1.445951674365915096e+00,3.015963781996541471e+01,3.292265997757475304e+01,1.562042225549980845e+00,2.549999994317801555e+00,3.292265997757475304e+01,1.562042225549980845e+00,3.149842325343978544e+01,2.355475715851472529e+00
1.113675180743362262e+03,1.445951674365915096e+00,3.016578148986379304e+01,3.293091322183733638e+01,1.561563983897625407e+00,2.549999994175430995e+00,3.293091322183733638e+01,1.561563983897625407e+00,3.150577090555326265e+01,2.355262822001848111e+00
1.115121132417728177e+03,1.445951674365915096e+00,3.017193059608752037e+01,3.293915367850929954e+01,1.561086214851123533e+00,2.549999994029869210e+00,3.293915367850929954e+01,1.561086214851123533e+00,3.151311895800772689e+01,2.355049995608717861e+00
1.116567084092094092e+03,1.445951674365915096e+00,3.017808513512391499e+01,3.294738190835116853e+01,1.560608917664067397e+00,2.549999993881053584e+00,3.294738190835116853e+01,1.560608917664067397e+00,3.152046743200336820e+01,2.354837236606530659e+00
1.118013035766460007e+03,1.445951674365915096e+00,3.018424510472175726e+01,3.295559843269332845e+01,1.560132091576404978e+00,2.549999993728920167e+00,3.295559843269332845e+01,1.560132091576404978e+00,3.152781634782360953e+01,2.354624544929839303e+00
1.119756262499699687e+03,1.743226733239680470e+00,3.019167872910324135e+01,3.296548932798101106e+01,1.559557859440828143e+00,2.549999993541006482e+00,3.296548932798101106e+01,1.559557859440828143e+00,3.153667675162940753e+01,2.354368215116434015e+00
1.121499489232939368e+03,1.743226733239680470e+00,3.019912024588380817e+01,3.297536470476784842e+01,1.558984309529309664e+00,2.549999993348060823e+00,3.297536470476784842e+01,1.558984309529309664e+00,3.154553785832076329e+01,2.354111982948045245e+00
1.123242715966179048e+03,1.743226733239680470e+00,3.020656965842490749e+01,3.298522529358657351e+01,1.558411440449980478e+00,2.549999993149965505e+00,3.298522529358657351e+01,1.558411440449980478e+00,3.155439969886422702e+01,2.353855848310619336e+00
1.124985942699418729e+03,1.743226733239680470e+00,3.021402697269927629e+01,3.299507177149207138e+01,1.557839250794598618e+00,2.549999992946600180e+00,3.299507177149207138e+01,1.557839250794598618e+00,3.156326230278801859e+01,2.353599811090336669e+00
1.126729169432658409e+03,1.743226733239680470e+00,3.022149219723549152e+01,3.300490476768799653e+01,1.557267739140898444e+00,2.549999992737842280e+00,3.300490476768799653e+01,1.557267739140898444e+00,3.157212569828538307e+01,2.353343871173614765e+00
1.128472396165898090e+03,1.743226733239680470e+00,3.022896534304479133e+01,3.301472486844712506e+01,1.556696904054642561e+00,2.549999992523566572e+00,3.301472486844712506e+01,1.556696904054642561e+00,3.158098991230805552e+01,2.353088028447110958e+00
1.130548204318016360e+03,2.075808152118270300e+00,3.023787460364550128e+01,3.302640243331046577e+01,1.556018042721423411e+00,2.549999992261036130e+00,3.302640243331046577e+01,1.556018042721423411e+00,3.159154638830443318e+01,2.352783501395517174e+00
1.132624012470134630e+03,2.075808152118270300e+00,3.024679514230720656e+01,3.303806334780041709e+01,1.555340136236316839e+00,2.549999991990281156e+00,3.303806334780041709e+01,1.555340136236316839e+00,3.160210410302731177e+01,2.352479111805730216e+00
1.134699820622252901e+03,2.075808152118270300e+00,3.025572699013959266e+01,3.304970840933504661e+01,1.554663182130237464e+00,2.549999991711076497e+00,3.304970840933504661e+01,1.554663182130237464e+00,3.161266309602417479e+01,2.352174859487714986e+00
1.136775628774371171e+03,2.075808152118270300e+00,3.026467018218073335e+01,3.306133835888500272e+01,1.553987177922460994e+00,2.549999991423192114e+00,3.306133835888500272e+01,1.553987177922460994e+00,3.162322340497066975e+01,2.351870744251930656e+00
1.138851436926489441e+03,2.075808152118270300e+00,3.027362475700754985e+01,3.307295388667509428e+01,1.553312121122987222e+00,2.549999991126391752e+00,3.307295388667509428e+01,1.553312121122987222e+00,3.163378506580081151e+01,2.351566765909331558e+00
1.140000000000000000e+03,1.148563073510558752e+00,3.027858430939151191e+01,3.307937490133968339e+01,1.552939012421160170e+00,2.549999990958251139e+00,3.307937490133968339e+01,1.552939012421160170e+00,3.163962952003123519e+01,2.351398630752641328e+00
1.140000028719943202e+03,2.871994320230442099e-05,3.027858443344944561e+01,3.307937506185271559e+01,1.552939003095153758e+00,2.549999990958246698e+00,3.307937506185271559e+01,1.552939003095153758e+00,3.163962966617780026e+01,2.351398626548926618e+00
1.140000057439886405e+03,2.871994320230442099e-05,3.027858455750737576e+01,3.307937522237035921e+01,1.552938993769151343e+00,2.549999990958242257e+00,3.307937522237035921e+01,1.552938993769151343e+00,3.163962981232436533e+01,2.351398622345211464e+00
1.140000344639318428e+03,2.871994320230442099e-04,3.027858579808691530e+01,3.307937682770636201e+01,1.552938900509385434e+00,2.549999990958200069e+00,3.307937682770636201e+01,1.552938900509385434e+00,3.163963127379017948e+01,2.351398580308067920e+00
1.140000631838750451e+03,2.871994320230442099e-04,3.027858703866666445e+01,3.307937843316371840e+01,1.552938807249845121e+00,2.549999990958157436e+00,3.307937843316371840e+01,1.552938807249845121e+00,3.163963273525619257e+01,2.351398538270927041e+00
1.140003503833070681e+03,2.871994320230442099e-03,3.027859944448299601e+01,3.307939449256311093e+01,1.552937874663966156e+00,2.549999990957733331e+00,3.307939449256311093e+01,1.552937874663966156e+00,3.163964734993400540e+01,2.351398117899739404e+00
1.140006375827390912e+03,2.871994320230442099e-03,3.027861185032076108e+01,3.307941055571889422e+01,1.552936942085847649e+00,2.549999990957309670e+00,3.307941055571889422e+01,1.552936942085847649e+00,3.163966196463190528e+01,2.351397697528813335e+00
1.140016334167996092e+03,9.958340605180637795e-03,3.027865486642406267e+01,3.307946627086454328e+01,1.552933708509423916e+00,2.549999990955839291e+00,3.307946627086454328e+01,1.552933708509423916e+00,3.163971263971734871e+01,2.351396239938375654e+00
1.140026292508601273e+03,9.958340605180637795e-03,3.027869788278325203e+01,3.307952200995865155e+01,1.552930474991792487e+00,2.549999990954368467e+00,3.307952200995865155e+01,1.552930474991792487e+00,3.163976331504226280e+01,2.351394782351040380e+00
1.140036250849206453e+03,9.958340605180637795e-03,3.027874089940376834e+01,3.307957776726309618e+01,1.552927241524392432e+00,2.549999990952898088e+00,3.307957776726309618e+01,1.552927241524392432e+00,3.163981399061150768e+01,2.351393324766873683e+00
1.140054834274187442e+03,1.858342498098863871e-02,3.027882117413667373e+01,3.307968185706257458e+01,1.552921207618501498e+00,2.549999990950152728e+00,3.307968185706257458e+01,1.552921207618501498e+00,3.163990855778967770e+01,2.351390604753335722e+00
1.140073417699168431e+03,1.858342498098863871e-02,3.027890144978884379e+01,3.307978598887400778e+01,1.552915173855116349e+00,2.549999990947406481e+00,3.307978598887400778e+01,1.552915173855116349e+00,3.164000312582558649e+01,2.351387884750942181e+00
1.140092001124149419e+03,1.858342498098863871e-02,3.027898172635980956e+01,3.307989015712644942e+01,1.552909140225598561e+00,2.549999990944659789e+00,3.307989015712644942e+01,1.552909140225598561e+00,3.164009769471788047e+01,2.351385164759684621e+00
1.140110584549130408e+03,1.858342498098863871e-02,3.027906200384844837e+01,3.307999435816102363e+01,1.552903106724187188e+00,2.549999990941912653e+00,3.307999435816102363e+01,1.552903106724187188e+00,3.164019226446472643e+01,2.351382444779550163e+00
1.140144025153344501e+03,3.344060421409267292e-02,3.027920646433845064e+01,3.308018193999073020e+01,1.552892249834469496e+00,2.549999990936966832e+00,3.308018193999073020e+01,1.552892249834469496e+00,3.164036244350527838e+01,2.351377550242689018e+00
1.140177465757558593e+03,3.344060421409267292e-02,3.027935092779973303e+01,3.308036960514050406e+01,1.552881393324174519e+00,2.549999990932018346e+00,3.308036960514050406e+01,1.552881393324174519e+00,3.164053262530678978e+01,2.351372655741837736e+00
1.140210906361772686e+03,3.344060421409267292e-02,3.027949539423294922e+01,3.308055734460427288e+01,1.552870537179407373e+00,2.549999990927068083e+00,3.308055734460427288e+01,1.552870537179407373e+00,3.164070280986659256e+01,2.351367761276998092e+00
1.140244346965986779e+03,3.344060421409267292e-02,3.027963986363856108e+01,3.308074515210709166e+01,1.552859681390481361e+00,2.549999990922114712e+00,3.308074515210709166e+01,1.552859681390481361e+00,3.164087299718217139e+01,2.351362866848173638e+00
1.140302554887087354e+03,5.820792110057482205e-02,3.027989133938381983e+01,3.308107220504137302e+01,1.552840786240256676e+00,2.549999990913487391e+00,3.308107220504137302e+01,1.552840786240256676e+00,3.164116923792389713e+01,2.351354347514834409e+00
1.140360762808187928e+03,5.820792110057482205e-02,3.028014282413634106e+01,3.308139942803040867e+01,1.552821892112273838e+00,2.549999990904852520e+00,3.308139942803040867e+01,1.552821892112273838e+00,3.164146548699504180e+01,2.351345828290603013e+00
1.140418970729288503e+03,5.820792110057482205e-02,3.028039431789700231e+01,3.308172680518813280e+01,1.552802998981905880e+00,2.549999990896210544e+00,3.308172680518813280e+01,1.552802998981905880e+00,3.164176174438437528e+01,2.351337309175472345e+00
1.140477178650389078e+03,5.820792110057482205e-02,3.028064582066675925e+01,3.308205432462228401e+01,1.552784106830703781e+00,2.549999990887561463e+00,3.308205432462228401e+01,1.552784106830703781e+00,3.164205801008176167e+01,2.351328790169436633e+00
1.140564269241597458e+03,8.709059120837991941e-02,3.028102213550311461e+01,3.308254460431193422e+01,1.552755842224069038e+00,2.549999990874606492e+00,3.308254460431193422e+01,1.552755842224069038e+00,3.164250129780209164e+01,2.351316044251003934e+00
1.140651359832805838e+03,8.709059120837991941e-02,3.028139847051290801e+01,3.308303515455658328e+01,1.552727579734926255e+00,2.549999990861635091e+00,3.308303515455658328e+01,1.552727579734926255e+00,3.164294460407124276e+01,2.351303298576761680e+00
1.140738450424014218e+03,8.709059120837991941e-02,3.028177482569950030e+01,3.308352595421104070e+01,1.552699319330363759e+00,2.549999990848647702e+00,3.308352595421104070e+01,1.552699319330363759e+00,3.164338792886262652e+01,2.351290553146693885e+00
1.140825541015222598e+03,8.709059120837991941e-02,3.028215120106623459e+01,3.308401698641427657e+01,1.552671060984086582e+00,2.549999990835643437e+00,3.308401698641427657e+01,1.552671060984086582e+00,3.164383127215167946e+01,2.351277807960781896e+00
1.140952487980626074e+03,1.269469654034764972e-01,3.028269985802910824e+01,3.308473312337839900e+01,1.552629874052953607e+00,2.549999990816658180e+00,3.308473312337839900e+01,1.552629874052953607e+00,3.164447754135051127e+01,2.351259230470739592e+00
1.141079434946029551e+03,1.269469654034764972e-01,3.028324855788672565e+01,3.308544968851656165e+01,1.552588691391959541e+00,2.549999990797637839e+00,3.308544968851656165e+01,1.552588691391959541e+00,3.164512384973690473e+01,2.351240653499373057e+00
1.141206381911433027e+03,1.269469654034764972e-01,3.028379730064953534e+01,3.308616665218658426e+01,1.552547512954540521e+00,2.549999990778581971e+00,3.308616665218658426e+01,1.552547512954540521e+00,3.164577019724960039e+01,2.351222077046630332e+00
1.141333328876836504e+03,1.269469654034764972e-01,3.028434608632801783e+01,3.308688398921572116e+01,1.552506338701036048e+00,2.549999990759491020e+00,3.308688398921572116e+01,1.552506338701036048e+00,3.164641658383118283e+01,2.351203501112459460e+00
1.141460275842239980e+03,1.269469654034764972e-01,3.028489491493268204e+01,3.308760167816844699e+01,1.552465168597558565e+00,2.549999990740364986e+00,3.308760167816844699e+01,1.552465168597558565e+00,3.164706300942766148e+01,2.351184925696811590e+00
1.141664909815800911e+03,2.046339735609308264e-01,3.028577969743348319e+01,3.308875926195455719e+01,1.552398812524928839e+00,2.549999990709459485e+00,3.308875926195455719e+01,1.552398812524928839e+00,3.164810510640370111e+01,2.351154983881779792e+00
1.141869543789361842e+03,2.046339735609308264e-01,3.028666459154661794e+01,3.308991764813466574e+01,1.552332467057488730e+00,2.549999990678461614e+00,3.308991764813466574e+01,1.552332467057488730e+00,3.164914730442535173e+01,2.351125043413750504e+00
1.142074177762922773e+03,2.046339735609308264e-01,3.028754959731657337e+01,3.309107678304524569e+01,1.552266132109094032e+00,2.549999990647371373e+00,3.309107678304524569e+01,1.552266132109094032e+00,3.165018960330701958e+01,2.351095104292514559e+00
1.142278811736483703e+03,2.046339735609308264e-01,3.028843471478803906e+01,3.309223662078810690e+01,1.552199807605598059e+00,2.549999990616188761e+00,3.309223662078810690e+01,1.552199807605598059e+00,3.165123200287471761e+01,2.351065166517867677e+00
1.142483445710044634e+03,2.046339735609308264e-01,3.028931994400587868e+01,3.309339712177611403e+01,1.552133493482606319e+00,2.549999990584912446e+00,3.309339712177611403e+01,1.552133493482606319e+00,3.165227450296455203e+01,2.351035230089603800e+00
1.142765540607700359e+03,2.820948976557247079e-01,3.029054044589836181e+01,3.309499793637820630e+01,1.552042094122114024e+00,2.549999990541645278e+00,3.309499793637820630e+01,1.552042094122114024e+00,3.165371178933718710e+01,2.350993963911246709e+00
1.143047635505356084e+03,2.820948976557247079e-01,3.029176116035293731e+01,3.309659986939471565e+01,1.551950714254310748e+00,2.549999990498199587e+00,3.309659986939471565e+01,1.551950714254310748e+00,3.165514926606171286e+01,2.350952700290581898e+00
1.143329730403011808e+03,2.820948976557247079e-01,3.029298208748877030e+01,3.309820285490295788e+01,1.551859353768902494e+00,2.549999990454575816e+00,3.309820285490295788e+01,1.551859353768902494e+00,3.165658693277969604e+01,2.350911439227083122e+00
1.143611825300667533e+03,2.820948976557247079e-01,3.029420322742561211e+01,3.309980683537543200e+01,1.551768012568578214e+00,2.549999990410773076e+00,3.309980683537543200e+01,1.551768012568578214e+00,3.165802478915274776e+01,2.350870180720228131e+00
1.143893920198323258e+03,2.820948976557247079e-01,3.029542458028377538e+01,3.310141176023454790e+01,1.551676690566778705e+00,2.549999990366790925e+00,3.310141176023454790e+01,1.551676690566778705e+00,3.165946283486016455e+01,2.350828924769493788e+00
1.144279124112657883e+03,3.852039143346246419e-01,3.029709269613726619e+01,3.310360474892254956e+01,1.551552020162246137e+00,2.549999990306440534e+00,3.310360474892254956e+01,1.551552020162246137e+00,3.166142680849420543e+01,2.350772593408895439e+00
1.144664328026992507e+03,3.852039143346246419e-01,3.029876120954335761e+01,3.310579931615308169e+01,1.551427385236918921e+00,2.549999990245752635e+00,3.310579931615308169e+01,1.551427385236918921e+00,3.166339113386352722e+01,2.350716266812216571e+00
1.145049531941327132e+03,3.852039143346246419e-01,3.030043012081303999e+01,3.310799537553214833e+01,1.551302785636021309e+00,2.549999990184725451e+00,3.310799537553214833e+01,1.551302785636021309e+00,3.166535581027553548e+01,2.350659944978148008e+00
1.145434735855661756e+03,3.852039143346246419e-01,3.030209943025890240e+01,3.311019285082635832e+01,1.551178221220529618e+00,2.549999990123356763e+00,3.311019285082635832e+01,1.551178221220529618e+00,3.166732083707389478e+01,2.350603627905385906e+00
1.145819939769996381e+03,3.852039143346246419e-01,3.030376913819502249e+01,3.311239167429994978e+01,1.551053691864603179e+00,2.549999990061645683e+00,3.311239167429994978e+01,1.551053691864603179e+00,3.166928621363439689e+01,2.350547315592631747e+00
1.146325125489295715e+03,5.051857192993338685e-01,3.030595952474135757e+01,3.311527732155548875e+01,1.550890427542939154e+00,2.549999989980189952e+00,3.311527732155548875e+01,1.550890427542939154e+00,3.167186428712976820e+01,2.350473470554173439e+00
1.146830311208595049e+03,5.051857192993338685e-01,3.030815059793638966e+01,3.311816506334330512e+01,1.550727223092241536e+00,2.549999989898138253e+00,3.311816506334330512e+01,1.550727223092241536e+00,3.167444295990843273e+01,2.350399633697648927e+00
1.147335496927894383e+03,5.051857192993338685e-01,3.031034235849840641e+01,3.312105479343119185e+01,1.550564078301006177e+00,2.549999989815486146e+00,3.312105479343119185e+01,1.550564078301006177e+00,3.167702223076237189e+01,2.350325805020158310e+00
1.147840682647193717e+03,5.051857192993338685e-01,3.031253480714867266e+01,3.312394641718915267e+01,1.550400992975810466e+00,2.549999989732230077e+00,3.312394641718915267e+01,1.550400992975810466e+00,3.167960209854236453e+01,2.350251984518815007e+00
1.148345868366493050e+03,5.051857192993338685e-01,3.031472794461100406e+01,3.312683984981750740e+01,1.550237966938575296e+00,2.549999989648366050e+00,3.312683984981750740e+01,1.550237966938575296e+00,3.168218256215195794e+01,2.350178172190739101e+00
1.148989607288059460e+03,6.437389215664097719e-01,3.031752357539004095e+01,3.313052934176000264e+01,1.550030314717010471e+00,2.549999989540614465e+00,3.313052934176000264e+01,1.550030314717010471e+00,3.168547161035398929e+01,2.350084127790837751e+00
1.149633346209625870e+03,6.437389215664097719e-01,3.032032032730820603e+01,3.313422150628199603e+01,1.549822758182267002e+00,2.549999989431861458e+00,3.313422150628199603e+01,1.549822758182267002e+00,3.168876162226134596e+01,2.349990096651640492e+00
1.150277085131192280e+03,6.437389215664097719e-01,3.032311820187501539e+01,3.313791621800361753e+01,1.549615297044317552e+00,2.549999989322098592e+00,3.313791621800361753e+01,1.549615297044317552e+00,3.169205259590563628e+01,2.349896078767243601e+00
1.150920824052758690e+03,6.437389215664097719e-01,3.032591720060192486e+01,3.314161336442209205e+01,1.549407931033415009e+00,2.549999989211318319e+00,3.314161336442209205e+01,1.549407931033415009e+00,3.169534452940740366e+01,2.349802074131758456e+00
1.151564562974325099e+03,6.437389215664097719e-01,3.032871732500105111e+01,3.314531284407363643e+01,1.549200659897245203e+00,2.549999989099512199e+00,3.314531284407363643e+01,1.549200659897245203e+00,3.169863742096743664e+01,2.349708082739316417e+00
1.152365542212566197e+03,8.009792382410978462e-01,3.033220298457474939e+01,3.314991908193696446e+01,1.548942892614031397e+00,2.549999988958951302e+00,3.314991908193696446e+01,1.548942892614031397e+00,3.170273597259494380e+01,2.349591151396189570e+00
1.153166521450807295e+03,8.009792382410978462e-01,3.033569039214481933e+01,3.315452863108950510e+01,1.548685271419572462e+00,2.549999988816772589e+00,3.315452863108950510e+01,1.548685271419572462e+00,3.170683600162274729e+01,2.349474240535433633e+00
1.153967500689048393e+03,8.009792382410978462e-01,3.033917955061025751e+01,3.315914134899735188e+01,1.548427795911943683e+00,2.549999988672960516e+00,3.315914134899735188e+01,1.548427795911943683e+00,3.171093750500983433e+01,2.349357350145829582e+00
1.154768479927289491e+03,8.009792382410978462e-01,3.034267046285792091e+01,3.316375710705779056e+01,1.548170465711580013e+00,2.549999988527498207e+00,3.316375710705779056e+01,1.548170465711580013e+00,3.171504047984153019e+01,2.349240480216190363e+00
1.155569459165530589e+03,8.009792382410978462e-01,3.034616313175892799e+01,3.316837578872885928e+01,1.547913280458368623e+00,2.549999988380370120e+00,3.316837578872885928e+01,1.547913280458368623e+00,3.171914492331764635e+01,2.349123630735357349e+00
1.156564217686977372e+03,9.947585214467835613e-01,3.035050322479123608e+01,3.317411577037683656e+01,1.547594076172998712e+00,2.549999988195301714e+00,3.317411577037683656e+01,1.547594076172998712e+00,3.172424438701976612e+01,2.348978540547718818e+00
1.157558976208424156e+03,9.947585214467835613e-01,3.035484603707024576e+01,3.317985991511275046e+01,1.547275094298897757e+00,2.549999988007605189e+00,3.317985991511275046e+01,1.547275094298897757e+00,3.172934610682565548e+01,2.348833481861576367e+00
1.158553734729870939e+03,9.947585214467835613e-01,3.035919157394523538e+01,3.318560805784085233e+01,1.546956334241126774e+00,2.549999987817248570e+00,3.318560805784085233e+01,1.546956334241126774e+00,3.173445007797651485e+01,2.348688454655718072e+00
1.159548493251317723e+03,9.947585214467835613e-01,3.036353984069193856e+01,3.319136004942755847e+01,1.546637795431183182e+00,2.549999987624197662e+00,3.319136004942755847e+01,1.546637795431183182e+00,3.173955629589667993e+01,2.348543458908989301e+00
1.160543251772764506e+03,9.947585214467835613e-01,3.036789084250335691e+01,3.319711575461064257e+01,1.546319477323729430e+00,2.549999987428420045e+00,3.319711575461064257e+01,1.546319477323729430e+00,3.174466475617674988e+01,2.348398494600286046e+00
1.161538010294211290e+03,9.947585214467835613e-01,3.037224458448071829e+01,3.320287505015438256e+01,1.546001379393699748e+00,2.549999987229881970e+00,3.320287505015438256e+01,1.546001379393699748e+00,3.174977545455817562e+01,2.348253561708558479e+00
1.163000422876099719e+03,1.462412581888429486e+00,3.037865008543838741e+01,3.321134817978787623e+01,1.545534136556660609e+00,2.549999986932923957e+00,3.321134817978787623e+01,1.545534136556660609e+00,3.175729284019363874e+01,2.348040550229473666e+00
1.164462835457988149e+03,1.462412581888429486e+00,3.038506153481328553e+01,3.321982850439703583e+01,1.545067366933918773e+00,2.549999986629817972e+00,3.321982850439703583e+01,1.545067366933918773e+00,3.176481504143072598e+01,2.347827606538323231e+00
1.165925248039876578e+03,1.462412581888429486e+00,3.039147894749966383e+01,3.322831573716387510e+01,1.544601069037861318e+00,2.549999986320452106e+00,3.322831573716387510e+01,1.544601069037861318e+00,3.177234204618057589e+01,2.347614730568776675e+00
1.167387660621765008e+03,1.462412581888429486e+00,3.039790233778148476e+01,3.323680962221323654e+01,1.544135241435757422e+00,2.549999986004714891e+00,3.323680962221323654e+01,1.544135241435757422e+00,3.177987384281950511e+01,2.347401922254709117e+00
1.168850073203653437e+03,1.462412581888429486e+00,3.040433171928668443e+01,3.324530993011908464e+01,1.543669882742600086e+00,2.549999985682491310e+00,3.324530993011908464e+01,1.543669882742600086e+00,3.178741042014048190e+01,2.347189181530192847e+00
1.170312485785541867e+03,1.462412581888429486e+00,3.041076710494502322e+01,3.325381645403970055e+01,1.543204991614935295e+00,2.549999985353666343e+00,3.325381645403970055e+01,1.543204991614935295e+00,3.179495176731026973e+01,2.346976508329491562e+00
1.172117985605712192e+03,1.805499820170325620e+00,3.041872055551306175e+01,3.326432693647267769e+01,1.542631678391633843e+00,2.549999984938415398e+00,3.326432693647267769e+01,1.542631678391633843e+00,3.180426890564658748e+01,2.346714034279465455e+00
1.173923485425882518e+03,1.805499820170325620e+00,3.042668319773936503e+01,3.327484629190105636e+01,1.542059073471693686e+00,2.549999984512697715e+00,3.327484629190105636e+01,1.542059073471693686e+00,3.181359327931323833e+01,2.346451662929468274e+00
1.175728985246052844e+03,1.805499820170325620e+00,3.043465505106320634e+01,3.328537423667754780e+01,1.541487174529597048e+00,2.549999984076283255e+00,3.328537423667754780e+01,1.541487174529597048e+00,3.182292486982930058e+01,2.346189394156932728e+00
1.177534485066223169e+03,1.805499820170325620e+00,3.044263613297358617e+01,3.329591051622139730e+01,1.540915979298432159e+00,2.549999983628938871e+00,3.329591051622139730e+01,1.540915979298432159e+00,3.183226365928377888e+01,2.345927227839692097e+00
1.179339984886393495e+03,1.805499820170325620e+00,3.045062645894945419e+01,3.330645490096102179e+01,1.540345485563207939e+00,2.549999983170427420e+00,3.330645490096102179e+01,1.540345485563207939e+00,3.184160963027840907e+01,2.345665163855965130e+00
1.181145484706563821e+03,1.805499820170325620e+00,3.045862604241272109e+01,3.331700718291121177e+01,1.539775691155176318e+00,2.549999982700506429e+00,3.331700718291121177e+01,1.539775691155176318e+00,3.185096276587748321e+01,2.345403202084350713e+00
1.183372037459159628e+03,2.226552752595807760e+00,3.046850393891131503e+01,3.333003091295866227e+01,1.539073977238187840e+00,2.549999982104919738e+00,3.333003091295866227e+01,1.539073977238187840e+00,3.186250694763315039e+01,2.345080289888981984e+00
1.185598590211755436e+03,2.226552752595807760e+00,3.047839594808845121e+01,3.334306604598172186e+01,1.538373319712073917e+00,2.549999981491135603e+00,3.334306604598172186e+01,1.538373319712073917e+00,3.187406197001898178e+01,2.344757532727174798e+00
1.187825142964351244e+03,2.226552752595807760e+00,3.048830208187715485e+01,3.335611229424269908e+01,1.537673714743750475e+00,2.549999980858671300e+00,3.335611229424269908e+01,1.537673714743750475e+00,3.188562780364428306e+01,2.344434930373537895e+00
1.190051695716947052e+03,2.226552752595807760e+00,3.049822234734615733e+01,3.336916939841538010e+01,1.536975158570467404e+00,2.549999980207035222e+00,3.336916939841538010e+01,1.536975158570467404e+00,3.189720441983248023e+01,2.344112482603490921e+00
1.192278248469542859e+03,2.226552752595807760e+00,3.050815674677299327e+01,3.338223712376386487e+01,1.536277647493123011e+00,2.549999979535723327e+00,3.338223712376386487e+01,1.536277647493123011e+00,3.190879179055204062e+01,2.343790189193251106e+00
1.194504801222138667e+03,2.226552752595807760e+00,3.051810527775533544e+01,3.339531525690640024e+01,1.535581177870531722e+00,2.549999978844221804e+00,3.339531525690640024e+01,1.535581177870531722e+00,3.192038988835573221e+01,2.343468049919819496e+00
1.197004801222138667e+03,2.500000000000000000e+00,3.052929243970400819e+01,3.341001170359567141e+01,1.534800410181490271e+00,2.549999978043081317e+00,3.341001170359567141e+01,1.534800410181490271e+00,3.193342512170104897e+01,2.343106531517856084e+00
1.199504801222138667e+03,2.500000000000000000e+00,3.054049739220678816e+01,3.342472077543381204e+01,1.534020945933534108e+00,2.549999977215063218e+00,3.342472077543381204e+01,1.534020945933534108e+00,3.194647380746057053e+01,2.342745206843625194e+00
1.200000000000000000e+03,4.951987778613329283e-01,3.054271897282248460e+01,3.342763581902681125e+01,1.533866704269214454e+00,2.549999977047793021e+00,3.342763581902681125e+01,1.533866704269214454e+00,3.194906007778660495e+01,2.342673658788871460e+00
1.200000028535197771e+03,2.853519777090696152e-05,3.054271910085831720e+01,3.342763598700381777e+01,1.533866695382698930e+00,2.549999977047783251e+00,3.342763598700381777e+01,1.533866695382698930e+00,3.194906022683228386e+01,2.342673654666225236e+00
1.200000057070395542e+03,2.853519777090696152e-05,3.054271922889414981e+01,3.342763615497212015e+01,1.533866686496179410e+00,2.549999977047773481e+00,3.342763615497212015e+01,1.533866686496179410e+00,3.194906037587796988e+01,2.342673650543577679e+00
1.200000342422373251e+03,2.853519777090696152e-04,3.054272050925269610e+01,3.342763783435448488e+01,1.533866597630736628e+00,2.549999977047677113e+00,3.342763783435448488e+01,1.533866597630736628e+00,3.194906186633469503e+01,2.342673609317113215e+00
1.200000627774350960e+03,2.853519777090696152e-04,3.054272178961147333e+01,3.342763951350807616e+01,1.533866508765084236e+00,2.549999977047579858e+00,3.342763951350807616e+01,1.533866508765084236e+00,3.194906335679124254e+01,2.342673568090650527e+00
1.200003481294128051e+03,2.853519777090696152e-03,3.054273459321908746e+01,3.342765629593097998e+01,1.533865620101339200e+00,2.549999977046613076e+00,3.342765629593097998e+01,1.533865620101339200e+00,3.194907826134301843e+01,2.342673155826235476e+00
1.200006334813905141e+03,2.853519777090696152e-03,3.054274739684933948e+01,3.342767307125048148e+01,1.533864731432728945e+00,2.549999977045645849e+00,3.342767307125048148e+01,1.533864731432728945e+00,3.194909316587910908e+01,2.342672743562063342e+00
1.200014383153325753e+03,8.048339420611227979e-03,3.054278350954193400e+01,3.342772036185612450e+01,1.533862224933417506e+00,2.549999977042917809e+00,3.342772036185612450e+01,1.533862224933417506e+00,3.194913520397702555e+01,2.342671580774058349e+00
1.200022431492746364e+03,8.048339420611227979e-03,3.054281962241219262e+01,3.342776762106068844e+01,1.533859718418767670e+00,2.549999977040189769e+00,3.342776762106068844e+01,1.533859718418767670e+00,3.194917724195226327e+01,2.342670417987953169e+00
1.200030479832166975e+03,8.048339420611227979e-03,3.054285573546469124e+01,3.342781485551685705e+01,1.533857211895160555e+00,2.549999977037461729e+00,3.342781485551685705e+01,1.533857211895160555e+00,3.194921927980190191e+01,2.342669255203795320e+00
1.200045340356904944e+03,1.486052473796917184e-02,3.054292241540431974e+01,3.342790201532950078e+01,1.533852583814189430e+00,2.549999977032423093e+00,3.342790201532950078e+01,1.533852583814189430e+00,3.194929689852612142e+01,2.342667108234041784e+00
1.200060200881642913e+03,1.486052473796917184e-02,3.054298909597287803e+01,3.342798911759949476e+01,1.533847955727289047e+00,2.549999977027383569e+00,3.342798911759949476e+01,1.533847955727289047e+00,3.194937451681871821e+01,2.342664961271009982e+00
1.200075061406380883e+03,1.486052473796917184e-02,3.054305577716995757e+01,3.342807616986930697e+01,1.533843327641155163e+00,2.549999977022343156e+00,3.342807616986930697e+01,1.533843327641155163e+00,3.194945213468093570e+01,2.342662814314697695e+00
1.200089921931118852e+03,1.486052473796917184e-02,3.054312245899461331e+01,3.342816317704580342e+01,1.533838699560102325e+00,2.549999977017301855e+00,3.342816317704580342e+01,1.533838699560102325e+00,3.194952975211423762e+01,2.342660667365092930e+00
1.200115541835703198e+03,2.561990458434593165e-02,3.054323742154888066e+01,3.342831308444718275e+01,1.533830720657857860e+00,2.549999977008607477e+00,3.342831308444718275e+01,1.533830720657857860e+00,3.194966356544428976e+01,2.342656965987723439e+00
1.200141161740287544e+03,2.561990458434593165e-02,3.054335238596799584e+01,3.342846288487911011e+01,1.533822741794868438e+00,2.549999976999910878e+00,3.342846288487911011e+01,1.533822741794868438e+00,3.194979737750543691e+01,2.342653264630287779e+00
1.200166781644871890e+03,2.561990458434593165e-02,3.054346735225228571e+01,3.342861258909043443e+01,1.533814762980750590e+00,2.549999976991211170e+00,3.342861258909043443e+01,1.533814762980750590e+00,3.194993118830047862e+01,2.342649563292789949e+00
1.200192401549456235e+03,2.561990458434593165e-02,3.054358232040192078e+01,3.342876220472014381e+01,1.533806784222331077e+00,2.549999976982508798e+00,3.342876220472014381e+01,1.533806784222331077e+00,3.195006499783204745e+01,2.342645861975232613e+00
1.200236265218571361e+03,4.386366911512595834e-02,3.054377916094073342e+01,3.342901817144787913e+01,1.533793123986811890e+00,2.549999976967602056e+00,3.342901817144787913e+01,1.533793123986811890e+00,3.195029408931949888e+01,2.342639525020224323e+00
1.200280128887686487e+03,4.386366911512595834e-02,3.054397600694703030e+01,3.342927392098508221e+01,1.533779463952405386e+00,2.549999976952687319e+00,3.342927392098508221e+01,1.533779463952405386e+00,3.195052317712264411e+01,2.342633188123661725e+00
1.200323992556801613e+03,4.386366911512595834e-02,3.054417285842058405e+01,3.342952947211784931e+01,1.533765804135842181e+00,2.549999976937763257e+00,3.342952947211784931e+01,1.533765804135842181e+00,3.195075226125227630e+01,2.342626851285543932e+00
1.200367856225916739e+03,4.386366911512595834e-02,3.054436971536121703e+01,3.342978483907196363e+01,1.533752144549785035e+00,2.549999976922831202e+00,3.342978483907196363e+01,1.533752144549785035e+00,3.195098134171823645e+01,2.342620514505870055e+00
1.200432456252460724e+03,6.460002654398522282e-02,3.054465964551269863e+01,3.343016061764375024e+01,1.533732027894772143e+00,2.549999976900823917e+00,3.343016061764375024e+01,1.533732027894772143e+00,3.195131871231885157e+01,2.342611182147777971e+00
1.200497056279004710e+03,6.460002654398522282e-02,3.054494958752137634e+01,3.343053605226263869e+01,1.533711911789119142e+00,2.549999976878797980e+00,3.343053605226263869e+01,1.533711911789119142e+00,3.195165607501989413e+01,2.342601849916442713e+00
1.200561656305548695e+03,6.460002654398522282e-02,3.054523954138677055e+01,3.343091116747933711e+01,1.533691796254644357e+00,2.549999976856753836e+00,3.343091116747933711e+01,1.533691796254644357e+00,3.195199342984652446e+01,2.342592517811860731e+00
1.200626256332092680e+03,6.460002654398522282e-02,3.054552950710839099e+01,3.343128598303263743e+01,1.533671681308871992e+00,2.549999976834690596e+00,3.343128598303263743e+01,1.533671681308871992e+00,3.195233077682216205e+01,2.342583185834028470e+00
1.200720338799375440e+03,9.408246728276026261e-02,3.054595182985211466e+01,3.343183135666164674e+01,1.533642387300075072e+00,2.549999976802524326e+00,3.343183135666164674e+01,1.533642387300075072e+00,3.195282206967799610e+01,2.342569595114327274e+00
1.200814421266658201e+03,9.408246728276026261e-02,3.054637417774095454e+01,3.343237617226377978e+01,1.533613094608717864e+00,2.549999976770318977e+00,3.343237617226377978e+01,1.533613094608717864e+00,3.195331334599171669e+01,2.342556004663450597e+00
1.200908503733940961e+03,9.408246728276026261e-02,3.054679655077336164e+01,3.343292046491574609e+01,1.533583803265836432e+00,2.549999976738073215e+00,3.343292046491574609e+01,1.533583803265836432e+00,3.195380460582272519e+01,2.342542414481385116e+00
1.201002586201223721e+03,9.408246728276026261e-02,3.054721894894777989e+01,3.343346426449966913e+01,1.533554513297833211e+00,2.549999976705788374e+00,3.343346426449966913e+01,1.533554513297833211e+00,3.195429584922701949e+01,2.342528824568118839e+00
1.201096668668506481e+03,9.408246728276026261e-02,3.054764137226263543e+01,3.343400759656375243e+01,1.533525224727245506e+00,2.549999976673463120e+00,3.343400759656375243e+01,1.533525224727245506e+00,3.195478707625762027e+01,2.342515234923640222e+00
1.201246562222150715e+03,1.498935536442331795e-01,3.054831443515508127e+01,3.343487232909613027e+01,1.533478564685200496e+00,2.549999976621879938e+00,3.343487232909613027e+01,1.533478564685200496e+00,3.195556967259857117e+01,2.342493584259856210e+00
1.201396455775794948e+03,1.498935536442331795e-01,3.054898756185181696e+01,3.343573600534298151e+01,1.533431908304961011e+00,2.549999976570195503e+00,3.343573600534298151e+01,1.533431908304961011e+00,3.195635222769682926e+01,2.342471934278258505e+00
1.201546349329439181e+03,1.498935536442331795e-01,3.054966075234630196e+01,3.343659868791532830e+01,1.533385255641367850e+00,2.549999976518409373e+00,3.343659868791532830e+01,1.533385255641367850e+00,3.195713474173212987e+01,2.342450284978793817e+00
1.201696242883083414e+03,1.498935536442331795e-01,3.055033400663191401e+01,3.343746043058207817e+01,1.533338606741375898e+00,2.549999976466521101e+00,3.343746043058207817e+01,1.533338606741375898e+00,3.195791721487424653e+01,2.342428636361408856e+00
1.201846136436727647e+03,1.498935536442331795e-01,3.055100732470195979e+01,3.343832127991790770e+01,1.533291961645525836e+00,2.549999976414531577e+00,3.343832127991790770e+01,1.533291961645525836e+00,3.195869964728431256e+01,2.342406988426048553e+00
1.202051793755091012e+03,2.056573183633645385e-01,3.055193123597932114e+01,3.343950100448108742e+01,1.533227969781632449e+00,2.549999976343034103e+00,3.343950100448108742e+01,1.533227969781632449e+00,3.195977309610341877e+01,2.342377288082789555e+00
1.202257451073454376e+03,2.056573183633645385e-01,3.055285526729695533e+01,3.344067921366005436e+01,1.533163985222662840e+00,2.549999976271343893e+00,3.344067921366005436e+01,1.533163985222662840e+00,3.196084646891068459e+01,2.342347589023158871e+00
1.202463108391817741e+03,2.056573183633645385e-01,3.055377941863689628e+01,3.344185598506223300e+01,1.533100008035263251e+00,2.549999976199460505e+00,3.344185598506223300e+01,1.533100008035263251e+00,3.196191976606166207e+01,2.342317891247010397e+00
1.202668765710181106e+03,2.056573183633645385e-01,3.055470368998092212e+01,3.344303138671671860e+01,1.533036038277538760e+00,2.549999976127383938e+00,3.344303138671671860e+01,1.533036038277538760e+00,3.196299298789469034e+01,2.342288194754198916e+00
1.202874423028544470e+03,2.056573183633645385e-01,3.055562808131056229e+01,3.344420547871027338e+01,1.532972076000513884e+00,2.549999976055113304e+00,3.344420547871027338e+01,1.532972076000513884e+00,3.196406613473281766e+01,2.342258499544576100e+00
1.203153777201255707e+03,2.793541727112369699e-01,3.055688391842062046e+01,3.344579830133030640e+01,1.532885205042336940e+00,2.549999975956632969e+00,3.344579830133030640e+01,1.532885205042336940e+00,3.196552372184633839e+01,2.342218165175994127e+00
1.203433131373966944e+03,2.793541727112369699e-01,3.055813997683491579e+01,3.344738892300154731e+01,1.532798348067933913e+00,2.549999975857792478e+00,3.344738892300154731e+01,1.532798348067933913e+00,3.196698117189520971e+01,2.342177833174387658e+00
1.203712485546678181e+03,2.793541727112369699e-01,3.055939625650490754e+01,3.344897744649097149e+01,1.532711505162549948e+00,2.549999975758590942e+00,3.344897744649097149e+01,1.532711505162549948e+00,3.196843848558280143e+01,2.342137503539382770e+00
1.203991839719389418e+03,2.793541727112369699e-01,3.056065275738122367e+01,3.345056396301452395e+01,1.532624676401134201e+00,2.549999975659027474e+00,3.345056396301452395e+01,1.532624676401134201e+00,3.196989566358114132e+01,2.342097176270599768e+00
1.204271193892100655e+03,2.793541727112369699e-01,3.056190947941365721e+01,3.345214855410372223e+01,1.532537861850005401e+00,2.549999975559100296e+00,3.345214855410372223e+01,1.532537861850005401e+00,3.197135270653420136e+01,2.342056851367658510e+00
1.204636149515912166e+03,3.649556238115110318e-01,3.056355162716997143e+01,3.345421592562016144e+01,1.532424466547990693e+00,2.549999975428003385e+00,3.345421592562016144e+01,1.532424466547990693e+00,3.197325602326028715e+01,2.342004173419709900e+00
1.205001105139723677e+03,3.649556238115110318e-01,3.056519415218131996e+01,3.345628028098084883e+01,1.532311095715112925e+00,2.549999975296282084e+00,3.345628028098084883e+01,1.532311095715112925e+00,3.197515911187289461e+01,2.341951499508153844e+00
1.205366060763535188e+03,3.649556238115110318e-01,3.056683705432948273e+01,3.345834174933315097e+01,1.532197749452339330e+00,2.549999975163933730e+00,3.345834174933315097e+01,1.532197749452339330e+00,3.197706197363412173e+01,2.341898829632130141e+00
1.205731016387346699e+03,3.649556238115110318e-01,3.056848033349391258e+01,3.346040044660568924e+01,1.532084427848865449e+00,2.549999975030954769e+00,3.346040044660568924e+01,1.532084427848865449e+00,3.197896460975416844e+01,2.341846163790778146e+00
1.206095972011158210e+03,3.649556238115110318e-01,3.057012398955179933e+01,3.346245647749321250e+01,1.531971130983885487e+00,2.549999974897343868e+00,3.346245647749321250e+01,1.531971130983885487e+00,3.198086702139633530e+01,2.341793501983230996e+00
1.206559586022353869e+03,4.636140111956592591e-01,3.057221251814905472e+01,3.346506461846356473e+01,1.531827242382064247e+00,2.549999974726697261e+00,3.346506461846356473e+01,1.531827242382064247e+00,3.198328338968492091e+01,2.341726609934350112e+00
1.207023200033549529e+03,4.636140111956592591e-01,3.057430165449003923e+01,3.346766878491943231e+01,1.531683393942669502e+00,2.549999974555020810e+00,3.346766878491943231e+01,1.531683393942669502e+00,3.198569939973791421e+01,2.341659724391789599e+00
1.207486814044745188e+03,4.636140111956592591e-01,3.057639139830757102e+01,3.347026913450061159e+01,1.531539585777347279e+00,2.549999974382308743e+00,3.347026913450061159e+01,1.531539585777347279e+00,3.198811505367177688e+01,2.341592845353757113e+00
1.207950428055940847e+03,4.636140111956592591e-01,3.057848174932893315e+01,3.347286581006605388e+01,1.531395817984604335e+00,2.549999974208555287e+00,3.347286581006605388e+01,1.531395817984604335e+00,3.199053035352198648e+01,2.341525972818458534e+00
1.208414042067136506e+03,4.636140111956592591e-01,3.058057270727596944e+01,3.347545894175409131e+01,1.531252090651647579e+00,2.549999974033755556e+00,3.347545894175409131e+01,1.531252090651647579e+00,3.199294530125018809e+01,2.341459106784095745e+00
1.208989462422803626e+03,5.754203556671200204e-01,3.058316876970653908e+01,3.347867268902363236e+01,1.531073758054358747e+00,2.549999973815336940e+00,3.347867268902363236e+01,1.531073758054358747e+00,3.199594215707025668e+01,2.341376124204267661e+00
1.209564882778470746e+03,5.754203556671200204e-01,3.058576576610646214e+01,3.348188136702046336e+01,1.530895488033196861e+00,2.549999973595286740e+00,3.348188136702046336e+01,1.530895488033196861e+00,3.199893847685452286e+01,2.341293151632799940e+00
1.210140303134137866e+03,5.754203556671200204e-01,3.058836369591047344e+01,3.348508516360153919e+01,1.530717280700807148e+00,2.549999973373595630e+00,3.348508516360153919e+01,1.530717280700807148e+00,3.200193426395831864e+01,2.341210189066233127e+00
1.210715723489804986e+03,5.754203556671200204e-01,3.059096255854155544e+01,3.348828425039433654e+01,1.530539136155462998e+00,2.549999973150252508e+00,3.348828425039433654e+01,1.530539136155462998e+00,3.200492952161650351e+01,2.341127236501099329e+00
1.211291143845472106e+03,5.754203556671200204e-01,3.059356235341125796e+01,3.349147878490115460e+01,1.530361054482942462e+00,2.549999972925245828e+00,3.349147878490115460e+01,1.530361054482942462e+00,3.200792425295338006e+01,2.341044293933930209e+00
1.212006337725396634e+03,7.151938799245272094e-01,3.059679495467275245e+01,3.349544316574326785e+01,1.530139803306734381e+00,2.549999972643250068e+00,3.349544316574326785e+01,1.530139803306734381e+00,3.201164569585753128e+01,2.340941217982721589e+00
1.212721531605321161e+03,7.151938799245272094e-01,3.060002899397125375e+01,3.349940099276133765e+01,1.529918649495497718e+00,2.549999972358648392e+00,3.349940099276133765e+01,1.529918649495497718e+00,3.201536633595463144e+01,2.340838157464490976e+00
1.213436725485245688e+03,7.151938799245272094e-01,3.060326447010752915e+01,3.350335249928566839e+01,1.529697593152970603e+00,2.549999972071419485e+00,3.350335249928566839e+01,1.529697593152970603e+00,3.201908617864231843e+01,2.340735112372549498e+00
1.214151919365170215e+03,7.151938799245272094e-01,3.060650138185843616e+01,3.350729789940218240e+01,1.529476634365965815e+00,2.549999971781542918e+00,3.350729789940218240e+01,1.529476634365965815e+00,3.202280522913062555e+01,2.340632082700203398e+00
1.214867113245094743e+03,7.151938799245272094e-01,3.060973972797780362e+01,3.351123739035318749e+01,1.529255773206511293e+00,2.549999971488997375e+00,3.351123739035318749e+01,1.529255773206511293e+00,3.202652349245687446e+01,2.340529068440749594e+00
1.215582307125019270e+03,7.151938799245272094e-01,3.061297950719735894e+01,3.351517115466077712e+01,1.529035009733739958e+00,2.549999971193761539e+00,3.351517115466077712e+01,1.529035009733739958e+00,3.203024097349901922e+01,2.340426069587485447e+00
1.216631453686703708e+03,1.049146561684437984e+00,3.061773465954714624e+01,3.352093174085305805e+01,1.528711339803406677e+00,2.549999970755755463e+00,3.352093174085305805e+01,1.528711339803406677e+00,3.203569288977811880e+01,2.340275004304604778e+00
1.217680600248388146e+03,1.049146561684437984e+00,3.062249288887633725e+01,3.352668085801250442e+01,1.528387880300106305e+00,2.549999970311845665e+00,3.352668085801250442e+01,1.528387880300106305e+00,3.204114314720749945e+01,2.340123972138878017e+00
1.218729746810072584e+03,1.049146561684437984e+00,3.062725419094809709e+01,3.353241895269222539e+01,1.528064631297597620e+00,2.549999969861964200e+00,3.353241895269222539e+01,1.528064631297597620e+00,3.204659175961892714e+01,2.339972973069108342e+00
1.219778893371757022e+03,1.049146561684437984e+00,3.063201856144333135e+01,3.353814643236825788e+01,1.527741592835835993e+00,2.549999969406040901e+00,3.353814643236825788e+01,1.527741592835835993e+00,3.205203874031897016e+01,2.339822007074092269e+00
1.220828039933441460e+03,1.049146561684437984e+00,3.063678599596639529e+01,3.354386367069312058e+01,1.527418764925646988e+00,2.549999968944005602e+00,3.354386367069312058e+01,1.527418764925646988e+00,3.205748410213323751e+01,2.339671074132622763e+00
1.221877186495125898e+03,1.049146561684437984e+00,3.064155649005068938e+01,3.354957101203144276e+01,1.527096147552759575e+00,2.549999968475788137e+00,3.354957101203144276e+01,1.527096147552759575e+00,3.206292785744592777e+01,2.339520174223495008e+00
1.223169813801328473e+03,1.292627306202575710e+00,3.064743829711116518e+01,3.355658974624243740e+01,1.526698948178133675e+00,2.549999967890301367e+00,3.355658974624243740e+01,1.526698948178133675e+00,3.206963278126659844e+01,2.339334299599317379e+00
1.224462441107531049e+03,1.292627306202575710e+00,3.065332473312825456e+01,3.356359448853113037e+01,1.526302068237828546e+00,2.549999967295185854e+00,3.356359448853113037e+01,1.526302068237828546e+00,3.207633530617813733e+01,2.339148475046696873e+00
1.225755068413733625e+03,1.292627306202575710e+00,3.065921578937681247e+01,3.357058574309883170e+01,1.525905507586679866e+00,2.549999966690304820e+00,3.357058574309883170e+01,1.525905507586679866e+00,3.208303545300231718e+01,2.338962700526001193e+00
1.227047695719936200e+03,1.292627306202575710e+00,3.066511145702141050e+01,3.357756397446117091e+01,1.525509266046380485e+00,2.549999966075520152e+00,3.357756397446117091e+01,1.525509266046380485e+00,3.208973324182664300e+01,2.338776975997622021e+00
1.228340323026138776e+03,1.292627306202575710e+00,3.067101172712978752e+01,3.358452961236736201e+01,1.525113343409838951e+00,2.549999965450691519e+00,3.358452961236736201e+01,1.525113343409838951e+00,3.209642869206074778e+01,2.338591301421971469e+00
1.229632950332341352e+03,1.292627306202575710e+00,3.067691659068567844e+01,3.359148305598697704e+01,1.524717739444884312e+00,2.549999964815677700e+00,3.359148305598697704e+01,1.524717739444884312e+00,3.210312182248659951e+01,2.338405676759490515e+00
1.231222696705880026e+03,1.589746373538673652e+00,3.068418501190904379e+01,3.360001862146411611e+01,1.524231639837861030e+00,2.549999964020523535e+00,3.360001862146411611e+01,1.524231639837861030e+00,3.211135025978214230e+01,2.338177453404415296e+00
1.232812443079418699e+03,1.589746373538673652e+00,3.069146035016225227e+01,3.360853694576139361e+01,1.523746021338012957e+00,2.549999963209477194e+00,3.360853694576139361e+01,1.523746021338012957e+00,3.211957524847816359e+01,2.337949305412129419e+00
1.234402189452957373e+03,1.589746373538673652e+00,3.069874258831015723e+01,3.361703862235377471e+01,1.523260883393800391e+00,2.549999962382264229e+00,3.361703862235377471e+01,1.523260883393800391e+00,3.212779682015553107e+01,2.337721232709252028e+00
1.235991935826496047e+03,1.589746373538673652e+00,3.070603170913798508e+01,3.362552420160019295e+01,1.522776225419989693e+00,2.549999961538607973e+00,3.362552420160019295e+01,1.522776225419989693e+00,3.213601500532913491e+01,2.337493235222485755e+00
1.237581682200034720e+03,1.589746373538673652e+00,3.071332769537619711e+01,3.363399419566039938e+01,1.522292046801972498e+00,2.549999960678225985e+00,3.363399419566039938e+01,1.522292046801972498e+00,3.214422983352346819e+01,2.337265312878626045e+00
1.239171428573573394e+03,1.589746373538673652e+00,3.072063052972214692e+01,3.364244908271611223e+01,1.521808346899466091e+00,2.549999959800832716e+00,3.364244908271611223e+01,1.521808346899466091e+00,3.215244133334061871e+01,2.337037465604565156e+00
1.241113896715217379e+03,1.942468141643985291e+00,3.072956293623350987e+01,3.365276002455480864e+01,1.521217975908851106e+00,2.549999958705256642e+00,3.365276002455480864e+01,1.521217975908851106e+00,3.216247026546249543e+01,2.336759166971493329e+00
1.243056364856861364e+03,1.942468141643985291e+00,3.073850550934172432e+01,3.366304984058492522e+01,1.520628317387843653e+00,2.549999957583313659e+00,3.366304984058492522e+01,1.520628317387843653e+00,3.217249431874595444e+01,2.336480980173676336e+00
1.244998832998505350e+03,1.942468141643985291e+00,3.074745821747732322e+01,3.367331923855851272e+01,1.520039370049023120e+00,2.549999956434459314e+00,3.367331923855851272e+01,1.520039370049023120e+00,3.218251354049586865e+01,2.336202905078374581e+00
1.246941301140149335e+03,1.942468141643985291e+00,3.075642102910129339e+01,3.368356887800662491e+01,1.519451132571714602e+00,2.549999955258138051e+00,3.368356887800662491e+01,1.519451132571714602e+00,3.219252797646022657e+01,2.335924941553091827e+00
1.248883769281793320e+03,1.942468141643985291e+00,3.076539391269716361e+01,3.369379937537230774e+01,1.518863603606425583e+00,2.549999954053785434e+00,3.369379937537230774e+01,1.518863603606425583e+00,3.220253767093388575e+01,2.335647089465580972e+00
1.250826237423437306e+03,1.942468141643985291e+00,3.077437683674641278e+01,3.370401130847432114e+01,1.518276781778690632e+00,2.549999952820827254e+00,3.370401130847432114e+01,1.518276781778690632e+00,3.221254266685235024e+01,2.335369348683848045e+00
1.253169278268422659e+03,2.343040844985353033e+00,3.078522552000546142e+01,3.371630519854807062e+01,1.517569885406834906e+00,2.549999951294717793e+00,3.371630519854807062e+01,1.517569885406834906e+00,3.222460468448058180e+01,2.335034480553153990e+00
1.255512319113408012e+03,2.343040844985353033e+00,3.079608871022005445e+01,3.372857375901185861e+01,1.516864013374959352e+00,2.549999949725094694e+00,3.372857375901185861e+01,1.516864013374959352e+00,3.223665999723625930e+01,2.334699773945891010e+00
1.257855359958393365e+03,2.343040844985353033e+00,3.080696635138395223e+01,3.374081782273506036e+01,1.516159163162705159e+00,2.549999948110894810e+00,3.374081782273506036e+01,1.516159163162705159e+00,3.224870867355604531e+01,2.334365228631936517e+00
1.260000000000000000e+03,2.144640041606635350e+00,3.081693552958479998e+01,3.375200429207982467e+01,1.515514890816857196e+00,2.549999946593379807e+00,3.375200429207982467e+01,1.515514890816857196e+00,3.225973134771285800e+01,2.334059152677190330e+00
1.260000028653946856e+03,2.865394685613864567e-05,3.081693566286062236e+01,3.375200444143195710e+01,1.515514882214608283e+00,2.549999946593359379e+00,3.375200444143195710e+01,1.515514882214608283e+00,3.225973149494723202e+01,2.334059148588693677e+00
1.260000057307893712e+03,2.865394685613864567e-05,3.081693579613644829e+01,3.375200459079988491e+01,1.515514873612361146e+00,2.549999946593338951e+00,3.375200459079988491e+01,1.515514873612361146e+00,3.225973164218161315e+01,2.334059144500197913e+00
1.260000343847362274e+03,2.865394685613864567e-04,3.081693712889488523e+01,3.375200608502543531e+01,1.515514787589975709e+00,2.549999946593133338e+00,3.375200608502543531e+01,1.515514787589975709e+00,3.225973311452585790e+01,2.334059103615239383e+00
1.260000630386830835e+03,2.865394685613864567e-04,3.081693846165353534e+01,3.375200757966661058e+01,1.515514701567670874e+00,2.549999946592928168e+00,3.375200757966661058e+01,1.515514701567670874e+00,3.225973458687062134e+01,2.334059062730283074e+00
1.260003495781516449e+03,2.865394685613864567e-03,3.081695178925845369e+01,3.375202254263173529e+01,1.515513841348428148e+00,2.549999946590874700e+00,3.375202254263173529e+01,1.515513841348428148e+00,3.225974931036222415e+01,2.334058653880926038e+00
1.260006361176202063e+03,2.865394685613864567e-03,3.081696511688434725e+01,3.375203751849834788e+01,1.515512981132553838e+00,2.549999946588820787e+00,3.375203751849834788e+01,1.515512981132553838e+00,3.225976403390395575e+01,2.334058245031806145e+00
1.260013005023841515e+03,6.643847639452360454e-03,3.081699601905833674e+01,3.375207227415658195e+01,1.515510986602696564e+00,2.549999946584059263e+00,3.375207227415658195e+01,1.515510986602696564e+00,3.225979817281968565e+01,2.334057297054582314e+00
1.260019648871480968e+03,6.643847639452360454e-03,3.081702692134278720e+01,3.375210706973046371e+01,1.515508992086392004e+00,2.549999946579297294e+00,3.375210706973046371e+01,1.515508992086392004e+00,3.225983231199895584e+01,2.334056349078604153e+00
1.260026292719120420e+03,6.643847639452360454e-03,3.081705782374114477e+01,3.375214189777604901e+01,1.515506997582808157e+00,2.549999946574534437e+00,3.375214189777604901e+01,1.515506997582808157e+00,3.225986645144974574e+01,2.334055401103910743e+00
1.260038456196176639e+03,1.216347705621956266e-02,3.081711439978091960e+01,3.375220573156153847e+01,1.515503346100664395e+00,2.549999946565814302e+00,3.375220573156153847e+01,1.515503346100664395e+00,3.225992895425711993e+01,2.334053665566494740e+00
1.260050619673232859e+03,1.216347705621956266e-02,3.081717097620813206e+01,3.375226964135524099e+01,1.515499694656879726e+00,2.549999946557092834e+00,3.375226964135524099e+01,1.515499694656879726e+00,3.225999145798608225e+01,2.334051930033448130e+00
1.260062783150289079e+03,1.216347705621956266e-02,3.081722755302249439e+01,3.375233361718393610e+01,1.515496043250019076e+00,2.549999946548370477e+00,3.375233361718393610e+01,1.515496043250019076e+00,3.226005396263490610e+01,2.334050194504767362e+00
1.260074946627345298e+03,1.216347705621956266e-02,3.081728413022329960e+01,3.375239765257892799e+01,1.515492391879115441e+00,2.549999946539646345e+00,3.375239765257892799e+01,1.515492391879115441e+00,3.226011646820105483e+01,2.334048458980444440e+00
1.260095096269370515e+03,2.014964202521696279e-02,3.081737785512440908e+01,3.375250384986406971e+01,1.515486343207649966e+00,2.549999946525192129e+00,3.375250384986406971e+01,1.515486343207649966e+00,3.226022001501574721e+01,2.334045583973813009e+00
1.260115245911395732e+03,2.014964202521696279e-02,3.081747158108568030e+01,3.375261017888650628e+01,1.515480294630330738e+00,2.549999946510733917e+00,3.375261017888650628e+01,1.515480294630330738e+00,3.226032356434161130e+01,2.334042708979137792e+00
1.260135395553420949e+03,2.014964202521696279e-02,3.081756530810731576e+01,3.375271662696479780e+01,1.515474246145374071e+00,2.549999946496272596e+00,3.375271662696479780e+01,1.515474246145374071e+00,3.226042711617625258e+01,2.334039833996421454e+00
1.260155545195446166e+03,2.014964202521696279e-02,3.081765903618941138e+01,3.375282318491601785e+01,1.515468197751486557e+00,2.549999946481807722e+00,3.375282318491601785e+01,1.515468197751486557e+00,3.226053067051727652e+01,2.334036959025666214e+00
1.260189511666547787e+03,3.396647110162120953e-02,3.081781703703897435e+01,3.375300304020514375e+01,1.515458002111411240e+00,2.549999946457416122e+00,3.375300304020514375e+01,1.515458002111411240e+00,3.226070523886493646e+01,2.334032112683210869e+00
1.260223478137649408e+03,3.396647110162120953e-02,3.081797504090160444e+01,3.375318315825256121e+01,1.515447806723092095e+00,2.549999946433015197e+00,3.375318315825256121e+01,1.515447806723092095e+00,3.226087981431658847e+01,2.334027266374739895e+00
1.260257444608751030e+03,3.396647110162120953e-02,3.081813304777708140e+01,3.375336351707903759e+01,1.515437611583402511e+00,2.549999946408603613e+00,3.375336351707903759e+01,1.515437611583402511e+00,3.226105439686206466e+01,2.334022420100252404e+00
1.260291411079852651e+03,3.396647110162120953e-02,3.081829105766521337e+01,3.375354409986481130e+01,1.515427416689950846e+00,2.549999946384183147e+00,3.375354409986481130e+01,1.515427416689950846e+00,3.226122898649208537e+01,2.334017573859747507e+00
1.260340673877071140e+03,4.926279721848914050e-02,3.081852023045362543e+01,3.375380637654326677e+01,1.515412631102245777e+00,2.549999946348747049e+00,3.375380637654326677e+01,1.515412631102245777e+00,3.226148221269614425e+01,2.334010545242859891e+00
1.260389936674289629e+03,4.926279721848914050e-02,3.081874940957818154e+01,3.375406906070663382e+01,1.515397846023444517e+00,2.549999946313290078e+00,3.375406906070663382e+01,1.515397846023444517e+00,3.226173545375987572e+01,2.334003516697450653e+00
1.260439199471508118e+03,4.926279721848914050e-02,3.081897859503835235e+01,3.375433212417851081e+01,1.515383061449531166e+00,2.549999946277812679e+00,3.375433212417851081e+01,1.515383061449531166e+00,3.226198870966051402e+01,2.333996488223513577e+00
1.260488462268726607e+03,4.926279721848914050e-02,3.081920778683359075e+01,3.375459554413725272e+01,1.515368277377248551e+00,2.549999946242314408e+00,3.375459554413725272e+01,1.515368277377248551e+00,3.226224198037686364e+01,2.333989459821049994e+00
1.260560163670732891e+03,7.170140200628338789e-02,3.081954138402259602e+01,3.375497954613756235e+01,1.515346760230649181e+00,2.549999946190609990e+00,3.375497954613756235e+01,1.515346760230649181e+00,3.226261063925725381e+01,2.333979230194484611e+00
1.260631865072739174e+03,7.170140200628338789e-02,3.081987499462927360e+01,3.375536421321136515e+01,1.515325244133832738e+00,2.549999946138862050e+00,3.375536421321136515e+01,1.515325244133832738e+00,3.226297932942379276e+01,2.333969000719315456e+00
1.260703566474745458e+03,7.170140200628338789e-02,3.082020861865196437e+01,3.375574950441704658e+01,1.515303729080923256e+00,2.549999946087069702e+00,3.375574950441704658e+01,1.515303729080923256e+00,3.226334805082250767e+01,2.333958771395535869e+00
1.260775267876751741e+03,7.170140200628338789e-02,3.082054225608899145e+01,3.375613538479341713e+01,1.515282215066892979e+00,2.549999946035233389e+00,3.375613538479341713e+01,1.515282215066892979e+00,3.226371680340241710e+01,2.333948542223138745e+00
1.260846969278758024e+03,7.170140200628338789e-02,3.082087590693868506e+01,3.375652182435938897e+01,1.515260702087418476e+00,2.549999945983353111e+00,3.375652182435938897e+01,1.515260702087418476e+00,3.226408558711524677e+01,2.333938313202116088e+00
1.260959901657849059e+03,1.129323790910348180e-01,3.082140144665106263e+01,3.375713155321341929e+01,1.515226820432393762e+00,2.549999945901550547e+00,3.375713155321341929e+01,1.515226820432393762e+00,3.226466649822409494e+01,2.333922202419921099e+00
1.261072834036940094e+03,1.129323790910348180e-01,3.082192701962611636e+01,3.375774251996444519e+01,1.515192941322197839e+00,2.549999945819638292e+00,3.375774251996444519e+01,1.515192941322197839e+00,3.226524748628289530e+01,2.333906092013202649e+00
1.261185766416031129e+03,1.129323790910348180e-01,3.082245262585729506e+01,3.375835465293143756e+01,1.515159064746377959e+00,2.549999945737615903e+00,3.375835465293143756e+01,1.515159064746377959e+00,3.226582855113278470e+01,2.333889981981934092e+00
1.261298698795122164e+03,1.129323790910348180e-01,3.082297826533804042e+01,3.375896789040531587e+01,1.515125190695892465e+00,2.549999945655484268e+00,3.375896789040531587e+01,1.515125190695892465e+00,3.226640969262356151e+01,2.333873872326087007e+00
1.261411631174213198e+03,1.129323790910348180e-01,3.082350393806179056e+01,3.375958217880016576e+01,1.515091319162851002e+00,2.549999945573242943e+00,3.375958217880016576e+01,1.515091319162851002e+00,3.226699091061251323e+01,2.333857763045634748e+00
1.261565856574921781e+03,1.542254007085830381e-01,3.082422187343158981e+01,3.376042269133961327e+01,1.515045066768537563e+00,2.549999945460752482e+00,3.376042269133961327e+01,1.515045066768537563e+00,3.226778477066480377e+01,2.333835764113366462e+00
1.261720081975630364e+03,1.542254007085830381e-01,3.082493987077000952e+01,3.376126497403365079e+01,1.514998819041001976e+00,2.549999945348056851e+00,3.376126497403365079e+01,1.514998819041001976e+00,3.226857877280263409e+01,2.333813765881081803e+00
1.261874307376338948e+03,1.542254007085830381e-01,3.082565793006026666e+01,3.376210893815486713e+01,1.514952575966908910e+00,2.549999945235154719e+00,3.376210893815486713e+01,1.514952575966908910e+00,3.226937291671432462e+01,2.333791768348712381e+00
1.262028532777047531e+03,1.542254007085830381e-01,3.082637605128555336e+01,3.376295450578947310e+01,1.514906337534453584e+00,2.549999945122046974e+00,3.376295450578947310e+01,1.514906337534453584e+00,3.227016720210303191e+01,2.333769771516190250e+00
1.262182758177756114e+03,1.542254007085830381e-01,3.082709423442902619e+01,3.376380160800348307e+01,1.514860103733102648e+00,2.549999945008732727e+00,3.376380160800348307e+01,1.514860103733102648e+00,3.227096162868500784e+01,2.333747775383445244e+00
1.262391170232799595e+03,2.084120550434818142e-01,3.082806484751222698e+01,3.376494866710753229e+01,1.514797633158568191e+00,2.549999944855277256e+00,3.376494866710753229e+01,1.514797633158568191e+00,3.227203539861760362e+01,2.333718052083890715e+00
1.262599582287843077e+03,2.084120550434818142e-01,3.082903557359417235e+01,3.376609828386796153e+01,1.514735171003108061e+00,2.549999944701443422e+00,3.376609828386796153e+01,1.514735171003108061e+00,3.227310942525240733e+01,2.333688330061934213e+00
1.262807994342886559e+03,2.084120550434818142e-01,3.083000641263307529e+01,3.376725034154515015e+01,1.514672717248285005e+00,2.549999944547230779e+00,3.376725034154515015e+01,1.514672717248285005e+00,3.227418370797927594e+01,2.333658609317406984e+00
1.263016406397930041e+03,2.084120550434818142e-01,3.083097736458705995e+01,3.376840473636747930e+01,1.514610271877496528e+00,2.549999944392637552e+00,3.376840473636747930e+01,1.514610271877496528e+00,3.227525824621464778e+01,2.333628889850141164e+00
1.263224818452973523e+03,2.084120550434818142e-01,3.083194842941415814e+01,3.376956137545609948e+01,1.514547834875683341e+00,2.549999944237663740e+00,3.376956137545609948e+01,1.514547834875683341e+00,3.227633303939877862e+01,2.333599171659971105e+00
1.263496051436575044e+03,2.712329836015214823e-01,3.083321236793633702e+01,3.377106988027172463e+01,1.514466590213850994e+00,2.549999944035405086e+00,3.377106988027172463e+01,1.514466590213850994e+00,3.227773218471219963e+01,2.333560497530265287e+00
1.263767284420176566e+03,2.712329836015214823e-01,3.083447649746871022e+01,3.377258188089261637e+01,1.514385359675967546e+00,2.549999943832498062e+00,3.377258188089261637e+01,1.514385359675967546e+00,3.227913175978796545e+01,2.333521825562936858e+00
1.264038517403778087e+03,2.712329836015214823e-01,3.083574081791800836e+01,3.377409723125647645e+01,1.514304143237140687e+00,2.549999943628941779e+00,3.377409723125647645e+01,1.514304143237140687e+00,3.228053176353832754e+01,2.333483155757618110e+00
1.264309750387379609e+03,2.712329836015214823e-01,3.083700532919066006e+01,3.377561580010270603e+01,1.514222940874571766e+00,2.549999943424733129e+00,3.377561580010270603e+01,1.514222940874571766e+00,3.228193219491918597e+01,2.333444488113943116e+00
1.264580983370981130e+03,2.712329836015214823e-01,3.083827003119279553e+01,3.377713746877179801e+01,1.514141752567246035e+00,2.549999943219871223e+00,3.377713746877179801e+01,1.514141752567246035e+00,3.228333305292593991e+01,2.333405822631545501e+00
1.264924473239299687e+03,3.434898683185565460e-01,3.083987192532305954e+01,3.377906879320651257e+01,1.514038955709940515e+00,2.549999942959493282e+00,3.377906879320651257e+01,1.514038955709940515e+00,3.228510771239871957e+01,2.333356859706113617e+00
1.265267963107618243e+03,3.434898683185565460e-01,3.084147412499701346e+01,3.378100471927619708e+01,1.513936181326370090e+00,2.549999942698060629e+00,3.378100471927619708e+01,1.513936181326370090e+00,3.228688305263904113e+01,2.333307900245551902e+00
1.265611452975936800e+03,3.434898683185565460e-01,3.084307663002180888e+01,3.378294506942850006e+01,1.513833429382827722e+00,2.549999942435569711e+00,3.378294506942850006e+01,1.513833429382827722e+00,3.228865907183037365e+01,2.333258944249118727e+00
1.265954942844255356e+03,3.434898683185565460e-01,3.084467944020374830e+01,3.378488968263262393e+01,1.513730699847941619e+00,2.549999942172016532e+00,3.378488968263262393e+01,1.513730699847941619e+00,3.229043576822378725e+01,2.333209991716074239e+00
1.266298432712573913e+03,3.434898683185565460e-01,3.084628255534825669e+01,3.378683841209862493e+01,1.513627992692354596e+00,2.549999941907397982e+00,3.378683841209862493e+01,1.513627992692354596e+00,3.229221314013200583e+01,2.333161042645680805e+00
1.266723692200601135e+03,4.252594880272226874e-01,3.084826772292604957e+01,3.378925654973588877e+01,1.513500866506774623e+00,2.549999941578303897e+00,3.378925654973588877e+01,1.513500866506774623e+00,3.229441455846582443e+01,2.333100445780628363e+00
1.267148951688628358e+03,4.252594880272226874e-01,3.085025335727215179e+01,3.379168055914908564e+01,1.513373774532381866e+00,2.549999941247563573e+00,3.379168055914908564e+01,1.513373774532381866e+00,3.229661700673499070e+01,2.333039854220533726e+00
1.267574211176655581e+03,4.252594880272226874e-01,3.085223945801145007e+01,3.379411022963919464e+01,1.513246716723055219e+00,2.549999940915169905e+00,3.379411022963919464e+01,1.513246716723055219e+00,3.229882048206545875e+01,2.332979267964001568e+00
1.267999470664682804e+03,4.252594880272226874e-01,3.085422602476655030e+01,3.379654536862790337e+01,1.513119693035233526e+00,2.549999940581115787e+00,3.379654536862790337e+01,1.513119693035233526e+00,3.230102498168304237e+01,2.332918687009637448e+00
1.268424730152710026e+03,4.252594880272226874e-01,3.085621305715772422e+01,3.379898579932976332e+01,1.512992703427585850e+00,2.549999940245394559e+00,3.379898579932976332e+01,1.512992703427585850e+00,3.230323050290525089e+01,2.332858111356050479e+00
1.268953710344391993e+03,5.289801916819669714e-01,3.085868537561140812e+01,3.380202859121421710e+01,1.512834788582999579e+00,2.549999939825452699e+00,3.380202859121421710e+01,1.512834788582999579e+00,3.230597537214245563e+01,2.332782768708356436e+00
1.269482690536073960e+03,5.289801916819669714e-01,3.086115841320536646e+01,3.380507903242282453e+01,1.512676926337347405e+00,2.549999939402906257e+00,3.380507903242282453e+01,1.512676926337347405e+00,3.230872181324895820e+01,2.332707434257659695e+00
1.270011670727755927e+03,5.289801916819669714e-01,3.086363216919274066e+01,3.380813686035232735e+01,1.512519116622041970e+00,2.549999938977741021e+00,3.380813686035232735e+01,1.512519116622041970e+00,3.231146982156212744e+01,2.332632108001289062e+00
1.270540650919437894e+03,5.289801916819669714e-01,3.086610664282043359e+01,3.381120183409480973e+01,1.512361359371556357e+00,2.549999938549943224e+00,3.381120183409480973e+01,1.512361359371556357e+00,3.231421939257545972e+01,2.332556789936580000e+00
1.271069631111119861e+03,5.289801916819669714e-01,3.086858183332894612e+01,3.381427373174884821e+01,1.512203654523044838e+00,2.549999938119498655e+00,3.381427373174884821e+01,1.512203654523044838e+00,3.231697052192625108e+01,2.332481480060869306e+00
1.271598611302801828e+03,5.289801916819669714e-01,3.087105773995219948e+01,3.381735234803956303e+01,1.512046002016006252e+00,2.549999937686393547e+00,3.381735234803956303e+01,1.512046002016006252e+00,3.231972320538434218e+01,2.332406178371495997e+00
1.272372836443359120e+03,7.742251405572915246e-01,3.087468281190890096e+01,3.382186998698919922e+01,1.511815353151460428e+00,2.549999937047666254e+00,3.382186998698919922e+01,1.511815353151460428e+00,3.232375487691290772e+01,2.332295980187163664e+00
1.273147061583916411e+03,7.742251405572915246e-01,3.087830941380458682e+01,3.382640106400068447e+01,1.511584816110586704e+00,2.549999936403164025e+00,3.382640106400068447e+01,1.511584816110586704e+00,3.232778985639701830e+01,2.332185799525424486e+00
1.273921286724473703e+03,7.742251405572915246e-01,3.088193754315654616e+01,3.383094508099524234e+01,1.511354390724213514e+00,2.549999935752843339e+00,3.383094508099524234e+01,1.511354390724213514e+00,3.233182813186552806e+01,2.332075636377973549e+00
1.274695511865030994e+03,7.742251405572915246e-01,3.088556719744820711e+01,3.383550158380352002e+01,1.511124076829360119e+00,2.549999935096657566e+00,3.383550158380352002e+01,1.511124076829360119e+00,3.233586969177941484e+01,2.331965490736518376e+00
1.275469737005588286e+03,7.742251405572915246e-01,3.088919837412809954e+01,3.384007015629699566e+01,1.510893874268411707e+00,2.549999934434562299e+00,3.384007015629699566e+01,1.510893874268411707e+00,3.233991452499508057e+01,2.331855362592777592e+00
1.276243962146145577e+03,7.742251405572915246e-01,3.089283107060886024e+01,3.384465041531912988e+01,1.510663782888405748e+00,2.549999933766511351e+00,3.384465041531912988e+01,1.510663782888405748e+00,3.234396262073155981e+01,2.331745251938482699e+00
1.277196193123445028e+03,9.522309772994503874e-01,3.089730105809011818e+01,3.385029924880912944e+01,1.510380942332550713e+00,2.549999932936631630e+00,3.385029924880912944e+01,1.510380942332550713e+00,3.234894589219292271e+01,2.331609849183643224e+00
1.278148424100744478e+03,9.522309772994503874e-01,3.090177333562663264e+01,3.385596461932022549e+01,1.510098269464460463e+00,2.549999932097587241e+00,3.385596461932022549e+01,1.510098269464460463e+00,3.235393406425703944e+01,2.331474472857089086e+00
1.279100655078043928e+03,9.522309772994503874e-01,3.090624789816844498e+01,3.386164597070936821e+01,1.509815764021700923e+00,2.549999931249291585e+00,3.386164597070936821e+01,1.509815764021700923e+00,3.235892711877284711e+01,2.331339122943503206e+00
1.280052886055343379e+03,9.522309772994503874e-01,3.091072474057423136e+01,3.386734279131144376e+01,1.509533425748143420e+00,2.549999930391658065e+00,3.386734279131144376e+01,1.509533425748143420e+00,3.236392503818549926e+01,2.331203799427592038e+00
1.281005117032642829e+03,9.522309772994503874e-01,3.091520385760903977e+01,3.387305460844806504e+01,1.509251254393197295e+00,2.549999929524597864e+00,3.387305460844806504e+01,1.509251254393197295e+00,3.236892780548978976e+01,2.331068502294085576e+00
1.281957348009942280e+03,9.522309772994503874e-01,3.091968524394217610e+01,3.387878098374910252e+01,1.508969249711158200e+00,2.549999928648022163e+00,3.387878098374910252e+01,1.508969249711158200e+00,3.237393540418870685e+01,2.330933231527736904e+00
1.283126843168990717e+03,1.169495159048437927e+00,3.092519221528357320e+01,3.388583322931324204e+01,1.508623129603689161e+00,2.549999927558292967e+00,3.388583322931324204e+01,1.508623129603689161e+00,3.238009214035142946e+01,2.330767132989246537e+00
1.284296338328039155e+03,1.169495159048437927e+00,3.093070259114412224e+01,3.389290612074659492e+01,1.508277260100234329e+00,2.549999926453908827e+00,3.389290612074659492e+01,1.508277260100234329e+00,3.238625611118815328e+01,2.330601074171460230e+00
1.285465833487087593e+03,1.169495159048437927e+00,3.093621636103040018e+01,3.389999901244692637e+01,1.507931640769498705e+00,2.549999925334701434e+00,3.389999901244692637e+01,1.507931640769498705e+00,3.239242728883362332e+01,2.330435055046266246e+00
1.286635328646136031e+03,1.169495159048437927e+00,3.094173351421363805e+01,3.390711130694214148e+01,1.507586271187161042e+00,2.549999924200500256e+00,3.390711130694214148e+01,1.507586271187161042e+00,3.239860564627487349e+01,2.330269075585600813e+00
1.287804823805184469e+03,1.169495159048437927e+00,3.094725403972606514e+01,3.391424244939850041e+01,1.507241150935119345e+00,2.549999923051133432e+00,3.391424244939850041e+01,1.507241150935119345e+00,3.240479115728903281e+01,2.330103135761449895e+00
1.288974318964232907e+03,1.169495159048437927e+00,3.095277792635772229e+01,3.392139192290129301e+01,1.506896279600845379e+00,2.549999921886427323e+00,3.392139192290129301e+01,1.506896279600845379e+00,3.241098379638760463e+01,2.329937235545842089e+00
1.290401873438576104e+03,1.427554474343196489e+00,3.095952524554221696e+01,3.393014313469679166e+01,1.506475646170295724e+00,2.549999920443673851e+00,3.393014313469679166e+01,1.506475646170295724e+00,3.241855252025119682e+01,2.329734781641677355e+00
1.291829427912919300e+03,1.427554474343196489e+00,3.096627753440478159e+01,3.393892012487284404e+01,1.506055382290250932e+00,2.549999918977482238e+00,3.393892012487284404e+01,1.506055382290250932e+00,3.242613178427041731e+01,2.329532386662249710e+00
1.293256982387262497e+03,1.427554474343196489e+00,3.097303477106037661e+01,3.394772213610732337e+01,1.505635487237792169e+00,2.549999917487526524e+00,3.394772213610732337e+01,1.505635487237792169e+00,3.243372154593397738e+01,2.329330050556965404e+00
1.294684536861605693e+03,1.427554474343196489e+00,3.097979693306995941e+01,3.395654846455582287e+01,1.505215960298210698e+00,2.549999915973478082e+00,3.395654846455582287e+01,1.505215960298210698e+00,3.244132176395335421e+01,2.329127773275326163e+00
1.296112091335948890e+03,1.427554474343196489e+00,3.098656399744081824e+01,3.396539845411568592e+01,1.504796800764238274e+00,2.549999914435003401e+00,3.396539845411568592e+01,1.504796800764238274e+00,3.244893239817826469e+01,2.328925554766931860e+00
1.297539645810292086e+03,1.427554474343196489e+00,3.099333594062925101e+01,3.397427149143566538e+01,1.504378007935383899e+00,2.549999912871766750e+00,3.397427149143566538e+01,1.504378007935383899e+00,3.245655340952026080e+01,2.328723394981480954e+00
1.299260162220998609e+03,1.720516410706522947e+00,3.100150406739290432e+01,3.398499526290535044e+01,1.503873756999038358e+00,2.549999910954332982e+00,3.398499526290535044e+01,1.503873756999038358e+00,3.246575213657286696e+01,2.328479826041997214e+00
1.300980678631705132e+03,1.720516410706522947e+00,3.100967920267625644e+01,3.399575073968438943e+01,1.503370036509028118e+00,2.549999908999832865e+00,3.399575073968438943e+01,1.503370036509028118e+00,3.247496581676292493e+01,2.328236342240116219e+00
1.302701195042411655e+03,1.720516410706522947e+00,3.101786130217158544e+01,3.400653704747651318e+01,1.502866845271930485e+00,2.549999907007654443e+00,3.400653704747651318e+01,1.502866845271930485e+00,3.248419438701645134e+01,2.327992943488323530e+00
1.304421711453118178e+03,1.720516410706522947e+00,3.102605032051218714e+01,3.401735337069174392e+01,1.502364182104481749e+00,2.549999904977178655e+00,3.401735337069174392e+01,1.502364182104481749e+00,3.249343778596376353e+01,2.327749629699299661e+00
1.306142227863824701e+03,1.720516410706522947e+00,3.103424621132715444e+01,3.402819894647193877e+01,1.501862045832805803e+00,2.549999902907777116e+00,3.402819894647193877e+01,1.501862045832805803e+00,3.250269595382734167e+01,2.327506400785920970e+00
1.307862744274531224e+03,1.720516410706522947e+00,3.104244892730880778e+01,3.403907305945529771e+01,1.501360435291739792e+00,2.549999900798813890e+00,3.403907305945529771e+01,1.501360435291739792e+00,3.251196883231999379e+01,2.327263256661257440e+00
1.309910109530578211e+03,2.047365256046987270e+00,3.105221875083730154e+01,3.405204919762494598e+01,1.500764216538429174e+00,2.549999898236765095e+00,3.405204919762494598e+01,1.500764216538429174e+00,3.252302238140902801e+01,2.326974032475811249e+00
1.311957474786625198e+03,2.047365256046987270e+00,3.106199808823700437e+01,3.406506373377422392e+01,1.500168738662803314e+00,2.549999895616680501e+00,3.406506373377422392e+01,1.500168738662803314e+00,3.253409658728327969e+01,2.326684928085262172e+00
1.314004840042672186e+03,2.047365256046987270e+00,3.107178685569351728e+01,3.407811567666574604e+01,1.499573999743568864e+00,2.549999892937440560e+00,3.407811567666574604e+01,1.499573999743568864e+00,3.254519135896042314e+01,2.326395943344180761e+00
1.316052205298719173e+03,2.047365256046987270e+00,3.108158496841752338e+01,3.409120409839426458e+01,1.498979997872877723e+00,2.549999890197908403e+00,3.409120409839426458e+01,1.498979997872877723e+00,3.255630660776132146e+01,2.326107078107515935e+00
1.318099570554766160e+03,2.047365256046987270e+00,3.109139234096843296e+01,3.410432812825312965e+01,1.498386731155564977e+00,2.549999887396929843e+00,3.410432812825312965e+01,1.498386731155564977e+00,3.256744224716567260e+01,2.325818332230588759e+00
1.320000000000000000e+03,1.900429445233839942e+00,3.110050406753857288e+01,3.411654141995069267e+01,1.497836698409736877e+00,2.549999884740958400e+00,3.411654141995069267e+01,1.497836698409736877e+00,3.257779687545853164e+01,2.325550415830141215e+00
1.320000028283047868e+03,2.828304786817170680e-05,3.110050420320187570e+01,3.411654160191809382e+01,1.497836690228598666e+00,2.549999884740918432e+00,3.411654160191809382e+01,1.497836690228598666e+00,3.257779702969064317e+01,2.325550411843652743e+00
1.320000056566095736e+03,2.828304786817170680e-05,3.110050433886518206e+01,3.411654178387431813e+01,1.497836682047463341e+00,2.549999884740878464e+00,3.411654178387431813e+01,1.497836682047463341e+00,3.257779718392275470e+01,2.325550407857164270e+00
1.320000339396574418e+03,2.828304786817170680e-04,3.110050569549838428e+01,3.411654360305011835e+01,1.497836600236333027e+00,2.549999884740479228e+00,3.411654360305011835e+01,1.497836600236333027e+00,3.257779872624379180e+01,2.325550367992277767e+00
1.320000622227053100e+03,2.828304786817170680e-04,3.110050705213175704e+01,3.411654542193210915e+01,1.497836518425396335e+00,2.549999884740079992e+00,3.411654542193210915e+01,1.497836518425396335e+00,3.257780026856479338e+01,2.325550328127392596e+00
1.320003450531839917e+03,2.828304786817170680e-03,3.110052061848038463e+01,3.411656359906989877e+01,1.497835700324128272e+00,2.549999884736086742e+00,3.411656359906989877e+01,1.497835700324128272e+00,3.257781569177112146e+01,2.325549929478748279e+00
1.320006278836626734e+03,2.828304786817170680e-03,3.110053418484598353e+01,3.411658176711534907e+01,1.497834882229410969e+00,2.549999884732093047e+00,3.411658176711534907e+01,1.497834882229410969e+00,3.257783111497324313e+01,2.325549530830329559e+00
1.320013672515153303e+03,7.393678526568692178e-03,3.110056964974848981e+01,3.411662923431973127e+01,1.497832743609352146e+00,2.549999884721652066e+00,3.411662923431973127e+01,1.497832743609352146e+00,3.257787143387664486e+01,2.325548488695299287e+00
1.320021066193679872e+03,7.393678526568692178e-03,3.110060511476514122e+01,3.411667666662196297e+01,1.497830605018094952e+00,2.549999884711211084e+00,3.411667666662196297e+01,1.497830605018094952e+00,3.257791175275224305e+01,2.325547446561787357e+00
1.320028459872206440e+03,7.393678526568692178e-03,3.110064057989910324e+01,3.411672407114336636e+01,1.497828466451893936e+00,2.549999884700769215e+00,3.411672407114336636e+01,1.497828466451893936e+00,3.257795207159951900e+01,2.325546404429835512e+00
1.320042062569926429e+03,1.360269771998900978e-02,3.110070582803979988e+01,3.411681122403961552e+01,1.497824532032379974e+00,2.549999884681555695e+00,3.411681122403961552e+01,1.497824532032379974e+00,3.257802624909376021e+01,2.325544487146639305e+00
1.320055665267646418e+03,1.360269771998900978e-02,3.110077107658277029e+01,3.411689831254649619e+01,1.497820597681666976e+00,2.549999884662339511e+00,3.411689831254649619e+01,1.497820597681666976e+00,3.257810042649274607e+01,2.325542569868794374e+00
1.320069267965366407e+03,1.360269771998900978e-02,3.110083632552772670e+01,3.411698534524165183e+01,1.497816663395002523e+00,2.549999884643120662e+00,3.411698534524165183e+01,1.497816663395002523e+00,3.257817460379751395e+01,2.325540652596296276e+00
1.320082870663086396e+03,1.360269771998900978e-02,3.110090157487399409e+01,3.411707232769379772e+01,1.497812729169256896e+00,2.549999884623899149e+00,3.411707232769379772e+01,1.497812729169256896e+00,3.257824878100907284e+01,2.325538735329137019e+00
1.320105956867230134e+03,2.308620414373763197e-02,3.110101231557050738e+01,3.411721984921479844e+01,1.497806052219378348e+00,2.549999884591269694e+00,3.411721984921479844e+01,1.497806052219378348e+00,3.257837467275575705e+01,2.325535481397031035e+00
1.320129043071373871e+03,2.308620414373763197e-02,3.110112305742249816e+01,3.411736725535695314e+01,1.497799375428725543e+00,2.549999884558632690e+00,3.411736725535695314e+01,1.497799375428725543e+00,3.257850056423952623e+01,2.325532227480297198e+00
1.320152129275517609e+03,2.308620414373763197e-02,3.110123380043007657e+01,3.411751455780527209e+01,1.497792698790866073e+00,2.549999884525987248e+00,3.411751455780527209e+01,1.497792698790866073e+00,3.257862645546329361e+01,2.325528973578940839e+00
1.320175215479661347e+03,2.308620414373763197e-02,3.110134454459324971e+01,3.411766176492466229e+01,1.497786022301192288e+00,2.549999884493333813e+00,3.411766176492466229e+01,1.497786022301192288e+00,3.257875234642972373e+01,2.325525719692961513e+00
1.320214501897737819e+03,3.928641807647181849e-02,3.110153300358743778e+01,3.411791206997311576e+01,1.497774661068901780e+00,2.549999884437748054e+00,3.411791206997311576e+01,1.497774661068901780e+00,3.257896657790791295e+01,2.325520182502520683e+00
1.320253788315814290e+03,3.928641807647181849e-02,3.110172146592706000e+01,3.411816214488347754e+01,1.497763300240375850e+00,2.549999884382138315e+00,3.411816214488347754e+01,1.497763300240375850e+00,3.257918080865919563e+01,2.325514645356606902e+00
1.320293074733890762e+03,3.928641807647181849e-02,3.110190993161146622e+01,3.411841201000605395e+01,1.497751939804370602e+00,2.549999884326505484e+00,3.411841201000605395e+01,1.497751939804370602e+00,3.257939503869372544e+01,2.325509108255219726e+00
1.320332361151967234e+03,3.928641807647181849e-02,3.110209840064002762e+01,3.411866168081394335e+01,1.497740579752335988e+00,2.549999884270848671e+00,3.411866168081394335e+01,1.497740579752335988e+00,3.257960926802080337e+01,2.325503571198356934e+00
1.320389877243574119e+03,5.751609160688531119e-02,3.110237432904892430e+01,3.411902687851417681e+01,1.497723949090540962e+00,2.549999884189324106e+00,3.411902687851417681e+01,1.497723949090540962e+00,3.257992290272632374e+01,2.325495464918108990e+00
1.320447393335181005e+03,5.751609160688531119e-02,3.110265026462236904e+01,3.411939171938256266e+01,1.497707319218755551e+00,2.549999884107748915e+00,3.411939171938256266e+01,1.497707319218755551e+00,3.258023653595903824e+01,2.325487358733284271e+00
1.320504909426787890e+03,5.751609160688531119e-02,3.110292620735846469e+01,3.411975622981073286e+01,1.497690690122378321e+00,2.549999884026123542e+00,3.411975622981073286e+01,1.497690690122378321e+00,3.258055016774218160e+01,2.325479252643879668e+00
1.320562425518394775e+03,5.751609160688531119e-02,3.110320215725532123e+01,3.412012043107649362e+01,1.497674061789627586e+00,2.549999883944447099e+00,3.412012043107649362e+01,1.497674061789627586e+00,3.258086379809726907e+01,2.325471146649891185e+00
1.320646168809088749e+03,8.374329069397390413e-02,3.110360395243903042e+01,3.412065019130251642e+01,1.497649852322163966e+00,2.549999883825436520e+00,3.412065019130251642e+01,1.497649852322163966e+00,3.258132044062621446e+01,2.325459344512778692e+00
1.320729912099782723e+03,8.374329069397390413e-02,3.110400576279317164e+01,3.412117937988535488e+01,1.497625644427094560e+00,2.549999883706318471e+00,3.412117937988535488e+01,1.497625644427094560e+00,3.258177708022871144e+01,2.325447542577919080e+00
1.320813655390476697e+03,8.374329069397390413e-02,3.110440758831190067e+01,3.412170803475704872e+01,1.497601438083351777e+00,2.549999883587092953e+00,3.412170803475704872e+01,1.497601438083351777e+00,3.258223371695877546e+01,2.325435740845298582e+00
1.320897398681170671e+03,8.374329069397390413e-02,3.110480942898937684e+01,3.412223618825654370e+01,1.497577233272951558e+00,2.549999883467760409e+00,3.412223618825654370e+01,1.497577233272951558e+00,3.258269035086723164e+01,2.325423939314906541e+00
1.320981141971864645e+03,8.374329069397390413e-02,3.110521128481975239e+01,3.412276386805998385e+01,1.497553029980480899e+00,2.549999883348320395e+00,3.412276386805998385e+01,1.497553029980480899e+00,3.258314698200194215e+01,2.325412137986728744e+00
1.321113972513383487e+03,1.328305415188424377e-01,3.110584872488919927e+01,3.412359994066493130e+01,1.497514642685236375e+00,2.549999883158648117e+00,3.412359994066493130e+01,1.497514642685236375e+00,3.258387126801020628e+01,2.325393419566788911e+00
1.321246803054902330e+03,1.328305415188424377e-01,3.110648620304405654e+01,3.412443496138835997e+01,1.497476259130836374e+00,2.549999882968704945e+00,3.412443496138835997e+01,1.497476259130836374e+00,3.258459554732335306e+01,2.325374701655526177e+00
1.321379633596421172e+03,1.328305415188424377e-01,3.110712371926103614e+01,3.412526899735702557e+01,1.497437879279654549e+00,2.549999882778489990e+00,3.412526899735702557e+01,1.497437879279654549e+00,3.258531982009957062e+01,2.325355984252893027e+00
1.321512464137940015e+03,1.328305415188424377e-01,3.110776127351686071e+01,3.412610210625298635e+01,1.497399503099270612e+00,2.549999882588004141e+00,3.412610210625298635e+01,1.497399503099270612e+00,3.258604408648763240e+01,2.325337267358842830e+00
1.321645294679458857e+03,1.328305415188424377e-01,3.110839886578826352e+01,3.412693433807052656e+01,1.497361130561502884e+00,2.549999882397245621e+00,3.412693433807052656e+01,1.497361130561502884e+00,3.258676834662802690e+01,2.325318550973328957e+00
1.321827213770470280e+03,1.819190910114230064e-01,3.110927214683598407e+01,3.412807278319046134e+01,1.497308583022938011e+00,2.549999882135549623e+00,3.412807278319046134e+01,1.497308583022938011e+00,3.258776025278486799e+01,2.325292918628498740e+00
1.322009132861481703e+03,1.819190910114230064e-01,3.111014549908578175e+01,3.412920976099489678e+01,1.497256042216007055e+00,2.549999881873341590e+00,3.412920976099489678e+01,1.497256042216007055e+00,3.258875214779513385e+01,2.325267287237319458e+00
1.322191051952493126e+03,1.819190910114230064e-01,3.111101892247801004e+01,3.413034535446391970e+01,1.497203508093374769e+00,2.549999881610621522e+00,3.413034535446391970e+01,1.497203508093374769e+00,3.258974403196253178e+01,2.325241656799673429e+00
1.322372971043504549e+03,1.819190910114230064e-01,3.111189241695307928e+01,3.413147963634347803e+01,1.497150980613348059e+00,2.549999881347387642e+00,3.413147963634347803e+01,1.497150980613348059e+00,3.259073590557437683e+01,2.325216027315443856e+00
1.322554890134515972e+03,1.819190910114230064e-01,3.111276598245144598e+01,3.413261267088891771e+01,1.497098459738917198e+00,2.549999881083639952e+00,3.413261267088891771e+01,1.497098459738917198e+00,3.259172776890357426e+01,2.325190398784516166e+00
1.322801507068634010e+03,2.466169341180375341e-01,3.111395033674106614e+01,3.413414676829609817e+01,1.497027270789515807e+00,2.549999880725270174e+00,3.413414676829609817e+01,1.497027270789515807e+00,3.259307236330177204e+01,2.325155657225399519e+00
1.323048124002752047e+03,2.466169341180375341e-01,3.111513482129725006e+01,3.413567880269366128e+01,1.496956093846363300e+00,2.549999880365951821e+00,3.413567880269366128e+01,1.496956093846363300e+00,3.259441693989355571e+01,2.325120917417726751e+00
1.323294740936870085e+03,2.466169341180375341e-01,3.111631943597216576e+01,3.413720888329607561e+01,1.496884928845313434e+00,2.549999880005682673e+00,3.413720888329607561e+01,1.496884928845313434e+00,3.259576149925899813e+01,2.325086179361213645e+00
1.323541357870988122e+03,2.466169341180375341e-01,3.111750418061819090e+01,3.413873710700593023e+01,1.496813775729014528e+00,2.549999879644460510e+00,3.413873710700593023e+01,1.496813775729014528e+00,3.259710604194876993e+01,2.325051443055580869e+00
1.323787974805106160e+03,2.466169341180375341e-01,3.111868905508793048e+01,3.414026356039688892e+01,1.496742634445815234e+00,2.549999879282283555e+00,3.414026356039688892e+01,1.496742634445815234e+00,3.259845056848724454e+01,2.325016708500545093e+00
1.324109687014845349e+03,3.217122097391893476e-01,3.112023492074377629e+01,3.414225228844967575e+01,1.496649848230398483e+00,2.549999878808383524e+00,3.414225228844967575e+01,1.496649848230398483e+00,3.260020448219146516e+01,2.324971399845346287e+00
1.324431399224584538e+03,3.217122097391893476e-01,3.112178100674734793e+01,3.414423828935595395e+01,1.496557081978948656e+00,2.549999878332850578e+00,3.414423828935595395e+01,1.496557081978948656e+00,3.260195837031776733e+01,2.324926094168089374e+00
1.324753111434323728e+03,3.217122097391893476e-01,3.112332731277330566e+01,3.414622169936269103e+01,1.496464335607694096e+00,2.549999877855678498e+00,3.414622169936269103e+01,1.496464335607694096e+00,3.260371223386827921e+01,2.324880791468159735e+00
1.325074823644062917e+03,3.217122097391893476e-01,3.112487383849708422e+01,3.414820264064993438e+01,1.496371609040636041e+00,2.549999877376863289e+00,3.414820264064993438e+01,1.496371609040636041e+00,3.260546607379690442e+01,2.324835491744943639e+00
1.325396535853802106e+03,3.217122097391893476e-01,3.112642058359493547e+01,3.415018122343707319e+01,1.496278902208389550e+00,2.549999876896399620e+00,3.415018122343707319e+01,1.496278902208389550e+00,3.260721989101396900e+01,2.324790194997831794e+00
1.325804731654412763e+03,4.081958006106560788e-01,3.112838344436098836e+01,3.415268845566203737e+01,1.496161301968108370e+00,2.549999876284397171e+00,3.415268845566203737e+01,1.496161301968108370e+00,3.260944514303368891e+01,2.324732725733130057e+00
1.326212927455023419e+03,4.081958006106560788e-01,3.113034665712257620e+01,3.415519223485924982e+01,1.496043733278128229e+00,2.549999875669723526e+00,3.415519223485924982e+01,1.496043733278128229e+00,3.261167036158478538e+01,2.324675261257473480e+00
1.326621123255634075e+03,4.081958006106560788e-01,3.113231022122458924e+01,3.415769272570027226e+01,1.495926196030182620e+00,2.549999875052368470e+00,3.415769272570027226e+01,1.495926196030182620e+00,3.261389554827938042e+01,2.324617801569627940e+00
1.327029319056244731e+03,4.081958006106560788e-01,3.113427413601447213e+01,3.416019007715716072e+01,1.495808690124708074e+00,2.549999874432323121e+00,3.416019007715716072e+01,1.495808690124708074e+00,3.261612070465515956e+01,2.324560346668362421e+00
1.327437514856855387e+03,4.081958006106560788e-01,3.113623840084234118e+01,3.416268442468707889e+01,1.495691215469636903e+00,2.549999873809576822e+00,3.416268442468707889e+01,1.495691215469636903e+00,3.261834583218210781e+01,2.324502896552451237e+00
1.327943667825123157e+03,5.061529682677701203e-01,3.113867452710064754e+01,3.416577336862771119e+01,1.495545592996119444e+00,2.549999873033620190e+00,3.416577336862771119e+01,1.495545592996119444e+00,3.262110489880429043e+01,2.324431666435302191e+00
1.328449820793390927e+03,5.061529682677701203e-01,3.114111118933428557e+01,3.416885809760944426e+01,1.495400018289162247e+00,2.549999872253476241e+00,3.416885809760944426e+01,1.495400018289162247e+00,3.262386392579545458e+01,2.324360443671621645e+00
1.328955973761658697e+03,5.061529682677701203e-01,3.114354838632300826e+01,3.417193880530237493e+01,1.495254491209129677e+00,2.549999871469126322e+00,3.417193880530237493e+01,1.495254491209129677e+00,3.262662291559816197e+01,2.324289228259094564e+00
1.329462126729926467e+03,5.061529682677701203e-01,3.114598611685416429e+01,3.417501566818404513e+01,1.495109011625965767e+00,2.549999870680550007e+00,3.417501566818404513e+01,1.495109011625965767e+00,3.262938187054587047e+01,2.324218020195409018e+00
1.329968279698194237e+03,5.061529682677701203e-01,3.114842437972301425e+01,3.417808884776946599e+01,1.494963579417965871e+00,2.549999869887728643e+00,3.417808884776946599e+01,1.494963579417965871e+00,3.263214079287220670e+01,2.324146819478260184e+00
1.330597573978896662e+03,6.292942807024246576e-01,3.115145658502336445e+01,3.418190478325270476e+01,1.494782831087185571e+00,2.549999868896073441e+00,3.418190478325270476e+01,1.494782831087185571e+00,3.263557088763416658e+01,2.324058306670601759e+00
1.331226868259599087e+03,6.292942807024246576e-01,3.115448960906400799e+01,3.418571551416378895e+01,1.494602155605111893e+00,2.549999867897788430e+00,3.418571551416378895e+01,1.494602155605111893e+00,3.263900093921013479e+01,2.323969805211015149e+00
1.331856162540301511e+03,6.292942807024246576e-01,3.115752344958569608e+01,3.418952127768072558e+01,1.494421552778848694e+00,2.549999866892835421e+00,3.418952127768072558e+01,1.494421552778848694e+00,3.264243095135230277e+01,2.323881315095106093e+00
1.332485456821003936e+03,6.292942807024246576e-01,3.116055810435168993e+01,3.419332229059589423e+01,1.494241022426962662e+00,2.549999865881177552e+00,3.419332229059589423e+01,1.494241022426962662e+00,3.264586092764551495e+01,2.323792836318490984e+00
1.333114751101706361e+03,6.292942807024246576e-01,3.116359357114870932e+01,3.419711875187041272e+01,1.494060564378072664e+00,2.549999864862776633e+00,3.419711875187041272e+01,1.494060564378072664e+00,3.264929087152086140e+01,2.323704368876795545e+00
1.333744045382408785e+03,6.292942807024246576e-01,3.116662984778787049e+01,3.420091084489347111e+01,1.493880178469598086e+00,2.549999863837593583e+00,3.420091084489347111e+01,1.493880178469598086e+00,3.265272078626831131e+01,2.323615912765657487e+00
1.334666398668803595e+03,9.223532863948094018e-01,3.117108156119551765e+01,3.420646135331850246e+01,1.493615917835892537e+00,2.549999862322653854e+00,3.420646135331850246e+01,1.493615917835892537e+00,3.265774794803722614e+01,2.323486283578143574e+00
1.335588751955198404e+03,9.223532863948094018e-01,3.117553500300322256e+01,3.421200332808957967e+01,1.493351811386076200e+00,2.549999860792941497e+00,3.421200332808957967e+01,1.493351811386076200e+00,3.266277506348382076e+01,2.323356678708600853e+00
1.336511105241593214e+03,9.223532863948094018e-01,3.117999016662830414e+01,3.421753721020203898e+01,1.493087858685866465e+00,2.549999859248333944e+00,3.421753721020203898e+01,1.493087858685866465e+00,3.266780214159636131e+01,2.323227098143394898e+00
1.337433458527988023e+03,9.223532863948094018e-01,3.118444704562083203e+01,3.422306339963735411e+01,1.492824059324503905e+00,2.549999857688707738e+00,3.422306339963735411e+01,1.492824059324503905e+00,3.267282919090838078e+01,2.323097541868931248e+00
1.338355811814382832e+03,9.223532863948094018e-01,3.118890563366913327e+01,3.422858226093525502e+01,1.492560412911662082e+00,2.549999856113938534e+00,3.422858226093525502e+01,1.492560412911662082e+00,3.267785621953961339e+01,2.322968009871649642e+00
1.339278165100777642e+03,9.223532863948094018e-01,3.119336592460512847e+01,3.423409412800312879e+01,1.492296919074769912e+00,2.549999854523901988e+00,3.423409412800312879e+01,1.492296919074769912e+00,3.268288323523226779e+01,2.322838502138023564e+00
1.340413841350269422e+03,1.135676249491780254e+00,3.119886012723207713e+01,3.424087163078141316e+01,1.491972693132148198e+00,2.549999852544960977e+00,3.424087163078141316e+01,1.491972693132148198e+00,3.268907289822392670e+01,2.322679075012239469e+00
1.341549517599761202e+03,1.135676249491780254e+00,3.120435689149637781e+01,3.424763951889485014e+01,1.491648697324642781e+00,2.549999850542446822e+00,3.424763951889485014e+01,1.491648697324642781e+00,3.269526256593972846e+01,2.322519684625871772e+00
1.342685193849252983e+03,1.135676249491780254e+00,3.120985620684837869e+01,3.425439827030673001e+01,1.491324931042069313e+00,2.549999848516120604e+00,3.425439827030673001e+01,1.491324931042069313e+00,3.270145225086145047e+01,2.322360330953862739e+00
1.343820870098744763e+03,1.135676249491780254e+00,3.121535806311639405e+01,3.426114832196335414e+01,1.491001393698661248e+00,2.549999846465742070e+00,3.426114832196335414e+01,1.491001393698661248e+00,3.270764196486151576e+01,2.322201013971221251e+00
1.344956546348236543e+03,1.135676249491780254e+00,3.122086245051799480e+01,3.426789007498570783e+01,1.490678084730161057e+00,2.549999844391068748e+00,3.426789007498570783e+01,1.490678084730161057e+00,3.271383171925424449e+01,2.322041733653017470e+00
1.346092222597728323e+03,1.135676249491780254e+00,3.122636935967048899e+01,3.427462389908500029e+01,1.490355003591339544e+00,2.549999842291856833e+00,3.427462389908500029e+01,1.490355003591339544e+00,3.272002152484116522e+01,2.321882489974383734e+00
1.347488289232436728e+03,1.396066634708404308e+00,3.123314234736902506e+01,3.428289130716057542e+01,1.489958157084365409e+00,2.549999839677346447e+00,3.428289130716057542e+01,1.489958157084365409e+00,3.272763062821019986e+01,2.321686784716955554e+00
1.348884355867145132e+03,1.396066634708404308e+00,3.123991911643859254e+01,3.429114783297110591e+01,1.489561653111630690e+00,2.549999837024920613e+00,3.429114783297110591e+01,1.489561653111630690e+00,3.273523984280539167e+01,2.321491134743397744e+00
1.350280422501853536e+03,1.396066634708404308e+00,3.124669965205441713e+01,3.429939401149675149e+01,1.489165490754082111e+00,2.549999834334113924e+00,3.429939401149675149e+01,1.489165490754082111e+00,3.274284918599821026e+01,2.321295540007865199e+00
1.351676489136561941e+03,1.396066634708404308e+00,3.125348394038704569e+01,3.430763033417832020e+01,1.488769669120185046e+00,2.549999831604455203e+00,3.430763033417832020e+01,1.488769669120185046e+00,3.275045867432002922e+01,2.321100000464633606e+00
1.353072555771270345e+03,1.396066634708404308e+00,3.126027196861819846e+01,3.431585725406090859e+01,1.488374187342989874e+00,2.549999828835469273e+00,3.431585725406090859e+01,1.488374187342989874e+00,3.275806832352913034e+01,2.320904516068096335e+00
1.354468622405978749e+03,1.396066634708404308e+00,3.126706372495373287e+01,3.432407519020290465e+01,1.487979044577612875e+00,2.549999826026676075e+00,3.432407519020290465e+01,1.487979044577612875e+00,3.276567814867059525e+01,2.320709086772761776e+00
1.356174151789894267e+03,1.705529383915518338e+00,3.127536603735853049e+01,3.433410314924675077e+01,1.487496770323253559e+00,2.549999822540536698e+00,3.433410314924675077e+01,1.487496770323253559e+00,3.277497508520038139e+01,2.320470411843368552e+00
1.357879681173809786e+03,1.705529383915518338e+00,3.128367388034678243e+01,3.434411893325566467e+01,1.487014999336654375e+00,2.549999818993369693e+00,3.434411893325566467e+01,1.487014999336654375e+00,3.278427233072870450e+01,2.320231819000722506e+00
1.359585210557725304e+03,1.705529383915518338e+00,3.129198723873296828e+01,3.435412314349913032e+01,1.486533730186226698e+00,2.549999815384270452e+00,3.435412314349913032e+01,1.486533730186226698e+00,3.279356990899619007e+01,2.319993308162541013e+00
1.361290739941640823e+03,1.705529383915518338e+00,3.130030609965284327e+01,3.436411633410656208e+01,1.486052961473015133e+00,2.549999811712324593e+00,3.436411633410656208e+01,1.486052961473015133e+00,3.280286784258830579e+01,2.319754879246772816e+00
1.362996269325556341e+03,1.705529383915518338e+00,3.130863045254774235e+01,3.437409901736006645e+01,1.485572691827597991e+00,2.549999807976607080e+00,3.437409901736006645e+01,1.485572691827597991e+00,3.281216615302420081e+01,2.319516532171593148e+00
1.364701798709471859e+03,1.705529383915518338e+00,3.131696028913691165e+01,3.438407166828427819e+01,1.485092919907385012e+00,2.549999804176180440e+00,3.438407166828427819e+01,1.485092919907385012e+00,3.282146486083646408e+01,2.319278266855400172e+00
1.366759650323033384e+03,2.057851613561524573e+00,3.132701816537873896e+01,3.439609170521779191e+01,1.484514699099181545e+00,2.549999799503186448e+00,3.439609170521779191e+01,1.484514699099181545e+00,3.283268501966549735e+01,2.318990890254565951e+00
1.368817501936594908e+03,2.057851613561524573e+00,3.133708400985462816e+01,3.440809849629984285e+01,1.483937198703088711e+00,2.549999794732922709e+00,3.440809849629984285e+01,1.483937198703088711e+00,3.284390581833408618e+01,2.318703632419639060e+00
1.370875353550156433e+03,2.057851613561524573e+00,3.134715782062471590e+01,3.442009270344431826e+01,1.483360416490487221e+00,2.549999789863679034e+00,3.442009270344431826e+01,1.483360416490487221e+00,3.285512728799717763e+01,2.318416493208518947e+00
1.372933205163717957e+03,2.057851613561524573e+00,3.135723959999243604e+01,3.443207493840559863e+01,1.482784350272378315e+00,2.549999784893723032e+00,3.443207493840559863e+01,1.482784350272378315e+00,3.286634945827334064e+01,2.318129472479542486e+00
1.374991056777279482e+03,2.057851613561524573e+00,3.136732935425751378e+01,3.444404576818403996e+01,1.482208997896084401e+00,2.549999779821296109e+00,3.444404576818403996e+01,1.482208997896084401e+00,3.287757235735907813e+01,2.317842570091475984e+00
1.377048908390841007e+03,2.057851613561524573e+00,3.137742709343801550e+01,3.445600571974265591e+01,1.481634357242348932e+00,2.549999774644616579e+00,3.445600571974265591e+01,1.481634357242348932e+00,3.288879601213180592e+01,2.317555785903507193e+00
1.379502291597806334e+03,2.453383206965327190e+00,3.138947613290478955e+01,3.447025091166723598e+01,1.480950194324168301e+00,2.549999768334198613e+00,3.447025091166723598e+01,1.480950194324168301e+00,3.290217794470561330e+01,2.317214034317160554e+00
1.380000000000000000e+03,4.977084021936661884e-01,3.139192186467498402e+01,3.447313904763828418e+01,1.480811523579697697e+00,2.549999767035358023e+00,3.447313904763828418e+01,1.480811523579697697e+00,3.290489282506497659e+01,2.317144724941739398e+00
1.380000028305888918e+03,2.830588891811203212e-05,3.139192200378304776e+01,3.447313921187588193e+01,1.480811515694325786e+00,2.549999767035283860e+00,3.447313921187588193e+01,1.480811515694325786e+00,3.290489297946819391e+01,2.317144721000142127e+00
1.380000056611777836e+03,2.830588891811203212e-05,3.139192214289111504e+01,3.447313937611244938e+01,1.480811507808948546e+00,2.549999767035209697e+00,3.447313937611244938e+01,1.480811507808948546e+00,3.290489313387140413e+01,2.317144717058545744e+00
1.380000339670667017e+03,2.830588891811203212e-04,3.139192353397191582e+01,3.447314101844278156e+01,1.480811428954846631e+00,2.549999767034468956e+00,3.447314101844278156e+01,1.480811428954846631e+00,3.290489467790349920e+01,2.317144677642578365e+00
1.380000622729556198e+03,2.830588891811203212e-04,3.139192492505286580e+01,3.447314266074613442e+01,1.480811350100461610e+00,2.549999767033728659e+00,3.447314266074613442e+01,1.480811350100461610e+00,3.290489622193558006e+01,2.317144638226613651e+00
1.380003453318448010e+03,2.830588891811203212e-03,3.139193883587539347e+01,3.447315908269543172e+01,1.480810561546362036e+00,2.549999767026323472e+00,3.447315908269543172e+01,1.480810561546362036e+00,3.290491166225428543e+01,2.317144244067153469e+00
1.380006283907339821e+03,2.830588891811203212e-03,3.139195274671276437e+01,3.447317550379335671e+01,1.480809772985010264e+00,2.549999767018918284e+00,3.447317550379335671e+01,1.480809772985010264e+00,3.290492710257068865e+01,2.317143849907906006e+00
1.380022514297403859e+03,1.623039006403814710e-02,3.139203251071583622e+01,3.447326965171662039e+01,1.480805251364297526e+00,2.549999766976453142e+00,3.447326965171662039e+01,1.480805251364297526e+00,3.290501563617476677e+01,2.317141589831515525e+00
1.380038744687467897e+03,1.623039006403814710e-02,3.139211227520883440e+01,3.447336378616279973e+01,1.480800729657163028e+00,2.549999766933981338e+00,3.447336378616279973e+01,1.480800729657163028e+00,3.290510416970295182e+01,2.317139329762132327e+00
1.380054975077531935e+03,1.623039006403814710e-02,3.139219204019838827e+01,3.447345791090281608e+01,1.480796207902516093e+00,2.549999766891502873e+00,3.447345791090281608e+01,1.480796207902516093e+00,3.290519270315442668e+01,2.317137069699851448e+00
1.380088332906371534e+03,3.335782883959836909e-02,3.139235598033099706e+01,3.447365133902087564e+01,1.480786914397475451e+00,2.549999766804176726e+00,3.447365133902087564e+01,1.480786914397475451e+00,3.290537466303302949e+01,2.317132424684745118e+00
1.380121690735211132e+03,3.335782883959836909e-02,3.139251992257151613e+01,3.447384473893497159e+01,1.480777620820701967e+00,2.549999766716822158e+00,3.447384473893497159e+01,1.480777620820701967e+00,3.290555662258789482e+01,2.317127779699787116e+00
1.380155048564050730e+03,3.335782883959836909e-02,3.139268386692050683e+01,3.447403811481877511e+01,1.480768327214006863e+00,2.549999766629438724e+00,3.447403811481877511e+01,1.480768327214006863e+00,3.290573858181993927e+01,2.317123134744983215e+00
1.380219961052512417e+03,6.491248846168673481e-02,3.139300289959241752e+01,3.447441435311702662e+01,1.480750242368086500e+00,2.549999766459313477e+00,3.447441435311702662e+01,1.480750242368086500e+00,3.290609266349132156e+01,2.317114096006475332e+00
1.380284873540974104e+03,6.491248846168673481e-02,3.139332194024928668e+01,3.447479052278617218e+01,1.480732157632343338e+00,2.549999766289080316e+00,3.447479052278617218e+01,1.480732157632343338e+00,3.290644674394932423e+01,2.317105057382151223e+00
1.380349786029435791e+03,6.491248846168673481e-02,3.139364098889153354e+01,3.447516663112361357e+01,1.480714073079517856e+00,2.549999766118738354e+00,3.447516663112361357e+01,1.480714073079517856e+00,3.290680082319907740e+01,2.317096018872008667e+00
1.380414698517897477e+03,6.491248846168673481e-02,3.139396004551966968e+01,3.447554268281059109e+01,1.480695988756198567e+00,2.549999765948288033e+00,3.447554268281059109e+01,1.480695988756198567e+00,3.290715490124505038e+01,2.317086980476043667e+00
1.380521729428133312e+03,1.070309102358351083e-01,3.139448613925418030e+01,3.447616262124336828e+01,1.480666171029167755e+00,2.549999765667004148e+00,3.447616262124336828e+01,1.480666171029167755e+00,3.290773871996021427e+01,2.317072077772646121e+00
1.380628760338369148e+03,1.070309102358351083e-01,3.139501225470448276e+01,3.447678242951135985e+01,1.480636354163162860e+00,2.549999765385425388e+00,3.447678242951135985e+01,1.480636354163162860e+00,3.290832253543095476e+01,2.317057175379652723e+00
1.380735791248604983e+03,1.070309102358351083e-01,3.139553839187340856e+01,3.447740211747732531e+01,1.480606538255910820e+00,2.549999765103550420e+00,3.447740211747732531e+01,1.480606538255910820e+00,3.290890634767303879e+01,2.317042273297054145e+00
1.380842822158840818e+03,1.070309102358351083e-01,3.139606455076377145e+01,3.447802169234496006e+01,1.480576723378548287e+00,2.549999764821380133e+00,3.447802169234496006e+01,1.480576723378548287e+00,3.290949015670107514e+01,2.317027371524840174e+00
1.381017379891816290e+03,1.745577329754723905e-01,3.139692271492782538e+01,3.447903193448708237e+01,1.480528100359882027e+00,2.549999764360550092e+00,3.447903193448708237e+01,1.480528100359882027e+00,3.291044228955637152e+01,2.317003068748185513e+00
1.381191937624791763e+03,1.745577329754723905e-01,3.139778093688785887e+01,3.448004191162146270e+01,1.480479480432549622e+00,2.549999763898931349e+00,3.448004191162146270e+01,1.480479480432549622e+00,3.291139441395542775e+01,2.316978766797032296e+00
1.381366495357767235e+03,1.745577329754723905e-01,3.139863921665634550e+01,3.448105163975691312e+01,1.480430863752826065e+00,2.549999763436523015e+00,3.448105163975691312e+01,1.480430863752826065e+00,3.291234652995100163e+01,2.316954465671329011e+00
1.381541053090742707e+03,1.745577329754723905e-01,3.139949755424589029e+01,3.448206113136558315e+01,1.480382250441648839e+00,2.549999762973323758e+00,3.448206113136558315e+01,1.480382250441648839e+00,3.291329863759268903e+01,2.316930165371019257e+00
1.381793922389365434e+03,2.528692986227270012e-01,3.140074106907612617e+01,3.448352311121906411e+01,1.480311833993458004e+00,2.549999762300914519e+00,3.448352311121906411e+01,1.480311833993458004e+00,3.291467787309235860e+01,2.316894964728363426e+00
1.382046791687988161e+03,2.528692986227270012e-01,3.140198470531111496e+01,3.448498464212777037e+01,1.480241425069129146e+00,2.549999761626839945e+00,3.448498464212777037e+01,1.480241425069129146e+00,3.291605709129669322e+01,2.316859765817515626e+00
1.382299660986610888e+03,2.528692986227270012e-01,3.140322846299050497e+01,3.448644574527163087e+01,1.480171023869195190e+00,2.549999760951096039e+00,3.448644574527163087e+01,1.480171023869195190e+00,3.291743629233532431e+01,2.316824568638291115e+00
1.382552530285233615e+03,2.528692986227270012e-01,3.140447234215443828e+01,3.448790643863292615e+01,1.480100630562289465e+00,2.549999760273678806e+00,3.448790643863292615e+01,1.480100630562289465e+00,3.291881547633234817e+01,2.316789373190500267e+00
1.382805399583856342e+03,2.528692986227270012e-01,3.140571634284356151e+01,3.448936673749595627e+01,1.480030245290137936e+00,2.549999759594586024e+00,3.448936673749595627e+01,1.480030245290137936e+00,3.292019464340705071e+01,2.316754179473948572e+00
1.383229312100309926e+03,4.239125164535835211e-01,3.140780207026532977e+01,3.449181394713228599e+01,1.479912269096109068e+00,2.549999758452377474e+00,3.449181394713228599e+01,1.479912269096109068e+00,3.292250665466480797e+01,2.316695184273409591e+00
1.383653224616763509e+03,4.239125164535835211e-01,3.140988813952777292e+01,3.449426013665267732e+01,1.479794316285538480e+00,2.549999757305432269e+00,3.449426013665267732e+01,1.479794316285538480e+00,3.292481861920640540e+01,2.316636193936763011e+00
1.384077137133217093e+03,4.239125164535835211e-01,3.141197455083120715e+01,3.449670534932422328e+01,1.479676387239993840e+00,2.549999756153733088e+00,3.449670534932422328e+01,1.479676387239993840e+00,3.292713053752729735e+01,2.316577208463049597e+00
1.384501049649670676e+03,4.239125164535835211e-01,3.141406130437940902e+01,3.449914962239154903e+01,1.479558482281307263e+00,2.549999754997263057e+00,3.449914962239154903e+01,1.479558482281307263e+00,3.292944241010349771e+01,2.316518227851295020e+00
1.384924962166124260e+03,4.239125164535835211e-01,3.141614840037947332e+01,3.450159298820493348e+01,1.479440601682843415e+00,2.549999753836006189e+00,3.450159298820493348e+01,1.479440601682843415e+00,3.293175423739408103e+01,2.316459252100513844e+00
1.385516612288767874e+03,5.916501226436139405e-01,3.141906191065031706e+01,3.450500170383975984e+01,1.479276118167289544e+00,2.549999752207217973e+00,3.450500170383975984e+01,1.479276118167289544e+00,3.293498075491373811e+01,2.316376948406632774e+00
1.386108262411411488e+03,5.916501226436139405e-01,3.142197608899127559e+01,3.450840877372261417e+01,1.479111683089237461e+00,2.549999750569025725e+00,3.450840877372261417e+01,1.479111683089237461e+00,3.293820718624661481e+01,2.316294654176998868e+00
1.386699912534055102e+03,5.916501226436139405e-01,3.142489093599472483e+01,3.451181425575845907e+01,1.478947296895823715e+00,2.549999748921385034e+00,3.451181425575845907e+01,1.478947296895823715e+00,3.294143353251331519e+01,2.316212369408846783e+00
1.387291562656698716e+03,5.916501226436139405e-01,3.142780645226312330e+01,3.451521820130493268e+01,1.478782959970327715e+00,2.549999747264248828e+00,3.451521820130493268e+01,1.478782959970327715e+00,3.294465979479722506e+01,2.316130094099389414e+00
1.387883212779342330e+03,5.916501226436139405e-01,3.143072263840826608e+01,3.451862065629276799e+01,1.478618672643335907e+00,2.549999745597571366e+00,3.451862065629276799e+01,1.478618672643335907e+00,3.294788597414836318e+01,2.316047828245818341e+00
1.388704264558881732e+03,8.210517795394025597e-01,3.143477063409055106e+01,3.452333995913510734e+01,1.478390768574281644e+00,2.549999743268775099e+00,3.452333995913510734e+01,1.478390768574281644e+00,3.295236291081987190e+01,2.315933680953171425e+00
1.389525316338421135e+03,8.210517795394025597e-01,3.143881992270026515e+01,3.452805656936577350e+01,1.478162961221237248e+00,2.549999740921391034e+00,3.452805656936577350e+01,1.478162961221237248e+00,3.295683969237830269e+01,2.315819551857628777e+00
1.390346368117960537e+03,8.210517795394025597e-01,3.144287050594617838e+01,3.453277057484270074e+01,1.477935251133025929e+00,2.549999738555293050e+00,3.453277057484270074e+01,1.477935251133025929e+00,3.296131632137204548e+01,2.315705440951544514e+00
1.391167419897499940e+03,8.210517795394025597e-01,3.144692238555896679e+01,3.453748205503423918e+01,1.477707638779763633e+00,2.549999736170355913e+00,3.453748205503423918e+01,1.477707638779763633e+00,3.296579280026990943e+01,2.315591348227235002e+00
1.391988471677039342e+03,8.210517795394025597e-01,3.145097556328761357e+01,3.454219108236149083e+01,1.477480124566122210e+00,2.549999733766453058e+00,3.454219108236149083e+01,1.477480124566122210e+00,3.297026913146810756e+01,2.315477273676977976e+00
1.393077524565349904e+03,1.089052888310561684e+00,3.145635375251303500e+01,3.454843352096313680e+01,1.477178499006373880e+00,2.549999730548408117e+00,3.454843352096313680e+01,1.477178499006373880e+00,3.297620636673499916e+01,2.315325991858143251e+00
1.394166577453660466e+03,1.089052888310561684e+00,3.146173423285230442e+01,3.455467190160116076e+01,1.476877047411033095e+00,2.549999727296473395e+00,3.455467190160116076e+01,1.476877047411033095e+00,3.298214335150640864e+01,2.315174741982378048e+00
1.395255630341971028e+03,1.089052888310561684e+00,3.146711700847247783e+01,3.456090635264403943e+01,1.476575770356290951e+00,2.549999724010348245e+00,3.456090635264403943e+01,1.476575770356290951e+00,3.298808009088008930e+01,2.315023524031465385e+00
1.396344683230281589e+03,1.089052888310561684e+00,3.147250208354737921e+01,3.456713699209454660e+01,1.476274668328136253e+00,2.549999720689729799e+00,3.456713699209454660e+01,1.476274668328136253e+00,3.299401658979768115e+01,2.314872337987127882e+00
1.397433736118592151e+03,1.089052888310561684e+00,3.147788946224434881e+01,3.457336392906461953e+01,1.475973741736589684e+00,2.549999717334313409e+00,3.457336392906461953e+01,1.475973741736589684e+00,3.299995285305669768e+01,2.314721183831047302e+00
1.398832643336261299e+03,1.398907217669147940e+00,3.148481302974473550e+01,3.458135726673318544e+01,1.475587454298476375e+00,2.549999712972672139e+00,3.458135726673318544e+01,1.475587454298476375e+00,3.300757774730195848e+01,2.314527070469218017e+00
1.400231550553930447e+03,1.398907217669147940e+00,3.149174041373758826e+01,3.458934486080261905e+01,1.475201457491942980e+00,2.549999708552451949e+00,3.458934486080261905e+01,1.475201457491942980e+00,3.301520226997979535e+01,2.314333009653231521e+00
1.401630457771599595e+03,1.398907217669147940e+00,3.149867162280757071e+01,3.459732689457749899e+01,1.474815751792920793e+00,2.549999704072991591e+00,3.459732689457749899e+01,1.474815751792920793e+00,3.302282643035793797e+01,2.314139001344021285e+00
1.403029364989268743e+03,1.398907217669147940e+00,3.150560666536957655e+01,3.460530353845693696e+01,1.474430337577856909e+00,2.549999699533623154e+00,3.460530353845693696e+01,1.474430337577856909e+00,3.303045023741571384e+01,2.313945045502468378e+00
1.404428272206937891e+03,1.398907217669147940e+00,3.151254554963135845e+01,3.461327495154236544e+01,1.474045215138456877e+00,2.549999694933672512e+00,3.461327495154236544e+01,1.474045215138456877e+00,3.303807369986321163e+01,2.313751142089407242e+00
1.406172542766330480e+03,1.744270559392589348e+00,3.152120290471891906e+01,3.462320725157758261e+01,1.473565422405685776e+00,2.549999689112188772e+00,3.462320725157758261e+01,1.473565422405685776e+00,3.304757877893910489e+01,2.313509441027607139e+00
1.407916813325723069e+03,1.744270559392589348e+00,3.152986625974043733e+01,3.463313192031672116e+01,1.473086083923971223e+00,2.549999683194130284e+00,3.463313192031672116e+01,1.473086083923971223e+00,3.305708335125897435e+01,2.313267821340011299e+00
1.409661083885115659e+03,1.744270559392589348e+00,3.153853562877709393e+01,3.464304920904795893e+01,1.472607199854824245e+00,2.549999677178151458e+00,3.464304920904795893e+01,1.472607199854824245e+00,3.306658743216944885e+01,2.313026282950540580e+00
1.411405354444508248e+03,1.744270559392589348e+00,3.154721102506372432e+01,3.465295935303588948e+01,1.472128770255274555e+00,2.549999671062892492e+00,3.465295935303588948e+01,1.472128770255274555e+00,3.307609103652172422e+01,2.312784825783094966e+00
1.413149625003900837e+03,1.744270559392589348e+00,3.155589246091378541e+01,3.466286257327264764e+01,1.471650795092539932e+00,2.549999664846977598e+00,3.466286257327264764e+01,1.471650795092539932e+00,3.308559417870176844e+01,2.312543449761577108e+00
1.415317608730784286e+03,2.167983726883448981e+00,3.156669120149456731e+01,3.467516211671465953e+01,1.471057344839314274e+00,2.549999656978713780e+00,3.467516211671465953e+01,1.471057344839314274e+00,3.309740517350034850e+01,2.312243552366961108e+00
1.417485592457667735e+03,2.167983726883448981e+00,3.157749930915841929e+01,3.468745165980809020e+01,1.470464596086537901e+00,2.549999648950102227e+00,3.468745165980809020e+01,1.470464596086537901e+00,3.310921550172446359e+01,2.311943780066477938e+00
1.419653576184551184e+03,2.167983726883448981e+00,3.158831680072306725e+01,3.469973155354296779e+01,1.469872548343879703e+00,2.549999640758405572e+00,3.469973155354296779e+01,1.469872548343879703e+00,3.312102518834767295e+01,2.311644132714175459e+00
1.421821559911434633e+03,2.167983726883448981e+00,3.159914369022315483e+01,3.471200212730802548e+01,1.469281201005949944e+00,2.549999632400848260e+00,3.471200212730802548e+01,1.469281201005949944e+00,3.313283425747887634e+01,2.311344610164216551e+00
1.423989543638318082e+03,2.167983726883448981e+00,3.160997998880728233e+01,3.472426369106790389e+01,1.468690553368368956e+00,2.549999623874618315e+00,3.472426369106790389e+01,1.468690553368368956e+00,3.314464273241338788e+01,2.311045212270901761e+00
1.426157527365201531e+03,2.167983726883448981e+00,3.162082570465197762e+01,3.473651653731855760e+01,1.468100604641913831e+00,2.549999615176865575e+00,3.473651653731855760e+01,1.468100604641913831e+00,3.315645063568047846e+01,2.310745938888683959e+00
1.428657527365201531e+03,2.500000000000000000e+00,3.163334408723557445e+01,3.475063538600539914e+01,1.467421174638405379e+00,2.549999604930388131e+00,3.475063538600539914e+01,1.467421174638405379e+00,3.317006618122578487e+01,2.310400987612344359e+00
1.431157527365201531e+03,2.500000000000000000e+00,3.164587500186524949e+01,3.476474341079244823e+01,1.466742671432889056e+00,2.549999594447497575e+00,3.476474341079244823e+01,1.466742671432889056e+00,3.318368102788370066e+01,2.310056201487960426e+00
1.433657527365201531e+03,2.500000000000000000e+00,3.165841844580848985e+01,3.477884098940678825e+01,1.466065093502980865e+00,2.549999583723634000e+00,3.477884098940678825e+01,1.466065093502980865e+00,3.319729520682641777e+01,2.309711580293281052e+00
1.436157527365201531e+03,2.500000000000000000e+00,3.167097441079516784e+01,3.479292847862550531e+01,1.465388439242591989e+00,2.549999572754169996e+00,3.479292847862550531e+01,1.465388439242591989e+00,3.321090874814942850e+01,2.309367123806432165e+00
1.438657527365201531e+03,2.500000000000000000e+00,3.168354288301894783e+01,3.480700621613454615e+01,1.464712706973337442e+00,2.549999561534407100e+00,3.480700621613454615e+01,1.464712706973337442e+00,3.322452168093025193e+01,2.309022831805931819e+00
1.440000000000000000e+03,1.342472634798468789e+00,3.169029716990666401e+01,3.481456189525020761e+01,1.464350226017231638e+00,2.549999555404564244e+00,3.481456189525020761e+01,1.464350226017231638e+00,3.323183143554529551e+01,2.308838018572245243e+00
1.440000028359297858e+03,2.835929785760527011e-05,3.169029731262678951e+01,3.481456205482145094e+01,1.464350218362742817e+00,2.549999555404434126e+00,3.481456205482145094e+01,1.464350218362742817e+00,3.323183158995974651e+01,2.308838014668626037e+00
1.440000056718595715e+03,2.835929785760527011e-05,3.169029745534692211e+01,3.481456221438469356e+01,1.464350210708257549e+00,2.549999555404304008e+00,3.481456221438469356e+01,1.464350210708257549e+00,3.323183174437419041e+01,2.308838010765006388e+00
1.440000340311574291e+03,2.835929785760527011e-04,3.169029888254833693e+01,3.481456380974007203e+01,1.464350134163597827e+00,2.549999555403001050e+00,3.481456380974007203e+01,1.464350134163597827e+00,3.323183328851837359e+01,2.308837971728815219e+00
1.440000623904552867e+03,2.835929785760527011e-04,3.169030030974991163e+01,3.481456540488462537e+01,1.464350057619112411e+00,2.549999555401698537e+00,3.481456540488462537e+01,1.464350057619112411e+00,3.323183483266225835e+01,2.308837932692625383e+00
1.440003459834338628e+03,2.835929785760527011e-03,3.169031458177944671e+01,3.481458134792015358e+01,1.464349292181504669e+00,2.549999555388670736e+00,3.481458134792015358e+01,1.464349292181504669e+00,3.323185027407399161e+01,2.308837542330912651e+00
1.440006295764124388e+03,2.835929785760527011e-03,3.169032885382468478e+01,3.481459728439197221e+01,1.464348526749736035e+00,2.549999555375643379e+00,3.481459728439197221e+01,1.464348526749736035e+00,3.323186571545495838e+01,2.308837151969410417e+00
1.440014631977753879e+03,8.336213629490885069e-03,3.169037080657573213e+01,3.481464410576759150e+01,1.464346276786499201e+00,2.549999555337345125e+00,3.481464410576759150e+01,1.464346276786499201e+00,3.323191110521904790e+01,2.308836004503168393e+00
1.440022968191383370e+03,8.336213629490885069e-03,3.169041275946082337e+01,3.481469089578433795e+01,1.464344026855032732e+00,2.549999555299045539e+00,3.481469089578433795e+01,1.464344026855032732e+00,3.323195649472082636e+01,2.308834857038716493e+00
1.440031304405012861e+03,8.336213629490885069e-03,3.169045471248329093e+01,3.481473766119564317e+01,1.464341776950790042e+00,2.549999555260741957e+00,3.481473766119564317e+01,1.464341776950790042e+00,3.323200188395401966e+01,2.308833709576100013e+00
1.440046729659768289e+03,1.542525475542788627e-02,3.169053234234317529e+01,3.481482414132142367e+01,1.464337613812662475e+00,2.549999555189858658e+00,3.481482414132142367e+01,1.464337613812662475e+00,3.323208587107153278e+01,2.308831586326455465e+00
1.440062154914523717e+03,1.542525475542788627e-02,3.169060997267895630e+01,3.481491056400730599e+01,1.464333450749416343e+00,2.549999555118965588e+00,3.481491056400730599e+01,1.464333450749416343e+00,3.323216985726050154e+01,2.308829463083168054e+00
1.440077580169279145e+03,1.542525475542788627e-02,3.169068760349033909e+01,3.481499693667484507e+01,1.464329287755872233e+00,2.549999555048062749e+00,3.481499693667484507e+01,1.464329287755872233e+00,3.323225384252251047e+01,2.308827339846233340e+00
1.440093005424034573e+03,1.542525475542788627e-02,3.169076523477662732e+01,3.481508326415968924e+01,1.464325124828609992e+00,2.549999554977150140e+00,3.481508326415968924e+01,1.464325124828609992e+00,3.323233782685976934e+01,2.308825216615640663e+00
1.440119829493793759e+03,2.682406975918638636e-02,3.169090023445836835e+01,3.481523328843163512e+01,1.464317885769323091e+00,2.549999554853811468e+00,3.481523328843163512e+01,1.464317885769323091e+00,3.323248387098175982e+01,2.308821524394447433e+00
1.440146653563552945e+03,2.682406975918638636e-02,3.169103523557587110e+01,3.481538320340794002e+01,1.464310646891395562e+00,2.549999554730443485e+00,3.481538320340794002e+01,1.464310646891395562e+00,3.323262991231385399e+01,2.308817832192432640e+00
1.440173477633312132e+03,2.682406975918638636e-02,3.169117023812936651e+01,3.481553301993238847e+01,1.464303408187297650e+00,2.549999554607045749e+00,3.481553301993238847e+01,1.464303408187297650e+00,3.323277595085881586e+01,2.308814140009596727e+00
1.440200301703071318e+03,2.682406975918638636e-02,3.169130524211897537e+01,3.481568274568093813e+01,1.464296169651697621e+00,2.549999554483618258e+00,3.481568274568093813e+01,1.464296169651697621e+00,3.323292198661931707e+01,2.308810447845943692e+00
1.440246380487010356e+03,4.607878393903774850e-02,3.169153715732216980e+01,3.481593975150545361e+01,1.464283735569897660e+00,2.549999554271523028e+00,3.481593975150545361e+01,1.464283735569897660e+00,3.323317284251749726e+01,2.308804105437363585e+00
1.440292459270949394e+03,4.607878393903774850e-02,3.169176907676285282e+01,3.481619653242829315e+01,1.464271301955403670e+00,2.549999554059340312e+00,3.481619653242829315e+01,1.464271301955403670e+00,3.323342369022000753e+01,2.308797763085382648e+00
1.440338538054888431e+03,4.607878393903774850e-02,3.169200100044080415e+01,3.481645310744021771e+01,1.464258868794992230e+00,2.549999553847070111e+00,3.481645310744021771e+01,1.464258868794992230e+00,3.323367452973862868e+01,2.308791420789999105e+00
1.440384616838827469e+03,4.607878393903774850e-02,3.169223292835584616e+01,3.481670949089014755e+01,1.464246436078671998e+00,2.549999553634711980e+00,3.481670949089014755e+01,1.464246436078671998e+00,3.323392536108413253e+01,2.308785078551209402e+00
1.440452699033298359e+03,6.808219447088958987e-02,3.169257561358741881e+01,3.481708797491911866e+01,1.464228067323150029e+00,2.549999553320788426e+00,3.481708797491911866e+01,1.464228067323150029e+00,3.323429595376570234e+01,2.308775707888076845e+00
1.440520781227769248e+03,6.808219447088958987e-02,3.169291830806794508e+01,3.481746609714509333e+01,1.464209699497839301e+00,2.549999553006673025e+00,3.481746609714509333e+01,1.464209699497839301e+00,3.323466652865661075e+01,2.308766337348484576e+00
1.440588863422240138e+03,6.808219447088958987e-02,3.169326101179690269e+01,3.481784388249171514e+01,1.464191332585376593e+00,2.549999552692366223e+00,3.481784388249171514e+01,1.464191332585376593e+00,3.323503708578481763e+01,2.308756966932424604e+00
1.440656945616711027e+03,6.808219447088958987e-02,3.169360372477376586e+01,3.481822135096793858e+01,1.464172966571815726e+00,2.549999552377867129e+00,3.481822135096793858e+01,1.464172966571815726e+00,3.323540762517634306e+01,2.308747596639891153e+00
1.440756115275317825e+03,9.916965860679738398e-02,3.169410294274993234e+01,3.481877064549469480e+01,1.464146215914686522e+00,2.549999551919419183e+00,3.481877064549469480e+01,1.464146215914686522e+00,3.323594732734316892e+01,2.308733947936692399e+00
1.440855284933924622e+03,9.916965860679738398e-02,3.169460218034488719e+01,3.481931934628357794e+01,1.464119467109979755e+00,2.549999551460563563e+00,3.481931934628357794e+01,1.464119467109979755e+00,3.323648699200086298e+01,2.308720299495553796e+00
1.440954454592531420e+03,9.916965860679738398e-02,3.169510143755695708e+01,3.481986748883631577e+01,1.464092720132908587e+00,2.549999551001299825e+00,3.481986748883631577e+01,1.464092720132908587e+00,3.323702661921618784e+01,2.308706651316458913e+00
1.441053624251138217e+03,9.916965860679738398e-02,3.169560071438446158e+01,3.482041510338630275e+01,1.464065974962349914e+00,2.549999550541627524e+00,3.482041510338630275e+01,1.464065974962349914e+00,3.323756620905223258e+01,2.308693003399389543e+00
1.441152793909745014e+03,9.916965860679738398e-02,3.169610001082570960e+01,3.482096221576952644e+01,1.464039231580237521e+00,2.549999550081547106e+00,3.482096221576952644e+01,1.464039231580237521e+00,3.323810576156892438e+01,2.308679355744329253e+00
1.441311173409686944e+03,1.583794999419296801e-01,3.169689745588241792e+01,3.482183499812516914e+01,1.463996524571606450e+00,2.549999549345923988e+00,3.482183499812516914e+01,1.463996524571606450e+00,3.323896737990955330e+01,2.308657560218020599e+00
1.441469552909628874e+03,1.583794999419296801e-01,3.169769495095430756e+01,3.482270663229660101e+01,1.463953822031664576e+00,2.549999548609256372e+00,3.482270663229660101e+01,1.463953822031664576e+00,3.323982890342890073e+01,2.308635765359876135e+00
1.441627932409570803e+03,1.583794999419296801e-01,3.169849249603425534e+01,3.482357718197384600e+01,1.463911123915708101e+00,2.549999547871543815e+00,3.482357718197384600e+01,1.463911123915708101e+00,3.324069033233386250e+01,2.308613971169829693e+00
1.441786311909512733e+03,1.583794999419296801e-01,3.169929009111505280e+01,3.482444670184018776e+01,1.463868430185295999e+00,2.549999547132784095e+00,3.482444670184018776e+01,1.463868430185295999e+00,3.324155166682059814e+01,2.308592177647813326e+00
1.441944691409454663e+03,1.583794999419296801e-01,3.170008773618941689e+01,3.482531523925237593e+01,1.463825740807079168e+00,2.549999546392976324e+00,3.482531523925237593e+01,1.463825740807079168e+00,3.324241290707593777e+01,2.308570384793760866e+00
1.442162203411529390e+03,2.175120020747272065e-01,3.170118327114932200e+01,3.482650652726320573e+01,1.463767119980956988e+00,2.549999545375244203e+00,3.482650652726320573e+01,1.463767119980956988e+00,3.324359554637737091e+01,2.308540456457557788e+00
1.442379715413604117e+03,2.175120020747272065e-01,3.170227890036960261e+01,3.482769613168105138e+01,1.463708507243882462e+00,2.549999544355529668e+00,3.482769613168105138e+01,1.463708507243882462e+00,3.324477800872427480e+01,2.308510529380917831e+00
1.442597227415678844e+03,2.175120020747272065e-01,3.170337462383058025e+01,3.482888413162085328e+01,1.463649902539746250e+00,2.549999543333829610e+00,3.482888413162085328e+01,1.463649902539746250e+00,3.324596029453542201e+01,2.308480603563674016e+00
1.442814739417753572e+03,2.175120020747272065e-01,3.170447044151225668e+01,3.483007059644200609e+01,1.463591305819217814e+00,2.549999542310141365e+00,3.483007059644200609e+01,1.463591305819217814e+00,3.324714240421099021e+01,2.308450679005658923e+00
1.443032251419828299e+03,2.175120020747272065e-01,3.170556635339434237e+01,3.483125558741676286e+01,1.463532717038587228e+00,2.549999541284460491e+00,3.483125558741676286e+01,1.463532717038587228e+00,3.324832433813465826e+01,2.308420755706706462e+00
1.443328027808289789e+03,2.957763884614905692e-01,3.170705674345237668e+01,3.483286468998610275e+01,1.463453059723309746e+00,2.549999539886520949e+00,3.483286468998610275e+01,1.463453059723309746e+00,3.324993126994694137e+01,2.308380067533747582e+00
1.443623804196751280e+03,2.957763884614905692e-01,3.170854730760559903e+01,3.483447128772134960e+01,1.463373416931563975e+00,2.549999538484884365e+00,3.483447128772134960e+01,1.463373416931563975e+00,3.325153787834601360e+01,2.308339381688203407e+00
1.443919580585212771e+03,2.957763884614905692e-01,3.171003804580025331e+01,3.483607548584922853e+01,1.463293788587375355e+00,2.549999537079541856e+00,3.483607548584922853e+01,1.463293788587375355e+00,3.325314416418155616e+01,2.308298698169661378e+00
1.444215356973674261e+03,2.957763884614905692e-01,3.171152895798155313e+01,3.483767737781454343e+01,1.463214174622951669e+00,2.549999535670484985e+00,3.483767737781454343e+01,1.463214174622951669e+00,3.325475012826925791e+01,2.308258016977712046e+00
1.444511133362135752e+03,2.957763884614905692e-01,3.171302004409366759e+01,3.483927704718713869e+01,1.463134574977357660e+00,2.549999534257706646e+00,3.483927704718713869e+01,1.463134574977357660e+00,3.325635577139437515e+01,2.308217338111949068e+00
1.444897850490699057e+03,3.867171285633048683e-01,3.171496984852895551e+01,3.484136532966250144e+01,1.463030522774661613e+00,2.549999532404919833e+00,3.484136532966250144e+01,1.463030522774661613e+00,3.325845460988102076e+01,2.308164155447257393e+00
1.445284567619262361e+03,3.867171285633048683e-01,3.171691995006555231e+01,3.484345009036624674e+01,1.462926494845199876e+00,2.549999530545738580e+00,3.484345009036624674e+01,1.462926494845199876e+00,3.326055290261712116e+01,2.308110976757499433e+00
1.445671284747825666e+03,3.867171285633048683e-01,3.171887034857069665e+01,3.484553146228457621e+01,1.462822491090115307e+00,2.549999528680142902e+00,3.484553146228457621e+01,1.462822491090115307e+00,3.326265065116839281e+01,2.308057802041773687e+00
1.446058001876388971e+03,3.867171285633048683e-01,3.172082104390863222e+01,3.484760956490524109e+01,1.462718511419913048e+00,2.549999526808115036e+00,3.484760956490524109e+01,1.462718511419913048e+00,3.326474785704392900e+01,2.308004631299186205e+00
1.446444719004952276e+03,3.867171285633048683e-01,3.172277203594061135e+01,3.484968450624659653e+01,1.462614555753047885e+00,2.549999524929636330e+00,3.484968450624659653e+01,1.462614555753047885e+00,3.326684452170158579e+01,2.307951464528843921e+00
1.446936289967495441e+03,4.915709625431645691e-01,3.172525244472590344e+01,3.485231763423236373e+01,1.462482448251859024e+00,2.549999522532488960e+00,3.485231763423236373e+01,1.462482448251859024e+00,3.326950889348758977e+01,2.307883887941912793e+00
1.447427860930038605e+03,4.915709625431645691e-01,3.172773333238000149e+01,3.485494599414492711e+01,1.462350379274978351e+00,2.549999520124849983e+00,3.485494599414492711e+01,1.462350379274978351e+00,3.327217239585432651e+01,2.307816317770047476e+00
1.447919431892581770e+03,4.915709625431645691e-01,3.173021469859718380e+01,3.485756974955356213e+01,1.462218348695286219e+00,2.549999517706681207e+00,3.485756974955356213e+01,1.462218348695286219e+00,3.327483503150158128e+01,2.307748754011432979e+00
1.448411002855124934e+03,4.915709625431645691e-01,3.173269654306405485e+01,3.486018904891013648e+01,1.462086356396115283e+00,2.549999515277943551e+00,3.486018904891013648e+01,1.462086356396115283e+00,3.327749680303990942e+01,2.307681196664259637e+00
1.448902573817668099e+03,4.915709625431645691e-01,3.173517886545956657e+01,3.486280402765621034e+01,1.461954402269787900e+00,2.549999512838599269e+00,3.486280402765621034e+01,1.461954402269787900e+00,3.328015771299855174e+01,2.307613645726724450e+00
1.449513003550798658e+03,6.104297331305588159e-01,3.173826206256054050e+01,3.486604546383087921e+01,1.461790595448629437e+00,2.549999509794614205e+00,3.486604546383087921e+01,1.461790595448629437e+00,3.328346081870277828e+01,2.307529770315876139e+00
1.450123433283929216e+03,6.104297331305588159e-01,3.174134599549926961e+01,3.486928064488608214e+01,1.461626847161637377e+00,2.549999506734137888e+00,3.486928064488608214e+01,1.461626847161637377e+00,3.328676260414055577e+01,2.307445904782811308e+00
1.450733863017059775e+03,6.104297331305588159e-01,3.174443066361230592e+01,3.487250976770540944e+01,1.461463157245703526e+00,2.549999503657096600e+00,3.487250976770540944e+01,1.461463157245703526e+00,3.329006307371691520e+01,2.307362049124103365e+00
1.451344292750190334e+03,6.104297331305588159e-01,3.174751606621842370e+01,3.487573301253360825e+01,1.461299525549164091e+00,2.549999500563414845e+00,3.487573301253360825e+01,1.461299525549164091e+00,3.329336223170277265e+01,2.307278203336337707e+00
1.451954722483320893e+03,6.104297331305588159e-01,3.175060220261875088e+01,3.487895054513001725e+01,1.461135951930306875e+00,2.549999497453017128e+00,3.487895054513001725e+01,1.461135951930306875e+00,3.329666008224575080e+01,2.307194367416106395e+00
1.452713303173327859e+03,7.585806900069655967e-01,3.175443836406984843e+01,3.488294124035367361e+01,1.460932759816934157e+00,2.549999493564321096e+00,3.488294124035367361e+01,1.460932759816934157e+00,3.330075650342453031e+01,2.307090198309935669e+00
1.453471883863334824e+03,7.585806900069655967e-01,3.175827565620094006e+01,3.488692361944667653e+01,1.460729656949411259e+00,2.549999489649549478e+00,3.488692361944667653e+01,1.460729656949411259e+00,3.330485091925319097e+01,2.306986044430459959e+00
1.454230464553341790e+03,7.585806900069655967e-01,3.176211407755864968e+01,3.489089792965695125e+01,1.460526643104310907e+00,2.549999485708555724e+00,3.489089792965695125e+01,1.460526643104310907e+00,3.330894333701821353e+01,2.306881905771186680e+00
1.454989045243348755e+03,7.585806900069655967e-01,3.176595362664886224e+01,3.489486439847216559e+01,1.460323718071688592e+00,2.549999481741193730e+00,3.489486439847216559e+01,1.460323718071688592e+00,3.331303376379493386e+01,2.306777782325642345e+00
1.455747625933355721e+03,7.585806900069655967e-01,3.176979430193711806e+01,3.489882323607255188e+01,1.460120881653386604e+00,2.549999477747316057e+00,3.489882323607255188e+01,1.460120881653386604e+00,3.331712220646376466e+01,2.306673674087365455e+00
1.456506206623362687e+03,7.585806900069655967e-01,3.177363610184900367e+01,3.490277463750031473e+01,1.459918133661533002e+00,2.549999473726774823e+00,3.490277463750031473e+01,1.459918133661533002e+00,3.332120867172478285e+01,2.306569581049909612e+00
1.457619488969068470e+03,1.113282345705783882e+00,3.177927630630228961e+01,3.490856057124076983e+01,1.459620743303107426e+00,2.549999467777693596e+00,3.490856057124076983e+01,1.459620743303107426e+00,3.332720234378238189e+01,2.306416843083588741e+00
1.458732771314774254e+03,1.113282345705783882e+00,3.178491892424155907e+01,3.491433140717496286e+01,1.459323542479948443e+00,2.549999461770392273e+00,3.491433140717496286e+01,1.459323542479948443e+00,3.333319179096887552e+01,2.306264137822787941e+00
1.459846053660480038e+03,1.113282345705783882e+00,3.179056395023457426e+01,3.492008762803217792e+01,1.459026530688646739e+00,2.549999455704395235e+00,3.492008762803217792e+01,1.459026530688646739e+00,3.333917703267498212e+01,2.306111465247276726e+00
1.460959336006185822e+03,1.113282345705783882e+00,3.179621137867349390e+01,3.492582967610185563e+01,1.458729707452971036e+00,2.549999449579224198e+00,3.492582967610185563e+01,1.458729707452971036e+00,3.334515808768780687e+01,2.305958825336879681e+00
1.462072618351891606e+03,1.113282345705783882e+00,3.180186120377789649e+01,3.493155795861619595e+01,1.458433072320173940e+00,2.549999443394398213e+00,3.493155795861619595e+01,1.458433072320173940e+00,3.335113497423943585e+01,2.305806218071468905e+00
1.463185900697597390e+03,1.113282345705783882e+00,3.180751341959787482e+01,3.493727285239887692e+01,1.458136624857801600e+00,2.549999437149432779e+00,3.493727285239887692e+01,1.458136624857801600e+00,3.335710771005050645e+01,2.305653643430962241e+00
1.464557972773026904e+03,1.372072075429514371e+00,3.181448280962002428e+01,3.494429830841638562e+01,1.457771523818084836e+00,2.549999429369328219e+00,3.494429830841638562e+01,1.457771523818084836e+00,3.336446316252899180e+01,2.305465646674352609e+00
1.465930044848456419e+03,1.372072075429514371e+00,3.182145580992619571e+01,3.495130456477315306e+01,1.457406706467168966e+00,2.549999421496215835e+00,3.495130456477315306e+01,1.457406706467168966e+00,3.337181236778347682e+01,2.305277699405468006e+00
1.467302116923885933e+03,1.372072075429514371e+00,3.182843240835894250e+01,3.495829218098084823e+01,1.457042172092183563e+00,2.549999413529170145e+00,3.495829218098084823e+01,1.457042172092183563e+00,3.337915535624946273e+01,2.305089801586986287e+00
1.468674188999315447e+03,1.372072075429514371e+00,3.183541259240276489e+01,3.496526167496387671e+01,1.456677920007618976e+00,2.549999405467258118e+00,3.496526167496387671e+01,1.456677920007618976e+00,3.338649215749558152e+01,2.304901953181682117e+00
1.470046261074744962e+03,1.372072075429514371e+00,3.184239634919346429e+01,3.497221352812457695e+01,1.456313949551901743e+00,2.549999397309539173e+00,3.497221352812457695e+01,1.456313949551901743e+00,3.339382280028643635e+01,2.304714154152414984e+00
1.471418333150174476e+03,1.372072075429514371e+00,3.184938366552753664e+01,3.497914818965767125e+01,1.455950260084487136e+00,2.549999389055066512e+00,3.497914818965767125e+01,1.455950260084487136e+00,3.340114731263856385e+01,2.304526404462131417e+00
1.473106045738485136e+03,1.687712588310660067e+00,3.185798325222237182e+01,3.498765518627972426e+01,1.455503289559688218e+00,2.549999378767568547e+00,3.498765518627972426e+01,1.455503289559688218e+00,3.341014843633632125e+01,2.304295531209701320e+00
1.474793758326795796e+03,1.687712588310660067e+00,3.186658817821088618e+01,3.499613753607226130e+01,1.455056742111377144e+00,2.549999368330443605e+00,3.499613753607226130e+01,1.455056742111377144e+00,3.341914037536964344e+01,2.304064732483307232e+00
1.476481470915106456e+03,1.687712588310660067e+00,3.187519841693353584e+01,3.500459591708229823e+01,1.454610616649913757e+00,2.549999357741882466e+00,3.500459591708229823e+01,1.454610616649913757e+00,3.342812317783739928e+01,2.303834008214489693e+00
1.478169183503417116e+03,1.687712588310660067e+00,3.188381394114552236e+01,3.501303096139105975e+01,1.454164912115308406e+00,2.549999347000059924e+00,3.501303096139105975e+01,1.454164912115308406e+00,3.343709689054219325e+01,2.303603358334965545e+00
1.479856896091727776e+03,1.687712588310660067e+00,3.189243472293870241e+01,3.502144326021814891e+01,1.453719627473867293e+00,2.549999336103133007e+00,3.502144326021814891e+01,1.453719627473867293e+00,3.344606155907613498e+01,2.303372782776619498e+00
1.481544608680038436e+03,1.687712588310660067e+00,3.190106073376091445e+01,3.502983336831025696e+01,1.453274761715320107e+00,2.549999325049240984e+00,3.502983336831025696e+01,1.453274761715320107e+00,3.345501722789809662e+01,2.303142281471503239e+00
1.483606398143371052e+03,2.061789463332615924e+00,3.191160572966682096e+01,3.504005376542330907e+01,1.452731859677840909e+00,2.549999311329540941e+00,3.504005376542330907e+01,1.452731859677840909e+00,3.346594574643242481e+01,2.302860790848546113e+00
1.485668187606703668e+03,2.061789463332615924e+00,3.192215843145622500e+01,3.505024271397021352e+01,1.452189579549754361e+00,2.549999297369323070e+00,3.505024271397021352e+01,1.452189579549754361e+00,3.347686097539725836e+01,2.302579410818316852e+00
1.487729977070036284e+03,2.061789463332615924e+00,3.193271878332941682e+01,3.506040104757803277e+01,1.451647919603152870e+00,2.549999283165090613e+00,3.506040104757803277e+01,1.451647919603152870e+00,3.348776298980733657e+01,2.302298141257891562e+00
1.489791766533368900e+03,2.061789463332615924e+00,3.194328672813689352e+01,3.507052954736754913e+01,1.451106878143849643e+00,2.549999268713307288e+00,3.507052954736754913e+01,1.451106878143849643e+00,3.349865186272574391e+01,2.302016982044685633e+00
1.491853555996701516e+03,2.061789463332615924e+00,3.195386220736480354e+01,3.508062894734432291e+01,1.450566453507982301e+00,2.549999254010397287e+00,3.508062894734432291e+01,1.450566453507982301e+00,3.350952766538407701e+01,2.301735933056445749e+00
1.493915345460034132e+03,2.061789463332615924e+00,3.196444516110335599e+01,3.509069993909765373e+01,1.450026644059073000e+00,2.549999239052746169e+00,3.509069993909765373e+01,1.450026644059073000e+00,3.352039046729151295e+01,2.301454994171244550e+00
1.496400351671690714e+03,2.485006211656582309e+00,3.197721028913373686e+01,3.510280134142743691e+01,1.449376844975146073e+00,2.549999220681050005e+00,3.510280134142743691e+01,1.449376844975146073e+00,3.353346585955484471e+01,2.301116534034906014e+00
1.498885357883347297e+03,2.485006211656582309e+00,3.198998607558730001e+01,3.511486349973887400e+01,1.448727934435699805e+00,2.549999201927507286e+00,3.511486349973887400e+01,1.448727934435699805e+00,3.354652258048076163e+01,2.300778233452775989e+00
1.500000000000000000e+03,1.114642116652703407e+00,3.199572004904310063e+01,3.512026146594766374e+01,1.448437155486149042e+00,2.549999193389873575e+00,3.512026146594766374e+01,1.448437155486149042e+00,3.355237309793309208e+01,2.300626541515087720e+00
1.500000028662230761e+03,2.866223076125606894e-05,3.199572019651534660e+01,3.512026160467424774e+01,1.448437148011263442e+00,2.549999193389652863e+00,3.512026160467424774e+01,1.448437148011263442e+00,3.355237324832707912e+01,2.300626537614849365e+00
1.500000057324461523e+03,2.866223076125606894e-05,3.199572034398759257e+01,3.512026174341447415e+01,1.448437140536376511e+00,2.549999193389432151e+00,3.512026174341447415e+01,1.448437140536376511e+00,3.355237339872106617e+01,2.300626533714611455e+00
1.500000343946769135e+03,2.866223076125606894e-04,3.199572181871018728e+01,3.512026313128853161e+01,1.448437065787460121e+00,2.549999193387226359e+00,3.512026313128853161e+01,1.448437065787460121e+00,3.355237490266118527e+01,2.300626494712228354e+00
1.500000630569076748e+03,2.866223076125606894e-04,3.199572329343291699e+01,3.512026451952142736e+01,1.448436991038501986e+00,2.549999193385021456e+00,3.512026451952142736e+01,1.448436991038501986e+00,3.355237640660158149e+01,2.300626455709847917e+00
1.500003496792152873e+03,2.866223076125606894e-03,3.199573804067221161e+01,3.512027841613314649e+01,1.448436243547899682e+00,2.549999193362965766e+00,3.512027841613314649e+01,1.448436243547899682e+00,3.355239144602969503e+01,2.300626065686224742e+00
1.500006363015228999e+03,2.866223076125606894e-03,3.199575278792515221e+01,3.512029232387028088e+01,1.448435496056921679e+00,2.549999193340909631e+00,3.512029232387028088e+01,1.448435496056921679e+00,3.355240648548527105e+01,2.300625675662807179e+00
1.500013434500202493e+03,7.071484973494079895e-03,3.199578917208896200e+01,3.512032666709755091e+01,1.448433651863358707e+00,2.549999193286491828e+00,3.512032666709755091e+01,1.448433651863358707e+00,3.355244359061882164e+01,2.300624713406080879e+00
1.500020505985175987e+03,7.071484973494079895e-03,3.199582555633436343e+01,3.512036104883557641e+01,1.448431807671475280e+00,2.549999193232070915e+00,3.512036104883557641e+01,1.448431807671475280e+00,3.355248069591608839e+01,2.300623751150586038e+00
1.500027577470149481e+03,7.071484973494079895e-03,3.199586194066375455e+01,3.512039546155845215e+01,1.448429963482494642e+00,2.549999193177646895e+00,3.512039546155845215e+01,1.448429963482494642e+00,3.355251780138158324e+01,2.300622788896359960e+00
1.500040555939346177e+03,1.297846919669609633e-02,3.199592871793267435e+01,3.512045868781187608e+01,1.448426578806783604e+00,2.549999193077752579e+00,3.512045868781187608e+01,1.448426578806783604e+00,3.355258590238920391e+01,2.300621022850985131e+00
1.500053534408542873e+03,1.297846919669609633e-02,3.199599549548842603e+01,3.512052198624916599e+01,1.448423194145489035e+00,2.549999192977847606e+00,3.512052198624916599e+01,1.448423194145489035e+00,3.355265400396945097e+01,2.300619256809941504e+00
1.500066512877739569e+03,1.297846919669609633e-02,3.199606227333078934e+01,3.512058534733769477e+01,1.448419809499861932e+00,2.549999192877931975e+00,3.512058534733769477e+01,1.448419809499861932e+00,3.355272210612084649e+01,2.300617490773227303e+00
1.500079491346936265e+03,1.297846919669609633e-02,3.199612905145926334e+01,3.512064876489321819e+01,1.448416424870686336e+00,2.549999192778005686e+00,3.512064876489321819e+01,1.448416424870686336e+00,3.355279020884154306e+01,2.300615724740835866e+00
1.500101260155837053e+03,2.176880890078791708e-02,3.199624105917228789e+01,3.512075524936582127e+01,1.448410747864920411e+00,2.549999192610374887e+00,3.512075524936582127e+01,1.448410747864920411e+00,3.355290443892901209e+01,2.300612762581342619e+00
1.500123028964737841e+03,2.176880890078791708e-02,3.199635306768991683e+01,3.512086186122775189e+01,1.448405070909614567e+00,2.549999192442714335e+00,3.512086186122775189e+01,1.448405070909614567e+00,3.355301867061194798e+01,2.300609800434006758e+00
1.500144797773638629e+03,2.176880890078791708e-02,3.199646507701224252e+01,3.512096858792318699e+01,1.448399394006453456e+00,2.549999192275024029e+00,3.512096858792318699e+01,1.448399394006453456e+00,3.355313290388760095e+01,2.300606838298828727e+00
1.500166566582539417e+03,2.176880890078791708e-02,3.199657708713928272e+01,3.512107542041385244e+01,1.448393717156645888e+00,2.549999192107303525e+00,3.512107542041385244e+01,1.448393717156645888e+00,3.355324713875334197e+01,2.300603876175810747e+00
1.500203442275487760e+03,3.687569294834247557e-02,3.199676683068637928e+01,3.512125661360651918e+01,1.448384100871900948e+00,2.549999191823121070e+00,3.512125661360651918e+01,1.448384100871900948e+00,3.355344065272455367e+01,2.300598858458238638e+00
1.500240317968436102e+03,3.687569294834247557e-02,3.199695657654196168e+01,3.512143806121916612e+01,1.448374484746781876e+00,2.549999191538852461e+00,3.512143806121916612e+01,1.448374484746781876e+00,3.355363417123952274e+01,2.300593840775558174e+00
1.500277193661384445e+03,3.687569294834247557e-02,3.199714632470562137e+01,3.512161974143558751e+01,1.448364868784180803e+00,2.549999191254497255e+00,3.512161974143558751e+01,1.448364868784180803e+00,3.355382769428762657e+01,2.300588823127767579e+00
1.500314069354332787e+03,3.687569294834247557e-02,3.199733607517695688e+01,3.512180163761602358e+01,1.448355252986301744e+00,2.549999190970056340e+00,3.512180163761602358e+01,1.448355252986301744e+00,3.355402122185913782e+01,2.300583805514866409e+00
1.500367812408622967e+03,5.374305429018022551e-02,3.199761262380354765e+01,3.512206709500441804e+01,1.448341239111648360e+00,2.549999190555353845e+00,3.512206709500441804e+01,1.448341239111648360e+00,3.355430327922484679e+01,2.300576492851234889e+00
1.500421555462913147e+03,5.374305429018022551e-02,3.199788917732976046e+01,3.512233294755157686e+01,1.448327225595285261e+00,2.549999190140467498e+00,3.512233294755157686e+01,1.448327225595285261e+00,3.355458534615355859e+01,2.300569180261707203e+00
1.500475298517203328e+03,5.374305429018022551e-02,3.199816573575440870e+01,3.512259916712010721e+01,1.448313212440929920e+00,2.549999189725397741e+00,3.512259916712010721e+01,1.448313212440929920e+00,3.355486742262122135e+01,2.300561867746281131e+00
1.500529041571493508e+03,5.374305429018022551e-02,3.199844229907630222e+01,3.512286573097365761e+01,1.448299199651580382e+00,2.549999189310144576e+00,3.512286573097365761e+01,1.448299199651580382e+00,3.355514950860546008e+01,2.300554555304954896e+00
1.500607277438976780e+03,7.823586748327215901e-02,3.199884491187905766e+01,3.512325435441202615e+01,1.448278801343321875e+00,2.549999188705315500e+00,3.512325435441202615e+01,1.448278801343321875e+00,3.355556016918002626e+01,2.300543910430374428e+00
1.500685513306460052e+03,7.823586748327215901e-02,3.199924753505372266e+01,3.512364361781133226e+01,1.448258403820362750e+00,2.549999188100096958e+00,3.512364361781133226e+01,1.448258403820362750e+00,3.355597084981664580e+01,2.300533265712815023e+00
1.500763749173943324e+03,7.823586748327215901e-02,3.199965016859661660e+01,3.512403348051402219e+01,1.448238007088031187e+00,2.549999187494488506e+00,3.512403348051402219e+01,1.448238007088031187e+00,3.355638155045867421e+01,2.300522621152270020e+00
1.500841985041426597e+03,7.823586748327215901e-02,3.200005281250404465e+01,3.512442390782939583e+01,1.448217611150861339e+00,2.549999186888490144e+00,3.512442390782939583e+01,1.448217611150861339e+00,3.355679227105277107e+01,2.300511976748734533e+00
1.500920220908909869e+03,7.823586748327215901e-02,3.200045546677232267e+01,3.512481487003836378e+01,1.448197216012725663e+00,2.549999186282101871e+00,3.512481487003836378e+01,1.448197216012725663e+00,3.355720301154848784e+01,2.300501332502201901e+00
1.501043896949277496e+03,1.236760403676271380e-01,3.200109200778535978e+01,3.512543393643211687e+01,1.448164976812700067e+00,2.549999185322720852e+00,3.512543393643211687e+01,1.448164976812700067e+00,3.355785235470565908e+01,2.300484506291272435e+00
1.501167572989645123e+03,1.236760403676271380e-01,3.200172857466587573e+01,3.512605419033847198e+01,1.448132739628754884e+00,2.549999184362363280e+00,3.512605419033847198e+01,1.448132739628754884e+00,3.355850174729889801e+01,2.300467680472649157e+00
1.501291249030012750e+03,1.236760403676271380e-01,3.200236516739922621e+01,3.512667556015793480e+01,1.448100504470098082e+00,2.549999183401028269e+00,3.512667556015793480e+01,1.448100504470098082e+00,3.355915118916153261e+01,2.300450855046305421e+00
1.501414925070380377e+03,1.236760403676271380e-01,3.200300178597075274e+01,3.512729798430617478e+01,1.448068271344606028e+00,2.549999182438715817e+00,3.512729798430617478e+01,1.448068271344606028e+00,3.355980068013635531e+01,2.300434030012220799e+00
1.501538601110748004e+03,1.236760403676271380e-01,3.200363843036575417e+01,3.512792140935391672e+01,1.448036040259071511e+00,2.549999181475423704e+00,3.512792140935391672e+01,1.448036040259071511e+00,3.356045022007434397e+01,2.300417205370367313e+00
1.501707749839409416e+03,1.691487286614119512e-01,3.200450919528844906e+01,3.512877558920439469e+01,1.447991961896581303e+00,2.549999180156367284e+00,3.512877558920439469e+01,1.447991961896581303e+00,3.356133865915476377e+01,2.300394195349720672e+00
1.501876898568070828e+03,1.691487286614119512e-01,3.200538000844967712e+01,3.512963145159791623e+01,1.447947887373745024e+00,2.549999178835475444e+00,3.512963145159791623e+01,1.447947887373745024e+00,3.356222718921453918e+01,2.300371186062653006e+00
1.502046047296732240e+03,1.691487286614119512e-01,3.200625086981162326e+01,3.513048890792739343e+01,1.447903816701546331e+00,2.549999177512747295e+00,3.513048890792739343e+01,1.447903816701546331e+00,3.356311580992917953e+01,2.300348177509101699e+00
1.502215196025393652e+03,1.691487286614119512e-01,3.200712177933642266e+01,3.513134788044227719e+01,1.447859749889525594e+00,2.549999176188180172e+00,3.513134788044227719e+01,1.447859749889525594e+00,3.356400452099047982e+01,2.300325169689005023e+00
1.502384344754055064e+03,1.691487286614119512e-01,3.200799273698608260e+01,3.513220830040316400e+01,1.447815686946025471e+00,2.549999174861772300e+00,3.513220830040316400e+01,1.447815686946025471e+00,3.356489332210450982e+01,2.300302162602298139e+00
1.502613300017542542e+03,2.289552634874780779e-01,3.200917171890713320e+01,3.513337513972016524e+01,1.447756050681378914e+00,2.549999173063445035e+00,3.513337513972016524e+01,1.447756050681378914e+00,3.356609652282341472e+01,2.300271021983857356e+00
1.502842255281030020e+03,2.289552634874780779e-01,3.201035078883637652e+01,3.513454438625990406e+01,1.447696421533593680e+00,2.549999171261736031e+00,3.513454438625990406e+01,1.447696421533593680e+00,3.356729988735627046e+01,2.300239882708835282e+00
1.503071210544517498e+03,2.289552634874780779e-01,3.201152994667889828e+01,3.513571592333235571e+01,1.447636799516212047e+00,2.549999169456639514e+00,3.513571592333235571e+01,1.447636799516212047e+00,3.356850341507318092e+01,2.300208744777076930e+00
1.503300165808004976e+03,2.289552634874780779e-01,3.201270919233950707e+01,3.513688964728942921e+01,1.447577184641043679e+00,2.549999167648150600e+00,3.513688964728942921e+01,1.447577184641043679e+00,3.356970710537341063e+01,2.300177608188424649e+00
1.503529121071492455e+03,2.289552634874780779e-01,3.201388852572270594e+01,3.513806546543119680e+01,1.447517576918444293e+00,2.549999165836263515e+00,3.513806546543119680e+01,1.447517576918444293e+00,3.357091095768237210e+01,2.300146472942721232e+00
1.503827454608594735e+03,2.983335371022803884e-01,3.201542535345816987e+01,3.513960058655970187e+01,1.447439917545712440e+00,2.549999163470229480e+00,3.513960058655970187e+01,1.447439917545712440e+00,3.357247984480761005e+01,2.300105905075670254e+00
1.504125788145697015e+03,2.983335371022803884e-01,3.201696232975935885e+01,3.514113895800674925e+01,1.447362270349973334e+00,2.549999161098405409e+00,3.514113895800674925e+01,1.447362270349973334e+00,3.357404900490290345e+01,2.300065339488150062e+00
1.504424121682799296e+03,2.983335371022803884e-01,3.201849945441276901e+01,3.514268043382447360e+01,1.447284635346286930e+00,2.549999158720780201e+00,3.514268043382447360e+01,1.447284635346286930e+00,3.357561843685768110e+01,2.300024776179808939e+00
1.504722455219901576e+03,2.983335371022803884e-01,3.202003672720402250e+01,3.514422488296172986e+01,1.447207012547736538e+00,2.549999156337340978e+00,3.514422488296172986e+01,1.447207012547736538e+00,3.357718813960933346e+01,2.299984215150299605e+00
1.505020788757003857e+03,2.983335371022803884e-01,3.202157414791788170e+01,3.514577218704182826e+01,1.447129401965725481e+00,2.549999153948077080e+00,3.514577218704182826e+01,1.447129401965725481e+00,3.357875811213857986e+01,2.299943656399272118e+00
1.505398972769360626e+03,3.781840123567690171e-01,3.202352327930777420e+01,3.514773757086467754e+01,1.447031036094502010e+00,2.549999150910923440e+00,3.514773757086467754e+01,1.447031036094502010e+00,3.358074868195149065e+01,2.299892245168372540e+00
1.505777156781717395e+03,3.781840123567690171e-01,3.202547264761216894e+01,3.514970717309163462e+01,1.446932689887973300e+00,2.549999147864365767e+00,3.514970717309163462e+01,1.446932689887973300e+00,3.358273968179796043e+01,2.299840837597600718e+00
1.506155340794074164e+03,3.781840123567690171e-01,3.202742225238650065e+01,3.515168081654490351e+01,1.446834363360897102e+00,2.549999144808380525e+00,3.515168081654490351e+01,1.446834363360897102e+00,3.358473110984778742e+01,2.299789433686242557e+00
1.506533524806430933e+03,3.781840123567690171e-01,3.202937209318389478e+01,3.515365834067961259e+01,1.446736056525831149e+00,2.549999141742943287e+00,3.515365834067961259e+01,1.446736056525831149e+00,3.358672296434511395e+01,2.299738033433583961e+00
1.506911708818787702e+03,3.781840123567690171e-01,3.203132216955511780e+01,3.515563959927972348e+01,1.446637769393440909e+00,2.549999138668029630e+00,3.515563959927972348e+01,1.446637769393440909e+00,3.358871524360166205e+01,2.299686636838907727e+00
1.507380296361169940e+03,4.685875423822380981e-01,3.203373873077741507e+01,3.515809945137038994e+01,1.446516014418813612e+00,2.549999134844887383e+00,3.515809945137038994e+01,1.446516014418813612e+00,3.359118435682979253e+01,2.299622959145919410e+00
1.507848883903552178e+03,4.685875423822380981e-01,3.203615565210360216e+01,3.516056460065480849e+01,1.446394289720328352e+00,2.549999131007113284e+00,3.516056460065480849e+01,1.446394289720328352e+00,3.359365411669757151e+01,2.299559287066339053e+00
1.508317471445934416e+03,4.685875423822380981e-01,3.203857293266391082e+01,3.516303483738992242e+01,1.446272595309255227e+00,2.549999127154661149e+00,3.516303483738992242e+01,1.446272595309255227e+00,3.359612452035356256e+01,2.299495620598803747e+00
1.508786058988316654e+03,4.685875423822380981e-01,3.204099057158285291e+01,3.516550997007344392e+01,1.446150931194468914e+00,2.549999123287484348e+00,3.516550997007344392e+01,1.446150931194468914e+00,3.359859556505584521e+01,2.299431959741952802e+00
1.509254646530698892e+03,4.685875423822380981e-01,3.204340856797913517e+01,3.516798982309162369e+01,1.446029297382757761e+00,2.549999119405535808e+00,3.516798982309162369e+01,1.446029297382757761e+00,3.360106724816290580e+01,2.299368304494422866e+00
1.509837368848133337e+03,5.827223174344453582e-01,3.204641601778978099e+01,3.517108004124108334e+01,1.445878079268744898e+00,2.549999114557377045e+00,3.517108004124108334e+01,1.445878079268744898e+00,3.360414185066303361e+01,2.299289152438058537e+00
1.510420091165567783e+03,5.827223174344453582e-01,3.204942401733766388e+01,3.517417702560243242e+01,1.445726908031215618e+00,2.549999109686212240e+00,3.517417702560243242e+01,1.445726908031215618e+00,3.360721743178351772e+01,2.299210009051615877e+00
1.511002813483002228e+03,5.827223174344453582e-01,3.205243256488963510e+01,3.517728051640747822e+01,1.445575783673036074e+00,2.549999104791951687e+00,3.517728051640747822e+01,1.445575783673036074e+00,3.361029398699051995e+01,2.299130874332473429e+00
1.511585535800436674e+03,5.827223174344453582e-01,3.205544165869810769e+01,3.518039027564138621e+01,1.445424706194244235e+00,2.549999099874504349e+00,3.518039027564138621e+01,1.445424706194244235e+00,3.361337151192020656e+01,2.299051748278007068e+00
1.512168258117871119e+03,5.827223174344453582e-01,3.205845129700087881e+01,3.518350608433672733e+01,1.445273675592408269e+00,2.549999094933779187e+00,3.518350608433672733e+01,1.445273675592408269e+00,3.361645000236512715e+01,2.298972630885595780e+00
1.512750980435305564e+03,5.827223174344453582e-01,3.206146147802096635e+01,3.518662774017909101e+01,1.445122691862944952e+00,2.549999089969685162e+00,3.518662774017909101e+01,1.445122691862944952e+00,3.361952945426187966e+01,2.298893522152616775e+00
1.513604486685505208e+03,8.535062501996435458e-01,3.206587142920427880e+01,3.519121015751969850e+01,1.444901632431978777e+00,2.549999082656465799e+00,3.519121015751969850e+01,1.444901632431978777e+00,3.362404161704294125e+01,2.298777668183920930e+00
1.514457992935704851e+03,8.535062501996435458e-01,3.207028253514835825e+01,3.519580417832845853e+01,1.444680673515941649e+00,2.549999075292628259e+00,3.519580417832845853e+01,1.444680673515941649e+00,3.362855582215150463e+01,2.298661832778531977e+00
1.515311499185904495e+03,8.535062501996435458e-01,3.207469479009387214e+01,3.520040931284115970e+01,1.444459815081727161e+00,2.549999067877882553e+00,3.520040931284115970e+01,1.444459815081727161e+00,3.363307205822249557e+01,2.298546015928215613e+00
1.516165005436104138e+03,8.535062501996435458e-01,3.207910818821029864e+01,3.520502511528527378e+01,1.444239057090648481e+00,2.549999060411938245e+00,3.520502511528527378e+01,1.444239057090648481e+00,3.363759031435890279e+01,2.298430217624739313e+00
1.517018511686303782e+03,8.535062501996435458e-01,3.208352272359505264e+01,3.520965117797091182e+01,1.444018399499220839e+00,2.549999052894503127e+00,3.520965117797091182e+01,1.444018399499220839e+00,3.364211058009117039e+01,2.298314437859876769e+00
1.517872017936503426e+03,8.535062501996435458e-01,3.208793839027273975e+01,3.521428712618810408e+01,1.443797842259833875e+00,2.549999045325283209e+00,3.521428712618810408e+01,1.443797842259833875e+00,3.364663284534107390e+01,2.298198676625402559e+00
1.518922340873075882e+03,1.050322936572456456e+00,3.209337384382504155e+01,3.522000517288712729e+01,1.443526562656046064e+00,2.549999035939107817e+00,3.522000517288712729e+01,1.443526562656046064e+00,3.365220066510217833e+01,2.298056246522361956e+00
1.519972663809648338e+03,1.050322936572456456e+00,3.209881098998207705e+01,3.522573707568561474e+01,1.443255434842915186e+00,2.549999026473513286e+00,3.522573707568561474e+01,1.443255434842915186e+00,3.365777148075513026e+01,2.297913844453445709e+00
1.521022986746220795e+03,1.050322936572456456e+00,3.210424981714459847e+01,3.523148229307729196e+01,1.442984458712431417e+00,2.549999016927944062e+00,3.523148229307729196e+01,1.442984458712431417e+00,3.366334527557188494e+01,2.297771470403353167e+00
1.522073309682793251e+03,1.050322936572456456e+00,3.210969031353992165e+01,3.523724032799051997e+01,1.442713634151231217e+00,2.549999007301841925e+00,3.523724032799051997e+01,1.442713634151231217e+00,3.366892203346405665e+01,2.297629124356796115e+00
1.523123632619365708e+03,1.050322936572456456e+00,3.211513246722061155e+01,3.524301072226253950e+01,1.442442961041320304e+00,2.549998997594645989e+00,3.524301072226253950e+01,1.442442961041320304e+00,3.367450173893162457e+01,2.297486806298497442e+00
1.524173955555938164e+03,1.050322936572456456e+00,3.212057626606348038e+01,3.524879305193402956e+01,1.442172439260690497e+00,2.549998987805792705e+00,3.524879305193402956e+01,1.442172439260690497e+00,3.368008437701731594e+01,2.297344516213193355e+00
1.525464469353472623e+03,1.290513797534458718e+00,3.212726720280714687e+01,3.525591346541138194e+01,1.441840260794143180e+00,2.549998975665756618e+00,3.525591346541138194e+01,1.441840260794143180e+00,3.368694766278942865e+01,2.297169725100534077e+00
1.526754983151007082e+03,1.290513797534458718e+00,3.213396058142782152e+01,3.526305063024086195e+01,1.441508310354755462e+00,2.549998963400531782e+00,3.526305063024086195e+01,1.441508310354755462e+00,3.369381532817893543e+01,2.296994976166337743e+00
1.528045496948541540e+03,1.290513797534458718e+00,3.214065637833946454e+01,3.527020392591294495e+01,1.441176587697332367e+00,2.549998951009052384e+00,3.527020392591294495e+01,1.441176587697332367e+00,3.370068734831154700e+01,2.296820269382370494e+00
1.529336010746075999e+03,1.290513797534458718e+00,3.214735456955108361e+01,3.527737277977036712e+01,1.440845092571438446e+00,2.549998938490247724e+00,3.527737277977036712e+01,1.440845092571438446e+00,3.370756369921564755e+01,2.296645604720428224e+00
1.530626524543610458e+03,1.290513797534458718e+00,3.215405513066745158e+01,3.528455666149287850e+01,1.440513824722108982e+00,2.549998925843037778e+00,3.528455666149287850e+01,1.440513824722108982e+00,3.371444435775418924e+01,2.296470982152337914e+00
1.531917038341144917e+03,1.290513797534458718e+00,3.216075803689054879e+01,3.529175507836102099e+01,1.440182783890456841e+00,2.549998913066338080e+00,3.529175507836102099e+01,1.440182783890456841e+00,3.372132930156359976e+01,2.296296401649958074e+00
1.533492793313606626e+03,1.575754972461709258e+00,3.216894562399443203e+01,3.530056359865822913e+01,1.439778880830502761e+00,2.549998897288439537e+00,3.530056359865822913e+01,1.439778880830502761e+00,3.372974179793551031e+01,2.296083290765507545e+00
1.535068548286068335e+03,1.575754972461709258e+00,3.217713662317964207e+01,3.530939233172755110e+01,1.439375315359268104e+00,2.549998881313850330e+00,3.530939233172755110e+01,1.439375315359268104e+00,3.373816061298746405e+01,2.295870242504327585e+00
1.536644303258530044e+03,1.575754972461709258e+00,3.218533098690163285e+01,3.531824056160112235e+01,1.438972086987674981e+00,2.549998865140550741e+00,3.531824056160112235e+01,1.438972086987674981e+00,3.374658571004039942e+01,2.295657256815386571e+00
1.538220058230991754e+03,1.575754972461709258e+00,3.219352866676164382e+01,3.532710762509830715e+01,1.438569195221837127e+00,2.549998848766506843e+00,3.532710762509830715e+01,1.438569195221837127e+00,3.375501705368920824e+01,2.295444333647729707e+00
1.539795813203453463e+03,1.575754972461709258e+00,3.220172961352700014e+01,3.533599290608547250e+01,1.438166639563780880e+00,2.549998832189668274e+00,3.533599290608547250e+01,1.438166639563780880e+00,3.376345460971062096e+01,2.295231472950473695e+00
1.541371568175915172e+03,1.575754972461709258e+00,3.220993377715618777e+01,3.534489583048598149e+01,1.437764419512065794e+00,2.549998815407968245e+00,3.534489583048598149e+01,1.437764419512065794e+00,3.377189834498030052e+01,2.295018674672813841e+00
1.543271222904199476e+03,1.899654728284303928e+00,3.221982852833790645e+01,3.535565146670126069e+01,1.437279967737453923e+00,2.549998794901441102e+00,3.535565146670126069e+01,1.437279967737453923e+00,3.378208587733111301e+01,2.294762218172586632e+00
1.545170877632483780e+03,1.899654728284303928e+00,3.222972779040056679e+01,3.536643109337736490e+01,1.436796002096641267e+00,2.549998774090470377e+00,3.536643109337736490e+01,1.436796002096641267e+00,3.379228228932903733e+01,2.294505852227785692e+00
1.547070532360768084e+03,1.899654728284303928e+00,3.223963147141852659e+01,3.537723390039889182e+01,1.436312521696879285e+00,2.549998752971342153e+00,3.537723390039889182e+01,1.436312521696879285e+00,3.380248752844640592e+01,2.294249576749837427e+00
1.548970187089052388e+03,1.899654728284303928e+00,3.224953947813818900e+01,3.538805913503804135e+01,1.435829525641945326e+00,2.549998731540307872e+00,3.538805913503804135e+01,1.435829525641945326e+00,3.381270154389576987e+01,2.293993391650333447e+00
1.550869841817336692e+03,1.899654728284303928e+00,3.225945171612806206e+01,3.539890609600533367e+01,1.435347013032855834e+00,2.549998709793585228e+00,3.539890609600533367e+01,1.435347013032855834e+00,3.382292428650902849e+01,2.293737296841024342e+00
1.552769496545620996e+03,1.899654728284303928e+00,3.226936808994823025e+01,3.540977412824184967e+01,1.434864982968484748e+00,2.549998687727356828e+00,3.540977412824184967e+01,1.434864982968484748e+00,3.383315570862788491e+01,2.293481292233830349e+00
1.555030748854082731e+03,2.261252308461735083e+00,3.228117729480806020e+01,3.542273750241792385e+01,1.434291826725065055e+00,2.549998661038976877e+00,3.542273750241792385e+01,1.434291826725065055e+00,3.384534592373143624e+01,2.293176674847611896e+00
1.557292001162544466e+03,2.261252308461735083e+00,3.229299205998046318e+01,3.543572890096385919e+01,1.433719351410340126e+00,2.549998633885855792e+00,3.543572890096385919e+01,1.433719351410340126e+00,3.385754829606090510e+01,2.292872184999017904e+00
1.559553253471006201e+03,2.261252308461735083e+00,3.230481222131216867e+01,3.544874742679689206e+01,1.433147555498208048e+00,2.549998606261360212e+00,3.544874742679689206e+01,1.433147555498208048e+00,3.386976275251006285e+01,2.292567822540397149e+00
1.560000000000000000e+03,4.467465289937990747e-01,3.230714810719192087e+01,3.545132258027922489e+01,1.433034668318758031e+00,2.549998600747356736e+00,3.545132258027922489e+01,1.433034668318758031e+00,3.387217733693820065e+01,2.292507705930251660e+00
1.560000028592520948e+03,2.859252094822295476e-05,3.230714825669901558e+01,3.545132274510866210e+01,1.433034661094637618e+00,2.549998600747003241e+00,3.545132274510866210e+01,1.433034661094637618e+00,3.387217749149062485e+01,2.292507702082847043e+00
1.560000057185041896e+03,2.859252094822295476e-05,3.230714840620610318e+01,3.545132290992614799e+01,1.433034653870517650e+00,2.549998600746649746e+00,3.545132290992614799e+01,1.433034653870517650e+00,3.387217764604302062e+01,2.292507698235442870e+00
1.560000343110251379e+03,2.859252094822295476e-04,3.230714990127708575e+01,3.545132455768814594e+01,1.433034581629350601e+00,2.549998600743114796e+00,3.545132455768814594e+01,1.433034581629350601e+00,3.387217919156687174e+01,2.292507659761403804e+00
1.560000629035460861e+03,2.859252094822295476e-04,3.230715139634815358e+01,3.545132620513603428e+01,1.433034509388214195e+00,2.549998600739579846e+00,3.545132620513603428e+01,1.433034509388214195e+00,3.387218073709046706e+01,2.292507621287366515e+00
1.560003488287555683e+03,2.859252094822295476e-03,3.230716634706593027e+01,3.545134266711252735e+01,1.433033786978541002e+00,2.549998600704228569e+00,3.545134266711252735e+01,1.433033786978541002e+00,3.387219619230324241e+01,2.292507236547169036e+00
1.560006347539650505e+03,2.859252094822295476e-03,3.230718129779184267e+01,3.545135911934963957e+01,1.433033064570500281e+00,2.549998600668876847e+00,3.545135911934963957e+01,1.433033064570500281e+00,3.387221164748973479e+01,2.292506851807172286e+00
1.560013746894749147e+03,7.399355098641535733e-03,3.230721998826926722e+01,3.545140166678876881e+01,1.433031195083014353e+00,2.549998600577387808e+00,3.545140166678876881e+01,1.433031195083014353e+00,3.387225164329651506e+01,2.292505856153290722e+00
1.560021146249847789e+03,7.399355098641535733e-03,3.230725867880023827e+01,3.545144417744617016e+01,1.433029325604634696e+00,2.549998600485893441e+00,3.545144417744617016e+01,1.433029325604634696e+00,3.387229163893051265e+01,2.292504860500721442e+00
1.560028545604946430e+03,7.399355098641535733e-03,3.230729736938626218e+01,3.545148665873697524e+01,1.433027456135126165e+00,2.549998600394394188e+00,3.545148665873697524e+01,1.433027456135126165e+00,3.387233163438715877e+01,2.292503864849503081e+00
1.560042152933888019e+03,1.360732894158900308e-02,3.230736852107364854e+01,3.545156471709382373e+01,1.433024018224761997e+00,2.549998600226115020e+00,3.545156471709382373e+01,1.433024018224761997e+00,3.387240518510679266e+01,2.292502033861907318e+00
1.560055760262829608e+03,1.360732894158900308e-02,3.230743967294962005e+01,3.545164270715549293e+01,1.433020580342944994e+00,2.549998600057818088e+00,3.545164270715549293e+01,1.433020580342944994e+00,3.387247873522058228e+01,2.292500202878936744e+00
1.560069367591771197e+03,1.360732894158900308e-02,3.230751082501402749e+01,3.545172063793660300e+01,1.433017142489144025e+00,2.549998599889504280e+00,3.545172063793660300e+01,1.433017142489144025e+00,3.387255228472999136e+01,2.292498371900589138e+00
1.560082974920712786e+03,1.360732894158900308e-02,3.230758197726652270e+01,3.545179851528925496e+01,1.433013704662985166e+00,2.549998599721172710e+00,3.545179851528925496e+01,1.433013704662985166e+00,3.387262583363691704e+01,2.292496540926856508e+00
1.560106021074327373e+03,2.304615361458672851e-02,3.230770248523572974e+01,3.545193030328484696e+01,1.433007882225546759e+00,2.549998599436037239e+00,3.545193030328484696e+01,1.433007882225546759e+00,3.387275039891681416e+01,2.292493439895136209e+00
1.560129067227941960e+03,2.304615361458672851e-02,3.230782299374405397e+01,3.545206196866527648e+01,1.433002059865629230e+00,2.549998599150852030e+00,3.545206196866527648e+01,1.433002059865629230e+00,3.387287496247468965e+01,2.292490338876650657e+00
1.560152113381556546e+03,2.304615361458672851e-02,3.230794350279143856e+01,3.545219352363724852e+01,1.432996237582548904e+00,2.549998598865617083e+00,3.545219352363724852e+01,1.432996237582548904e+00,3.387299952431338568e+01,2.292487237871402073e+00
1.560175159535171133e+03,2.304615361458672851e-02,3.230806401237776981e+01,3.545232497694772178e+01,1.432990415375813287e+00,2.549998598580331954e+00,3.545232497694772178e+01,1.432990415375813287e+00,3.387312408443551703e+01,2.292484136879393120e+00
1.560214346513329929e+03,3.918697815879568225e-02,3.230826892444726184e+01,3.545254828140751613e+01,1.432980515646891106e+00,2.549998598095128077e+00,3.545254828140751613e+01,1.432980515646891106e+00,3.387333587874250895e+01,2.292478864077355905e+00
1.560253533491488724e+03,3.918697815879568225e-02,3.230847383807359563e+01,3.545277133988179230e+01,1.432970616135951669e+00,2.549998597609779427e+00,3.545277133988179230e+01,1.432970616135951669e+00,3.387354766810610585e+01,2.292473591313593406e+00
1.560292720469647520e+03,3.918697815879568225e-02,3.230867875325590433e+01,3.545299417362205929e+01,1.432960716841772841e+00,2.549998597124286892e+00,3.545299417362205929e+01,1.432960716841772841e+00,3.387375945253723586e+01,2.292468318588104736e+00
1.560331907447806316e+03,3.918697815879568225e-02,3.230888366999331396e+01,3.545321679879575072e+01,1.432950817763423812e+00,2.549998596638650028e+00,3.545321679879575072e+01,1.432950817763423812e+00,3.387397123204583949e+01,2.292463045900886787e+00
1.560389232628658874e+03,5.732518085255833284e-02,3.230918343790838776e+01,3.545354211950353829e+01,1.432936337155151785e+00,2.549998595927970069e+00,3.545354211950353829e+01,1.432936337155151785e+00,3.387428102760684112e+01,2.292455332750732211e+00
1.560446557809511432e+03,5.732518085255833284e-02,3.230948320914684757e+01,3.545386705611580425e+01,1.432921857005161614e+00,2.549998595216981467e+00,3.545386705611580425e+01,1.432921857005161614e+00,3.387459081268038830e+01,2.292447619682473903e+00
1.560503882990363991e+03,5.732518085255833284e-02,3.230978298370603596e+01,3.545419163616814728e+01,1.432907377311859021e+00,2.549998594505683336e+00,3.545419163616814728e+01,1.432907377311859021e+00,3.387490058729143527e+01,2.292439906696110086e+00
1.560561208171216549e+03,5.732518085255833284e-02,3.231008276158327419e+01,3.545451588186995195e+01,1.432892898073953036e+00,2.549998593794076118e+00,3.545451588186995195e+01,1.432892898073953036e+00,3.387521035146314574e+01,2.292432193791638539e+00
1.560644670887491429e+03,8.346271627488022204e-02,3.231051922973379931e+01,3.545498740874865007e+01,1.432871817809362014e+00,2.549998592757458216e+00,3.545498740874865007e+01,1.432871817809362014e+00,3.387566133463374030e+01,2.292420964318741206e+00
1.560728133603766310e+03,8.346271627488022204e-02,3.231095570490400348e+01,3.545545831432602313e+01,1.432850738505004218e+00,2.549998591720183949e+00,3.545545831432602313e+01,1.432850738505004218e+00,3.387611229578411809e+01,2.292409735019424133e+00
1.560811596320041190e+03,8.346271627488022204e-02,3.231139218708565863e+01,3.545592863821998719e+01,1.432829660158543073e+00,2.549998590682253319e+00,3.545592863821998719e+01,1.432829660158543073e+00,3.387656323497294153e+01,2.292398505893681104e+00
1.560895059036316070e+03,8.346271627488022204e-02,3.231182867627050825e+01,3.545639841421289873e+01,1.432808582767975292e+00,2.549998589643666769e+00,3.545639841421289873e+01,1.432808582767975292e+00,3.387701415225544821e+01,2.292387276941504126e+00
1.560978521752590950e+03,8.346271627488022204e-02,3.231226517245032426e+01,3.545686767122267469e+01,1.432787506331574923e+00,2.549998588604423411e+00,3.545686767122267469e+01,1.432787506331574923e+00,3.387746504768385591e+01,2.292376048162885649e+00
1.561110829681081441e+03,1.323079284904906672e-01,3.231295713531160629e+01,3.545761055022568797e+01,1.432754097201335508e+00,2.549998586955632973e+00,3.545761055022568797e+01,1.432754097201335508e+00,3.387817977774864886e+01,2.292358248277812649e+00
1.561243137609571932e+03,1.323079284904906672e-01,3.231364911569749410e+01,3.545835227104964815e+01,1.432720690460055346e+00,2.549998585305189636e+00,3.545835227104964815e+01,1.432720690460055346e+00,3.387889445320473669e+01,2.292340448828836585e+00
1.561375445538062422e+03,1.323079284904906672e-01,3.231434111357518901e+01,3.545909290376588530e+01,1.432687286103427216e+00,2.549998583653092510e+00,3.545909290376588530e+01,1.432687286103427216e+00,3.387960907422595369e+01,2.292322649815926372e+00
1.561507753466552913e+03,1.323079284904906672e-01,3.231503312891189950e+01,3.545983250860175673e+01,1.432653884127705446e+00,2.549998581999339820e+00,3.545983250860175673e+01,1.432653884127705446e+00,3.388032364097628601e+01,2.292304851239052255e+00
1.561640061395043404e+03,1.323079284904906672e-01,3.231572516167484821e+01,3.546057113777138170e+01,1.432620484529600668e+00,2.549998580343930232e+00,3.546057113777138170e+01,1.432620484529600668e+00,3.388103815361116489e+01,2.292287053098184035e+00
1.561821221480033500e+03,1.811600849900969479e-01,3.231667274242413868e+01,3.546158099128301444e+01,1.432574756623890000e+00,2.549998578074603284e+00,3.546158099128301444e+01,1.432574756623890000e+00,3.388201639877909344e+01,2.292262684043454346e+00
1.562002381565023597e+03,1.811600849900969479e-01,3.231762035569853708e+01,3.546258920130015468e+01,1.432529033163742582e+00,2.549998575802164158e+00,3.546258920130015468e+01,1.432529033163742582e+00,3.388299454312763004e+01,2.292238315806010007e+00
1.562183541650013694e+03,1.811600849900969479e-01,3.231856800141402175e+01,3.546359585450719010e+01,1.432483314143412345e+00,2.549998573526609302e+00,3.546359585450719010e+01,1.432483314143412345e+00,3.388397258699620807e+01,2.292213948385776412e+00
1.562364701735003791e+03,1.811600849900969479e-01,3.231951567948661364e+01,3.546460102692079630e+01,1.432437599557760288e+00,2.549998571247935164e+00,3.546460102692079630e+01,1.432437599557760288e+00,3.388495053070722207e+01,2.292189581782674068e+00
1.562545861819993888e+03,1.811600849900969479e-01,3.232046338983238343e+01,3.546560478570666675e+01,1.432391889402152563e+00,2.549998568966138635e+00,3.546560478570666675e+01,1.432391889402152563e+00,3.388592837456810258e+01,2.292165215996626593e+00
1.562791384585482092e+03,2.455227654882037314e-01,3.232174785472568601e+01,3.546696301019840547e+01,1.432329946373823049e+00,2.549998565868673683e+00,3.546696301019840547e+01,1.432329946373823049e+00,3.388725346863226662e+01,2.292132194821142832e+00
1.563036907350970296e+03,2.455227654882037314e-01,3.232303237853518851e+01,3.546831887781007708e+01,1.432268011465388735e+00,2.549998562765458221e+00,3.546831887781007708e+01,1.432268011465388735e+00,3.388857838052846461e+01,2.292099175146080192e+00
1.563282430116458499e+03,2.455227654882037314e-01,3.232431696105241059e+01,3.546967250274856553e+01,1.432206084668333101e+00,2.549998559656482922e+00,3.546967250274856553e+01,1.432206084668333101e+00,3.388990311091806973e+01,2.292066156971248603e+00
1.563527952881946703e+03,2.455227654882037314e-01,3.232560160206907085e+01,3.547102398639000853e+01,1.432144165974871486e+00,2.549998556541738903e+00,3.547102398639000853e+01,1.432144165974871486e+00,3.389122766043184498e+01,2.292033140296456661e+00
1.563773475647434907e+03,2.455227654882037314e-01,3.232688630137710106e+01,3.547237341934497579e+01,1.432082255377832514e+00,2.549998553421218617e+00,3.547237341934497579e+01,1.432082255377832514e+00,3.389255202967312641e+01,2.292000125121513410e+00
1.564093696871961129e+03,3.202212245262217039e-01,3.232856194805669503e+01,3.547413045967731904e+01,1.432001521101307517e+00,2.549998549342606946e+00,3.547413045967731904e+01,1.432001521101307517e+00,3.389427905838782351e+01,2.291957067580759677e+00
1.564413918096487350e+03,3.202212245262217039e-01,3.233023769307855844e+01,3.547588431053061697e+01,1.431920800572293651e+00,2.549998545254134275e+00,3.547588431053061697e+01,1.431920800572293651e+00,3.389600578265964259e+01,2.291914012590573702e+00
1.564734139321013572e+03,3.202212245262217039e-01,3.233191353598277118e+01,3.547763511465375785e+01,1.431840093778205425e+00,2.549998541155779730e+00,3.547763511465375785e+01,1.431840093778205425e+00,3.389773220365840700e+01,2.291870960150534042e+00
1.565054360545539794e+03,3.202212245262217039e-01,3.233358947631010238e+01,3.547938300013517221e+01,1.431759400707294017e+00,2.549998537047525105e+00,3.547938300013517221e+01,1.431759400707294017e+00,3.389945832250359103e+01,2.291827910260218371e+00
1.565374581770066015e+03,3.202212245262217039e-01,3.233526551360208146e+01,3.548112808259618589e+01,1.431678721348521588e+00,2.549998532929349526e+00,3.548112808259618589e+01,1.431678721348521588e+00,3.390118414026928662e+01,2.291784862919203913e+00
1.565780819667836568e+03,4.062378977705520811e-01,3.233739190081621473e+01,3.548333805291435539e+01,1.431576389906161761e+00,2.549998527690657824e+00,3.548333805291435539e+01,1.431576389906161761e+00,3.390337310935576198e+01,2.291730256024111068e+00
1.566187057565607120e+03,4.062378977705520811e-01,3.233951844241487805e+01,3.548554387312496061e+01,1.431474080495141799e+00,2.549998522435928283e+00,3.548554387312496061e+01,1.431474080495141799e+00,3.390556159756970089e+01,2.291675653230296650e+00
1.566593295463377672e+03,4.062378977705520811e-01,3.234164513746767966e+01,3.548774571627469498e+01,1.431371793096528178e+00,2.549998517165121381e+00,3.548774571627469498e+01,1.431371793096528178e+00,3.390774960684549910e+01,2.291621054536900903e+00
1.566999533361148224e+03,4.062378977705520811e-01,3.234377198504655126e+01,3.548994373904374555e+01,1.431269527692324406e+00,2.549998511878195373e+00,3.548994373904374555e+01,1.431269527692324406e+00,3.390993713903967688e+01,2.291566459943064960e+00
1.567405771258918776e+03,4.062378977705520811e-01,3.234589898422584753e+01,3.549213808402060266e+01,1.431167284265340678e+00,2.549998506575110735e+00,3.549213808402060266e+01,1.431167284265340678e+00,3.391212419593785654e+01,2.291511869447932170e+00
1.567909428485928174e+03,5.036572270093984116e-01,3.234853626514446745e+01,3.549485373985739045e+01,1.431040552478335171e+00,2.549998499977804478e+00,3.549485373985739045e+01,1.431040552478335171e+00,3.391483507046534385e+01,2.291444193373869176e+00
1.568413085712937573e+03,5.036572270093984116e-01,3.235117377591971177e+01,3.549756416788675040e+01,1.430913854417644959e+00,2.549998493355519980e+00,3.549756416788675040e+01,1.430913854417644959e+00,3.391754522019731155e+01,2.291376523597077774e+00
1.568916742939946971e+03,5.036572270093984116e-01,3.235381151480468276e+01,3.550026957251350979e+01,1.430787190054375602e+00,2.549998486708180412e+00,3.550026957251350979e+01,1.430787190054375602e+00,3.392025464815921509e+01,2.291308860115928603e+00
1.569420400166956370e+03,5.036572270093984116e-01,3.235644948005936072e+01,3.550297014020816277e+01,1.430660559360664053e+00,2.549998480035707615e+00,3.550297014020816277e+01,1.430660559360664053e+00,3.392296335726184253e+01,2.291241202928791409e+00
1.569924057393965768e+03,5.036572270093984116e-01,3.235908766995098773e+01,3.550566604182917274e+01,1.430533962309547880e+00,2.549998473338023874e+00,3.550566604182917274e+01,1.430533962309547880e+00,3.392567135031099212e+01,2.291173552034040828e+00
1.570550269861451852e+03,6.262124674860842788e-01,3.236236812298241716e+01,3.550901166721488522e+01,1.430376607194295380e+00,2.549998464975311574e+00,3.550901166721488522e+01,1.430376607194295380e+00,3.392903728653569573e+01,2.291089448376005588e+00
1.571176482328937936e+03,6.262124674860842788e-01,3.236564891730814253e+01,3.551235059772637470e+01,1.430219303996945523e+00,2.549998456573354666e+00,3.551235059772637470e+01,1.430219303996945523e+00,3.393240212503061315e+01,2.291005354439551223e+00
1.571802694796424021e+03,6.262124674860842788e-01,3.236893004964880305e+01,3.551568308530004714e+01,1.430062052670100003e+00,2.549998448132003048e+00,3.551568308530004714e+01,1.430062052670100003e+00,3.393576587061843952e+01,2.290921270221558892e+00
1.572428907263910105e+03,6.262124674860842788e-01,3.237221151674557262e+01,3.551900936057177915e+01,1.429904853167600631e+00,2.549998439651104842e+00,3.551900936057177915e+01,1.429904853167600631e+00,3.393912852794482404e+01,2.290837195718911090e+00
1.573055119731396189e+03,6.262124674860842788e-01,3.237549331536102670e+01,3.552232963553912981e+01,1.429747705444376349e+00,2.549998431130508170e+00,3.552232963553912981e+01,1.429747705444376349e+00,3.394249010149255241e+01,2.290753130928493420e+00
1.573681332198882274e+03,6.262124674860842788e-01,3.237877544227997362e+01,3.552564410591631372e+01,1.429590609456310446e+00,2.549998422570061152e+00,3.552564410591631372e+01,1.429590609456310446e+00,3.394585059559466345e+01,2.290669075847195479e+00
1.574599051394983690e+03,9.177191961014159460e-01,3.238358601102920176e+01,3.553049137647744260e+01,1.429360477450514200e+00,2.549998409952346723e+00,3.553049137647744260e+01,1.429360477450514200e+00,3.395077348417868990e+01,2.290545910012010467e+00
1.575516770591085105e+03,9.177191961014159460e-01,3.238839726807579922e+01,3.553532709032258907e+01,1.429130456330826027e+00,2.549998397248234294e+00,3.553532709032258907e+01,1.429130456330826027e+00,3.395569407611870361e+01,2.290422765012773976e+00
1.576434489787186521e+03,9.177191961014159460e-01,3.239320920358206735e+01,3.554015172071000706e+01,1.428900545966829805e+00,2.549998384457240252e+00,3.554015172071000706e+01,1.428900545966829805e+00,3.396061238359348522e+01,2.290299640839722706e+00
1.577352208983287937e+03,9.177191961014159460e-01,3.239802180783136265e+01,3.554496569794053329e+01,1.428670746230680466e+00,2.549998371578876988e+00,3.554496569794053329e+01,1.428670746230680466e+00,3.396552841829574731e+01,2.290176537483104013e+00
1.578269928179389353e+03,9.177191961014159460e-01,3.240283507123314877e+01,3.554976941516775923e+01,1.428441056996774705e+00,2.549998358612657334e+00,3.554976941516775923e+01,1.428441056996774705e+00,3.397044219147468169e+01,2.290053454933176802e+00
1.579187647375490769e+03,9.177191961014159460e-01,3.240764898432786367e+01,3.555456323341375935e+01,1.428211478141464097e+00,2.549998345558089685e+00,3.555456323341375935e+01,1.428211478141464097e+00,3.397535371397398052e+01,2.289930393180212409e+00
1.580317487179162981e+03,1.129839803672211929e+00,3.241357645853244662e+01,3.556045198430644660e+01,1.427928986097619424e+00,2.549998329364037364e+00,3.556045198430644660e+01,1.427928986097619424e+00,3.398139740471997783e+01,2.289778915617364685e+00
1.581447326982835193e+03,1.129839803672211929e+00,3.241950488624954119e+01,3.556632680461541440e+01,1.427646660945904200e+00,2.549998313034406383e+00,3.556632680461541440e+01,1.427646660945904200e+00,3.398743771878017128e+01,2.289627469543690008e+00
1.582577166786507405e+03,1.129839803672211929e+00,3.242543425070726926e+01,3.557218821538067743e+01,1.427364502465076290e+00,2.549998296568268596e+00,3.557218821538067743e+01,1.427364502465076290e+00,3.399347467426139247e+01,2.289476054941098404e+00
1.583707006590179617e+03,1.129839803672211929e+00,3.243136453547901255e+01,3.557803669448411910e+01,1.427082510436647800e+00,2.549998279964691861e+00,3.557803669448411910e+01,1.427082510436647800e+00,3.399950828860866636e+01,2.289324671791523880e+00
1.584836846393851829e+03,1.129839803672211929e+00,3.243729572449398546e+01,3.558387268206995202e+01,1.426800684644578654e+00,2.549998263222737815e+00,3.558387268206995202e+01,1.426800684644578654e+00,3.400553857865877205e+01,2.289173320076923979e+00
1.585966686197524041e+03,1.129839803672211929e+00,3.244322780204705481e+01,3.558969658515682255e+01,1.426519024875013031e+00,2.549998246341464103e+00,3.558969658515682255e+01,1.426519024875013031e+00,3.401156556068779935e+01,2.289021999779279781e+00
1.587355416224012743e+03,1.388730026488701697e+00,3.245052034387190787e+01,3.559683897008436304e+01,1.426173053034409888e+00,2.549998225399775276e+00,3.559683897008436304e+01,1.426173053034409888e+00,3.401896904993990489e+01,2.288836049132155548e+00
1.588744146250501444e+03,1.388730026488701697e+00,3.245781417727482676e+01,3.560396431446520182e+01,1.425827331307907508e+00,2.549998204244404043e+00,3.560396431446520182e+01,1.425827331307907508e+00,3.402636759353530493e+01,2.288650145888656784e+00
1.590132876276990146e+03,1.388730026488701697e+00,3.246510927547787873e+01,3.561107321369368606e+01,1.425481859309393418e+00,2.549998182873571384e+00,3.561107321369368606e+01,1.425481859309393418e+00,3.403376121873296967e+01,2.288464290015465252e+00
1.591521606303478848e+03,1.388730026488701697e+00,3.247240561261673975e+01,3.561816621702113395e+01,1.425136636656076039e+00,2.549998161285485399e+00,3.561816621702113395e+01,1.425136636656076039e+00,3.404114995186004933e+01,2.288278481479311122e+00
1.592910336329967549e+03,1.388730026488701697e+00,3.247970316375645439e+01,3.562524383294051233e+01,1.424791662968181827e+00,2.549998139478343973e+00,3.562524383294051233e+01,1.424791662968181827e+00,3.404853381838236004e+01,2.288092720246980072e+00
1.594299066356456251e+03,1.388730026488701697e+00,3.248700190490458795e+01,3.563230653380514923e+01,1.424446937868693253e+00,2.549998117450333890e+00,3.563230653380514923e+01,1.424446937868693253e+00,3.405591284296777843e+01,2.287907006285303968e+00
1.595995387292500709e+03,1.696320936044457994e+00,3.249591883106177903e+01,3.564091396032263503e+01,1.424026196065580008e+00,2.549998090240995996e+00,3.564091396032263503e+01,1.424026196065580008e+00,3.406491971896100779e+01,2.287680222478629677e+00
1.597691708228545167e+03,1.696320936044457994e+00,3.250483745839681404e+01,3.564950053182349876e+01,1.423605823929885661e+00,2.549998062696041234e+00,3.564950053182349876e+01,1.423605823929885661e+00,3.407391944846020237e+01,2.287453509091990966e+00
1.599388029164589625e+03,1.696320936044457994e+00,3.251375774901441673e+01,3.565806693552502793e+01,1.423185820788641420e+00,2.549998034812097192e+00,3.565806693552502793e+01,1.423185820788641420e+00,3.408291207225726538e+01,2.287226866065242170e+00
1.601084350100634083e+03,1.696320936044457994e+00,3.252267966716890157e+01,3.566661380815773441e+01,1.422766185973321829e+00,2.549998006585763921e+00,3.566661380815773441e+01,1.422766185973321829e+00,3.409189762982767036e+01,2.287000293338348200e+00
1.602780671036678541e+03,1.696320936044457994e+00,3.253160317925389222e+01,3.567514174153093620e+01,1.422346918819530126e+00,2.549997978013618383e+00,3.567514174153093620e+01,1.422346918819530126e+00,3.410087615942499895e+01,2.286773790851384547e+00
1.604476991972722999e+03,1.696320936044457994e+00,3.254052825378079916e+01,3.568365128736392933e+01,1.421928018666725135e+00,2.549997949092210447e+00,3.568365128736392933e+01,1.421928018666725135e+00,3.410984769816632678e+01,2.286547358544530617e+00
1.606523213291586671e+03,2.046221318863672423e+00,3.255129634225463064e+01,3.569389236157722678e+01,1.421423199340855703e+00,2.549997913735479571e+00,3.569389236157722678e+01,1.421423199340855703e+00,3.412066054621535471e+01,2.286274313312870898e+00
1.608569434610450344e+03,2.046221318863672423e+00,3.256206661386738688e+01,3.570410827189779468e+01,1.420918911931474238e+00,2.549997877859333517e+00,3.570410827189779468e+01,1.420918911931474238e+00,3.413146333574263025e+01,2.286001370007945344e+00
1.610615655929314016e+03,2.046221318863672423e+00,3.257283902510694418e+01,3.571429980033558138e+01,1.420415155298941023e+00,2.549997841457568359e+00,3.571429980033558138e+01,1.420415155298941023e+00,3.414225612617842387e+01,2.285728528525377889e+00
1.612661877248177689e+03,2.046221318863672423e+00,3.258361353643478253e+01,3.572446767440163029e+01,1.419911928310053639e+00,2.549997804523925105e+00,3.572446767440163029e+01,1.419911928310053639e+00,3.415303897514238685e+01,2.285455788761015850e+00
1.614708098567041361e+03,2.046221318863672423e+00,3.259439011206218595e+01,3.573461257282980341e+01,1.419409229837720332e+00,2.549997767052088804e+00,3.573461257282980341e+01,1.419409229837720332e+00,3.416381193856724963e+01,2.285183150610927694e+00
1.616754319885905034e+03,2.046221318863672423e+00,3.260516871969597474e+01,3.574473513057651530e+01,1.418907058760673356e+00,2.549997729035689442e+00,3.574473513057651530e+01,1.418907058760673356e+00,3.417457507081054047e+01,2.284910613971403492e+00
1.619192673618856588e+03,2.438353732951554775e+00,3.261801552426981488e+01,3.575676920024682204e+01,1.418309340086240766e+00,2.549997683013897731e+00,3.575676920024682204e+01,1.418309340086240766e+00,3.418738805673888947e+01,2.284585981545372846e+00
1.620000000000000000e+03,8.073263811434117088e-01,3.262226965430161840e+01,3.576074697739205988e+01,1.418111602863473486e+00,2.549997667602032170e+00,3.576074697739205988e+01,1.418111602863473486e+00,3.419162732570386964e+01,2.284478529119994050e+00
1.620000028887343205e+03,2.888734320549701806e-05,3.262226980652621222e+01,3.576074711967713426e+01,1.418111595789601331e+00,2.549997667601479279e+00,3.576074711967713426e+01,1.418111595789601331e+00,3.419162747736422148e+01,2.284478525275467131e+00
1.620000057774686411e+03,2.888734320549701806e-05,3.262226995875082025e+01,3.576074726197085596e+01,1.418111588715729399e+00,2.549997667600926388e+00,3.576074726197085596e+01,1.418111588715729399e+00,3.419162762902456620e+01,2.284478521430941989e+00
1.620000346648118466e+03,2.888734320549701806e-04,3.262227148099682950e+01,3.576074868520676375e+01,1.418111517977001634e+00,2.549997667595396145e+00,3.576074868520676375e+01,1.418111517977001634e+00,3.419162914562819111e+01,2.284478482985681236e+00
1.620000635521550521e+03,2.888734320549701806e-04,3.262227300324288848e+01,3.576075010866991022e+01,1.418111447238270539e+00,2.549997667589865458e+00,3.576075010866991022e+01,1.418111447238270539e+00,3.419163066223195813e+01,2.284478444540423592e+00
1.620003524255871071e+03,2.888734320549701806e-03,3.262228822570679654e+01,3.576076435234141115e+01,1.418110739851340174e+00,2.549997667534562584e+00,3.576076435234141115e+01,1.418110739851340174e+00,3.419164582828184251e+01,2.284478060088017681e+00
1.620006412990191620e+03,2.888734320549701806e-03,3.262230344817454153e+01,3.576077860305159817e+01,1.418110032465043080e+00,2.549997667479258379e+00,3.576077860305159817e+01,1.418110032465043080e+00,3.419166099434559669e+01,2.284477675635808502e+00
1.620014756754721475e+03,8.343764529854524881e-03,3.262234741647676373e+01,3.576081978931723171e+01,1.418107989268046820e+00,2.549997667319512384e+00,3.576081978931723171e+01,1.418107989268046820e+00,3.419170479978360078e+01,2.284476565192478770e+00
1.620023100519251329e+03,8.343764529854524881e-03,3.262239138481049139e+01,3.576086100797137135e+01,1.418105946077711010e+00,2.549997667159757508e+00,3.576086100797137135e+01,1.418105946077711010e+00,3.419174860533552618e+01,2.284475454750771739e+00
1.620031444283781184e+03,8.343764529854524881e-03,3.262243535317653453e+01,3.576090225200496064e+01,1.418103902894630952e+00,2.549997666999993751e+00,3.576090225200496064e+01,1.418103902894630952e+00,3.419179241100400191e+01,2.284474344310731375e+00
1.620046862268883842e+03,1.541798510265834921e-02,3.262251659999543563e+01,3.576097852018996548e+01,1.418100127428434165e+00,2.549997666704750809e+00,3.576097852018996548e+01,1.418100127428434165e+00,3.419187335740519273e+01,2.284472292393854076e+00
1.620062280253986501e+03,1.541798510265834921e-02,3.262259784692595588e+01,3.576105484707623106e+01,1.418096351988865189e+00,2.549997666409475006e+00,3.576105484707623106e+01,1.418096351988865189e+00,3.419195430420715098e+01,2.284470240482728620e+00
1.620077698239089159e+03,1.541798510265834921e-02,3.262267909396801002e+01,3.576113122487782192e+01,1.418092576576321928e+00,2.549997666114168116e+00,3.576113122487782192e+01,1.418092576576321928e+00,3.419203525140861188e+01,2.284468188577351455e+00
1.620093116224191817e+03,1.541798510265834921e-02,3.262276034112142753e+01,3.576120764852593936e+01,1.418088801191030868e+00,2.549997665818829251e+00,3.576120764852593936e+01,1.418088801191030868e+00,3.419211619900809040e+01,2.284466136677714587e+00
1.620119824295367152e+03,2.670807117533513519e-02,3.262290108317067450e+01,3.576134013190312544e+01,1.418082261279698164e+00,2.549997665307147443e+00,3.576134013190312544e+01,1.418082261279698164e+00,3.419225642282597732e+01,2.284462582252685614e+00
1.620146532366542488e+03,2.670807117533513519e-02,3.262304182555392629e+01,3.576147272450524639e+01,1.418075721451638849e+00,2.549997664795370156e+00,3.576147272450524639e+01,1.418075721451638849e+00,3.419239664783199117e+01,2.284459027844877088e+00
1.620173240437717823e+03,2.670807117533513519e-02,3.262318256827120422e+01,3.576160541507937296e+01,1.418069181707469095e+00,2.549997664283497389e+00,3.576160541507937296e+01,1.418069181707469095e+00,3.419253687402310504e+01,2.284455473454292118e+00
1.620199948508893158e+03,2.670807117533513519e-02,3.262332331132247987e+01,3.576173819564601786e+01,1.418062642047622557e+00,2.549997663771528256e+00,3.576173819564601786e+01,1.418062642047622557e+00,3.419267710139650518e+01,2.284451919080932036e+00
1.620245758430041860e+03,4.580992114870241494e-02,3.262356471583300532e+01,3.576196613437306837e+01,1.418051425362171436e+00,2.549997662893172201e+00,3.576196613437306837e+01,1.418051425362171436e+00,3.419291762337957152e+01,2.284445822628248912e+00
1.620291568351190563e+03,4.580992114870241494e-02,3.262380612132573532e+01,3.576219429333244193e+01,1.418040208927151991e+00,2.549997662014534150e+00,3.576219429333244193e+01,1.418040208927151991e+00,3.419315814882044435e+01,2.284439726226236811e+00
1.620337378272339265e+03,4.580992114870241494e-02,3.262404752780038564e+01,3.576242265284092525e+01,1.418028992743600947e+00,2.549997661135614546e+00,3.576242265284092525e+01,1.418028992743600947e+00,3.419339867770770525e+01,2.284433629874894400e+00
1.620383188193487968e+03,4.580992114870241494e-02,3.262428893525670048e+01,3.576265119801290382e+01,1.418017776812301012e+00,2.549997660256412946e+00,3.576265119801290382e+01,1.418017776812301012e+00,3.419363921003099449e+01,2.284427533574220792e+00
1.620450774426449470e+03,6.758623296150290116e-02,3.262464510052097211e+01,3.576298869946083414e+01,1.418001229711434164e+00,2.549997658958757185e+00,3.576298869946083414e+01,1.418001229711434164e+00,3.419399408861931988e+01,2.284418539414246663e+00
1.620518360659410973e+03,6.758623296150290116e-02,3.262500126792064492e+01,3.576332654673183242e+01,1.417984683162694104e+00,2.549997657660487693e+00,3.576332654673183242e+01,1.417984683162694104e+00,3.419434897463742118e+01,2.284409545364556315e+00
1.620585946892372476e+03,6.758623296150290116e-02,3.262535743745489469e+01,3.576366471405441416e+01,1.417968137167420206e+00,2.549997656361603582e+00,3.576366471405441416e+01,1.417968137167420206e+00,3.419470386805887330e+01,2.284400551425145753e+00
1.620653533125333979e+03,6.758623296150290116e-02,3.262571360912291141e+01,3.576400318072907680e+01,1.417951591726680283e+00,2.549997655062105295e+00,3.576400318072907680e+01,1.417951591726680283e+00,3.419505876885916251e+01,2.284391557596012312e+00
1.620751973102650254e+03,9.843997731627496250e-02,3.262623238028770345e+01,3.576449666033479957e+01,1.417927494132133148e+00,2.549997653168274869e+00,3.576449666033479957e+01,1.417927494132133148e+00,3.419557569833102662e+01,2.284378458197449557e+00
1.620850413079966529e+03,9.843997731627496250e-02,3.262675115597485842e+01,3.576499069370130002e+01,1.417903397718128122e+00,2.549997651273138821e+00,3.576499069370130002e+01,1.417903397718128122e+00,3.419609264334162901e+01,2.284365359032812126e+00
1.620948853057282804e+03,9.843997731627496250e-02,3.262726993618187521e+01,3.576548524410247865e+01,1.417879302486508841e+00,2.549997649376698039e+00,3.576548524410247865e+01,1.417879302486508841e+00,3.419660960382940829e+01,2.284352260102087140e+00
1.621047293034599079e+03,9.843997731627496250e-02,3.262778872090626692e+01,3.576598028026629095e+01,1.417855208438827619e+00,2.549997647478951190e+00,3.576598028026629095e+01,1.417855208438827619e+00,3.419712657973655467e+01,2.284339161405263496e+00
1.621145733011915354e+03,9.843997731627496250e-02,3.262830751014555375e+01,3.576647577547225154e+01,1.417831115576392520e+00,2.549997645579897387e+00,3.576647577547225154e+01,1.417831115576392520e+00,3.419764357100850560e+01,2.284326062942330982e+00
1.621302776939060777e+03,1.570439271454233676e-01,3.262913515782703655e+01,3.576726714615669067e+01,1.417792682045350139e+00,2.549997642547578547e+00,3.576726714615669067e+01,1.417792682045350139e+00,3.419846837268473649e+01,2.284305167098460654e+00
1.621459820866206201e+03,1.570439271454233676e-01,3.262996281698303846e+01,3.576805954838839341e+01,1.417754251537359789e+00,2.549997639511929481e+00,3.576805954838839341e+01,1.417754251537359789e+00,3.419929321313772164e+01,2.284284271849784442e+00
1.621616864793351624e+03,1.570439271454233676e-01,3.263079048760371137e+01,3.576885291656808619e+01,1.417715824055442830e+00,2.549997636472946638e+00,3.576885291656808619e+01,1.417715824055442830e+00,3.420011809218399890e+01,2.284263377196256606e+00
1.621773908720497047e+03,1.570439271454233676e-01,3.263161816967927109e+01,3.576964719440195495e+01,1.417677399602122801e+00,2.549997633430626465e+00,3.576964719440195495e+01,1.417677399602122801e+00,3.420094300965103429e+01,2.284242483137830071e+00
1.621930952647642471e+03,1.570439271454233676e-01,3.263244586319999740e+01,3.577044233316620137e+01,1.417638978179519338e+00,2.549997630384967184e+00,3.577044233316620137e+01,1.417638978179519338e+00,3.420176796537580799e+01,2.284221589674460873e+00
1.622146535572044513e+03,2.155829244020424085e-01,3.263358210270590831e+01,3.577153518941335619e+01,1.417586239897032474e+00,2.549997626198576839e+00,3.577153518941335619e+01,1.417586239897032474e+00,3.420290048995973820e+01,2.284192909025449580e+00
1.622362118496446556e+03,2.155829244020424085e-01,3.263471836373688006e+01,3.577262949411621662e+01,1.417533507332933151e+00,2.549997622005879094e+00,3.577262949411621662e+01,1.417533507332933151e+00,3.420403308597049374e+01,2.284164229497593457e+00
1.622577701420848598e+03,2.155829244020424085e-01,3.263585464626844868e+01,3.577372516618982701e+01,1.417480780490303127e+00,2.549997617806867289e+00,3.577372516618982701e+01,1.417480780490303127e+00,3.420516575305273932e+01,2.284135551090773486e+00
1.622793284345250640e+03,2.155829244020424085e-01,3.263699095027639174e+01,3.577482213462629801e+01,1.417428059371684812e+00,2.549997613601532542e+00,3.577482213462629801e+01,1.417428059371684812e+00,3.420629849087003294e+01,2.284106873804871540e+00
1.623008867269652683e+03,2.155829244020424085e-01,3.263812727573671424e+01,3.577592033677192518e+01,1.417375343979175195e+00,2.549997609389868192e+00,3.577592033677192518e+01,1.417375343979175195e+00,3.420743129910260194e+01,2.284078197639769492e+00
1.623301877248416531e+03,2.930099787638482667e-01,3.263967174919292802e+01,3.577741483931910693e+01,1.417303704927407537e+00,2.549997603655413503e+00,3.577741483931910693e+01,1.417303704927407537e+00,3.420897107010702598e+01,2.284039224167183413e+00
1.623594887227180379e+03,2.930099787638482667e-01,3.264121626217522731e+01,3.577891139623407213e+01,1.417232076460002155e+00,2.549997597909230862e+00,3.577891139623407213e+01,1.417232076460002155e+00,3.421051096990132123e+01,2.284000252764527339e+00
1.623887897205944228e+03,2.930099787638482667e-01,3.264276081462543289e+01,3.578040990058568838e+01,1.417160458579534765e+00,2.549997592151302062e+00,3.578040990058568838e+01,1.417160458579534765e+00,3.421205099779885472e+01,2.283961283431503286e+00
1.624180907184708076e+03,2.930099787638482667e-01,3.264430540648611156e+01,3.578191025759782917e+01,1.417088851287932272e+00,2.549997586381606229e+00,3.578191025759782917e+01,1.417088851287932272e+00,3.421359115314717769e+01,2.283922316167814159e+00
1.624473917163471924e+03,2.930099787638482667e-01,3.264585003770056915e+01,3.578341238268177449e+01,1.417017254586578900e+00,2.549997580600125158e+00,3.578341238268177449e+01,1.417017254586578900e+00,3.421513143532436629e+01,2.283883350973161086e+00
1.624856878966319755e+03,3.829618028478307679e-01,3.264786891812984493e+01,3.578537818885162380e+01,1.416923694212567364e+00,2.549997573025972297e+00,3.578537818885162380e+01,1.416923694212567364e+00,3.421714476258141957e+01,2.283832426880357591e+00
1.625239840769167586e+03,3.829618028478307679e-01,3.264988786556549627e+01,3.578734673549542578e+01,1.416830151931726345e+00,2.549997565431609381e+00,3.578734673549542578e+01,1.416830151931726345e+00,3.421915830421446003e+01,2.283781506320767818e+00
1.625622802572015416e+03,3.829618028478307679e-01,3.265190687988617668e+01,3.578931788917887502e+01,1.416736627744193733e+00,2.549997557816992444e+00,3.578931788917887502e+01,1.416736627744193733e+00,3.422117205902399206e+01,2.283730589293728297e+00
1.626005764374863247e+03,3.829618028478307679e-01,3.265392596097233735e+01,3.579129153036810607e+01,1.416643121649368453e+00,2.549997550182077966e+00,3.579129153036810607e+01,1.416643121649368453e+00,3.422318602586665293e+01,2.283679675798572006e+00
1.626388726177711078e+03,3.829618028478307679e-01,3.265594510870621292e+01,3.579326755133701710e+01,1.416549633646021711e+00,2.549997542526821537e+00,3.579326755133701710e+01,1.416549633646021711e+00,3.422520020364975579e+01,2.283628765834634589e+00
1.626875381435026611e+03,4.866552573155331629e-01,3.265851107118168528e+01,3.579578189462176852e+01,1.416430858267396120e+00,2.549997532769355146e+00,3.579578189462176852e+01,1.416430858267396120e+00,3.422776005720204040e+01,2.283564076221531458e+00
1.627362036692342144e+03,4.866552573155331629e-01,3.266107714086118818e+01,3.579829974394994707e+01,1.416312112096192566e+00,2.549997522978877829e+00,3.579829974394994707e+01,1.416312112096192566e+00,3.423032024765331727e+01,2.283499392308374620e+00
1.627848691949657677e+03,4.866552573155331629e-01,3.266364331751402972e+01,3.580082093816096744e+01,1.416193395126716048e+00,2.549997513155299877e+00,3.580082093816096744e+01,1.416193395126716048e+00,3.423288077305040389e+01,2.283434714093800721e+00
1.628335347206973211e+03,4.866552573155331629e-01,3.266620960091313464e+01,3.580334533161057209e+01,1.416074707352452666e+00,2.549997503298529367e+00,3.580334533161057209e+01,1.416074707352452666e+00,3.423544163152681818e+01,2.283370041576444631e+00
1.628822002464288744e+03,4.866552573155331629e-01,3.266877599083478856e+01,3.580587279199912842e+01,1.415956048766185527e+00,2.549997493408476146e+00,3.580587279199912842e+01,1.415956048766185527e+00,3.423800282129494832e+01,2.283305374754942996e+00
1.629426185316526698e+03,6.041828522379546484e-01,3.267196231365507231e+01,3.580901472256488205e+01,1.415808774646661661e+00,2.549997481083519979e+00,3.580901472256488205e+01,1.415808774646661661e+00,3.424118299862510639e+01,2.283225098772735162e+00
1.630030368168764653e+03,6.041828522379546484e-01,3.267514879990510934e+01,3.581216098538047987e+01,1.415661545487100437e+00,2.549997468706948212e+00,3.581216098538047987e+01,1.415661545487100437e+00,3.424436368080129967e+01,2.283144831564974719e+00
1.630634551021002608e+03,6.041828522379546484e-01,3.267833544917476729e+01,3.581531139120449581e+01,1.415514361270342691e+00,2.549997456278584984e+00,3.581531139120449581e+01,1.415514361270342691e+00,3.424754486482322591e+01,2.283064573129055308e+00
1.631238733873240562e+03,6.041828522379546484e-01,3.268152226105912916e+01,3.581846576777615354e+01,1.415367221978346191e+00,2.549997443798254881e+00,3.581846576777615354e+01,1.415367221978346191e+00,3.425072654781777004e+01,2.282984323462369680e+00
1.631842916725478517e+03,6.041828522379546484e-01,3.268470923515774018e+01,3.582162395759858242e+01,1.415220127592304200e+00,2.549997431265781600e+00,3.582162395759858242e+01,1.415220127592304200e+00,3.425390872702802625e+01,2.282904082562312809e+00
1.632593786073550518e+03,7.508693480720012303e-01,3.268867018403528135e+01,3.582555400620251618e+01,1.415037383458751963e+00,2.549997415617676122e+00,3.582555400620251618e+01,1.415037383458751963e+00,3.425786417898687120e+01,2.282804372594060993e+00
1.633344655421622519e+03,7.508693480720012303e-01,3.269263138208747677e+01,3.582948946886907748e+01,1.414854708614345480e+00,2.549997399888421334e+00,3.582948946886907748e+01,1.414854708614345480e+00,3.426182038839628063e+01,2.282704676156976031e+00
1.634095524769694521e+03,7.508693480720012303e-01,3.269659282856421356e+01,3.583343011529922961e+01,1.414672103019296356e+00,2.549997384077675733e+00,3.583343011529922961e+01,1.414672103019296356e+00,3.426577735059162677e+01,2.282604993246065028e+00
1.634846394117766522e+03,7.508693480720012303e-01,3.270055452271837027e+01,3.583737573519604780e+01,1.414489566632805673e+00,2.549997368185097368e+00,3.583737573519604780e+01,1.414489566632805673e+00,3.426973506110216050e+01,2.282505323856336865e+00
1.635597263465838523e+03,7.508693480720012303e-01,3.270451646380379884e+01,3.584132613574268333e+01,1.414307099413199875e+00,2.549997352210342072e+00,3.584132613574268333e+01,1.414307099413199875e+00,3.427369351563493893e+01,2.282405667982803976e+00
1.636348132813910524e+03,7.508693480720012303e-01,3.270847865107327124e+01,3.584528113937260940e+01,1.414124701318049349e+00,2.549997336153066119e+00,3.584528113937260940e+01,1.414124701318049349e+00,3.427765271006018821e+01,2.282306025620482792e+00
1.637449867782312367e+03,1.101734968401842707e+00,3.271429273004382310e+01,3.585109222549704810e+01,1.413857197420298029e+00,2.549997312442464192e+00,3.585109222549704810e+01,1.413857197420298029e+00,3.428346328463162251e+01,2.282159846902002798e+00
1.638551602750714210e+03,1.101734968401842707e+00,3.272010733501866042e+01,3.585691239707144007e+01,1.413589842109989059e+00,2.549997288552362740e+00,3.585691239707144007e+01,1.413589842109989059e+00,3.428927543154747326e+01,2.282013697245474315e+00
1.639653337719116053e+03,1.101734968401842707e+00,3.272592246357103818e+01,3.586274122702334921e+01,1.413322635246626158e+00,2.549997264481660419e+00,3.586274122702334921e+01,1.413322635246626158e+00,3.429508913934948566e+01,2.281867576635190797e+00
1.640755072687517895e+03,1.101734968401842707e+00,3.273173811322641313e+01,3.586857832844244598e+01,1.413055576687839210e+00,2.549997240229251894e+00,3.586857832844244598e+01,1.413055576687839210e+00,3.430090439710509997e+01,2.281721485055457244e+00
1.641856807655919738e+03,1.101734968401842707e+00,3.273755428145079094e+01,3.587442334908065789e+01,1.412788666289678696e+00,2.549997215794026051e+00,3.587442334908065789e+01,1.412788666289678696e+00,3.430672119435969591e+01,2.281575422490595972e+00
1.642958542624321581e+03,1.101734968401842707e+00,3.274337096563957772e+01,3.588027596660736407e+01,1.412521903906868159e+00,2.549997191174867783e+00,3.588027596660736407e+01,1.412521903906868159e+00,3.431253952109413063e+01,2.281429388924944845e+00
1.644316218165999771e+03,1.357675541678190712e+00,3.275053961106596745e+01,3.588749819944401764e+01,1.412193374166551996e+00,2.549997160581860545e+00,3.588749819944401764e+01,1.412193374166551996e+00,3.431971157443794596e+01,2.281249470626147691e+00
1.645673893707677962e+03,1.357675541678190712e+00,3.275770903072189100e+01,3.589473101346654715e+01,1.411865068701096515e+00,2.549997129705726895e+00,3.589473101346654715e+01,1.411865068701096515e+00,3.432688591859218974e+01,2.281069596311964265e+00
1.647031569249356153e+03,1.357675541678190712e+00,3.276487921915066437e+01,3.590197394748161486e+01,1.411536987232750118e+00,2.549997098544348528e+00,3.590197394748161486e+01,1.411536987232750118e+00,3.433406253708304234e+01,2.280889765953182824e+00
1.648389244791034344e+03,1.357675541678190712e+00,3.277205017063324277e+01,3.590922658028495817e+01,1.411209129482247748e+00,2.549997067095594705e+00,3.590922658028495817e+01,1.411209129482247748e+00,3.434124141413914089e+01,2.280709979520625375e+00
1.649746920332712534e+03,1.357675541678190712e+00,3.277922187916521324e+01,3.591648852554993709e+01,1.410881495169084010e+00,2.549997035357322694e+00,3.591648852554993709e+01,1.410881495169084010e+00,3.434842253463215656e+01,2.280530236985152115e+00
1.651104595874390725e+03,1.357675541678190712e+00,3.278639433843564177e+01,3.592375942748479645e+01,1.410554084011742537e+00,2.549997003327378664e+00,3.592375942748479645e+01,1.410554084011742537e+00,3.435560588402382365e+01,2.280350538317659659e+00
1.652774765294756207e+03,1.670169420365482438e+00,3.279521869048990368e+01,3.593271566340219181e+01,1.410151618878109359e+00,2.549996963521858007e+00,3.593271566340219181e+01,1.410151618878109359e+00,3.436444564961930581e+01,2.280129538844976711e+00
1.654444934715121690e+03,1.670169420365482438e+00,3.280404415551200259e+01,3.594168439484192845e+01,1.409749490495044943e+00,2.549996923267610960e+00,3.594168439484192845e+01,1.409749490495044943e+00,3.437328874207942420e+01,2.279908605660304843e+00
1.656115104135487172e+03,1.670169420365482438e+00,3.281287071960512236e+01,3.595066510701538220e+01,1.409347698334436627e+00,2.549996882560554567e+00,3.595066510701538220e+01,1.409347698334436627e+00,3.438213513744258876e+01,2.279687738709692102e+00
1.657785273555852655e+03,1.670169420365482438e+00,3.282169836801166696e+01,3.595965732735847808e+01,1.408946241867325089e+00,2.549996841396577896e+00,3.595965732735847808e+01,1.408946241867325089e+00,3.439098481271390284e+01,2.279466937939272686e+00
1.659455442976218137e+03,1.670169420365482438e+00,3.283052708508650142e+01,3.596866062049028301e+01,1.408545120564169473e+00,2.549996799771543365e+00,3.596866062049028301e+01,1.408545120564169473e+00,3.439983774578763587e+01,2.279246203295265172e+00
1.661125612396583620e+03,1.670169420365482438e+00,3.283935685427788798e+01,3.597767458389731843e+01,1.408144333895074318e+00,2.549996757681285420e+00,3.597767458389731843e+01,1.408144333895074318e+00,3.440869391537779620e+01,2.279025534723972957e+00
1.663167434303896016e+03,2.041821907312396434e+00,3.285015286125975820e+01,3.598870832252561058e+01,1.407654816485187865e+00,2.549996705586796253e+00,3.598870832252561058e+01,1.407654816485187865e+00,3.441952516074938018e+01,2.278755851822727774e+00
1.665209256211208412e+03,2.041821907312396434e+00,3.286095038074999053e+01,3.599975682299376700e+01,1.407165797446795263e+00,2.549996652783016682e+00,3.599975682299376700e+01,1.407165797446795263e+00,3.443036117658218842e+01,2.278486267493513573e+00
1.667251078118520809e+03,2.041821907312396434e+00,3.287174937693281151e+01,3.601081950727714087e+01,1.406677275811774264e+00,2.549996599262169372e+00,3.601081950727714087e+01,1.406677275811774264e+00,3.444120192823289983e+01,2.278216781638736865e+00
1.669292900025833205e+03,2.041821907312396434e+00,3.288254981201271931e+01,3.602189584283045320e+01,1.406189250612661423e+00,2.549996545016413485e+00,3.602189584283045320e+01,1.406189250612661423e+00,3.445204738238739139e+01,2.277947394160995120e+00
1.671334721933145602e+03,2.041821907312396434e+00,3.289335164629530794e+01,3.603298533742835019e+01,1.405701720882918559e+00,2.549996490037846897e+00,3.603298533742835019e+01,1.405701720882918559e+00,3.446289750695827081e+01,2.277678104963073213e+00
1.673376543840457998e+03,2.041821907312396434e+00,3.290415483829534082e+01,3.604408753469699889e+01,1.405214685657157681e+00,2.549996434318504868e+00,3.604408753469699889e+01,1.405214685657157681e+00,3.447375227099298911e+01,2.277408913947946534e+00
1.675842464745659072e+03,2.465920905201073765e+00,3.291720366828523936e+01,3.605751205853190555e+01,1.404627148076561305e+00,2.549996366026914263e+00,3.605751205853190555e+01,1.404627148076561305e+00,3.448686777890141286e+01,2.277083941051856186e+00
1.678308385650860146e+03,2.465920905201073765e+00,3.293025433670663205e+01,3.607095380074109414e+01,1.404040328655566938e+00,2.549996296628885606e+00,3.607095380074109414e+01,1.404040328655566938e+00,3.449998995939029101e+01,2.276759111049253992e+00
1.680000000000000000e+03,1.691614349139854312e+00,3.293920807712481746e+01,3.608018442055051622e+01,1.403638186723484615e+00,2.549996248374750252e+00,3.608018442055051622e+01,1.403638186723484615e+00,3.450899556921586964e+01,2.276536361187749602e+00
1.680000028944455153e+03,2.894445515266852453e-05,3.293920823033518275e+01,3.608018457856708494e+01,1.403638179845495992e+00,2.549996248373919805e+00,3.608018457856708494e+01,1.403638179845495992e+00,3.450899572333340615e+01,2.276536357376950814e+00
1.680000057888910305e+03,2.894445515266852453e-05,3.293920838354554093e+01,3.608018473659047487e+01,1.403638172967507813e+00,2.549996248373090246e+00,3.608018473659047487e+01,1.403638172967507813e+00,3.450899587745094976e+01,2.276536353566152471e+00
1.680000347333461832e+03,2.894445515266852453e-04,3.293920991564917244e+01,3.608018631706044488e+01,1.403638104187658664e+00,2.549996248364787998e+00,3.608018631706044488e+01,1.403638104187658664e+00,3.450899741862666303e+01,2.276536315458166815e+00
1.680000636778013359e+03,2.894445515266852453e-04,3.293921144775282528e+01,3.608018789771018220e+01,1.403638035407839491e+00,2.549996248356486195e+00,3.608018789771018220e+01,1.403638035407839491e+00,3.450899895980271737e+01,2.276536277350182935e+00
1.680003531223528626e+03,2.894445515266852453e-03,3.293922676879137867e+01,3.608020371138507443e+01,1.403637347611274677e+00,2.549996248273464605e+00,3.608020371138507443e+01,1.403637347611274677e+00,3.450901437159384244e+01,2.276535896270514669e+00
1.680006425669043892e+03,2.894445515266852453e-03,3.293924208983222712e+01,3.608021953066553777e+01,1.403636659816261067e+00,2.549996248190442127e+00,3.608021953066553777e+01,1.403636659816261067e+00,3.450902978341973437e+01,2.276535515191038694e+00
1.680015489883238388e+03,9.064214194495434640e-03,3.293929006905138834e+01,3.608026909278712679e+01,1.403634505932970011e+00,2.549996247930439885e+00,3.608026909278712679e+01,1.403634505932970011e+00,3.450907804713536109e+01,2.276534321807841543e+00
1.680024554097432883e+03,9.064214194495434640e-03,3.293933804829277534e+01,3.608031868496910732e+01,1.403632352062112343e+00,2.549996247670423433e+00,3.608031868496910732e+01,1.403632352062112343e+00,3.450912631118808349e+01,2.276533128426513564e+00
1.680033618311627379e+03,9.064214194495434640e-03,3.293938602755690681e+01,3.608036830053057997e+01,1.403630198203209334e+00,2.549996247410391881e+00,3.608036830053057997e+01,1.403630198203209334e+00,3.450917457558551149e+01,2.276531935047099608e+00
1.680050444956974388e+03,1.682664534700961667e-02,3.293947509546656249e+01,3.608046045761677334e+01,1.403626199848772904e+00,2.549996246927633159e+00,3.608046045761677334e+01,1.403626199848772904e+00,3.450926417366889609e+01,2.276529719683965780e+00
1.680067271602321398e+03,1.682664534700961667e-02,3.293956416345543659e+01,3.608055266938410455e+01,1.403622201533238467e+00,2.549996246444821590e+00,3.608055266938410455e+01,1.403622201533238467e+00,3.450935377295142104e+01,2.276527504327499063e+00
1.680084098247668408e+03,1.682664534700961667e-02,3.293965323152345093e+01,3.608064492883205787e+01,1.403618203255870167e+00,2.549996245961957619e+00,3.608064492883205787e+01,1.403618203255870167e+00,3.450944337343138812e+01,2.276525288977695016e+00
1.680100924893015417e+03,1.682664534700961667e-02,3.293974229967047052e+01,3.608073723138669209e+01,1.403614205016153305e+00,2.549996245479040802e+00,3.608073723138669209e+01,1.403614205016153305e+00,3.450953297510621809e+01,2.276523073634543870e+00
1.680130572556439120e+03,2.964766342370239727e-02,3.293989923324951974e+01,3.608089995786734505e+01,1.403607160418733901e+00,2.549996244628038866e+00,3.608089995786734505e+01,1.403607160418733901e+00,3.450969085144578941e+01,2.276519170332703013e+00
1.680160220219862822e+03,2.964766342370239727e-02,3.294005616707357120e+01,3.608106279131520466e+01,1.403600115935422776e+00,2.549996243776873506e+00,3.608106279131520466e+01,1.403600115935422776e+00,3.450984873148760101e+01,2.276515267051513192e+00
1.680189867883286524e+03,2.964766342370239727e-02,3.294021310114251122e+01,3.608122572110062976e+01,1.403593071565146566e+00,2.549996242925543832e+00,3.608122572110062976e+01,1.403593071565146566e+00,3.451000661522872548e+01,2.276511363790976183e+00
1.680219515546710227e+03,2.964766342370239727e-02,3.294037003545621900e+01,3.608138873974443328e+01,1.403586027307147432e+00,2.549996242074051178e+00,3.608138873974443328e+01,1.403586027307147432e+00,3.451016450266631352e+01,2.276507460551094209e+00
1.680270703864804091e+03,5.118831809386392706e-02,3.294064099173776583e+01,3.608167039321038772e+01,1.403573865271684040e+00,2.549996240603516817e+00,3.608167039321038772e+01,1.403573865271684040e+00,3.451043711268496850e+01,2.276500721441824027e+00
1.680321892182897955e+03,5.118831809386392706e-02,3.294091194874776107e+01,3.608195226925231935e+01,1.403561703566560404e+00,2.549996239132494402e+00,3.608195226925231935e+01,1.403561703566560404e+00,3.451070973369979100e+01,2.276493982394122817e+00
1.680373080500991819e+03,5.118831809386392706e-02,3.294118290648543734e+01,3.608223434919658956e+01,1.403549542189847399e+00,2.549996237660984377e+00,3.608223434919658956e+01,1.403549542189847399e+00,3.451098236569779942e+01,2.276487243407987027e+00
1.680424268819085682e+03,5.118831809386392706e-02,3.294145386495004857e+01,3.608251661898168550e+01,1.403537381140090190e+00,2.549996236188985410e+00,3.608251661898168550e+01,1.403537381140090190e+00,3.451125500866716322e+01,2.276480504483414880e+00
1.680500269523928409e+03,7.600070484272691829e-02,3.294185616577989606e+01,3.608293603948308714e+01,1.403519325895450809e+00,2.549996234002568141e+00,3.608293603948308714e+01,1.403519325895450809e+00,3.451165982940261046e+01,2.276470499130167635e+00
1.680576270228771136e+03,7.600070484272691829e-02,3.294225846820805259e+01,3.608335582264925989e+01,1.403501271365769298e+00,2.549996231815073511e+00,3.608335582264925989e+01,1.403501271365769298e+00,3.451206467426572999e+01,2.276460493912625171e+00
1.680652270933613863e+03,7.600070484272691829e-02,3.294266077223204547e+01,3.608377594381874331e+01,1.403483217548475714e+00,2.549996229626501520e+00,3.608377594381874331e+01,1.403483217548475714e+00,3.451246954322526506e+01,2.276450488830779495e+00
1.680728271638456590e+03,7.600070484272691829e-02,3.294306307784940202e+01,3.608419638323820777e+01,1.403465164441501711e+00,2.549996227436852170e+00,3.608419638323820777e+01,1.403465164441501711e+00,3.451287443625202656e+01,2.276440483884628385e+00
1.680839004067013548e+03,1.107324285569575295e-01,3.294364923681315105e+01,3.608480949567002938e+01,1.403438862474601923e+00,2.549996224244619469e+00,3.608480949567002938e+01,1.403438862474601923e+00,3.451346440522546999e+01,2.276425906999728355e+00
1.680949736495570505e+03,1.107324285569575295e-01,3.294423539914640031e+01,3.608542320621076271e+01,1.403412562007412934e+00,2.549996221050097045e+00,3.608542320621076271e+01,1.403412562007412934e+00,3.451405442515089561e+01,2.276411330402854372e+00
1.681060468924127463e+03,1.107324285569575295e-01,3.294482156484144753e+01,3.608603747989655375e+01,1.403386263036210613e+00,2.549996217853282676e+00,3.608603747989655375e+01,1.403386263036210613e+00,3.451464449595316353e+01,2.276396754093990005e+00
1.681171201352684420e+03,1.107324285569575295e-01,3.294540773389062593e+01,3.608665228696976612e+01,1.403359965557803513e+00,2.549996214654175919e+00,3.608665228696976612e+01,1.403359965557803513e+00,3.451523461756115552e+01,2.276382178073121043e+00
1.681281933781241378e+03,1.107324285569575295e-01,3.294599390628624036e+01,3.608726760202128503e+01,1.403333669569445608e+00,2.549996211452774553e+00,3.608726760202128503e+01,1.403333669569445608e+00,3.451582478990722080e+01,2.276367602340230611e+00
1.681459420490237562e+03,1.774867089961844613e-01,3.294693345562689757e+01,3.608825486104002778e+01,1.403291524328263762e+00,2.549996206316642144e+00,3.608825486104002778e+01,1.403291524328263762e+00,3.451677084925705685e+01,2.276344240328023627e+00
1.681636907199233747e+03,1.774867089961844613e-01,3.294787301351338016e+01,3.608924329359324190e+01,1.403249382900735531e+00,2.549996201174606902e+00,3.608924329359324190e+01,1.403249382900735531e+00,3.451771703854152662e+01,2.276320879055558688e+00
1.681814393908229931e+03,1.774867089961844613e-01,3.294881257991389845e+01,3.609023283650602565e+01,1.403207245279790572e+00,2.549996196026663497e+00,3.609023283650602565e+01,1.403207245279790572e+00,3.451866335752346515e+01,2.276297518522769625e+00
1.681991880617226116e+03,1.774867089961844613e-01,3.294975215479664143e+01,3.609122343556224166e+01,1.403165111459275360e+00,2.549996190872805713e+00,3.609122343556224166e+01,1.403165111459275360e+00,3.451960980597759487e+01,2.276274158729593822e+00
1.682169367326222300e+03,1.774867089961844613e-01,3.295069173812975549e+01,3.609221504383100410e+01,1.403122981433781113e+00,2.549996185713029107e+00,3.609221504383100410e+01,1.403122981433781113e+00,3.452055638368901924e+01,2.276250799675964664e+00
1.682413477719471530e+03,2.441103932492296735e-01,3.295198402924167880e+01,3.609358044894663209e+01,1.403065043132808887e+00,2.549996178606733999e+00,3.609358044894663209e+01,1.403065043132808887e+00,3.452185849169966048e+01,2.276218673476733567e+00
1.682657588112720759e+03,2.441103932492296735e-01,3.295327633619535135e+01,3.609494759471499492e+01,1.403007111990727918e+00,2.549996171489217200e+00,3.609494759471499492e+01,1.403007111990727918e+00,3.452316084332061763e+01,2.276186548676177868e+00
1.682901698505969989e+03,2.441103932492296735e-01,3.295456865890756859e+01,3.609631640247136630e+01,1.402949187997909242e+00,2.549996164360464057e+00,3.609631640247136630e+01,1.402949187997909242e+00,3.452446343806552420e+01,2.276154425274129256e+00
1.683145808899219219e+03,2.441103932492296735e-01,3.295586099729501939e+01,3.609768680325329626e+01,1.402891271145715990e+00,2.549996157220460802e+00,3.609768680325329626e+01,1.402891271145715990e+00,3.452576627546876153e+01,2.276122303270419867e+00
1.683389919292468448e+03,2.441103932492296735e-01,3.295715335127429313e+01,3.609905873613835325e+01,1.402833361426333747e+00,2.549996150069193668e+00,3.609905873613835325e+01,1.402833361426333747e+00,3.452706935508307851e+01,2.276090182664883166e+00
1.683722405290176994e+03,3.324859977085452556e-01,3.295891360278250204e+01,3.610092971929864802e+01,1.402754498036552722e+00,2.549996140310797799e+00,3.610092971929864802e+01,1.402754498036552722e+00,3.452884457915330785e+01,2.276046435643347632e+00
1.684054891287885539e+03,3.324859977085452556e-01,3.296067388284925670e+01,3.610280332457790564e+01,1.402675647849606522e+00,2.549996130531442251e+00,3.610280332457790564e+01,1.402675647849606522e+00,3.453062025071389485e+01,2.276002691214871199e+00
1.684387377285594084e+03,3.324859977085452556e-01,3.296243419126290064e+01,3.610467944680311092e+01,1.402596810850738507e+00,2.549996120731090610e+00,3.610467944680311092e+01,1.402596810850738507e+00,3.453239636876395480e+01,2.275958949379032870e+00
1.684719863283302629e+03,3.324859977085452556e-01,3.296419452781151449e+01,3.610655799254567455e+01,1.402517987026393520e+00,2.549996110909707348e+00,3.610655799254567455e+01,1.402517987026393520e+00,3.453417293234083729e+01,2.275915210135411204e+00
1.685052349281011175e+03,3.324859977085452556e-01,3.296595489228290887e+01,3.610843887821633302e+01,1.402439176364023377e+00,2.549996101067255161e+00,3.610843887821633302e+01,1.402439176364023377e+00,3.453594994051604772e+01,2.275871473483586094e+00
1.685487583413931134e+03,4.352341329199589381e-01,3.296825930396529714e+01,3.611090442559995495e+01,1.402336030717872273e+00,2.549996088151289086e+00,3.611090442559995495e+01,1.402336030717872273e+00,3.453827676788595369e+01,2.275814224812182207e+00
1.685922817546851093e+03,4.352341329199589381e-01,3.297056376265402378e+01,3.611337370379886380e+01,1.402232907581214105e+00,2.549996075199076895e+00,3.611337370379886380e+01,1.402232907581214105e+00,3.454060435362456616e+01,2.275756980580315059e+00
1.686358051679771052e+03,4.352341329199589381e-01,3.297286826787158276e+01,3.611584657909281759e+01,1.402129806931406319e+00,2.549996062210536873e+00,3.611584657909281759e+01,1.402129806931406319e+00,3.454293269586322879e+01,2.275699740787045844e+00
1.686793285812691011e+03,4.352341329199589381e-01,3.297517281914008436e+01,3.611832293124253113e+01,1.402026728747186146e+00,2.549996049185587310e+00,3.611832293124253113e+01,1.402026728747186146e+00,3.454526179279742593e+01,2.275642505431433538e+00
1.687228519945610969e+03,4.352341329199589381e-01,3.297747741598132620e+01,3.612080265146043700e+01,1.401923673008464100e+00,2.549996036124146048e+00,3.612080265146043700e+01,1.401923673008464100e+00,3.454759164268064353e+01,2.275585274512542000e+00
1.687782293888059712e+03,5.537739424487426732e-01,3.298040975498564364e+01,3.612396245881579659e+01,1.401792581558909179e+00,2.549996019452423823e+00,3.612396245881579659e+01,1.401792581558909179e+00,3.455055713330418143e+01,2.275512462666442026e+00
1.688336067830508455e+03,5.537739424487426732e-01,3.298334216600749613e+01,3.612712737508406491e+01,1.401661526378187306e+00,2.549996002721322430e+00,3.612712737508406491e+01,1.401661526378187306e+00,3.455352383676045491e+01,2.275439657999485998e+00
1.688889841772957197e+03,5.537739424487426732e-01,3.298627464806138221e+01,3.613029723455574782e+01,1.401530507430899908e+00,2.549995985930671782e+00,3.613029723455574782e+01,1.401530507430899908e+00,3.455649174978744043e+01,2.275366860509747902e+00
1.689443615715405940e+03,5.537739424487426732e-01,3.298920720016222674e+01,3.613347188665846232e+01,1.401399524683201392e+00,2.549995969080301794e+00,3.613347188665846232e+01,1.401399524683201392e+00,3.455946086922494942e+01,2.275294070195301277e+00
1.689997389657854683e+03,5.537739424487426732e-01,3.299213982132572909e+01,3.613665119384773305e+01,1.401268578102583096e+00,2.549995952170041491e+00,3.613665119384773305e+01,1.401268578102583096e+00,3.456243119200586733e+01,2.275221287054223218e+00
1.690685589250105750e+03,6.881995922510668606e-01,3.299578441528682760e+01,3.614060855864679667e+01,1.401105895297491299e+00,2.549995931071187272e+00,3.614060855864679667e+01,1.401105895297491299e+00,3.456612421715571770e+01,2.275130846190383416e+00
1.691373788842356817e+03,6.881995922510668606e-01,3.299942911250693811e+01,3.614457269737461331e+01,1.400943268243017403e+00,2.549995909879244849e+00,3.614457269737461331e+01,1.400943268243017403e+00,3.456981909061249780e+01,2.275040416398542931e+00
1.692061988434607883e+03,6.881995922510668606e-01,3.300307391110640509e+01,3.614854340878586214e+01,1.400780696883219489e+00,2.549995888593883819e+00,3.614854340878586214e+01,1.400780696883219489e+00,3.457351580699309324e+01,2.274949997675019375e+00
1.692750188026858950e+03,6.881995922510668606e-01,3.300671880921089496e+01,3.615252050835938746e+01,1.400618181163880926e+00,2.549995867214774670e+00,3.615252050835938746e+01,1.400618181163880926e+00,3.457721436106904633e+01,2.274859590016135691e+00
1.693438387619110017e+03,6.881995922510668606e-01,3.301036380495231271e+01,3.615650382614013836e+01,1.400455721032288547e+00,2.549995845741584333e+00,3.615650382614013836e+01,1.400455721032288547e+00,3.458091474775429219e+01,2.274769193418217483e+00
1.694293408265775042e+03,8.550206466650251969e-01,3.301489248866992909e+01,3.616146113519140926e+01,1.400253957572540564e+00,2.549995818931694469e+00,3.616146113519140926e+01,1.400253957572540564e+00,3.458551466144011499e+01,2.274656899893654050e+00
1.695148428912440068e+03,8.550206466650251969e-01,3.301942131667318847e+01,3.616642752337208577e+01,1.400052279740694017e+00,2.549995791975433246e+00,3.616642752337208577e+01,1.400052279740694017e+00,3.459011738699668115e+01,2.274544623429690215e+00
1.696003449559105093e+03,8.550206466650251969e-01,3.302395028543283928e+01,3.617140273603680356e+01,1.399850687443049857e+00,2.549995764872159398e+00,3.617140273603680356e+01,1.399850687443049857e+00,3.459472291544994249e+01,2.274432364019301378e+00
1.696858470205770118e+03,8.550206466650251969e-01,3.302847939144410816e+01,3.617638653844804963e+01,1.399649180587985375e+00,2.549995737621229441e+00,3.617638653844804963e+01,1.399649180587985375e+00,3.459933123807108757e+01,2.274320121655469151e+00
1.697713490852435143e+03,8.550206466650251969e-01,3.303300863122917264e+01,3.618137871332258726e+01,1.399447759085703069e+00,2.549995710221998557e+00,3.618137871332258726e+01,1.399447759085703069e+00,3.460394234635827360e+01,2.274207896331185808e+00
1.698568511499100168e+03,8.550206466650251969e-01,3.303753800133963381e+01,3.618637905866091131e+01,1.399246422848011040e+00,2.549995682673819264e+00,3.618637905866091131e+01,1.399246422848011040e+00,3.460855623201997133e+01,2.274095688039447616e+00
1.699824146637422245e+03,1.255635138322077182e+00,3.304418980811197315e+01,3.619373670167296808e+01,1.398950906162878649e+00,2.549995641946773084e+00,3.619373670167296808e+01,1.398950906162878649e+00,3.461533694179296106e+01,2.273930936123754964e+00
1.701079781775744323e+03,1.255635138322077182e+00,3.305084187790058081e+01,3.620111100978043339e+01,1.398655572904272892e+00,2.549995600895035519e+00,3.620111100978043339e+01,1.398655572904272892e+00,3.462212359895054448e+01,2.273766220903588930e+00
1.702335416914066400e+03,1.255635138322077182e+00,3.305749420019438389e+01,3.620850147897946414e+01,1.398360422807291670e+00,2.549995559516533561e+00,3.620850147897946414e+01,1.398360422807291670e+00,3.462891617933063770e+01,2.273601542356852523e+00
1.703591052052388477e+03,1.255635138322077182e+00,3.306414676467056779e+01,3.621590764644241744e+01,1.398065455611466001e+00,2.549995517809183987e+00,3.621590764644241744e+01,1.398065455611466001e+00,3.463571465948279382e+01,2.273436900461483834e+00
1.704846687190710554e+03,1.255635138322077182e+00,3.307079956120812625e+01,3.622332908510436766e+01,1.397770671060213354e+00,2.549995475770892917e+00,3.622332908510436766e+01,1.397770671060213354e+00,3.464251901661224764e+01,2.273272295195452930e+00
1.706102322329032631e+03,1.255635138322077182e+00,3.307745257990067245e+01,3.623076539898456616e+01,1.397476068900365354e+00,2.549995433399557587e+00,3.623076539898456616e+01,1.397476068900365354e+00,3.464932922852980823e+01,2.273107726536756523e+00
1.707650464711419545e+03,1.548142382386913596e+00,3.308565574806376475e+01,3.623995397592666734e+01,1.397113088219234189e+00,2.549995380695990743e+00,3.623995397592666734e+01,1.397113088219234189e+00,3.465773394496424942e+01,2.272904871046391939e+00
1.709198607093806459e+03,1.548142382386913596e+00,3.309385922159969340e+01,3.624916396608564639e+01,1.396750383962521935e+00,2.549995327478946638e+00,3.624916396608564639e+01,1.396750383962521935e+00,3.466614748943894853e+01,2.272702071131235346e+00
1.710746749476193372e+03,1.548142382386913596e+00,3.310206298344387932e+01,3.625839477726996307e+01,1.396387955672609094e+00,2.549995273744424029e+00,3.625839477726996307e+01,1.396387955672609094e+00,3.467456982362425322e+01,2.272499326750238247e+00
1.712294891858580286e+03,1.548142382386913596e+00,3.311026701713648634e+01,3.626764586024239634e+01,1.396025802896869283e+00,2.549995219488399023e+00,3.626764586024239634e+01,1.396025802896869283e+00,3.468300091022667431e+01,2.272296637862419200e+00
1.713843034240967199e+03,1.548142382386913596e+00,3.311847130684625284e+01,3.627691670358246512e+01,1.395663925187156762e+00,2.549995164706826412e+00,3.627691670358246512e+01,1.395663925187156762e+00,3.469144071291565012e+01,2.272094004426865155e+00
1.715391176623354113e+03,1.548142382386913596e+00,3.312667583739202826e+01,3.628620682930434782e+01,1.395302322099371661e+00,2.549995109395637005e+00,3.628620682930434782e+01,1.395302322099371661e+00,3.469988919625796342e+01,2.271891426402726566e+00
1.717295502948656804e+03,1.904326325302690748e+00,3.313676830820390506e+01,3.629766013905523891e+01,1.394857900343625445e+00,2.549995040626449772e+00,3.629766013905523891e+01,1.394857900343625445e+00,3.471029329272255382e+01,2.271642316823570429e+00
1.719199829273959494e+03,1.904326325302690748e+00,3.314686109592708618e+01,3.630914116923872115e+01,1.394413892633053154e+00,2.549994971042059522e+00,3.630914116923872115e+01,1.394413892633053154e+00,3.472071040863080071e+01,2.271393290948667598e+00
1.721104155599262185e+03,1.904326325302690748e+00,3.315695417660072053e+01,3.632064919501015510e+01,1.393970298161991250e+00,2.549994900634754647e+00,3.632064919501015510e+01,1.393970298161991250e+00,3.473114048289966860e+01,2.271144348702397231e+00
1.723008481924564876e+03,1.904326325302690748e+00,3.316704752792331590e+01,3.633218353973094139e+01,1.393527116131240362e+00,2.549994829396769358e+00,3.633218353973094139e+01,1.393527116131240362e+00,3.474158345601078679e+01,2.270895490009287254e+00
1.724912808249867567e+03,1.904326325302690748e+00,3.317714112929259329e+01,3.634374356973103204e+01,1.393084345747551911e+00,2.549994757320287242e+00,3.634374356973103204e+01,1.393084345747551911e+00,3.475203926990870684e+01,2.270646714794009036e+00
1.726817134575170257e+03,1.904326325302690748e+00,3.318723496184546207e+01,3.635532868979586141e+01,1.392641986223187578e+00,2.549994684397439926e+00,3.635532868979586141e+01,1.392641986223187578e+00,3.476250786790928515e+01,2.270398022981378716e+00
1.729141501342222000e+03,2.324366767051742499e+00,3.319955549651167104e+01,3.636950234793938108e+01,1.392102610370486104e+00,2.549994594231367984e+00,3.636950234793938108e+01,1.392102610370486104e+00,3.477530278638968042e+01,2.270094589716536326e+00
1.731465868109273742e+03,2.324366767051742499e+00,3.321187632288205549e+01,3.638371159539163813e+01,1.391563844035020647e+00,2.549994502778068384e+00,3.638371159539163813e+01,1.391563844035020647e+00,3.478811656982291822e+01,2.269791280456609606e+00
1.733790234876325485e+03,2.324366767051742499e+00,3.322419741775312474e+01,3.639795553762935754e+01,1.391025685813357171e+00,2.549994410022912827e+00,3.639795553762935754e+01,1.391025685813357171e+00,3.480094912243862382e+01,2.269488095065748112e+00
1.736114601643377227e+03,2.324366767051742499e+00,3.323651876222420753e+01,3.641223333585076460e+01,1.390488134311417046e+00,2.549994315951155333e+00,3.641223333585076460e+01,1.390488134311417046e+00,3.481380035082823099e+01,2.269185033408414487e+00
1.738438968410428970e+03,2.324366767051742499e+00,3.324884034184010773e+01,3.642654420137835558e+01,1.389951188143937699e+00,2.549994220547930901e+00,3.642654420137835558e+01,1.389951188143937699e+00,3.482667016380097635e+01,2.268882095349379568e+00
1.740000000000000000e+03,1.561031589571030054e+00,3.325711557196927970e+01,3.643617348564324487e+01,1.389590917226962707e+00,2.549994155720805455e+00,3.643617348564324487e+01,1.389590917226962707e+00,3.483532384470005638e+01,2.268678713170667383e+00
1.740000028799098345e+03,2.879909834518912248e-05,3.325711572463794141e+01,3.643617366341270980e+01,1.389590910582921168e+00,2.549994155719603750e+00,3.643617366341270980e+01,1.389590910582921168e+00,3.483532400442652488e+01,2.268678709419031048e+00
1.740000057598196690e+03,2.879909834518912248e-05,3.325711587730661023e+01,3.643617384117391111e+01,1.389590903938880295e+00,2.549994155718402045e+00,3.643617384117391111e+01,1.389590903938880295e+00,3.483532416415300759e+01,2.268678705667395601e+00
1.740000345589180142e+03,2.879909834518912248e-04,3.325711740399326288e+01,3.643617561850015107e+01,1.389590837498492881e+00,2.549994155706385879e+00,3.643617561850015107e+01,1.389590837498492881e+00,3.483532576141772097e+01,2.268678668151040245e+00
1.740000633580163594e+03,2.879909834518912248e-04,3.325711893067991554e+01,3.643617739560906443e+01,1.389590771058127672e+00,2.549994155694370157e+00,3.643617739560906443e+01,1.389590771058127672e+00,3.483532735868241303e+01,2.268678630634687110e+00
1.740003513489998113e+03,2.879909834518912248e-03,3.325713419754676181e+01,3.643619515805676201e+01,1.389590106655793411e+00,2.549994155574206722e+00,3.643619515805676201e+01,1.389590106655793411e+00,3.483534333132606520e+01,2.268678255471314742e+00
1.740006393399832632e+03,2.879909834518912248e-03,3.325714946441393494e+01,3.643621291377895233e+01,1.389589442254754115e+00,2.549994155454041511e+00,3.643621291377895233e+01,1.389589442254754115e+00,3.483535930396608649e+01,2.268677880308128003e+00
1.740014889564869236e+03,8.496165036603997578e-03,3.325719450395881438e+01,3.643626527131478099e+01,1.389587482178527234e+00,2.549994155099525095e+00,3.643626527131478099e+01,1.389587482178527234e+00,3.483540642562525136e+01,2.268676773521577150e+00
1.740023385729905840e+03,8.496165036603997578e-03,3.325723954350655021e+01,3.643631759673581882e+01,1.389585522111920879e+00,2.549994154744990915e+00,3.643631759673581882e+01,1.389585522111920879e+00,3.483545354725358578e+01,2.268675666736621910e+00
1.740031881894942444e+03,8.496165036603997578e-03,3.325728458305720636e+01,3.643636989709673912e+01,1.389583562054725663e+00,2.549994154390438972e+00,3.643636989709673912e+01,1.389583562054725663e+00,3.483550066885056395e+01,2.268674559953301362e+00
1.740047597391632735e+03,1.571549669029081997e-02,3.325736789346514399e+01,3.643646658304498231e+01,1.389579936528875015e+00,2.549994153734570723e+00,3.643646658304498231e+01,1.389579936528875015e+00,3.483558783036384909e+01,2.268672512722258894e+00
1.740063312888323026e+03,1.571549669029081997e-02,3.325745120388319265e+01,3.643656321114877983e+01,1.389576311033975164e+00,2.549994153078640746e+00,3.643656321114877983e+01,1.389576311033975164e+00,3.483567499177058124e+01,2.268670465496875455e+00
1.740079028385013316e+03,1.571549669029081997e-02,3.325753451431135232e+01,3.643665978911432290e+01,1.389572685569577359e+00,2.549994152422648153e+00,3.643665978911432290e+01,1.389572685569577359e+00,3.483576215307186175e+01,2.268668418277147936e+00
1.740094743881703607e+03,1.571549669029081997e-02,3.325761782474960171e+01,3.643675632196212177e+01,1.389569060135360301e+00,2.549994151766593831e+00,3.643675632196212177e+01,1.389569060135360301e+00,3.483584931426872089e+01,2.268666371063067011e+00
1.740122086926200836e+03,2.734304449722912977e-02,3.325776277475932829e+01,3.643692418111011477e+01,1.389562752393983081e+00,2.549994150624991018e+00,3.643692418111011477e+01,1.389562752393983081e+00,3.483600096385737288e+01,2.268662809174105455e+00
1.740149429970698066e+03,2.734304449722912977e-02,3.325790772479958690e+01,3.643709193211887509e+01,1.389556444742349406e+00,2.549994149483201245e+00,3.643709193211887509e+01,1.389556444742349406e+00,3.483615261313607192e+01,2.268659247302235116e+00
1.740176773015195295e+03,2.734304449722912977e-02,3.325805267487037753e+01,3.643725958626978212e+01,1.389550137179840439e+00,2.549994148341222733e+00,3.643725958626978212e+01,1.389550137179840439e+00,3.483630426210803677e+01,2.268655685447458659e+00
1.740204116059692524e+03,2.734304449722912977e-02,3.325819762497170018e+01,3.643742715154635192e+01,1.389543829706015199e+00,2.549994147199056371e+00,3.643742715154635192e+01,1.389543829706015199e+00,3.483645591077623038e+01,2.268652123609778748e+00
1.740251094165346103e+03,4.697810565357940504e-02,3.325844666392284665e+01,3.643771485534441723e+01,1.389532993036511455e+00,2.549994145236261556e+00,3.643771485534441723e+01,1.389532993036511455e+00,3.483671645776729520e+01,2.268646004053652909e+00
1.740298072270999683e+03,4.697810565357940504e-02,3.325869570296406152e+01,3.643800234149399841e+01,1.389522156626265215e+00,2.549994143272912073e+00,3.643800234149399841e+01,1.389522156626265215e+00,3.483697700388231056e+01,2.268639884547988927e+00
1.740345050376653262e+03,4.697810565357940504e-02,3.325894474209530927e+01,3.643828962974669849e+01,1.389511320474156042e+00,2.549994141309007034e+00,3.643828962974669849e+01,1.389511320474156042e+00,3.483723754913274462e+01,2.268633765092785026e+00
1.740392028482306841e+03,4.697810565357940504e-02,3.325919378131656146e+01,3.643857673502279937e+01,1.389500484579335504e+00,2.549994139344546884e+00,3.643857673502279937e+01,1.389500484579335504e+00,3.483749809352908500e+01,2.268627645688038985e+00
1.740461451354128940e+03,6.942287182209838647e-02,3.325956180436544685e+01,3.643900070045843620e+01,1.389484472080235955e+00,2.549994136440508985e+00,3.643900070045843620e+01,1.389484472080235955e+00,3.483788311688135053e+01,2.268618602702892506e+00
1.740530874225951038e+03,6.942287182209838647e-02,3.325992982761071914e+01,3.643942432495170891e+01,1.389468460139660744e+00,2.549994133535258278e+00,3.643942432495170891e+01,1.389468460139660744e+00,3.483826813841850623e+01,2.268609559827930333e+00
1.740600297097773137e+03,6.942287182209838647e-02,3.326029785105230729e+01,3.643984763441621055e+01,1.389452448756122838e+00,2.549994130628793876e+00,3.643984763441621055e+01,1.389452448756122838e+00,3.483865315816733954e+01,2.268600517063150246e+00
1.740669719969595235e+03,6.942287182209838647e-02,3.326066587469011182e+01,3.644027064964908647e+01,1.389436437928420309e+00,2.549994127721116666e+00,3.644027064964908647e+01,1.389436437928420309e+00,3.483903817615256315e+01,2.268591474408546027e+00
1.740770843064306518e+03,1.011230947112835565e-01,3.326120194749388759e+01,3.644088633374691710e+01,1.389413117147991983e+00,2.549994123483548147e+00,3.644088633374691710e+01,1.389413117147991983e+00,3.483959899988998643e+01,2.268578302848379913e+00
1.740871966159017802e+03,1.011230947112835565e-01,3.326173802071360086e+01,3.644150147519247440e+01,1.389389797542146976e+00,2.549994119243402135e+00,3.644150147519247440e+01,1.389389797542146976e+00,3.484015982000130407e+01,2.268565131521964595e+00
1.740973089253729086e+03,1.011230947112835565e-01,3.326227409434905269e+01,3.644211611085000868e+01,1.389366479108705255e+00,2.549994115000678629e+00,3.644211611085000868e+01,1.389366479108705255e+00,3.484072063654844698e+01,2.268551960429288084e+00
1.741074212348440369e+03,1.011230947112835565e-01,3.326281016840002991e+01,3.644273027210135751e+01,1.389343161845795871e+00,2.549994110755374965e+00,3.644273027210135751e+01,1.389343161845795871e+00,3.484128144958945228e+01,2.268538789570339720e+00
1.741175335443151653e+03,1.011230947112835565e-01,3.326334624286636910e+01,3.644334398575220035e+01,1.389319845751801896e+00,2.549994106507490255e+00,3.644334398575220035e+01,1.389319845751801896e+00,3.484184225917902467e+01,2.268525618945107958e+00
1.741336854673619882e+03,1.615192304682295799e-01,3.326420249061676770e+01,3.644432337035409120e+01,1.389282606457097335e+00,2.549994099717185048e+00,3.644432337035409120e+01,1.389282606457097335e+00,3.484273800730247928e+01,2.268504582600855191e+00
1.741498373904088112e+03,1.615192304682295799e-01,3.326505873942586788e+01,3.644530175056980426e+01,1.389245370136089397e+00,2.549994092920286892e+00,3.644530175056980426e+01,1.389245370136089397e+00,3.484363374694919457e+01,2.268483546852789967e+00
1.741659893134556341e+03,1.615192304682295799e-01,3.326591498929324331e+01,3.644627919237863978e+01,1.389208136784614522e+00,2.549994086116790903e+00,3.644627919237863978e+01,1.389208136784614522e+00,3.484452947830269665e+01,2.268462511700866102e+00
1.741821412365024571e+03,1.615192304682295799e-01,3.326677124021856002e+01,3.644725575238591375e+01,1.389170906399033845e+00,2.549994079306692196e+00,3.644725575238591375e+01,1.389170906399033845e+00,3.484542520153514999e+01,2.268441477145037410e+00
1.741982931595492801e+03,1.615192304682295799e-01,3.326762749220160487e+01,3.644823147957198728e+01,1.389133678976136155e+00,2.549994072489985442e+00,3.644823147957198728e+01,1.389133678976136155e+00,3.484632091680895627e+01,2.268420443185258151e+00
1.742204766808461272e+03,2.218352129684717511e-01,3.326880349532451930e+01,3.644957029179317232e+01,1.389082554573417561e+00,2.549994063116942655e+00,3.644957029179317232e+01,1.389082554573417561e+00,3.484755110554946356e+01,2.268391555503993740e+00
1.742426602021429744e+03,2.218352129684717511e-01,3.326997950044259511e+01,3.645090770804765157e+01,1.389031435747331678e+00,2.549994053731412080e+00,3.645090770804765157e+01,1.389031435747331678e+00,3.484878127994161900e+01,2.268362668946856786e+00
1.742648437234398216e+03,2.218352129684717511e-01,3.327115550755634388e+01,3.645224380990003965e+01,1.388980322492096686e+00,2.549994044333380394e+00,3.645224380990003965e+01,1.388980322492096686e+00,3.485001144033734022e+01,2.268333783513728719e+00
1.742870272447366688e+03,2.218352129684717511e-01,3.327233151666672484e+01,3.645357866876442188e+01,1.388929214802500089e+00,2.549994034922834718e+00,3.645357866876442188e+01,1.388929214802500089e+00,3.485124158706900488e+01,2.268304899204489633e+00
1.743092107660335159e+03,2.218352129684717511e-01,3.327350752777508092e+01,3.645491234764094202e+01,1.388878112673801235e+00,2.549994025499761729e+00,3.645491234764094202e+01,1.388878112673801235e+00,3.485247172045172448e+01,2.268276016019021846e+00
1.743393780066094223e+03,3.016724057590636221e-01,3.327510678159698898e+01,3.645672421603747182e+01,1.388808628103804566e+00,2.549994012665254939e+00,3.645672421603747182e+01,1.388808628103804566e+00,3.485414455074497653e+01,2.268236739747405029e+00
1.743695452471853287e+03,3.016724057590636221e-01,3.327670603912283553e+01,3.645853412840861552e+01,1.388739153799689374e+00,2.549993999807522727e+00,3.645853412840861552e+01,1.388739153799689374e+00,3.485581735761756050e+01,2.268197465553476455e+00
1.743997124877612350e+03,3.016724057590636221e-01,3.327830530035976153e+01,3.646034219238246976e+01,1.388669689752383807e+00,2.549993986926532230e+00,3.646034219238246976e+01,1.388669689752383807e+00,3.485749014174146510e+01,2.268158193436938141e+00
1.744298797283371414e+03,3.016724057590636221e-01,3.327990456531635033e+01,3.646214850333510782e+01,1.388600235953503681e+00,2.549993974022249699e+00,3.646214850333510782e+01,1.388600235953503681e+00,3.485916290375330817e+01,2.268118923397492104e+00
1.744600469689130477e+03,3.016724057590636221e-01,3.328150383400264900e+01,3.646395314637565122e+01,1.388530792395242797e+00,2.549993961094641826e+00,3.646395314637565122e+01,1.388530792395242797e+00,3.486083564425806003e+01,2.268079655434843023e+00
1.744994912549773289e+03,3.944428606428118655e-01,3.328359491627168865e+01,3.646631036427274353e+01,1.388440008954401117e+00,2.549993944156285330e+00,3.646631036427274353e+01,1.388440008954401117e+00,3.486302275530262307e+01,2.268028314900417453e+00
1.745389355410416101e+03,3.944428606428118655e-01,3.328568600496630125e+01,3.646866501241568415e+01,1.388349242993268229e+00,2.549993927177918618e+00,3.646866501241568415e+01,1.388349242993268229e+00,3.486520983178440503e+01,2.267976977915334480e+00
1.745783798271058913e+03,3.944428606428118655e-01,3.328777710012023050e+01,3.647101722513993849e+01,1.388258494497543127e+00,2.549993910159467081e+00,3.647101722513993849e+01,1.388258494497543127e+00,3.486739687485972894e+01,2.267925644478931968e+00
1.746178241131701725e+03,3.944428606428118655e-01,3.328986820177150463e+01,3.647336712276324988e+01,1.388167763453717285e+00,2.549993893100854780e+00,3.647336712276324988e+01,1.388167763453717285e+00,3.486958388562663202e+01,2.267874314590551776e+00
1.746572683992344537e+03,3.944428606428118655e-01,3.329195930996246489e+01,3.647571481369759994e+01,1.388077049848955635e+00,2.549993876002006665e+00,3.647571481369759994e+01,1.388077049848955635e+00,3.487177086513064950e+01,2.267822988249529104e+00
1.747074092884862239e+03,5.014088925177020428e-01,3.329461749977810570e+01,3.647869612580305443e+01,1.387961761449793219e+00,2.549993854208047139e+00,3.647869612580305443e+01,1.387961761449793219e+00,3.487455087181215418e+01,2.267757748218752312e+00
1.747575501777379941e+03,5.014088925177020428e-01,3.329727570034315676e+01,3.648167421136766109e+01,1.387846501186725590e+00,2.549993832348793621e+00,3.648167421136766109e+01,1.387846501186725590e+00,3.487733083153405289e+01,2.267692513917750841e+00
1.748076910669897643e+03,5.014088925177020428e-01,3.329993391177513473e+01,3.648464923262685033e+01,1.387731269036823312e+00,2.549993810424088903e+00,3.648464923262685033e+01,1.387731269036823312e+00,3.488011074614413332e+01,2.267627285345170218e+00
1.748578319562415345e+03,5.014088925177020428e-01,3.330259213420303865e+01,3.648762133616082082e+01,1.387616064978051122e+00,2.549993788433778441e+00,3.648762133616082082e+01,1.387616064978051122e+00,3.488289061740020003e+01,2.267562062499658193e+00
1.749079728454933047e+03,5.014088925177020428e-01,3.330525036776741388e+01,3.649059065508686928e+01,1.387500888989146919e+00,2.549993766377705029e+00,3.649059065508686928e+01,1.387500888989146919e+00,3.488567044697826702e+01,2.267496845379862958e+00
1.749702392958741257e+03,6.226645038082097017e-01,3.330855145714996723e+01,3.649427434953964422e+01,1.387357899056012256e+00,2.549993738896040529e+00,3.649427434953964422e+01,1.387357899056012256e+00,3.488912246657027794e+01,2.267415864785231605e+00
1.750325057462549466e+03,6.226645038082097017e-01,3.331185256425840890e+01,3.649795414717176101e+01,1.387214952340685592e+00,2.549993711312420253e+00,3.649795414717176101e+01,1.387214952340685592e+00,3.489257442727458880e+01,2.267334893015797270e+00
1.750947721966357676e+03,6.226645038082097017e-01,3.331515368943701105e+01,3.650163023837447440e+01,1.387072048806174962e+00,2.549993683626542218e+00,3.650163023837447440e+01,1.387072048806174962e+00,3.489602633186490976e+01,2.267253930068977574e+00
1.751570386470165886e+03,6.226645038082097017e-01,3.331845483305805544e+01,3.650530279639568931e+01,1.386929188416491154e+00,2.549993655838106665e+00,3.650530279639568931e+01,1.386929188416491154e+00,3.489947818298314530e+01,2.267172975942191915e+00
1.752193050973974096e+03,6.226645038082097017e-01,3.332175599552196132e+01,3.650897197957844043e+01,1.386786371136519813e+00,2.549993627946810282e+00,3.650897197957844043e+01,1.386786371136519813e+00,3.490292998315069894e+01,2.267092030632862798e+00
1.752966830879134932e+03,7.737799051608362788e-01,3.332585834906190314e+01,3.651352715716668484e+01,1.386608953333475114e+00,2.549993593142743098e+00,3.651352715716668484e+01,1.386608953333475114e+00,3.490721943860502563e+01,2.266991452865664058e+00
1.753740610784295768e+03,7.737799051608362788e-01,3.332996073324834185e+01,3.651807760078301612e+01,1.386431601986569229e+00,2.549993558178781150e+00,3.651807760078301612e+01,1.386431601986569229e+00,3.491150882350065388e+01,2.266890888706190932e+00
1.754514390689456604e+03,7.737799051608362788e-01,3.333406314903311340e+01,3.652262354161393887e+01,1.386254317032745931e+00,2.549993523054341349e+00,3.652262354161393887e+01,1.386254317032745931e+00,3.491579814202702892e+01,2.266790338149506923e+00
1.755288170594617441e+03,7.737799051608362788e-01,3.333816559743637242e+01,3.652716519065835143e+01,1.386077098410173125e+00,2.549993487768838829e+00,3.652716519065835143e+01,1.386077098410173125e+00,3.492008739817311636e+01,2.266689801190683085e+00
1.756061950499778277e+03,7.737799051608362788e-01,3.334226807954684801e+01,3.653170274127202077e+01,1.385899946058099408e+00,2.549993452321686505e+00,3.653170274127202077e+01,1.385899946058099408e+00,3.492437659574406439e+01,2.266589277824795801e+00
1.756835730404939113e+03,7.737799051608362788e-01,3.334637059652211377e+01,3.653623637141715363e+01,1.385722859916726835e+00,2.549993416712297289e+00,3.653623637141715363e+01,1.385722859916726835e+00,3.492866573837647337e+01,2.266488768046923674e+00
1.757971346995498607e+03,1.135616590559493488e+00,3.335239160735349628e+01,3.654288326984323021e+01,1.385463084127952271e+00,2.549993364156156961e+00,3.654288326984323021e+01,1.385463084127952271e+00,3.493496048722445835e+01,2.266341282256969514e+00
1.759106963586058100e+03,1.135616590559493488e+00,3.335841270008443615e+01,3.654952254994344685e+01,1.385203450641131484e+00,2.549993311247432004e+00,3.654952254994344685e+01,1.385203450641131484e+00,3.494125513566284269e+01,2.266193825708332721e+00
1.760242580176617594e+03,1.135616590559493488e+00,3.336443387918439640e+01,3.655615463904550921e+01,1.384943959275851455e+00,2.549993257984245254e+00,3.655615463904550921e+01,1.384943959275851455e+00,3.494754969354835339e+01,2.266046398385511029e+00
1.761378196767177087e+03,1.135616590559493488e+00,3.337045514944536251e+01,3.656277992388732656e+01,1.384684609854373916e+00,2.549993204364714661e+00,3.656277992388732656e+01,1.384684609854373916e+00,3.495384417019584333e+01,2.265899000273020381e+00
1.762513813357736581e+03,1.135616590559493488e+00,3.337647651598208398e+01,3.656939875617217695e+01,1.384425402201318933e+00,2.549993150386948404e+00,3.656939875617217695e+01,1.384425402201318933e+00,3.496013857442798667e+01,2.265751631355393592e+00
1.763649429948296074e+03,1.135616590559493488e+00,3.338249798423199621e+01,3.657601145736182247e+01,1.384166336143391351e+00,2.549993096049050223e+00,3.657601145736182247e+01,1.384166336143391351e+00,3.496643291461951719e+01,2.265604291617186572e+00
1.765049100553895641e+03,1.399670605599567352e+00,3.338991971514561641e+01,3.658415374648007656e+01,1.383847226498557514e+00,2.549993028578183552e+00,3.658415374648007656e+01,1.383847226498557514e+00,3.497419074092706381e+01,2.265422732507832659e+00
1.766448771159495209e+03,1.399670605599567352e+00,3.339734162079898283e+01,3.659228767307180874e+01,1.383528331373986120e+00,2.549992960553763233e+00,3.659228767307180874e+01,1.383528331373986120e+00,3.498194849615705238e+01,2.265241217672844254e+00
1.767848441765094776e+03,1.399670605599567352e+00,3.340476371338680650e+01,3.660041369537012912e+01,1.383209650455628603e+00,2.549992891972193032e+00,3.660041369537012912e+01,1.383209650455628603e+00,3.498970619365386625e+01,2.265059747083417285e+00
1.769248112370694344e+03,1.399670605599567352e+00,3.341218600583826515e+01,3.660853223114803967e+01,1.382891183432550353e+00,2.549992822829858952e+00,3.660853223114803967e+01,1.382891183432550353e+00,3.499746384604288352e+01,2.264878320710790760e+00
1.770647782976293911e+03,1.399670605599567352e+00,3.341960851181156755e+01,3.661664366288964345e+01,1.382572929996628064e+00,2.549992753123132339e+00,3.661664366288964345e+01,1.382572929996628064e+00,3.500522146529258549e+01,2.264696938526244985e+00
1.772047453581893478e+03,1.399670605599567352e+00,3.342703124568739526e+01,3.662474834218455300e+01,1.382254889842290835e+00,2.549992682848366776e+00,3.662474834218455300e+01,1.382254889842290835e+00,3.501297906276969485e+01,2.264515600501100234e+00
1.773769424047324264e+03,1.721970465430786135e+00,3.343616353536764763e+01,3.663471048574071176e+01,1.381863907258391588e+00,2.549992595606833667e+00,3.663471048574071176e+01,1.381863907258391588e+00,3.502252297558052874e+01,2.264292566606273205e+00
1.775491394512755051e+03,1.721970465430786135e+00,3.344529622245764244e+01,3.664466345216170140e+01,1.381473246470019900e+00,2.549992507493141325e+00,3.664466345216170140e+01,1.381473246470019900e+00,3.503206689085056524e+01,2.264069599452776416e+00
1.777213364978185837e+03,1.721970465430786135e+00,3.345442933811703767e+01,3.665460774681447731e+01,1.381082906921509812e+00,2.549992418500398372e+00,3.665460774681447731e+01,1.381082906921509812e+00,3.504161082659354776e+01,2.263846698987460826e+00
1.778935335443616623e+03,1.721970465430786135e+00,3.346356291505864533e+01,3.666454383235051750e+01,1.380692888061361590e+00,2.549992328621674798e+00,3.666454383235051750e+01,1.380692888061361590e+00,3.505115479984603155e+01,2.263623865157266213e+00
1.780657305909047409e+03,1.721970465430786135e+00,3.347269698750896794e+01,3.667447213381549886e+01,1.380303189341928638e+00,2.549992237850002841e+00,3.667447213381549886e+01,1.380303189341928638e+00,3.506069882674832883e+01,2.263401097909226500e+00
1.782379276374478195e+03,1.721970465430786135e+00,3.348183159116319274e+01,3.668439304302448534e+01,1.379913810219147718e+00,2.549992146178377439e+00,3.668439304302448534e+01,1.379913810219147718e+00,3.507024292261676379e+01,2.263178397190463542e+00
1.784484138890283475e+03,2.104862515805280054e+00,3.349299811292419804e+01,3.669651042067689417e+01,1.379438283259302622e+00,2.549992032890283422e+00,3.669651042067689417e+01,1.379438283259302622e+00,3.508190932910495974e+01,2.262906267712450958e+00
1.786589001406088755e+03,2.104862515805280054e+00,3.350416555444737554e+01,3.670861790119828783e+01,1.378963232037967002e+00,2.549991918234047805e+00,3.670861790119828783e+01,1.378963232037967002e+00,3.509357588551170437e+01,2.262634237464488773e+00
1.788693863921894035e+03,2.104862515805280054e+00,3.351533398911360706e+01,3.672071604124716515e+01,1.378488655580543343e+00,2.549991802196642343e+00,3.672071604124716515e+01,1.378488655580543343e+00,3.510524261556928849e+01,2.262362306350545804e+00
1.790798726437699315e+03,2.104862515805280054e+00,3.352650349295473831e+01,3.673280535162048466e+01,1.378014552918627844e+00,2.549991684764952637e+00,3.673280535162048466e+01,1.378014552918627844e+00,3.511690954169291246e+01,2.262090474274784935e+00
1.792903588953504595e+03,2.104862515805280054e+00,3.353767414442707206e+01,3.674488630248787047e+01,1.377540923089663139e+00,2.549991565925778136e+00,3.674488630248787047e+01,1.377540923089663139e+00,3.512857668508723918e+01,2.261818741141566225e+00
1.795008451469309875e+03,2.104862515805280054e+00,3.354884602416385064e+01,3.675695932792559262e+01,1.377067765136634980e+00,2.549991445665832135e+00,3.675695932792559262e+01,1.377067765136634980e+00,3.514024406584185556e+01,2.261547106855442024e+00
1.797508451469309875e+03,2.500000000000000000e+00,3.356211686636369507e+01,3.677128903044430075e+01,1.376506394871623407e+00,2.549991300965615881e+00,3.677128903044430075e+01,1.376506394871623407e+00,3.515410205229640184e+01,2.261224608034724248e+00
1.800000000000000000e+03,2.491548530690124608e+00,3.357534482553018762e+01,3.678556034585700729e+01,1.375947581757252625e+00,2.549991154719249309e+00,3.678556034585700729e+01,1.375947581757252625e+00,3.516791358047211702e+01,2.260903337894227150e+00
