time_s,heat_balance,moisture_balance,heat_quadrature_difference,moisture_quadrature_difference
0.000000000000000000e+00,0.000000000000000000e+00,0.000000000000000000e+00,0.000000000000000000e+00,0.000000000000000000e+00
1.000000000000000000e+00,3.402042724587725423e-19,3.807079204577069258e-15,6.981703444893404119e-20,3.982438124134887111e-21
2.000000000000000000e+00,3.233435570513369080e-17,7.181347285307313709e-15,1.370841443082429566e-19,8.653575700904926453e-21
3.000000000000000000e+00,8.763240396904510755e-17,1.037481206275564012e-14,1.945056530389028660e-19,1.183254432954009228e-20
4.000000000000000000e+00,1.641030411713808786e-16,1.339622954484780155e-14,2.496368044395055445e-19,1.806072776523347908e-20
5.000000000000000000e+00,2.582179177618910855e-16,1.641734965308588196e-14,2.897937004732041117e-19,2.428891120092686587e-20
6.000000000000000000e+00,3.746409947355120252e-16,1.940959145593865420e-14,3.619952771928007076e-19,2.857078731296607061e-20
7.000000000000000000e+00,5.086772614679336862e-16,2.224937959626533795e-14,4.291449714282223947e-19,2.857078731296607061e-20
8.000000000000000000e+00,6.249301404731358492e-16,2.441888706949096858e-14,4.891172593214075389e-19,3.427995546235166890e-20
9.000000000000000000e+00,7.001545758841887427e-16,2.561670895373366592e-14,5.549181792106370984e-19,3.947010832542949373e-20
1.000000000000000000e+01,7.513979642135281736e-16,2.632895237579963671e-14,6.066051389772133695e-19,4.569829176112287752e-20
1.100000000000000000e+01,7.875228663391785580e-16,2.677659915081122574e-14,6.698048511987867277e-19,5.504056691466296824e-20
1.200000000000000000e+01,8.134604234001930733e-16,2.707132968174592796e-14,7.512130170939535914e-19,6.023071977774078706e-20
1.300000000000000000e+01,8.328721916901224227e-16,2.727182574247595002e-14,8.283821779010882055e-19,6.645890321343417686e-20
1.400000000000000000e+01,8.468314917305264601e-16,2.741152537081585097e-14,9.237597923818162288e-19,7.580117836697424351e-20
1.500000000000000000e+01,8.530383509752052874e-16,2.751408630893483153e-14,9.540108741464106840e-19,7.995330065743650338e-20
1.600000000000000000e+01,8.620665098765563448e-16,2.758889235400615249e-14,1.021064227357104558e-18,8.254837708897541278e-20
1.700000000000000000e+01,8.693405563826719485e-16,2.764387347547199781e-14,1.066055485905084218e-18,8.566246880682210167e-20
1.800000000000000000e+01,8.717570608712129807e-16,2.768775263971877802e-14,1.133301521165233815e-18,9.396671338774663344e-20
1.900000000000000000e+01,8.776204575489925680e-16,2.771947251748753590e-14,1.186867130914006509e-18,9.604277453297775134e-20
2.000000000000000000e+01,8.846123740894409882e-16,2.774511275201728104e-14,1.244960768824995326e-18,9.811883567820888127e-20
2.100000000000000000e+01,8.917024227918606197e-16,2.776493767562275353e-14,1.304306840057448361e-18,1.001948968234400112e-19
2.200000000000000000e+01,8.922912157636878883e-16,2.778159061145135119e-14,1.381090636765670760e-18,1.074611108317489600e-19
2.300000000000000000e+01,8.947199867724752727e-16,2.779137090709671896e-14,1.472807292306734471e-18,1.178414165579046096e-19
2.400000000000000000e+01,8.943765242055760327e-16,2.780247286431578406e-14,1.537741142973412124e-18,1.199174777031357275e-19
2.500000000000000000e+01,8.964127665664785713e-16,2.781093149838745452e-14,1.606528634629209812e-18,1.261456611388291294e-19
2.600000000000000000e+01,8.960447709590866270e-16,2.781965446477386191e-14,1.642560177877484992e-18,1.282217222840602473e-19
2.700000000000000000e+01,8.982527446034386871e-16,2.782494111106865436e-14,1.697089197873537455e-18,1.313358140019069482e-19
2.800000000000000000e+01,8.978602159555538413e-16,2.783128508662240405e-14,1.763949869034774836e-18,1.380830127239081175e-19
2.900000000000000000e+01,8.997247270330068585e-16,2.783577873597297937e-14,1.822332530019948296e-18,1.469062725911404287e-19
3.000000000000000000e+01,9.040425421597399644e-16,2.784185837921199211e-14,1.879751780757841025e-18,1.546915018857571329e-19
3.100000000000000000e+01,9.084584894484442816e-16,2.784450170235938676e-14,1.936207621248453794e-18,1.604006700351427432e-19
3.200000000000000000e+01,9.078206303956314073e-16,2.784529469930360705e-14,2.004609748805339458e-18,1.666288534708361210e-19
3.300000000000000000e+01,9.095870093111130159e-16,2.784793802245100170e-14,2.069736281521473026e-18,1.697429451886828219e-19
3.400000000000000000e+01,9.105192648498395245e-16,2.784952401633944227e-14,2.116558019539285035e-18,1.770091591969917827e-19
3.500000000000000000e+01,9.141501548427741503e-16,2.785058134559839950e-14,2.177830911266297991e-18,1.790852203422229006e-19
3.600000000000000000e+01,8.964372996069714728e-16,2.779137090709671896e-14,2.248545223416656177e-18,1.837563579189929519e-19
3.700000000000000000e+01,8.647406112902716591e-16,2.770889922489795099e-14,2.309818115143669132e-18,1.915415872136096561e-19
3.800000000000000000e+01,8.310812797341478140e-16,2.763330018288241290e-14,2.384771432382059761e-18,1.977697706493030820e-19
3.900000000000000000e+01,8.076276930230294649e-16,2.756245912253218706e-14,2.443924821565056881e-18,1.993268165082264084e-19
4.000000000000000000e+01,7.822114630724869857e-16,2.750113402551258891e-14,2.499995297956757434e-18,2.014028776534575263e-19
4.100000000000000000e+01,7.543419290726644179e-16,2.744509557478778637e-14,2.545082897529465052e-18,2.076310610891509281e-19
4.200000000000000000e+01,7.314771353333732388e-16,2.739222911183985551e-14,2.622733763460240031e-18,2.128212139522287469e-19
4.300000000000000000e+01,7.114581742912470926e-16,2.734253463666880265e-14,2.668206727131859479e-18,2.180113668153065658e-19
4.400000000000000000e+01,6.890840413618120692e-16,2.729654081390410483e-14,2.740269813628409840e-18,2.247585655373077591e-19
4.500000000000000000e+01,6.715183843689661103e-16,2.725160432039836423e-14,2.788633008041869940e-18,2.330628101182322307e-19
4.600000000000000000e+01,6.547377846718897441e-16,2.721195447318741924e-14,2.873605791851973158e-18,2.377339476950022580e-19
4.700000000000000000e+01,6.360926738973605580e-16,2.717600527838282614e-14,2.926207991353465314e-18,2.424050852717723335e-19
4.800000000000000000e+01,6.221579068974492248e-16,2.714269940672563083e-14,2.967441949937053090e-18,2.455191769896190344e-19
4.900000000000000000e+01,6.073399504397969887e-16,2.711150819358635314e-14,3.031027026257538182e-18,2.465572075622345693e-19
5.000000000000000000e+01,5.949752980314250384e-16,2.708348896822395345e-14,3.083436543709574424e-18,2.507093298526968532e-19
5.100000000000000000e+01,5.802554737357440138e-16,2.705811306600894525e-14,3.140470430348555323e-18,2.558994827157746720e-19
5.200000000000000000e+01,5.691665394329977135e-16,2.703273716379394020e-14,3.194806768295152255e-18,2.600516050062369078e-19
5.300000000000000000e+01,5.562130940527984947e-16,2.700947592009685277e-14,3.234499270483091555e-18,2.647227425830069351e-19
5.400000000000000000e+01,5.471849351514474373e-16,2.698621467639976219e-14,3.286138059737303366e-18,2.699128954460848021e-19
5.500000000000000000e+01,5.340352254473057956e-16,2.696612542047954960e-14,3.352806048849085410e-18,2.756220635954704124e-19
5.600000000000000000e+01,5.220631016868185924e-16,2.694762215844777443e-14,3.418703309763043024e-18,2.802932011722404397e-19
5.700000000000000000e+01,5.138200000812372265e-16,2.693176221956339706e-14,3.491922488556328876e-18,2.860023693216260500e-19
5.800000000000000000e+01,5.038105195601741534e-16,2.691484495142005932e-14,3.568609944239823895e-18,2.891164610394727028e-19
5.900000000000000000e+01,4.912496028278597803e-16,2.689898501253567880e-14,3.619478005296211660e-18,2.943066139025505698e-19
6.000000000000000000e+01,4.790812147434301542e-16,2.688471106753973886e-14,3.710423932639452096e-18,3.031298737697828329e-19
6.100000000000000000e+01,7.929141491857146743e-13,8.237282191305638648e-14,3.786300345545926790e-18,3.083849035436491377e-19
6.200000000000000000e+01,7.739216505578073492e-13,8.236119129120783488e-14,3.858748796141388596e-18,3.146130869793425395e-19
6.300000000000000000e+01,7.506419540377019567e-13,8.232048411473793582e-14,3.923489964758610719e-18,3.187652092698047753e-19
6.400000000000000000e+01,7.414997655641405166e-13,8.228242026141542509e-14,3.972238523270982264e-18,3.270694538507292950e-19
6.500000000000000000e+01,7.469937927842604750e-13,8.228453491993334586e-14,4.113570806546970485e-18,3.301835455685759960e-19
6.600000000000000000e+01,7.635112020229299961e-13,8.230568150511251568e-14,4.159043770218590318e-18,3.301835455685759960e-19
6.700000000000000000e+01,7.718838380823132728e-13,8.232048411473793582e-14,4.223014210637987241e-18,3.312215761411915308e-19
6.800000000000000000e+01,7.885066412629399435e-13,8.235749063880148615e-14,4.306252856002986453e-18,3.353736984316538148e-19
6.900000000000000000e+01,7.966965552367328900e-13,8.239238250434711572e-14,4.360781875999039300e-18,3.353736984316538148e-19
7.000000000000000000e+01,8.083627029161938914e-13,8.245053561358983588e-14,4.388528091120705705e-18,3.447159735851939175e-19
7.100000000000000000e+01,8.227575134914261462e-13,8.254463791763715861e-14,4.484098387650889643e-18,3.592484016018117910e-19
7.200000000000000000e+01,8.308386970297550488e-13,8.262288028280008820e-14,4.529571351322509476e-18,3.613244627470429089e-19
7.300000000000000000e+01,8.415841687656021469e-13,8.274024383054448889e-14,4.566566304818065195e-18,3.737808296184296644e-19
7.400000000000000000e+01,8.584711437262552415e-13,8.296756962122058021e-14,4.621384347888300952e-18,3.864967041329703157e-19
7.500000000000000000e+01,8.684849420624449998e-13,8.314308627820771369e-14,4.743930131342327634e-18,3.864967041329703157e-19
7.600000000000000000e+01,8.766193132325622997e-13,8.331966026445379492e-14,4.787090910420475716e-18,3.906488264234326478e-19
7.700000000000000000e+01,8.899236792239705447e-13,8.363051506658761775e-14,4.819461494729085622e-18,4.010291321495882854e-19
7.800000000000000000e+01,9.072082857049309801e-13,8.409256795275251047e-14,4.933529268007047420e-18,4.093333767305128051e-19
7.900000000000000000e+01,9.186147756838162279e-13,8.447320648597759244e-14,4.979772959876491684e-18,4.093333767305128051e-19
8.000000000000000000e+01,9.269987950739880940e-13,8.480520787329059771e-14,5.113879666297878661e-18,4.093333767305128051e-19
8.100000000000000000e+01,9.383024425471274712e-13,8.527889138130402941e-14,5.190952486080284740e-18,4.093333767305128051e-19
8.200000000000000000e+01,9.548255434511914385e-13,8.602430850886982545e-14,5.298854433775654945e-18,4.093333767305128051e-19
8.300000000000000000e+01,9.705773255621614772e-13,8.682470675790147312e-14,5.338932300062506075e-18,4.093333767305128051e-19
8.400000000000000000e+01,9.818852908504276965e-13,8.750456947141183894e-14,5.382093079140654157e-18,4.259418658923617965e-19
8.500000000000000000e+01,9.903682274598666511e-13,8.807129795421363298e-14,5.472268278286068623e-18,4.269798964649773313e-19
8.600000000000000000e+01,9.997610454751025045e-13,8.872684209476796046e-14,5.542934419924063119e-18,4.269798964649773313e-19
8.700000000000000000e+01,1.013751944071661488e-12,8.974399284188610823e-14,5.654690008608552395e-18,4.269798964649773313e-19
8.800000000000000000e+01,1.030176127756458367e-12,9.102441857448493727e-14,5.717889720830125657e-18,4.274989117512851710e-19
8.900000000000000000e+01,1.044760922197266931e-12,9.228369772190460913e-14,5.756426130721328696e-18,4.274989117512851710e-19
9.000000000000000000e+01,1.056233749517644628e-12,9.339706543158798777e-14,5.879742642373179039e-18,4.358031563322096426e-19
9.100000000000000000e+01,1.065881318625357909e-12,9.440152822759863618e-14,5.881669462867739730e-18,4.358031563322096426e-19
9.200000000000000000e+01,1.075122228053862408e-12,9.539541773101970599e-14,5.907488857494845443e-18,4.446264161994420020e-19
9.300000000000000000e+01,1.088783795114845891e-12,9.691902919317900688e-14,6.023868815366279762e-18,4.446264161994420020e-19
9.400000000000000000e+01,1.103781529693229369e-12,9.869111303119358153e-14,6.150268239809426286e-18,4.529306607803664736e-19
9.500000000000000000e+01,1.117479994447114132e-12,1.004082157477423172e-13,6.193429018887574368e-18,4.529306607803664736e-19
9.600000000000000000e+01,1.128865680407661289e-12,1.019445151610091301e-13,6.264336013087388084e-18,4.570827830708287094e-19
9.700000000000000000e+01,1.138325228293037651e-12,1.033074125758067302e-13,6.295165141000350669e-18,4.736912722326777488e-19
9.800000000000000000e+01,1.146870969486138333e-12,1.045825516621107700e-13,6.359135581419749132e-18,4.747293028052933319e-19
9.900000000000000000e+01,1.156095785240079642e-12,1.059962008813383929e-13,6.396130534915303310e-18,4.830335473862178997e-19
1.000000000000000000e+02,1.167075596578713935e-12,1.077355075123252587e-13,6.459330247136878113e-18,4.913377919671423713e-19
1.010000000000000000e+02,1.177529812057830386e-12,1.094515528996150214e-13,6.508656851797617788e-18,4.913377919671423713e-19
1.020000000000000000e+02,1.187030182922587012e-12,1.110840692754470651e-13,6.551817630875765099e-18,4.996420365480669392e-19
1.030000000000000000e+02,1.195471904023998047e-12,1.126034514205705371e-13,6.696714532066689483e-18,5.017180976932980090e-19
1.040000000000000000e+02,1.203689098738818944e-12,1.141503241264269286e-13,6.746041136727429157e-18,5.017180976932980090e-19
1.050000000000000000e+02,1.211389725753023541e-12,1.156517316741481245e-13,6.747582593123078019e-18,5.017180976932980090e-19
1.060000000000000000e+02,1.218067423110840051e-12,1.169744505771052932e-13,6.846235802444558138e-18,5.017180976932980090e-19
1.070000000000000000e+02,1.224207356221054514e-12,1.182199844441585053e-13,6.889396581522704680e-18,5.058702199837602448e-19
1.080000000000000000e+02,1.229980667574144541e-12,1.194221678115944174e-13,6.940264642579093986e-18,5.058702199837602448e-19
1.090000000000000000e+02,1.235928261646895446e-12,1.207057655319701276e-13,6.952596293744278712e-18,5.141744645646848126e-19
1.100000000000000000e+02,1.241506093733338848e-12,1.219534140575412352e-13,7.091327369352611503e-18,5.235167397182248673e-19
1.110000000000000000e+02,1.246199166247449881e-12,1.230308325724200239e-13,7.230058444960942753e-18,5.235167397182248673e-19
1.120000000000000000e+02,1.250452606675929836e-12,1.240215500880642125e-13,7.279385049621683198e-18,5.276688620086871031e-19
1.130000000000000000e+02,1.254483875889707003e-12,1.249816050551986005e-13,7.339501849051959508e-18,5.297449231539181728e-19
1.140000000000000000e+02,1.258756157693285354e-12,1.260125010826832081e-13,7.388828453712699953e-18,5.463534123157673086e-19
1.150000000000000000e+02,1.262866717693935295e-12,1.270433971101678408e-13,7.467442729890754893e-18,5.546576568966917802e-19
1.160000000000000000e+02,1.266342166342307533e-12,1.279273243706572074e-13,7.590759241542603695e-18,5.588097791871541123e-19
1.170000000000000000e+02,1.269484750697273548e-12,1.287467545463500915e-13,7.646251671785936503e-18,5.588097791871541123e-19
1.180000000000000000e+02,1.272456977619057467e-12,1.295238915516846612e-13,7.657041866555473908e-18,5.588097791871541123e-19
1.190000000000000000e+02,1.275619188406417595e-12,1.303686976295925440e-13,7.842016634033250963e-18,5.671140237680785838e-19
1.200000000000000000e+02,1.276532210041397560e-12,1.306182273347067908e-13,7.872845761946212778e-18,5.754182683490030554e-19
1.210000000000000000e+02,1.786620832795841823e-12,1.731292075203953208e-13,7.949803235931435565e-18,5.800742003998071081e-19
1.220000000000000000e+02,1.807381672982470213e-12,1.731302648496542811e-13,8.013002948153008057e-18,5.811122309724226911e-19
1.230000000000000000e+02,1.830777165453701598e-12,1.731239208741005441e-13,8.064063691258852122e-18,5.864321376570773856e-19
1.240000000000000000e+02,1.829398604842330108e-12,1.731270928618774000e-13,8.134970685458667379e-18,5.911032752338475092e-19
1.250000000000000000e+02,1.818874911792537940e-12,1.731313221789132415e-13,8.156165710898828049e-18,5.931793363790785789e-19
1.260000000000000000e+02,1.806740281171826378e-12,1.731281501911363604e-13,8.222833700010610863e-18,5.973314586695408147e-19
1.270000000000000000e+02,1.792121729267299600e-12,1.731260355326184648e-13,8.303760160782136784e-18,5.983694892421563977e-19
1.280000000000000000e+02,1.781437099471874737e-12,1.731249782033595045e-13,8.414745021268802400e-18,6.025216115326186335e-19
1.290000000000000000e+02,1.769618846941358350e-12,1.731292075203953208e-13,8.501066579425097023e-18,6.025216115326186335e-19
1.300000000000000000e+02,1.755220111079647212e-12,1.731323795081722019e-13,8.544227358503246646e-18,6.212061618396988390e-19
1.310000000000000000e+02,1.747287107105894912e-12,1.731323795081722019e-13,8.612051439911762640e-18,6.232822229849299088e-19
1.320000000000000000e+02,1.732443243757482280e-12,1.731418954715028201e-13,8.702997367255002306e-18,6.284723758480078239e-19
1.330000000000000000e+02,1.718499841127317551e-12,1.731482394470565824e-13,8.795484750993890833e-18,6.305484369932388937e-19
1.340000000000000000e+02,1.710032213135146069e-12,1.731524687640924240e-13,8.884889221941483179e-18,6.305484369932388937e-19
1.350000000000000000e+02,1.698117398557249944e-12,1.731651567151999233e-13,8.983542431262962528e-18,6.388526815741633652e-19
1.360000000000000000e+02,1.681076944895273962e-12,1.731820739833432642e-13,9.002810636208564818e-18,6.419667732920101143e-19
1.370000000000000000e+02,1.668737414320366576e-12,1.731968765929686844e-13,9.033639764121526633e-18,6.419667732920101143e-19
1.380000000000000000e+02,1.659906304800253724e-12,1.732116792025941045e-13,9.091444378958331963e-18,6.419667732920101143e-19
1.390000000000000000e+02,1.647259031765404645e-12,1.732412844218449448e-13,9.202429239444997579e-18,6.461188955824723501e-19
1.400000000000000000e+02,1.631594783542912802e-12,1.732666603240599435e-13,9.211677977818886124e-18,6.461188955824723501e-19
1.410000000000000000e+02,1.616140930675687199e-12,1.733110681529362039e-13,9.288750797601292202e-18,6.502710178729345859e-19
1.420000000000000000e+02,1.605402131926854091e-12,1.733533613232945435e-13,9.381238181340180729e-18,6.585752624538591538e-19
1.430000000000000000e+02,1.596509787937671348e-12,1.733787372255095423e-13,9.467559739496475353e-18,6.668795070347836254e-19
1.440000000000000000e+02,1.582900819715504273e-12,1.734294890299395650e-13,9.535383820904992887e-18,6.668795070347836254e-19
1.450000000000000000e+02,1.566178314258314899e-12,1.735035020780666657e-13,9.643285768600362322e-18,6.668795070347836254e-19
1.460000000000000000e+02,1.550714255646244381e-12,1.735838591017475286e-13,9.709568393613230995e-18,6.668795070347836254e-19
1.470000000000000000e+02,1.539009051366318780e-12,1.736515281743208670e-13,9.734231695943601988e-18,6.845260267692481516e-19
1.480000000000000000e+02,1.529318304107338289e-12,1.737107386128225475e-13,9.805138690143415704e-18,6.845260267692481516e-19
1.490000000000000000e+02,1.518745152447912577e-12,1.737805223439138067e-13,9.903791899464896594e-18,6.886781490597105800e-19
1.500000000000000000e+02,1.503709735119332304e-12,1.738989432209171678e-13,9.950035591334339317e-18,6.990584547858661213e-19
1.510000000000000000e+02,1.486473017133413779e-12,1.740279373905101074e-13,1.000090365239072862e-17,6.995774700721739128e-19
1.520000000000000000e+02,1.470632131019373708e-12,1.741717341697284925e-13,1.005023025705146753e-17,7.161859592340229523e-19
1.530000000000000000e+02,1.457741490222836094e-12,1.743070723148751945e-13,1.011265924107521790e-17,7.247497114581013678e-19
1.540000000000000000e+02,1.447341051168479625e-12,1.744276078503964511e-13,1.013115671782299499e-17,7.340919866116414224e-19
1.550000000000000000e+02,1.437615761388485205e-12,1.745481433859177329e-13,1.014657128177947744e-17,7.444722923377970600e-19
1.560000000000000000e+02,1.424455060882202691e-12,1.747130867503152752e-13,1.021439536318799343e-17,7.444722923377970600e-19
1.570000000000000000e+02,1.409469887220551678e-12,1.749182086265532363e-13,1.033771187483984531e-17,7.569286592091838637e-19
1.580000000000000000e+02,1.394154989494677307e-12,1.751296744783449597e-13,1.043328217137002848e-17,7.652329037901083353e-19
1.590000000000000000e+02,1.379568624939277109e-12,1.753559429397621033e-13,1.050727207836113992e-17,7.652329037901083353e-19
1.600000000000000000e+02,1.366524112912768647e-12,1.755864407182150631e-13,1.054657921645016662e-17,7.735371483710329032e-19
1.610000000000000000e+02,1.356608839267198019e-12,1.757746453263096834e-13,1.060207164669349943e-17,7.735371483710329032e-19
1.620000000000000000e+02,1.347739261939592455e-12,1.759522766418147250e-13,1.063906660018905515e-17,7.776892706614951390e-19
1.630000000000000000e+02,1.339163296040604686e-12,1.761235639817660295e-13,1.065756407693683224e-17,7.797653318067262087e-19
1.640000000000000000e+02,1.330416187651139307e-12,1.763117685898606498e-13,1.070689068159757114e-17,7.797653318067262087e-19
1.650000000000000000e+02,1.321661228688716163e-12,1.765126611490627693e-13,1.072076378915840473e-17,7.885885916739585681e-19
1.660000000000000000e+02,1.314831230215520036e-12,1.766839484890140739e-13,1.075159291707136808e-17,7.968928362548831360e-19
1.670000000000000000e+02,1.308993544164177052e-12,1.768404332193399331e-13,1.083174864964507034e-17,8.010449585453453718e-19
1.680000000000000000e+02,1.303620612031929473e-12,1.769905739741120552e-13,1.090573855663618024e-17,8.010449585453453718e-19
1.690000000000000000e+02,1.298197436232752634e-12,1.771555173385095974e-13,1.101672341712284586e-17,8.093492031262698434e-19
1.700000000000000000e+02,1.292518331755154995e-12,1.773268046784608768e-13,1.103676235026627181e-17,8.259576922881188829e-19
1.710000000000000000e+02,1.287880213251747923e-12,1.774706014576792366e-13,1.114774721075293742e-17,8.384140591595056865e-19
1.720000000000000000e+02,1.283848158980675040e-12,1.776143982368976216e-13,1.127106372240478777e-17,8.425661814499679223e-19
1.730000000000000000e+02,1.280164670148923913e-12,1.777518510405622191e-13,1.128339537356997249e-17,8.508704260308923939e-19
1.740000000000000000e+02,1.276511013494411813e-12,1.778893038442268419e-13,1.134505362939589766e-17,8.591746706118169618e-19
1.750000000000000000e+02,1.272681504005647605e-12,1.780415592575168848e-13,1.140825334161747169e-17,8.674789151927415297e-19
1.760000000000000000e+02,1.269498881728597244e-12,1.781663241100739829e-13,1.156239898118228539e-17,8.674789151927415297e-19
1.770000000000000000e+02,1.266688376609741938e-12,1.782974329381848434e-13,1.167954966725154183e-17,8.674789151927415297e-19
1.780000000000000000e+02,1.264096117419110638e-12,1.784073951811165466e-13,1.176895413819913418e-17,8.674789151927415297e-19
1.790000000000000000e+02,1.261508568572253836e-12,1.785342746921915655e-13,1.180594909169468990e-17,8.674789151927415297e-19
1.800000000000000000e+02,1.260550798671414825e-12,1.785765678625499052e-13,1.190460230101616925e-17,8.674789151927415297e-19
1.810000000000000000e+02,1.561161798138346842e-12,2.154435244639175727e-13,1.197959005264425739e-17,8.738055544090650773e-19
1.820000000000000000e+02,1.579825750287974685e-12,2.154371804883638356e-13,1.206167260571251958e-17,8.791254610937197718e-19
1.830000000000000000e+02,1.604102862102355374e-12,2.154392951468817564e-13,1.214645270747316688e-17,8.843156139567974943e-19
1.840000000000000000e+02,1.614402813822853121e-12,2.154308365128100733e-13,1.218807203015566764e-17,8.863916751020288529e-19
1.850000000000000000e+02,1.609130369024464264e-12,2.154308365128100733e-13,1.226052048075113022e-17,8.931388738240298537e-19
1.860000000000000000e+02,1.592637885354935242e-12,2.154392951468817564e-13,1.228903742407061951e-17,8.931388738240298537e-19
1.870000000000000000e+02,1.584120013695834702e-12,2.154308365128100733e-13,1.233296893134658971e-17,8.975505037576461297e-19
1.880000000000000000e+02,1.567360610545744048e-12,2.154350658298459148e-13,1.240387592554640497e-17,9.017026260481082692e-19
1.890000000000000000e+02,1.558198991904112323e-12,2.154392951468817564e-13,1.245936835578973778e-17,9.037786871933394352e-19
1.900000000000000000e+02,1.547677654026207303e-12,2.154435244639175727e-13,1.251254860143959806e-17,9.167540693510339341e-19
1.910000000000000000e+02,1.532504066613571514e-12,2.154456391224354934e-13,1.258885069302418048e-17,9.167540693510339341e-19
1.920000000000000000e+02,1.523968923693963807e-12,2.154371804883638356e-13,1.267517225118047511e-17,9.170135769941878780e-19
1.930000000000000000e+02,1.512852512385865632e-12,2.154392951468817564e-13,1.271216720467603082e-17,9.253178215751123496e-19
1.940000000000000000e+02,1.496856184927263081e-12,2.154435244639175727e-13,1.280465458841491781e-17,9.284319132929590987e-19
1.950000000000000000e+02,1.486100899975218926e-12,2.154519830979892558e-13,1.283008861894311246e-17,9.369956655170375142e-19
1.960000000000000000e+02,1.477515513388681959e-12,2.154477537809534142e-13,1.296573678176014907e-17,9.369956655170375142e-19
1.970000000000000000e+02,1.465662718337151845e-12,2.154562124150250973e-13,1.301198047362959180e-17,9.473759712431931518e-19
1.980000000000000000e+02,1.447987938380193876e-12,2.154604417320609136e-13,1.303664377595996279e-17,9.473759712431931518e-19
1.990000000000000000e+02,1.435226046980162378e-12,2.154646710490967551e-13,1.308597038062070169e-17,9.515280935336552913e-19
2.000000000000000000e+02,1.427232593594635903e-12,2.154773590002042545e-13,1.320003815389866503e-17,9.603513534008876507e-19
2.010000000000000000e+02,1.416766209727434844e-12,2.154815883172400960e-13,1.323086728181162685e-17,9.603513534008876507e-19
2.020000000000000000e+02,1.400437017975426069e-12,2.155006202439013577e-13,1.335418379346347873e-17,9.603513534008876507e-19
2.030000000000000000e+02,1.383702736658800146e-12,2.155027349024192532e-13,1.342817370045458709e-17,9.603513534008876507e-19
2.040000000000000000e+02,1.371268999208400372e-12,2.155175375120446734e-13,1.347133447953273671e-17,9.603513534008876507e-19
2.050000000000000000e+02,1.362027304722600158e-12,2.155302254631521980e-13,1.353915856094125116e-17,9.790359037079679525e-19
2.060000000000000000e+02,1.353668014637244761e-12,2.155386840972238558e-13,1.360389972955847560e-17,9.956443928698168957e-19
2.070000000000000000e+02,1.339037686873281636e-12,2.155746332920284584e-13,1.366864089817569541e-17,9.956443928698168957e-19
2.080000000000000000e+02,1.321097557550353467e-12,2.155978945357255363e-13,1.387982042437948769e-17,1.012252882031665839e-18
2.090000000000000000e+02,1.304945788747188637e-12,2.156253850964584558e-13,1.389831790112726787e-17,1.020557126612590503e-18
2.100000000000000000e+02,1.292604688057689819e-12,2.156549903157092961e-13,1.390448372670986023e-17,1.028861371193514975e-18
2.110000000000000000e+02,1.282636030516006662e-12,2.156740222423705578e-13,1.392914702904022968e-17,1.030937432338746141e-18
2.120000000000000000e+02,1.273275007321249328e-12,2.156993981445855565e-13,1.396614198253578694e-17,1.043393799210132944e-18
2.130000000000000000e+02,1.260330982628599387e-12,2.157332326808722383e-13,1.410179014535281893e-17,1.043393799210132944e-18
2.140000000000000000e+02,1.244601574650558669e-12,2.157776405097484987e-13,1.413261927326578382e-17,1.043393799210132944e-18
2.150000000000000000e+02,1.227977201355340465e-12,2.158326216312143377e-13,1.420352626746559754e-17,1.043393799210132944e-18
2.160000000000000000e+02,1.212015416417751843e-12,2.158812587771264397e-13,1.435150608144781733e-17,1.043393799210132944e-18
2.170000000000000000e+02,1.198236090762402875e-12,2.159404692156281202e-13,1.435150608144781733e-17,1.051698043791057416e-18
2.180000000000000000e+02,1.187732024145005022e-12,2.159721890933968812e-13,1.441316433727374096e-17,1.055850166081519555e-18
2.190000000000000000e+02,1.178305056137403097e-12,2.160165969222731416e-13,1.449948589543004021e-17,1.060002288371981888e-18
2.200000000000000000e+02,1.169057081193236548e-12,2.160588900926314813e-13,1.457964162800374093e-17,1.068306532952906359e-18
2.210000000000000000e+02,1.159727460290309875e-12,2.161032979215077417e-13,1.462896823266447983e-17,1.084915022114755495e-18
2.220000000000000000e+02,1.149220253443728956e-12,2.161540497259377392e-13,1.472762144198596072e-17,1.093219266695679966e-18
2.230000000000000000e+02,1.141052517338541402e-12,2.161963428962960788e-13,1.480161134897707216e-17,1.097371388986142106e-18
2.240000000000000000e+02,1.134279042990640870e-12,2.162386360666544437e-13,1.487560125596818360e-17,1.105675633567066578e-18
2.250000000000000000e+02,1.128177577687919118e-12,2.162809292370127833e-13,1.490643038388114233e-17,1.116055939293222408e-18
2.260000000000000000e+02,1.122358733011674531e-12,2.163189930903352814e-13,1.493128636826096963e-17,1.116055939293222408e-18
2.270000000000000000e+02,1.115685745997632520e-12,2.163634009192115418e-13,1.493128636826096963e-17,1.124360183874146687e-18
2.280000000000000000e+02,1.110209186302343354e-12,2.164162673821594853e-13,1.496828132175652381e-17,1.124360183874146687e-18
2.290000000000000000e+02,1.105501982756908625e-12,2.164458726014103256e-13,1.499294462408689634e-17,1.128512306164609019e-18
2.300000000000000000e+02,1.101253252672203168e-12,2.164902804302865860e-13,1.500527627525208107e-17,1.130588367309840185e-18
2.310000000000000000e+02,1.097280862755608744e-12,2.165177709910195055e-13,1.503090298782973048e-17,1.130588367309840185e-18
2.320000000000000000e+02,1.092758932731975523e-12,2.165621788198957659e-13,1.508022959249047246e-17,1.130588367309840185e-18
2.330000000000000000e+02,1.089009499087379805e-12,2.166044719902541055e-13,1.521587775530750753e-17,1.130588367309840185e-18
2.340000000000000000e+02,1.085718538903513359e-12,2.166340772095049458e-13,1.524054105763787698e-17,1.147196856471689128e-18
2.350000000000000000e+02,1.082703918887757946e-12,2.166721410628274439e-13,1.528370183671602353e-17,1.147196856471689128e-18
2.360000000000000000e+02,1.079843170101973177e-12,2.167017462820782841e-13,1.538293309218587178e-17,1.155630854874190764e-18
2.370000000000000000e+02,1.076624435189317657e-12,2.167398101354008075e-13,1.543225969684661376e-17,1.155630854874190764e-18
2.380000000000000000e+02,1.073939539237785401e-12,2.167757593302053848e-13,1.547542047592476030e-17,1.155630854874190764e-18
2.390000000000000000e+02,1.071574946662927304e-12,2.167969059153845673e-13,1.551241542942031756e-17,1.172239344036039707e-18
2.400000000000000000e+02,1.070124160780344889e-12,2.168201671590816452e-13,1.556790785966364883e-17,1.180543588616964179e-18
2.410000000000000000e+02,1.504954835990422978e-12,2.294637104377083107e-13,1.563322632176498076e-17,1.184421251163739373e-18
2.420000000000000000e+02,1.494727109541135955e-12,2.294615957791903899e-13,1.572108933631692425e-17,1.191168449885740374e-18
2.430000000000000000e+02,1.507865828443136805e-12,2.294637104377083107e-13,1.578043540754937844e-17,1.197915648607741760e-18
2.440000000000000000e+02,1.522433351623438404e-12,2.294573664621545484e-13,1.586059114012308224e-17,1.203105801470819675e-18
2.450000000000000000e+02,1.537647762015454255e-12,2.294573664621545484e-13,1.592764449333377612e-17,1.206349647010243011e-18
2.460000000000000000e+02,1.549728223682757775e-12,2.294531371451187069e-13,1.599855148753358983e-17,1.215691922163783258e-18
2.470000000000000000e+02,1.564245503196130114e-12,2.294615957791903899e-13,1.603554644102914401e-17,1.215691922163783258e-18
2.480000000000000000e+02,1.579431651525498168e-12,2.294658250962262315e-13,1.612495091197673481e-17,1.219844044454245398e-18
2.490000000000000000e+02,1.593537561015887428e-12,2.294594811206724692e-13,1.623439431606775311e-17,1.222439120885784451e-18
2.500000000000000000e+02,1.607049967190674563e-12,2.294573664621545484e-13,1.630221839747627218e-17,1.227629273748862367e-18
2.510000000000000000e+02,1.625288418285995227e-12,2.294489078280829158e-13,1.634537917655441873e-17,1.227629273748862367e-18
2.520000000000000000e+02,1.635563248173028444e-12,2.294531371451187069e-13,1.640703743238034544e-17,1.227629273748862367e-18
2.530000000000000000e+02,1.654401483042316963e-12,2.294573664621545484e-13,1.650761746219638317e-17,1.227629273748862367e-18
2.540000000000000000e+02,1.670671010439847279e-12,2.294615957791903899e-13,1.659625120494615185e-17,1.236193025972940589e-18
2.550000000000000000e+02,1.681727757393466995e-12,2.294552518036366276e-13,1.662476814826564115e-17,1.236193025972940589e-18
2.560000000000000000e+02,1.701376171391989811e-12,2.294573664621545484e-13,1.668796786048721518e-17,1.245016285840172756e-18
2.570000000000000000e+02,1.718974015733962356e-12,2.294594811206724692e-13,1.681745019772165788e-17,1.249168408130635088e-18
2.580000000000000000e+02,1.730916307317210360e-12,2.294658250962262315e-13,1.685483051531612774e-17,1.249298161952212253e-18
2.590000000000000000e+02,1.746118156792493946e-12,2.294531371451187069e-13,1.695348372463760555e-17,1.249298161952212253e-18
2.600000000000000000e+02,1.765050598537274853e-12,2.294615957791903899e-13,1.707140513890468565e-17,1.249817177238519948e-18
2.610000000000000000e+02,1.783756943780873989e-12,2.294615957791903899e-13,1.715156087147838945e-17,1.253969299528982280e-18
2.620000000000000000e+02,1.795532803217418881e-12,2.294658250962262315e-13,1.720088747613913144e-17,1.253969299528982280e-18
2.630000000000000000e+02,1.809770602333497324e-12,2.294658250962262315e-13,1.723942388603033602e-17,1.274859664802870335e-18
2.640000000000000000e+02,1.830671967776068378e-12,2.294700544132620730e-13,1.731341379302144438e-17,1.283163909383794999e-18
2.650000000000000000e+02,1.849472519895159901e-12,2.294721690717799938e-13,1.732574544418662910e-17,1.283163909383794999e-18
2.660000000000000000e+02,1.863785684511632335e-12,2.294679397547441523e-13,1.736119894128653596e-17,1.284201939956410389e-18
2.670000000000000000e+02,1.876896141350985387e-12,2.294763983888158353e-13,1.744752049944282904e-17,1.284201939956410389e-18
2.680000000000000000e+02,1.893008657289361790e-12,2.294721690717799938e-13,1.754617370876431301e-17,1.288354062246872722e-18
2.690000000000000000e+02,1.913891181356834447e-12,2.294806277058516769e-13,1.760783196459023664e-17,1.304962551408721857e-18
2.700000000000000000e+02,1.933483071230062274e-12,2.294785130473337561e-13,1.771881682507690226e-17,1.307038612553952831e-18
2.710000000000000000e+02,1.948584433371486936e-12,2.294890863399233094e-13,1.779280673206801062e-17,1.307038612553952831e-18
2.720000000000000000e+02,1.960799924893662704e-12,2.294933156569591510e-13,1.779588964485930834e-17,1.308076643126568414e-18
2.730000000000000000e+02,1.973891540357917763e-12,2.294869716814053887e-13,1.801978618632719949e-17,1.316380887707492885e-18
2.740000000000000000e+02,1.992177094890984419e-12,2.294996596325129133e-13,1.807065424738358572e-17,1.324685132288417550e-18
2.750000000000000000e+02,2.013486690127355688e-12,2.295165769006562289e-13,1.814541488257252236e-17,1.332989376869342021e-18
2.760000000000000000e+02,2.033326658106046346e-12,2.295123475836203874e-13,1.814541488257252236e-17,1.341293621450266493e-18
2.770000000000000000e+02,2.049498838398901207e-12,2.295250355347279120e-13,1.817007818490289181e-17,1.349597866031190964e-18
2.780000000000000000e+02,2.063284444512616510e-12,2.295165769006562289e-13,1.824715100468529789e-17,1.350116881317498852e-18
2.790000000000000000e+02,2.076442004789715756e-12,2.295334941687995951e-13,1.827643867620261546e-17,1.360497187043654490e-18
2.800000000000000000e+02,2.095452952264073721e-12,2.295461821199070692e-13,1.831035071690687192e-17,1.369839462197194544e-18
2.810000000000000000e+02,2.116693462458417130e-12,2.295546407539787523e-13,1.843366722855872226e-17,1.369839462197194544e-18
2.820000000000000000e+02,2.136699862583811304e-12,2.295715580221220680e-13,1.850765713554983370e-17,1.373991584487656876e-18
2.830000000000000000e+02,2.153839233465054173e-12,2.295757873391579095e-13,1.856931539137576041e-17,1.382295829068581348e-18
2.840000000000000000e+02,2.168303129082314185e-12,2.295800166561937510e-13,1.863097364720168404e-17,1.390600073649505820e-18
2.850000000000000000e+02,2.181404165234118241e-12,2.295969339243371172e-13,1.863251510359733136e-17,1.390600073649505820e-18
2.860000000000000000e+02,2.195952847039321242e-12,2.296053925584087498e-13,1.870650501058843972e-17,1.390600073649505820e-18
2.870000000000000000e+02,2.212341703145808677e-12,2.296180805095162744e-13,1.880824113270121833e-17,1.398904318230430484e-18
2.880000000000000000e+02,2.228262665104017036e-12,2.296265391435879574e-13,1.885756773736195724e-17,1.398904318230430484e-18
2.890000000000000000e+02,2.243081406618964936e-12,2.296434564117312731e-13,1.890689434202269922e-17,1.403056440520892623e-18
2.900000000000000000e+02,2.256458782938880025e-12,2.296519150458029562e-13,1.903637667925714193e-17,1.419664929682741566e-18
2.910000000000000000e+02,2.269942927051019362e-12,2.296688323139462718e-13,1.928300970256084261e-17,1.427969174263666038e-18
2.920000000000000000e+02,2.281919761155281295e-12,2.296899788991254290e-13,1.934466795838676624e-17,1.438349479989821868e-18
2.930000000000000000e+02,2.292389285251665421e-12,2.296984375331971121e-13,1.940632621421269295e-17,1.454957969151670811e-18
2.940000000000000000e+02,2.302149117552673770e-12,2.297111254843046367e-13,1.950497942353417076e-17,1.454957969151670811e-18
2.950000000000000000e+02,2.311412793642755650e-12,2.297280427524479524e-13,1.965912506309898600e-17,1.454957969151670811e-18
2.960000000000000000e+02,2.321298235111087050e-12,2.297407307035554770e-13,1.975777827242046689e-17,1.463262213732595476e-18
2.970000000000000000e+02,2.330084596365340856e-12,2.297491893376271096e-13,1.978860740033342871e-17,1.471566458313519947e-18
2.980000000000000000e+02,2.337555201591884899e-12,2.297703359228063173e-13,1.981327070266380124e-17,1.471566458313519947e-18
2.990000000000000000e+02,2.344397760981813290e-12,2.297787945568779498e-13,1.988726060965490960e-17,1.475718580603982087e-18
3.000000000000000000e+02,2.350037612594622703e-12,2.297745652398421588e-13,1.994275303989824087e-17,1.484022825184906558e-18
3.010000000000000000e+02,2.537132467322445929e-12,2.443318744771838380e-13,1.999383937358877841e-17,1.487948891989340457e-18
3.020000000000000000e+02,2.555537350564469503e-12,2.443234158431121549e-13,2.005318544482123260e-17,1.490154706956148209e-18
3.030000000000000000e+02,2.543340700417392536e-12,2.443191865260763134e-13,2.013179972099928600e-17,1.494825844532918429e-18
3.040000000000000000e+02,2.529831434471788265e-12,2.443234158431121549e-13,2.016571176170354553e-17,1.503130089113843094e-18
3.050000000000000000e+02,2.518554871475353112e-12,2.443107278920046303e-13,2.019962380240780507e-17,1.504168119686458484e-18
3.060000000000000000e+02,2.503230553061929340e-12,2.443107278920046303e-13,2.027361370939891651e-17,1.504168119686458484e-18
3.070000000000000000e+02,2.491203475290738348e-12,2.443107278920046303e-13,2.033353782677973498e-17,1.509423149460324789e-18
3.080000000000000000e+02,2.476500922255564097e-12,2.443191865260763134e-13,2.047535181517936549e-17,1.509423149460324789e-18
3.090000000000000000e+02,2.465139573071185955e-12,2.443107278920046303e-13,2.061099997799640056e-17,1.515651332896018094e-18
3.100000000000000000e+02,2.447218285123356183e-12,2.443191865260763134e-13,2.066668509028918659e-17,1.528172576678193288e-18
3.110000000000000000e+02,2.437263758612996924e-12,2.443149572090404718e-13,2.076533829961067056e-17,1.528172576678193288e-18
3.120000000000000000e+02,2.419697316562855444e-12,2.443149572090404718e-13,2.084549403218437128e-17,1.532324698968655620e-18
3.130000000000000000e+02,2.404479765941656326e-12,2.443107278920046303e-13,2.091177665719724303e-17,1.549452203416812643e-18
3.140000000000000000e+02,2.394468715306001876e-12,2.443107278920046303e-13,2.098730802058400179e-17,1.553604325707274783e-18
3.150000000000000000e+02,2.375884839000542523e-12,2.443149572090404718e-13,2.111370744502714677e-17,1.562427585574507142e-18
3.160000000000000000e+02,2.359254185246958388e-12,2.443191865260763134e-13,2.112603909619233150e-17,1.572807891300662780e-18
3.170000000000000000e+02,2.348288504939647793e-12,2.443107278920046303e-13,2.120388264417256278e-17,1.572807891300662780e-18
3.180000000000000000e+02,2.334056986281935482e-12,2.443022692579329977e-13,2.124087759766811696e-17,1.576960013591124919e-18
3.190000000000000000e+02,2.316038351229430458e-12,2.443191865260763134e-13,2.130407730988969099e-17,1.579036074736356085e-18
3.200000000000000000e+02,2.298490750554386970e-12,2.443276451601479964e-13,2.141506217037635661e-17,1.579036074736356085e-18
3.210000000000000000e+02,2.287656959872765960e-12,2.443276451601479964e-13,2.148905207736746496e-17,1.583188197026818225e-18
3.220000000000000000e+02,2.274518240970765111e-12,2.443276451601479964e-13,2.157151999453464129e-17,1.595644563898205221e-18
3.230000000000000000e+02,2.254772479867566841e-12,2.443234158431121549e-13,2.163317825036056800e-17,1.599796686188667361e-18
3.240000000000000000e+02,2.236615674731006098e-12,2.443276451601479964e-13,2.169483650618649163e-17,1.599796686188667361e-18
3.250000000000000000e+02,2.223583723621229902e-12,2.443276451601479964e-13,2.177190932596890079e-17,1.608100930769591832e-18
3.260000000000000000e+02,2.211562926308405042e-12,2.443276451601479964e-13,2.177807515155149007e-17,1.614329114205285330e-18
3.270000000000000000e+02,2.196979701982188112e-12,2.443318744771838380e-13,2.180273845388185952e-17,1.622633358786209802e-18
3.280000000000000000e+02,2.177365830504679024e-12,2.443318744771838380e-13,2.183973340737741370e-17,1.630937603367134274e-18
3.290000000000000000e+02,2.158317200280124265e-12,2.443234158431121549e-13,2.186439670970778623e-17,1.630937603367134274e-18
3.300000000000000000e+02,2.143470196702528567e-12,2.443403331112554706e-13,2.200621069810741367e-17,1.635089725657596413e-18
3.310000000000000000e+02,2.131562447640294493e-12,2.443403331112554706e-13,2.203703982602037856e-17,1.635089725657596413e-18
3.320000000000000000e+02,2.120464877707294715e-12,2.443361037942196795e-13,2.211102973301148692e-17,1.635089725657596413e-18
3.330000000000000000e+02,2.103181056283629996e-12,2.443445624282913121e-13,2.216652216325481819e-17,1.636127756230212189e-18
3.340000000000000000e+02,2.082675359718126892e-12,2.443445624282913121e-13,2.223742915745463498e-17,1.636127756230212189e-18
3.350000000000000000e+02,2.063890508744950497e-12,2.443572503793988367e-13,2.226825828536759680e-17,1.636127756230212189e-18
3.360000000000000000e+02,2.048817408666173229e-12,2.443530210623629952e-13,2.227442411095018916e-17,1.646508061956367826e-18
3.370000000000000000e+02,2.036287894225689635e-12,2.443530210623629952e-13,2.244706722726277841e-17,1.646508061956367826e-18
3.380000000000000000e+02,2.024568558914440337e-12,2.443614796964346782e-13,2.253338878541907457e-17,1.646508061956367826e-18
3.390000000000000000e+02,2.010054419630250862e-12,2.443657090134705198e-13,2.265670529707092491e-17,1.654812306537292298e-18
3.400000000000000000e+02,1.992456575288278316e-12,2.443530210623629952e-13,2.275535850639240580e-17,1.658964428827754437e-18
3.410000000000000000e+02,1.973571236981243401e-12,2.443657090134705198e-13,2.280776802384444243e-17,1.660002459400370213e-18
3.420000000000000000e+02,1.954566569965251972e-12,2.443826262816138354e-13,2.283243132617481188e-17,1.660002459400370213e-18
3.430000000000000000e+02,1.938670729840507739e-12,2.443868555986496770e-13,2.289717249479203324e-17,1.660002459400370213e-18
3.440000000000000000e+02,1.926003045315968831e-12,2.443995435497571511e-13,2.294649909945277522e-17,1.660002459400370213e-18
3.450000000000000000e+02,1.914522367422633368e-12,2.443953142327213601e-13,2.302048900644388358e-17,1.664154581690832353e-18
3.460000000000000000e+02,1.903117055029691896e-12,2.444080021838288342e-13,2.304515230877425303e-17,1.674534887416987990e-18
3.470000000000000000e+02,1.891234427800922351e-12,2.444037728667929926e-13,2.314534697449138124e-17,1.674534887416987990e-18
3.480000000000000000e+02,1.877323212519884403e-12,2.443995435497571511e-13,2.319467357915212015e-17,1.682839131997912462e-18
3.490000000000000000e+02,1.866074911586096642e-12,2.444164608179005172e-13,2.320083940473471559e-17,1.691143376578836933e-18
3.500000000000000000e+02,1.856767272287451836e-12,2.444206901349363588e-13,2.328716096289101175e-17,1.691143376578836933e-18
3.510000000000000000e+02,1.848445664952293435e-12,2.444206901349363588e-13,2.339197999779508501e-17,1.699447621159761405e-18
3.520000000000000000e+02,1.840557409244399777e-12,2.444460660371513575e-13,2.346596990478619336e-17,1.699707128802915541e-18
3.530000000000000000e+02,1.831494707822034938e-12,2.444418367201155160e-13,2.356462311410767425e-17,1.699707128802915541e-18
3.540000000000000000e+02,1.823845109532055519e-12,2.444460660371513575e-13,2.357078893969026354e-17,1.699707128802915541e-18
3.550000000000000000e+02,1.817250628247590565e-12,2.444629833052946732e-13,2.368177380017692915e-17,1.708011373383840013e-18
3.560000000000000000e+02,1.811290473258107194e-12,2.444629833052946732e-13,2.368793962575952151e-17,1.716315617964764485e-18
3.570000000000000000e+02,1.805713426228959710e-12,2.444714419393663563e-13,2.378813429147665281e-17,1.724879370188842900e-18
3.580000000000000000e+02,1.799426687404436248e-12,2.444672126223305147e-13,2.388678750079813370e-17,1.733183614769767372e-18
3.590000000000000000e+02,1.794100858709935065e-12,2.444756712564021978e-13,2.389911915196331842e-17,1.733183614769767372e-18
3.600000000000000000e+02,1.792524463660029600e-12,2.444672126223305147e-13,2.393611410545887260e-17,1.733183614769767372e-18
3.610000000000000000e+02,2.332411506190002360e-12,2.709934890710832955e-13,2.399101117827595835e-17,1.736209641149727405e-18
3.620000000000000000e+02,2.318242792115951776e-12,2.710230942903341358e-13,2.408118637742137127e-17,1.739323732867573962e-18
3.630000000000000000e+02,2.299413977934212456e-12,2.710061770221908201e-13,2.411201550533433309e-17,1.744513885730652070e-18
3.640000000000000000e+02,2.280396750001488359e-12,2.710061770221908201e-13,2.417521521755591020e-17,1.747627977448498626e-18
3.650000000000000000e+02,2.259074593848384422e-12,2.710019477051549786e-13,2.422608327861229643e-17,1.747627977448498626e-18
3.660000000000000000e+02,2.257962952717574564e-12,2.709977183881191370e-13,2.433090231351636968e-17,1.752818130311576349e-18
3.670000000000000000e+02,2.262811466576248078e-12,2.710019477051549786e-13,2.435864852863803685e-17,1.755932222029422905e-18
3.680000000000000000e+02,2.273896475592515591e-12,2.710146356562624527e-13,2.439564348213359103e-17,1.762160405465116403e-18
3.690000000000000000e+02,2.288969575671292859e-12,2.709934890710832955e-13,2.444497008679432994e-17,1.768388588900809901e-18
3.700000000000000000e+02,2.295790153456939585e-12,2.710146356562624527e-13,2.450662834262025665e-17,1.772540711191272233e-18
3.710000000000000000e+02,2.308256863313761453e-12,2.710061770221908201e-13,2.456828659844618028e-17,1.772540711191272233e-18
3.720000000000000000e+02,2.322570027930233887e-12,2.710104063392266616e-13,2.459294990077655281e-17,1.784997078062658845e-18
3.730000000000000000e+02,2.330671819222576850e-12,2.710146356562624527e-13,2.465460815660247644e-17,1.789149200353121177e-18
3.740000000000000000e+02,2.337523799300054238e-12,2.710273236073699773e-13,2.474092971475877261e-17,1.789149200353121177e-18
3.750000000000000000e+02,2.351956292625483589e-12,2.710146356562624527e-13,2.485191457524543822e-17,1.797453444934045456e-18
3.760000000000000000e+02,2.365019646027090447e-12,2.710315529244058188e-13,2.491357283107136185e-17,1.805757689514970120e-18
3.770000000000000000e+02,2.373127717777799543e-12,2.710357822414416604e-13,2.497523108689728857e-17,1.807833750660201286e-18
3.780000000000000000e+02,2.380099026564233848e-12,2.710273236073699773e-13,2.507388429621876946e-17,1.811985872950663618e-18
3.790000000000000000e+02,2.390631355244279700e-12,2.710273236073699773e-13,2.517253750554025035e-17,1.820290117531587897e-18
3.800000000000000000e+02,2.404994763527681193e-12,2.710230942903341358e-13,2.522802993578358469e-17,1.822366178676819063e-18
3.810000000000000000e+02,2.417618484843657175e-12,2.710273236073699773e-13,2.529585401719210069e-17,1.830670423257743727e-18
3.820000000000000000e+02,2.426228993263658873e-12,2.710315529244058188e-13,2.543766800559172812e-17,1.830670423257743727e-18
3.830000000000000000e+02,2.433237984800290376e-12,2.710315529244058188e-13,2.551628228176978152e-17,1.830670423257743727e-18
3.840000000000000000e+02,2.440692888880918886e-12,2.710442408755132930e-13,2.557177471201311587e-17,1.838974667838668006e-18
3.850000000000000000e+02,2.452518991984392837e-12,2.710357822414416604e-13,2.559797947073913572e-17,1.847538420062746614e-18
3.860000000000000000e+02,2.468157333316124434e-12,2.710484701925491345e-13,2.574595928472135243e-17,1.855842664643671278e-18
3.870000000000000000e+02,2.481949219888205465e-12,2.710442408755132930e-13,2.578603715100820434e-17,1.855842664643671278e-18
3.880000000000000000e+02,2.491746734939411013e-12,2.710526995095849760e-13,2.586002705799931885e-17,1.864146909224595557e-18
3.890000000000000000e+02,2.499270724062067382e-12,2.710569288266208176e-13,2.605733347664228063e-17,1.866222970369826724e-18
3.900000000000000000e+02,2.506172947806473828e-12,2.710569288266208176e-13,2.609432843013783173e-17,1.870375092660289056e-18
3.910000000000000000e+02,2.514368945974309180e-12,2.710442408755132930e-13,2.614365503479857372e-17,1.874527214950751388e-18
3.920000000000000000e+02,2.523996888649628348e-12,2.710611581436566591e-13,2.614982086038116300e-17,1.882831459531675667e-18
3.930000000000000000e+02,2.534372205870519681e-12,2.710526995095849760e-13,2.639645388368486677e-17,1.891135704112600331e-18
3.940000000000000000e+02,2.544898254092199401e-12,2.710780754117999748e-13,2.639838070417942669e-17,1.899699456336678554e-18
3.950000000000000000e+02,2.552196146713674201e-12,2.710738460947641332e-13,2.644770730884016559e-17,1.903851578627140886e-18
3.960000000000000000e+02,2.557949046577073995e-12,2.710738460947641332e-13,2.653402886699646484e-17,1.903851578627140886e-18
3.970000000000000000e+02,2.563186948854449326e-12,2.710992219969791824e-13,2.658335547165720066e-17,1.920460067788990214e-18
3.980000000000000000e+02,2.568437412048556518e-12,2.710865340458716578e-13,2.660801877398757319e-17,1.920460067788990214e-18
3.990000000000000000e+02,2.574253116495618039e-12,2.710865340458716578e-13,2.665773074274722778e-17,1.937068556950839157e-18
4.000000000000000000e+02,2.578800168352715991e-12,2.711076806310508150e-13,2.673788647532093158e-17,1.939144618096070323e-18
4.010000000000000000e+02,2.582480516955284052e-12,2.710865340458716578e-13,2.679954473114685213e-17,1.939144618096070323e-18
4.020000000000000000e+02,2.585664709346926046e-12,2.710992219969791824e-13,2.683653968464240939e-17,1.941220679241301104e-18
4.030000000000000000e+02,2.588685609821047390e-12,2.710992219969791824e-13,2.691052959163351775e-17,1.941220679241301104e-18
4.040000000000000000e+02,2.592007972296744699e-12,2.711076806310508150e-13,2.696024156039317233e-17,1.941220679241301104e-18
4.050000000000000000e+02,2.594746252144389282e-12,2.711119099480866566e-13,2.700956816505390815e-17,1.943296740386532656e-18
4.060000000000000000e+02,2.597082582656599783e-12,2.711203685821583396e-13,2.710822137437538904e-17,1.947448862676994602e-18
4.070000000000000000e+02,2.599155133917431516e-12,2.711161392651224981e-13,2.721920623486205466e-17,1.955753107257919267e-18
4.080000000000000000e+02,2.601076954177475670e-12,2.711245978991941812e-13,2.734252274651390500e-17,1.955753107257919267e-18
4.090000000000000000e+02,2.603187188188504601e-12,2.711288272162300227e-13,2.739223471527355959e-17,1.955882861079496046e-18
4.100000000000000000e+02,2.604889192405732913e-12,2.711330565332658138e-13,2.752171705250800229e-17,1.955882861079496046e-18
4.110000000000000000e+02,2.606365100121780059e-12,2.711330565332658138e-13,2.765736521532503736e-17,1.955882861079496046e-18
4.120000000000000000e+02,2.607727959587236016e-12,2.711288272162300227e-13,2.768202851765540990e-17,1.955882861079496046e-18
4.130000000000000000e+02,2.609021734010664518e-12,2.711372858503016553e-13,2.783000833163762661e-17,1.955882861079496046e-18
4.140000000000000000e+02,2.610409715309585409e-12,2.711499738014091799e-13,2.788010566449619072e-17,1.972491350241345374e-18
4.150000000000000000e+02,2.611546478273859796e-12,2.711372858503016553e-13,2.795409557148730523e-17,1.974567411386576155e-18
4.160000000000000000e+02,2.612532510237346604e-12,2.711499738014091799e-13,2.796642722265248380e-17,1.978719533677038487e-18
4.170000000000000000e+02,2.613449457158805553e-12,2.711542031184450215e-13,2.812057286221730212e-17,1.978719533677038487e-18
4.180000000000000000e+02,2.614309879954968908e-12,2.711626617525166540e-13,2.839186918785137226e-17,1.987023778257963151e-18
4.190000000000000000e+02,2.615264509626624651e-12,2.711668910695524956e-13,2.849167848946959095e-17,1.987153532079539931e-18
4.200000000000000000e+02,2.615440362460877162e-12,2.711626617525166540e-13,2.855333674529551458e-17,1.999609898950926927e-18
4.210000000000000000e+02,2.673967953975096196e-12,2.890188382778091278e-13,2.863435164411708558e-17,2.004281036527696762e-18
4.220000000000000000e+02,2.696533640884699173e-12,2.890357555459524434e-13,2.869986354093212905e-17,2.011287742892852092e-18
4.230000000000000000e+02,2.716649949031500863e-12,2.890315262289166524e-13,2.873762922262550843e-17,2.020630018046392146e-18
4.240000000000000000e+02,2.710218759664555955e-12,2.890146089607732862e-13,2.880314111944055190e-17,2.024782140336854093e-18
4.250000000000000000e+02,2.693349448493057582e-12,2.890103796437374447e-13,2.888329685201425570e-17,2.029453277913624313e-18
4.260000000000000000e+02,2.679890426214382774e-12,2.890230675948449693e-13,2.903744249157906786e-17,2.031529339058855479e-18
4.270000000000000000e+02,2.667348350857166511e-12,2.890272969118808109e-13,2.906827161949203275e-17,2.038795553067164368e-18
4.280000000000000000e+02,2.654360362955953644e-12,2.890103796437374447e-13,2.913609570090055183e-17,2.041909644785010924e-18
4.290000000000000000e+02,2.640863657927081639e-12,2.890272969118808109e-13,2.922241725905684491e-17,2.046061767075473641e-18
4.300000000000000000e+02,2.630890290041623984e-12,2.890272969118808109e-13,2.927800603032490510e-17,2.056442072801629086e-18
4.310000000000000000e+02,2.613493420367368479e-12,2.890272969118808109e-13,2.931500098382045928e-17,2.056442072801629086e-18
4.320000000000000000e+02,2.602025303390765281e-12,2.890442141800241265e-13,2.938282506522897835e-17,2.064746317382553751e-18
4.330000000000000000e+02,2.591254317292805593e-12,2.890399848629882850e-13,2.943831749547230654e-17,2.066822378527784532e-18
4.340000000000000000e+02,2.573976776327507410e-12,2.890188382778091278e-13,2.954313653037638595e-17,2.068898439673015698e-18
4.350000000000000000e+02,2.560197450672158240e-12,2.890399848629882850e-13,2.960479478620230959e-17,2.068898439673015698e-18
4.360000000000000000e+02,2.550337131037291370e-12,2.890315262289166524e-13,2.968032614958906834e-17,2.077202684253940362e-18
4.370000000000000000e+02,2.536275184755465439e-12,2.890315262289166524e-13,2.976048188216277214e-17,2.077202684253940362e-18
4.380000000000000000e+02,2.516755520153448739e-12,2.890230675948449693e-13,2.982214013798868961e-17,2.077202684253940362e-18
4.390000000000000000e+02,2.504703320548793218e-12,2.890442141800241265e-13,2.998630524412522322e-17,2.077202684253940362e-18
4.400000000000000000e+02,2.494039102243058184e-12,2.890442141800241265e-13,2.999863689529040178e-17,2.085506928834864641e-18
4.410000000000000000e+02,2.479933192752669327e-12,2.890230675948449693e-13,2.999863689529040178e-17,2.085506928834864641e-18
4.420000000000000000e+02,2.462693334537567533e-12,2.890399848629882850e-13,3.003563184878596212e-17,2.085506928834864641e-18
4.430000000000000000e+02,2.445842864741167961e-12,2.890230675948449693e-13,3.008649990984234527e-17,2.085636682656441805e-18
4.440000000000000000e+02,2.433413837634542484e-12,2.890272969118808109e-13,3.008649990984234527e-17,2.085636682656441805e-18
4.450000000000000000e+02,2.422868948037764771e-12,2.890230675948449693e-13,3.011116321217272088e-17,2.089788804946903752e-18
4.460000000000000000e+02,2.408053346751999734e-12,2.890357555459524434e-13,3.016048981683345979e-17,2.100169110673059582e-18
4.470000000000000000e+02,2.389180569361697487e-12,2.890357555459524434e-13,3.025297720057234831e-17,2.110549416399215413e-18
4.480000000000000000e+02,2.371789980145808115e-12,2.890357555459524434e-13,3.031463545639827194e-17,2.118853660980139692e-18
4.490000000000000000e+02,2.358481688867920886e-12,2.890399848629882850e-13,3.037012788664160629e-17,2.118853660980139692e-18
4.500000000000000000e+02,2.347698141853228934e-12,2.890272969118808109e-13,3.047186400875438490e-17,2.119891691552755467e-18
4.510000000000000000e+02,2.337448433799660246e-12,2.890357555459524434e-13,3.047802983433697419e-17,2.119891691552755467e-18
4.520000000000000000e+02,2.320365587043712568e-12,2.890484434970599681e-13,3.047957129073262459e-17,2.128195936133679746e-18
4.530000000000000000e+02,2.300393729439332728e-12,2.890357555459524434e-13,3.060905362796706113e-17,2.129233966706295522e-18
4.540000000000000000e+02,2.282255765677870786e-12,2.890526728140958096e-13,3.064604858146262147e-17,2.131310027851526688e-18
4.550000000000000000e+02,2.267835833269173699e-12,2.890315262289166524e-13,3.067071188379299092e-17,2.131310027851526688e-18
4.560000000000000000e+02,2.256066254290995343e-12,2.890526728140958096e-13,3.072003848845372983e-17,2.135462150141988635e-18
4.570000000000000000e+02,2.245238744067740061e-12,2.890315262289166524e-13,3.084335500010558325e-17,2.143766394722913299e-18
4.580000000000000000e+02,2.233393799589167714e-12,2.890399848629882850e-13,3.104066141874853887e-17,2.147918517013375631e-18
4.590000000000000000e+02,2.218471430511178024e-12,2.890569021311316511e-13,3.126725550890881514e-17,2.147918517013375631e-18
4.600000000000000000e+02,2.198587499323924440e-12,2.890526728140958096e-13,3.146456192755177693e-17,2.147918517013375631e-18
4.610000000000000000e+02,2.181680505402229274e-12,2.890526728140958096e-13,3.148922522988214638e-17,2.156222761594300295e-18
4.620000000000000000e+02,2.168529225583495756e-12,2.890484434970599681e-13,3.162487339269918453e-17,2.164527006175224574e-18
4.630000000000000000e+02,2.157525862525988366e-12,2.890653607652032837e-13,3.168653164852510816e-17,2.164527006175224574e-18
4.640000000000000000e+02,2.147426885473207661e-12,2.890780487163108083e-13,3.169115601771205320e-17,2.164527006175224574e-18
4.650000000000000000e+02,2.135732671995422892e-12,2.890569021311316511e-13,3.186379913402464553e-17,2.172831250756149238e-18
4.660000000000000000e+02,2.125307111107602096e-12,2.890653607652032837e-13,3.194395486659834317e-17,2.174907311901380404e-18
4.670000000000000000e+02,2.116451664811320431e-12,2.890780487163108083e-13,3.201794477358945769e-17,2.174907311901380404e-18
4.680000000000000000e+02,2.108651335520553029e-12,2.890780487163108083e-13,3.210426633174575077e-17,2.174907311901380404e-18
4.690000000000000000e+02,2.101541856650063006e-12,2.890865073503824914e-13,3.218904643350639961e-17,2.183211556482304683e-18
4.700000000000000000e+02,2.093754088276028273e-12,2.890780487163108083e-13,3.228769964282788358e-17,2.183211556482304683e-18
4.710000000000000000e+02,2.087021436907507399e-12,2.890822780333466499e-13,3.234935789865380105e-17,2.183211556482304683e-18
4.720000000000000000e+02,2.081130366960051886e-12,2.890907366674183329e-13,3.242334780564490941e-17,2.187363678772767401e-18
4.730000000000000000e+02,2.075716611848424448e-12,2.890865073503824914e-13,3.246034275914046975e-17,2.187363678772767401e-18
4.740000000000000000e+02,2.070704806072231091e-12,2.890695900822391252e-13,3.253433266613157811e-17,2.195667923353691680e-18
4.750000000000000000e+02,2.065178002710012867e-12,2.890865073503824914e-13,3.263298587545306208e-17,2.195667923353691680e-18
4.760000000000000000e+02,2.060392293435001080e-12,2.890738193992749668e-13,3.265764917778343153e-17,2.195667923353691680e-18
4.770000000000000000e+02,2.056284873663534004e-12,2.890780487163108083e-13,3.273163908477454605e-17,2.199820045644153627e-18
4.780000000000000000e+02,2.052478915893642893e-12,2.890907366674183329e-13,3.284262394526120858e-17,2.203972167934616344e-18
4.790000000000000000e+02,2.048936737375130146e-12,2.890907366674183329e-13,3.289349200631759789e-17,2.203972167934616344e-18
4.800000000000000000e+02,2.046901868864495207e-12,2.891034246185258071e-13,3.304147182029981460e-17,2.203972167934616344e-18
4.810000000000000000e+02,2.435272853310925315e-12,3.013050042669077893e-13,3.316367928117090798e-17,2.206705107801580389e-18
4.820000000000000000e+02,2.412713446859688471e-12,3.013219215350511554e-13,3.324691792653590642e-17,2.211895260664658497e-18
4.830000000000000000e+02,2.422247182659515251e-12,3.013176922180153139e-13,3.333323948469219950e-17,2.212933291237273887e-18
4.840000000000000000e+02,2.435737607230020720e-12,3.013050042669077893e-13,3.339181482772683466e-17,2.219161474672967385e-18
4.850000000000000000e+02,2.449567176552298948e-12,3.013219215350511554e-13,3.351980387907799296e-17,2.223313596963429717e-18
4.860000000000000000e+02,2.465218078800762811e-12,3.013092335839436308e-13,3.367394951864280512e-17,2.229541780399122830e-18
4.870000000000000000e+02,2.474563400849604814e-12,3.013134629009794723e-13,3.379774773541829390e-17,2.230596030199435414e-18
4.880000000000000000e+02,2.492462707193152921e-12,3.013176922180153139e-13,3.384707434007903897e-17,2.236824213635128912e-18
4.890000000000000000e+02,2.502662171579792147e-12,3.013219215350511554e-13,3.394881046219181142e-17,2.243052397070822411e-18
4.900000000000000000e+02,2.518991363331800719e-12,3.013219215350511554e-13,3.400430289243514576e-17,2.253432702796977856e-18
4.910000000000000000e+02,2.533160077405851707e-12,3.013176922180153139e-13,3.413686814246088927e-17,2.253951718083285743e-18
4.920000000000000000e+02,2.544113196796429634e-12,3.013092335839436308e-13,3.424785300294755181e-17,2.253951718083285743e-18
4.930000000000000000e+02,2.562678231726790591e-12,3.013176922180153139e-13,3.437116951459939907e-17,2.259141870946363851e-18
4.940000000000000000e+02,2.576796702133911713e-12,3.013176922180153139e-13,3.446057398554699296e-17,2.263813008523133686e-18
4.950000000000000000e+02,2.586795191852834301e-12,3.013219215350511554e-13,3.449911039543819137e-17,2.267965130813595633e-18
4.960000000000000000e+02,2.606226930037724745e-12,3.013092335839436308e-13,3.458543195359449062e-17,2.272117253104058350e-18
4.970000000000000000e+02,2.622970632041899664e-12,3.013261508520869465e-13,3.473341176757671349e-17,2.276269375394520297e-18
4.980000000000000000e+02,2.635292891356300085e-12,3.013346094861586295e-13,3.478273837223745240e-17,2.280421497684982629e-18
4.990000000000000000e+02,2.647125274918140572e-12,3.013261508520869465e-13,3.481973332573300658e-17,2.280421497684982629e-18
5.000000000000000000e+02,2.666958962438464694e-12,3.013219215350511554e-13,3.484439662806337603e-17,2.280421497684982629e-18
5.010000000000000000e+02,2.683514250691655241e-12,3.013007749498719477e-13,3.496617168331957905e-17,2.288725742265907293e-18
5.020000000000000000e+02,2.697306137263736675e-12,3.013219215350511554e-13,3.507715654380624159e-17,2.297029986846831572e-18
5.030000000000000000e+02,2.708447670405299379e-12,3.013092335839436308e-13,3.510181984613661104e-17,2.297029986846831572e-18
5.040000000000000000e+02,2.723545892317541581e-12,3.013219215350511554e-13,3.522513635778846446e-17,2.305334231427756236e-18
5.050000000000000000e+02,2.743882016507158305e-12,3.013134629009794723e-13,3.527677514704267281e-17,2.306372262000371627e-18
5.060000000000000000e+02,2.761643152766651098e-12,3.013176922180153139e-13,3.535076505403378733e-17,2.308448323145602793e-18
5.070000000000000000e+02,2.774907480835974997e-12,3.013092335839436308e-13,3.554807147267674911e-17,2.308448323145602793e-18
5.080000000000000000e+02,2.786488646063168980e-12,3.013303801691227880e-13,3.563439303083304219e-17,2.308448323145602793e-18
5.090000000000000000e+02,2.802415888479743875e-12,3.013176922180153139e-13,3.567138798432859637e-17,2.316752567726527457e-18
5.100000000000000000e+02,2.822400307000855980e-12,3.013176922180153139e-13,3.575770954248489561e-17,2.316752567726527457e-18
5.110000000000000000e+02,2.841291925766257027e-12,3.013219215350511554e-13,3.580703614714563452e-17,2.316752567726527457e-18
5.120000000000000000e+02,2.856239416677711246e-12,3.013092335839436308e-13,3.605366917044933520e-17,2.318828628871758623e-18
5.130000000000000000e+02,2.868574236908843931e-12,3.013261508520869465e-13,3.613999072860563445e-17,2.329208934597914453e-18
5.140000000000000000e+02,2.880205645802966973e-12,3.013176922180153139e-13,3.626330724025747555e-17,2.331284995743145619e-18
5.150000000000000000e+02,2.896773494972889784e-12,3.013261508520869465e-13,3.628797054258785116e-17,2.343741362614531845e-18
5.160000000000000000e+02,2.916431329658961798e-12,3.013261508520869465e-13,3.641128705423969842e-17,2.343741362614531845e-18
5.170000000000000000e+02,2.935498801258614954e-12,3.013176922180153139e-13,3.650994026356118239e-17,2.343741362614531845e-18
5.180000000000000000e+02,2.951627018342906889e-12,3.013303801691227880e-13,3.650994026356118239e-17,2.352045607195456509e-18
5.190000000000000000e+02,2.964954150995892515e-12,3.013261508520869465e-13,3.654693521705673657e-17,2.354121668340687675e-18
5.200000000000000000e+02,2.976824217307929796e-12,3.013303801691227880e-13,3.656543269380451058e-17,2.355159698913303451e-18
5.210000000000000000e+02,2.988970623788077705e-12,3.013219215350511554e-13,3.671341250778673346e-17,2.363463943494227730e-18
5.220000000000000000e+02,3.006204201544812962e-12,3.013219215350511554e-13,3.681669008629516247e-17,2.364501974066843506e-18
5.230000000000000000e+02,3.023400096551351426e-12,3.013472974372661541e-13,3.700166485377293336e-17,2.364501974066843506e-18
5.240000000000000000e+02,3.039013316049618494e-12,3.013219215350511554e-13,3.710031806309441117e-17,2.368654096357305453e-18
5.250000000000000000e+02,3.052679593454376475e-12,3.013219215350511554e-13,3.723596622591144932e-17,2.368654096357305453e-18
5.260000000000000000e+02,3.065077218269170887e-12,3.013303801691227880e-13,3.733461943523293329e-17,2.376958340938230502e-18
5.270000000000000000e+02,3.077487404000697564e-12,3.013303801691227880e-13,3.733461943523293329e-17,2.385262585519154781e-18
5.280000000000000000e+02,3.088076256806038607e-12,3.013388388031944711e-13,3.740860934222404165e-17,2.393566830100079445e-18
5.290000000000000000e+02,3.097798406356849760e-12,3.013346094861586295e-13,3.764291071436255761e-17,2.393566830100079445e-18
5.300000000000000000e+02,3.106867388237580730e-12,3.013388388031944711e-13,3.780938800509255449e-17,2.393566830100079445e-18
5.310000000000000000e+02,3.115660029950201073e-12,3.013346094861586295e-13,3.780938800509255449e-17,2.401871074681003724e-18
5.320000000000000000e+02,3.124553158996679532e-12,3.013430681202303126e-13,3.791112412720533310e-17,2.410175319261928388e-18
5.330000000000000000e+02,3.131825929784689802e-12,3.013430681202303126e-13,3.797278238303125673e-17,2.410175319261928388e-18
5.340000000000000000e+02,3.138282240985099240e-12,3.013388388031944711e-13,3.802210898769200180e-17,2.410175319261928388e-18
5.350000000000000000e+02,3.144374285600271793e-12,3.013303801691227880e-13,3.808376724351791927e-17,2.412251380407159554e-18
5.360000000000000000e+02,3.150466330215444346e-12,3.013303801691227880e-13,3.837972687148235886e-17,2.412251380407159554e-18
5.370000000000000000e+02,3.156834714998727528e-12,3.013515267543019957e-13,3.837972687148235886e-17,2.412770395693467057e-18
5.380000000000000000e+02,3.162097739109567388e-12,3.013472974372661541e-13,3.840439017381273447e-17,2.421074640274391336e-18
5.390000000000000000e+02,3.166707595550327067e-12,3.013430681202303126e-13,3.857703329012532064e-17,2.429378884855316000e-18
5.400000000000000000e+02,3.169872946566870261e-12,3.013557560713377867e-13,3.862635989478606570e-17,2.448063435162396109e-18
5.410000000000000000e+02,3.470129100136114188e-12,3.188566699656201772e-13,3.872244162667798382e-17,2.452532846094683301e-18
5.420000000000000000e+02,3.488995597068050707e-12,3.188524406485843357e-13,3.883805085635159756e-17,2.454608907239914467e-18
5.430000000000000000e+02,3.512936704359841905e-12,3.188693579167276514e-13,3.894132843486002041e-17,2.457203983671453136e-18
5.440000000000000000e+02,3.528173096356139420e-12,3.188312940634051785e-13,3.897215756277298531e-17,2.462394136534531243e-18
5.450000000000000000e+02,3.522156417241360858e-12,3.188566699656201772e-13,3.908314242325964784e-17,2.463432167107147019e-18
5.460000000000000000e+02,3.506229174824785964e-12,3.188397526974768111e-13,3.915713233025075620e-17,2.468622319970224742e-18
5.470000000000000000e+02,3.496268367856060573e-12,3.188482113315484942e-13,3.926811719073742490e-17,2.469660350542840132e-18
5.480000000000000000e+02,3.481157585027086511e-12,3.188566699656201772e-13,3.930511214423297908e-17,2.469660350542840132e-18
5.490000000000000000e+02,3.469237275048119768e-12,3.188608992826560188e-13,3.936677040005890271e-17,2.470698381115455908e-18
5.500000000000000000e+02,3.459703539248293392e-12,3.188312940634051785e-13,3.951475021404112558e-17,2.479002625696380187e-18
5.510000000000000000e+02,3.443613004914198655e-12,3.188566699656201772e-13,3.958874012103223394e-17,2.487306870277304851e-18
5.520000000000000000e+02,3.433237687693306917e-12,3.188439820145126526e-13,3.965039837685816373e-17,2.493535053712997964e-18
5.530000000000000000e+02,3.424997726316908639e-12,3.188566699656201772e-13,3.968122750477112247e-17,2.493535053712997964e-18
5.540000000000000000e+02,3.408404755313521299e-12,3.188524406485843357e-13,3.973055410943186753e-17,2.505991420584384960e-18
5.550000000000000000e+02,3.394675673325101591e-12,3.188566699656201772e-13,3.990319722574445370e-17,2.505991420584384960e-18
5.560000000000000000e+02,3.385807666112087661e-12,3.188524406485843357e-13,4.001418208623112240e-17,2.510143542874847292e-18
5.570000000000000000e+02,3.375671006309109758e-12,3.188439820145126526e-13,4.011591820834389485e-17,2.510143542874847292e-18
5.580000000000000000e+02,3.358713768720485130e-12,3.188482113315484942e-13,4.031322462698686279e-17,2.510143542874847292e-18
5.590000000000000000e+02,3.344670663813757596e-12,3.188608992826560188e-13,4.036255123164759553e-17,2.512219604020078073e-18
5.600000000000000000e+02,3.333504008838730362e-12,3.188524406485843357e-13,4.042420948747352533e-17,2.512219604020078073e-18
5.610000000000000000e+02,3.324548075208590177e-12,3.188397526974768111e-13,4.047353609213426423e-17,2.512219604020078073e-18
5.620000000000000000e+02,3.311572648224109171e-12,3.188482113315484942e-13,4.053519434796018786e-17,2.520523848601003122e-18
5.630000000000000000e+02,3.294640532468949475e-12,3.188482113315484942e-13,4.075716406893351909e-17,2.528828093181927786e-18
5.640000000000000000e+02,3.279642797890565794e-12,3.188608992826560188e-13,4.078799319684648399e-17,2.547512643489007896e-18
5.650000000000000000e+02,3.268865531334239974e-12,3.188735872337634929e-13,4.079415902242907327e-17,2.547577520399796285e-18
5.660000000000000000e+02,3.259545331118862904e-12,3.188608992826560188e-13,4.085273436546370226e-17,2.555881764980720564e-18
5.670000000000000000e+02,3.249810620651319084e-12,3.188397526974768111e-13,4.093289009803740606e-17,2.555881764980720564e-18
5.680000000000000000e+02,3.235327883658960674e-12,3.188651285996918603e-13,4.119493768529758611e-17,2.564186009561644843e-18
5.690000000000000000e+02,3.218144549569154475e-12,3.188693579167276514e-13,4.124426428995833118e-17,2.564186009561644843e-18
5.700000000000000000e+02,3.201539017649034870e-12,3.188524406485843357e-13,4.129359089461907008e-17,2.564186009561644843e-18
5.710000000000000000e+02,3.189267002001563507e-12,3.188735872337634929e-13,4.146315109814036161e-17,2.564186009561644843e-18
5.720000000000000000e+02,3.179482047867090628e-12,3.188735872337634929e-13,4.154947265629666085e-17,2.564186009561644843e-18
5.730000000000000000e+02,3.170287456819036608e-12,3.188693579167276514e-13,4.164812586561813866e-17,2.564186009561644843e-18
5.740000000000000000e+02,3.157902392920974460e-12,3.188651285996918603e-13,4.172211577260924702e-17,2.564186009561644843e-18
5.750000000000000000e+02,3.143532704179206835e-12,3.188735872337634929e-13,4.188242723775665462e-17,2.564186009561644843e-18
5.760000000000000000e+02,3.128597774184484881e-12,3.188608992826560188e-13,4.190709054008702407e-17,2.574566315287800674e-18
5.770000000000000000e+02,3.113888940690944497e-12,3.188566699656201772e-13,4.195641714474776298e-17,2.574566315287800674e-18
5.780000000000000000e+02,3.101780216960993382e-12,3.188566699656201772e-13,4.200574374940850188e-17,2.574566315287800674e-18
5.790000000000000000e+02,3.092560504079474832e-12,3.188566699656201772e-13,4.204273870290406222e-17,2.582870559868725338e-18
5.800000000000000000e+02,3.084232616285950299e-12,3.188651285996918603e-13,4.230170337737294764e-17,2.591174804449649617e-18
5.810000000000000000e+02,3.076155946827072268e-12,3.188735872337634929e-13,4.235719580761628198e-17,2.599479049030574281e-18
5.820000000000000000e+02,3.067601962532366165e-12,3.188820458678351760e-13,4.240652241227701473e-17,2.599479049030574281e-18
5.830000000000000000e+02,3.059650902240810780e-12,3.188651285996918603e-13,4.271173077861534440e-17,2.607783293611498560e-18
5.840000000000000000e+02,3.053408126624850648e-12,3.188651285996918603e-13,4.292136884842349091e-17,2.611935415901960892e-18
5.850000000000000000e+02,3.048082297930349465e-12,3.188566699656201772e-13,4.299535875541460543e-17,2.616087538192423609e-18
5.860000000000000000e+02,3.043158418571281960e-12,3.188482113315484942e-13,4.314333856939682214e-17,2.616087538192423609e-18
5.870000000000000000e+02,3.037970759960836091e-12,3.188397526974768111e-13,4.314333856939682214e-17,2.616087538192423609e-18
5.880000000000000000e+02,3.032933832351178205e-12,3.188482113315484942e-13,4.334064498803979008e-17,2.616087538192423609e-18
5.890000000000000000e+02,3.028801290746246600e-12,3.188735872337634929e-13,4.338997159270052282e-17,2.616087538192423609e-18
5.900000000000000000e+02,3.025158624893875333e-12,3.188820458678351760e-13,4.341463489503089844e-17,2.620239660482885556e-18
5.910000000000000000e+02,3.021855103793276824e-12,3.188651285996918603e-13,4.356878053459571060e-17,2.620239660482885556e-18
5.920000000000000000e+02,3.018438534442087127e-12,3.188735872337634929e-13,4.371676034857793347e-17,2.628543905063809835e-18
5.930000000000000000e+02,3.015109891508024090e-12,3.188651285996918603e-13,4.388632055209922500e-17,2.636848149644734499e-18
5.940000000000000000e+02,3.012308807076717780e-12,3.188735872337634929e-13,4.396031045909033335e-17,2.636848149644734499e-18
5.950000000000000000e+02,3.009809184646987436e-12,3.188735872337634929e-13,4.420694348239403404e-17,2.653456638806583443e-18
5.960000000000000000e+02,3.007510536884973729e-12,3.188820458678351760e-13,4.428709921496773784e-17,2.653456638806583443e-18
5.970000000000000000e+02,3.005086279955636972e-12,3.188905045019068590e-13,4.443507902894995455e-17,2.661760883387508492e-18
5.980000000000000000e+02,3.002812754027088198e-12,3.188735872337634929e-13,4.444124485453255000e-17,2.661760883387508492e-18
5.990000000000000000e+02,3.000853251016847250e-12,3.188820458678351760e-13,4.449057145919328890e-17,2.661760883387508492e-18
6.000000000000000000e+02,3.000024230512514153e-12,3.188989631359784916e-13,4.470020952900143541e-17,2.665913005677970439e-18
6.010000000000000000e+02,3.583905883897418277e-12,3.339722490516919800e-13,4.476921717495202462e-17,2.670341868541014646e-18
6.020000000000000000e+02,3.560844040776889234e-12,3.339891663198353462e-13,4.489253368660387188e-17,2.673455960258861588e-18
6.030000000000000000e+02,3.538435365326440373e-12,3.339637904176203474e-13,4.503743058779479396e-17,2.677608082549323535e-18
6.040000000000000000e+02,3.542404615013851731e-12,3.339722490516919800e-13,4.509600593082942295e-17,2.680073405159285809e-18
6.050000000000000000e+02,3.558118321845976916e-12,3.339891663198353462e-13,4.518849331456831147e-17,2.684225527449748141e-18
6.060000000000000000e+02,3.568782540151711950e-12,3.339637904176203474e-13,4.521392734509650613e-17,2.690583464707018419e-18
6.070000000000000000e+02,3.585777460490533373e-12,3.339722490516919800e-13,4.526325394975725119e-17,2.694735586997480366e-18
6.080000000000000000e+02,3.594570102203153311e-12,3.339468731494769813e-13,4.535882424628743436e-17,2.696811648142711532e-18
6.090000000000000000e+02,3.612042337377802807e-12,3.339468731494769813e-13,4.540815085094817326e-17,2.705115892723636196e-18
6.100000000000000000e+02,3.622103631680386719e-12,3.339384145154052982e-13,4.545131163002631672e-17,2.709268015014098528e-18
6.110000000000000000e+02,3.633684796907580702e-12,3.339468731494769813e-13,4.557462814167817015e-17,2.709268015014098528e-18
6.120000000000000000e+02,3.651094227498568471e-12,3.339722490516919800e-13,4.569794465333002357e-17,2.709268015014098528e-18
6.130000000000000000e+02,3.661645397553712721e-12,3.339468731494769813e-13,4.579659786265150138e-17,2.713420137304560475e-18
6.140000000000000000e+02,3.673879730450986885e-12,3.339468731494769813e-13,4.592453874349029985e-17,2.713420137304560475e-18
6.150000000000000000e+02,3.691477574792959027e-12,3.339468731494769813e-13,4.604785525514214711e-17,2.713420137304560475e-18
6.160000000000000000e+02,3.705181534947914610e-12,3.339553317835486644e-13,4.612184516213325547e-17,2.721724381885485139e-18
6.170000000000000000e+02,3.714903684498725358e-12,3.339468731494769813e-13,4.624824458657640353e-17,2.722243397171793027e-18
6.180000000000000000e+02,3.728293621735372711e-12,3.339468731494769813e-13,4.647021430754973476e-17,2.722243397171793027e-18
6.190000000000000000e+02,3.747134996833844700e-12,3.339553317835486644e-13,4.655345295291473320e-17,2.724319458317023808e-18
6.200000000000000000e+02,3.762459315247268068e-12,3.339553317835486644e-13,4.672609606922732553e-17,2.728471580607486525e-18
6.210000000000000000e+02,3.772043294714023906e-12,3.339384145154052982e-13,4.684941258087917279e-17,2.730547641752717691e-18
6.220000000000000000e+02,3.783335558856374996e-12,3.339468731494769813e-13,4.694806579020065676e-17,2.730547641752717691e-18
6.230000000000000000e+02,3.801297669783584426e-12,3.339553317835486644e-13,4.717003551117398183e-17,2.730547641752717691e-18
6.240000000000000000e+02,3.820088801215126549e-12,3.339637904176203474e-13,4.719469881350435129e-17,2.738851886333641970e-18
6.250000000000000000e+02,3.834332880789571124e-12,3.339637904176203474e-13,4.728102037166065053e-17,2.747156130914566634e-18
6.260000000000000000e+02,3.844909172678179903e-12,3.339468731494769813e-13,4.735501027865176505e-17,2.747156130914566634e-18
6.270000000000000000e+02,3.854354982060880830e-12,3.339553317835486644e-13,4.736734192981694978e-17,2.748194161487182025e-18
6.280000000000000000e+02,3.870407833644777967e-12,3.339553317835486644e-13,4.742283436006027796e-17,2.756757913711260248e-18
6.290000000000000000e+02,3.890015424663921326e-12,3.339553317835486644e-13,4.747524387751231151e-17,2.773366402873109191e-18
6.300000000000000000e+02,3.907663512672822526e-12,3.339299558813336656e-13,4.762322369149453438e-17,2.774404433445724966e-18
6.310000000000000000e+02,3.921254424577186920e-12,3.339468731494769813e-13,4.762322369149453438e-17,2.774404433445724966e-18
6.320000000000000000e+02,3.932395957718750028e-12,3.339553317835486644e-13,4.773420855198120308e-17,2.783746708599265021e-18
6.330000000000000000e+02,3.943022493274287865e-12,3.339384145154052982e-13,4.778353515664194199e-17,2.783746708599265021e-18
6.340000000000000000e+02,3.959188393108776998e-12,3.339468731494769813e-13,4.789452001712861068e-17,2.792050953180189685e-18
6.350000000000000000e+02,3.977828793539531138e-12,3.339468731494769813e-13,4.795617827295453432e-17,2.792050953180189685e-18
6.360000000000000000e+02,3.995715538966346981e-12,3.339299558813336656e-13,4.798084157528490377e-17,2.792050953180189685e-18
6.370000000000000000e+02,4.010989613712841290e-12,3.339384145154052982e-13,4.807949478460638158e-17,2.792050953180189685e-18
6.380000000000000000e+02,4.023500286778226891e-12,3.339299558813336656e-13,4.808874352298027166e-17,2.800355197761113964e-18
6.390000000000000000e+02,4.035558766841248544e-12,3.339299558813336656e-13,4.813807012764101057e-17,2.816963686922963292e-18
6.400000000000000000e+02,4.047252980319032909e-12,3.339384145154052982e-13,4.815040177880619529e-17,2.816963686922963292e-18
6.410000000000000000e+02,4.059386825882448957e-12,3.339299558813336656e-13,4.816273342997138002e-17,2.816963686922963292e-18
6.420000000000000000e+02,4.071231770361021305e-12,3.339130386131902995e-13,4.828604994162323344e-17,2.821115809213425239e-18
6.430000000000000000e+02,4.082473790836442529e-12,3.339214972472619825e-13,4.831071324395360289e-17,2.825267931503887957e-18
6.440000000000000000e+02,4.092999839058122249e-12,3.339384145154052982e-13,4.845869305793581961e-17,2.825267931503887957e-18
6.450000000000000000e+02,4.103224425278226004e-12,3.339130386131902995e-13,4.856505354923554326e-17,2.825527439147041515e-18
6.460000000000000000e+02,4.111502069404821480e-12,3.339214972472619825e-13,4.861438015389628217e-17,2.835907744873197346e-18
6.470000000000000000e+02,4.118900449360154396e-12,3.339214972472619825e-13,4.861438015389628217e-17,2.835907744873197346e-18
6.480000000000000000e+02,4.125884319063321773e-12,3.339299558813336656e-13,4.867603840972220580e-17,2.835907744873197346e-18
6.490000000000000000e+02,4.132855627849756078e-12,3.339299558813336656e-13,4.887334482836517374e-17,2.835907744873197346e-18
6.500000000000000000e+02,4.140027911303907423e-12,3.339299558813336656e-13,4.897508095047794619e-17,2.836167252516351290e-18
6.510000000000000000e+02,4.145818493917504819e-12,3.339384145154052982e-13,4.914772406679053235e-17,2.846547558242506735e-18
6.520000000000000000e+02,4.150855421527162301e-12,3.339130386131902995e-13,4.924637727611201633e-17,2.854851802823431399e-18
6.530000000000000000e+02,4.155528082551583303e-12,3.339214972472619825e-13,4.929570388077275523e-17,2.871460291985280342e-18
6.540000000000000000e+02,4.160225865409468834e-12,3.339045799791186669e-13,4.934503048543350030e-17,2.871460291985280342e-18
6.550000000000000000e+02,4.165225110268930330e-12,3.339299558813336656e-13,4.939898145928118425e-17,2.871719799628433901e-18
6.560000000000000000e+02,4.169307408206932473e-12,3.339299558813336656e-13,4.939898145928118425e-17,2.873795860773665452e-18
6.570000000000000000e+02,4.172962634976036005e-12,3.339384145154052982e-13,4.947297136627229260e-17,2.877947983064127784e-18
6.580000000000000000e+02,4.176303838826831307e-12,3.339299558813336656e-13,4.968260943608043295e-17,2.880024044209358950e-18
6.590000000000000000e+02,4.179645042677627417e-12,3.338961213450469838e-13,4.987991585472340089e-17,2.880024044209358950e-18
6.600000000000000000e+02,4.180951378017787779e-12,3.339299558813336656e-13,5.013425616000533509e-17,2.888328288790283614e-18
6.610000000000000000e+02,4.249056668540396923e-12,3.446132107138511110e-13,5.022925556069758413e-17,2.890120513450815046e-18
6.620000000000000000e+02,4.274354354839277946e-12,3.446047520797794279e-13,5.030941129327129409e-17,2.897905742745431437e-18
6.630000000000000000e+02,4.285282352396391748e-12,3.445962934457077953e-13,5.038571338485587189e-17,2.899981803890662603e-18
6.640000000000000000e+02,4.273274116000299153e-12,3.446047520797794279e-13,5.046895203022086417e-17,2.903095895608509545e-18
6.650000000000000000e+02,4.260323810849282677e-12,3.446216693479227941e-13,5.057377106512494359e-17,2.909324079044202658e-18
6.660000000000000000e+02,4.243379134177390716e-12,3.446132107138511110e-13,5.069092175119419540e-17,2.915552262479896541e-18
6.670000000000000000e+02,4.231936139034252451e-12,3.446047520797794279e-13,5.074024835585494047e-17,2.922039953558743213e-18
6.680000000000000000e+02,4.216084262118071548e-12,3.446047520797794279e-13,5.083890156517642444e-17,2.926192075849205930e-18
6.690000000000000000e+02,4.204741754308791399e-12,3.445878348116361123e-13,5.097686191258693203e-17,2.926192075849205930e-18
6.700000000000000000e+02,4.187282080050874168e-12,3.446216693479227941e-13,5.116183668006470908e-17,2.931382228712283652e-18
6.710000000000000000e+02,4.176404326160690231e-12,3.446132107138511110e-13,5.131752377602515932e-17,2.935534351002745984e-18
6.720000000000000000e+02,4.161293543331716169e-12,3.446132107138511110e-13,5.152099602025072271e-17,2.941762534438439097e-18
6.730000000000000000e+02,4.143595211655885103e-12,3.446216693479227941e-13,5.159498592724182490e-17,2.954218901309826094e-18
6.740000000000000000e+02,4.132767701432630226e-12,3.446047520797794279e-13,5.182312147379775774e-17,2.962523145890750758e-18
6.750000000000000000e+02,4.118887888443422131e-12,3.446047520797794279e-13,5.194643798544959884e-17,2.966675268181212705e-18
6.760000000000000000e+02,4.098451276919946886e-12,3.445962934457077953e-13,5.197572565696691950e-17,2.970827390471675037e-18
6.770000000000000000e+02,4.085337679851410162e-12,3.445962934457077953e-13,5.202505226162765840e-17,2.979131635052599316e-18
6.780000000000000000e+02,4.074233829460044655e-12,3.445878348116361123e-13,5.209904216861876676e-17,2.983283757343061648e-18
6.790000000000000000e+02,4.058281465210005636e-12,3.445962934457077953e-13,5.227168528493135292e-17,2.984321787915677038e-18
6.800000000000000000e+02,4.037304734267039783e-12,3.445878348116361123e-13,5.229634858726172237e-17,2.988473910206139756e-18
6.810000000000000000e+02,4.023311873027242115e-12,3.445962934457077953e-13,5.239500179658320635e-17,2.988473910206139756e-18
6.820000000000000000e+02,4.012132657135482213e-12,3.446132107138511110e-13,5.245974296520043078e-17,2.988473910206139756e-18
6.830000000000000000e+02,3.997411262725209161e-12,3.445962934457077953e-13,5.255839617452190859e-17,2.992626032496601703e-18
6.840000000000000000e+02,3.977439405120829321e-12,3.446216693479227941e-13,5.263238608151302311e-17,2.996778154787064035e-18
6.850000000000000000e+02,3.959653147027872403e-12,3.446132107138511110e-13,5.278036589549523982e-17,3.007158460513219865e-18
6.860000000000000000e+02,3.946338575291619445e-12,3.446132107138511110e-13,5.293142862226875734e-17,3.007677475799527368e-18
6.870000000000000000e+02,3.934280095228596984e-12,3.446216693479227941e-13,5.295609192459912679e-17,3.007677475799527368e-18
6.880000000000000000e+02,3.920488208656515550e-12,3.446132107138511110e-13,5.321505659906800604e-17,3.007677475799527368e-18
6.890000000000000000e+02,3.901295127889539345e-12,3.446216693479227941e-13,5.326438320372875110e-17,3.007677475799527368e-18
6.900000000000000000e+02,3.881247904784765917e-12,3.446047520797794279e-13,5.341236301771098014e-17,3.015981720380451647e-18
6.910000000000000000e+02,3.864642372864645908e-12,3.445962934457077953e-13,5.351101622703245179e-17,3.015981720380451647e-18
6.920000000000000000e+02,3.851528775796109992e-12,3.446132107138511110e-13,5.353567952936282740e-17,3.020133842670914364e-18
6.930000000000000000e+02,3.839771757734663496e-12,3.445962934457077953e-13,5.373298594800578302e-17,3.024285964961376696e-18
6.940000000000000000e+02,3.825577921827147980e-12,3.446047520797794279e-13,5.380697585499689754e-17,3.024285964961376696e-18
6.950000000000000000e+02,3.807289227064898055e-12,3.445962934457077953e-13,5.388096576198799974e-17,3.032590209542301360e-18
6.960000000000000000e+02,3.787493222294770727e-12,3.446216693479227941e-13,5.393029236664874480e-17,3.040894454123225639e-18
6.970000000000000000e+02,3.769732086035278338e-12,3.445962934457077953e-13,5.409214528819179664e-17,3.040894454123225639e-18
6.980000000000000000e+02,3.754005818286420080e-12,3.446132107138511110e-13,5.409214528819179664e-17,3.040894454123225639e-18
6.990000000000000000e+02,3.740766612050560710e-12,3.445962934457077953e-13,5.424937384054790344e-17,3.040894454123225639e-18
7.000000000000000000e+02,3.728632766487145470e-12,3.445962934457077953e-13,5.429870044520864851e-17,3.040894454123225639e-18
7.010000000000000000e+02,3.714187712244983854e-12,3.446047520797794279e-13,5.434802704986938741e-17,3.049198698704150303e-18
7.020000000000000000e+02,3.698511688163055463e-12,3.445962934457077953e-13,5.447134356152123467e-17,3.061655065575536914e-18
7.030000000000000000e+02,3.682509080246086577e-12,3.445962934457077953e-13,5.454533346851234919e-17,3.061655065575536914e-18
7.040000000000000000e+02,3.666330619494865987e-12,3.445962934457077953e-13,5.454533346851234919e-17,3.061655065575536914e-18
7.050000000000000000e+02,3.652588976589713610e-12,3.445962934457077953e-13,5.460082589875568354e-17,3.078263554737385857e-18
7.060000000000000000e+02,3.641560491698741691e-12,3.446132107138511110e-13,5.478580066623346060e-17,3.086567799318310522e-18
7.070000000000000000e+02,3.631637367480213094e-12,3.445962934457077953e-13,5.500777038720679183e-17,3.090719921608772469e-18
7.080000000000000000e+02,3.621965461596331000e-12,3.445962934457077953e-13,5.511875524769345436e-17,3.099024166189696748e-18
7.090000000000000000e+02,3.611464535208116213e-12,3.446132107138511110e-13,5.521740845701493217e-17,3.107328410770621797e-18
7.100000000000000000e+02,3.601867994824628111e-12,3.446047520797794279e-13,5.551336808497937176e-17,3.115632655351546461e-18
7.110000000000000000e+02,3.594029982783663915e-12,3.446216693479227941e-13,5.564901624779640991e-17,3.123936899932470740e-18
7.120000000000000000e+02,3.587046113080496942e-12,3.446047520797794279e-13,5.569834285245716114e-17,3.123936899932470740e-18
7.130000000000000000e+02,3.580589801880087504e-12,3.446047520797794279e-13,5.569834285245716114e-17,3.124974930505086516e-18
7.140000000000000000e+02,3.573681297677314522e-12,3.446132107138511110e-13,5.579699606177862663e-17,3.133279175086010795e-18
7.150000000000000000e+02,3.567074255476117102e-12,3.446047520797794279e-13,5.579699606177862663e-17,3.133279175086010795e-18
7.160000000000000000e+02,3.561497208446969415e-12,3.446047520797794279e-13,5.594497587576084334e-17,3.141583419666935459e-18
7.170000000000000000e+02,3.556548207254437785e-12,3.446047520797794279e-13,5.604362908508233347e-17,3.141583419666935459e-18
7.180000000000000000e+02,3.551875546230016784e-12,3.445962934457077953e-13,5.614844811998641289e-17,3.153001755965706680e-18
7.190000000000000000e+02,3.546976788704413808e-12,3.445962934457077953e-13,5.614844811998641289e-17,3.153001755965706680e-18
7.200000000000000000e+02,3.545670453364253445e-12,3.445962934457077953e-13,5.635192036421195779e-17,3.161306000546630959e-18
7.210000000000000000e+02,3.887980556153286387e-12,3.576564244523640949e-13,5.645309800944700829e-17,3.164753726846716488e-18
7.220000000000000000e+02,3.867405774545755424e-12,3.576479658182924623e-13,5.649394660393170080e-17,3.167900257019957047e-18
7.230000000000000000e+02,3.841605651577581395e-12,3.576479658182924623e-13,5.658026816208798772e-17,3.168938287592572437e-18
7.240000000000000000e+02,3.831330821690547774e-12,3.576564244523640949e-13,5.682073535980909296e-17,3.173349917526188713e-18
7.250000000000000000e+02,3.837133965220877434e-12,3.576479658182924623e-13,5.708740731625621805e-17,3.177502039816651045e-18
7.260000000000000000e+02,3.855121197981551393e-12,3.576818003545791441e-13,5.721688965349066692e-17,3.179578100961881826e-18
7.270000000000000000e+02,3.864190179862282768e-12,3.576818003545791441e-13,5.731554286281214473e-17,3.183730223252344544e-18
7.280000000000000000e+02,3.882328143623744710e-12,3.576648830864357780e-13,5.743885937446399199e-17,3.183730223252344544e-18
7.290000000000000000e+02,3.891547856505263259e-12,3.576818003545791441e-13,5.746968850237696305e-17,3.187979660908989268e-18
7.300000000000000000e+02,3.903706823902143837e-12,3.576902589886507767e-13,5.759608792682009879e-17,3.189017691481605043e-18
7.310000000000000000e+02,3.919634066318718327e-12,3.576818003545791441e-13,5.770398987451546668e-17,3.193169813772066990e-18
7.320000000000000000e+02,3.928502073531732661e-12,3.576818003545791441e-13,5.777181395592399809e-17,3.193169813772066990e-18
7.330000000000000000e+02,3.940384700760501802e-12,3.576733417205074610e-13,5.784580386291509412e-17,3.201474058352991654e-18
7.340000000000000000e+02,3.958095593353065133e-12,3.576902589886507767e-13,5.791979376990621480e-17,3.206145195929761489e-18
7.350000000000000000e+02,3.969048712743643464e-12,3.576987176227224598e-13,5.795678872340176281e-17,3.208221257074992655e-18
7.360000000000000000e+02,3.978017207290515915e-12,3.576987176227224598e-13,5.803077863039287117e-17,3.216525501655917319e-18
7.370000000000000000e+02,3.991582997361415779e-12,3.576733417205074610e-13,5.819725592112286805e-17,3.217563532228532710e-18
7.380000000000000000e+02,4.010198275958705391e-12,3.576902589886507767e-13,5.828357747927916730e-17,3.221715654518995427e-18
7.390000000000000000e+02,4.022909923691808033e-12,3.576902589886507767e-13,5.848088389792212292e-17,3.221715654518995427e-18
7.400000000000000000e+02,4.031551834403639989e-12,3.576902589886507767e-13,5.864736118865211980e-17,3.223791715664226593e-18
7.410000000000000000e+02,4.043132999630833972e-12,3.576733417205074610e-13,5.879534100263434884e-17,3.227943837954688540e-18
7.420000000000000000e+02,4.060668039389144791e-12,3.576733417205074610e-13,5.889399421195582665e-17,3.240400204826075536e-18
7.430000000000000000e+02,4.077776007978556998e-12,3.576902589886507767e-13,5.891865751428619610e-17,3.261160816278386426e-18
7.440000000000000000e+02,4.090186193710083675e-12,3.576902589886507767e-13,5.896798411894693500e-17,3.261160816278386426e-18
7.450000000000000000e+02,4.099405906591603033e-12,3.576648830864357780e-13,5.922694879341582042e-17,3.269465060859311476e-18
7.460000000000000000e+02,4.108223670137687500e-12,3.576733417205074610e-13,5.933947511029812719e-17,3.269984076145618978e-18
7.470000000000000000e+02,4.123246526549535710e-12,3.576733417205074610e-13,5.958610813360183404e-17,3.269984076145618978e-18
7.480000000000000000e+02,4.142163267148401287e-12,3.576987176227224598e-13,5.968861498391244401e-17,3.278288320726543257e-18
7.490000000000000000e+02,4.158894408235843942e-12,3.576733417205074610e-13,5.973794158857317059e-17,3.278807336012851530e-18
7.500000000000000000e+02,4.171480446801623130e-12,3.576818003545791441e-13,5.976260489090355237e-17,3.288149611166391585e-18
7.510000000000000000e+02,4.181654789354797827e-12,3.576818003545791441e-13,5.986742392580761946e-17,3.296453855747315864e-18
7.520000000000000000e+02,4.191301573405214988e-12,3.576818003545791441e-13,6.002773539095502706e-17,3.298529916892546645e-18
7.530000000000000000e+02,4.205394921978871580e-12,3.576818003545791441e-13,6.002773539095502706e-17,3.298529916892546645e-18
7.540000000000000000e+02,4.221874844731668136e-12,3.576733417205074610e-13,6.017571520493724378e-17,3.298529916892546645e-18
7.550000000000000000e+02,4.238555742152181732e-12,3.576733417205074610e-13,6.022504180959799501e-17,3.306834161473471694e-18
7.560000000000000000e+02,4.253352502062848372e-12,3.576733417205074610e-13,6.033602667008465138e-17,3.306834161473471694e-18
7.570000000000000000e+02,4.266968535800677295e-12,3.576733417205074610e-13,6.043467987940614151e-17,3.306834161473471694e-18
7.580000000000000000e+02,4.277695558690074056e-12,3.576733417205074610e-13,6.053949891431020860e-17,3.306834161473471694e-18
7.590000000000000000e+02,4.287216733573167763e-12,3.576902589886507767e-13,6.078613193761390312e-17,3.306834161473471694e-18
7.600000000000000000e+02,4.296486690121616179e-12,3.576818003545791441e-13,6.081079523994427258e-17,3.306834161473471694e-18
7.610000000000000000e+02,4.305555672002347554e-12,3.576648830864357780e-13,6.095877505392648929e-17,3.306834161473471694e-18
7.620000000000000000e+02,4.315177334219300185e-12,3.576733417205074610e-13,6.095877505392648929e-17,3.306834161473471694e-18
7.630000000000000000e+02,4.323467539262627925e-12,3.576733417205074610e-13,6.100810165858724052e-17,3.307872192046086699e-18
7.640000000000000000e+02,4.330149946964218529e-12,3.576987176227224598e-13,6.108209156557834888e-17,3.316176436627011749e-18
7.650000000000000000e+02,4.336028455994941777e-12,3.576902589886507767e-13,6.120540807723019614e-17,3.324480681207936413e-18
7.660000000000000000e+02,4.341555259357160001e-12,3.577071762567941428e-13,6.145820692611649227e-17,3.332784925788860692e-18
7.670000000000000000e+02,4.347484012054813115e-12,3.577071762567941428e-13,6.180349315874167692e-17,3.341089170369785356e-18
7.680000000000000000e+02,4.352885206249707885e-12,3.576902589886507767e-13,6.206245783321056233e-17,3.341089170369785356e-18
7.690000000000000000e+02,4.357407136273340904e-12,3.576902589886507767e-13,6.221043764719277905e-17,3.345241292660247303e-18
7.700000000000000000e+02,4.361376385960752666e-12,3.576987176227224598e-13,6.228442755418388740e-17,3.353545537241171582e-18
7.710000000000000000e+02,4.364968808146194067e-12,3.577071762567941428e-13,6.233991998442722791e-17,3.353545537241171582e-18
7.720000000000000000e+02,4.368938057833605829e-12,3.577156348908657754e-13,6.243857319374870572e-17,3.353545537241171582e-18
7.730000000000000000e+02,4.372605845519441626e-12,3.577071762567941428e-13,6.246323649607907518e-17,3.363925842967327412e-18
7.740000000000000000e+02,4.375670709202126300e-12,3.577156348908657754e-13,6.268520621705241257e-17,3.368077965257789744e-18
7.750000000000000000e+02,4.378459232716700345e-12,3.577071762567941428e-13,6.280852272870425983e-17,3.368077965257789744e-18
7.760000000000000000e+02,4.380946294229698424e-12,3.576987176227224598e-13,6.291950758919091620e-17,3.376382209838714408e-18
7.770000000000000000e+02,4.383659452243878074e-12,3.576987176227224598e-13,6.316614061249462305e-17,3.376382209838714408e-18
7.780000000000000000e+02,4.386171635590341491e-12,3.576987176227224598e-13,6.327095964739870247e-17,3.376382209838714408e-18
7.790000000000000000e+02,4.388332113268299076e-12,3.576987176227224598e-13,6.327095964739870247e-17,3.380534332129176741e-18
7.800000000000000000e+02,4.389336986606884281e-12,3.577071762567941428e-13,6.339427615905054973e-17,3.380534332129176741e-18
7.810000000000000000e+02,4.407776412369922188e-12,3.692955049349801120e-13,6.351605986994568105e-17,3.385036181516857934e-18
7.820000000000000000e+02,4.431441179493602354e-12,3.693039635690517950e-13,6.363475201241060175e-17,3.390226334379935657e-18
7.830000000000000000e+02,4.454452778947202338e-12,3.692701290327651132e-13,6.368716152986262914e-17,3.394897471956705877e-18
7.840000000000000000e+02,4.451262306097194211e-12,3.692785876668367963e-13,6.392762872758374670e-17,3.398011563674552433e-18
7.850000000000000000e+02,4.435912865850306314e-12,3.692955049349801120e-13,6.407560854156596341e-17,3.398011563674552433e-18
7.860000000000000000e+02,4.425638035963273501e-12,3.692955049349801120e-13,6.424208583229596030e-17,3.402163685965014380e-18
7.870000000000000000e+02,4.407625681369134205e-12,3.692785876668367963e-13,6.437773399511299845e-17,3.402163685965014380e-18
7.880000000000000000e+02,4.398305481153756731e-12,3.692785876668367963e-13,6.440393875383900598e-17,3.402163685965014380e-18
7.890000000000000000e+02,4.381875802067890042e-12,3.693039635690517950e-13,6.443168496896067623e-17,3.411505961118554820e-18
7.900000000000000000e+02,4.369465616336363365e-12,3.692785876668367963e-13,6.459199643410808383e-17,3.413582022263785986e-18
7.910000000000000000e+02,4.358386887778461580e-12,3.692616703986934807e-13,6.465365468993401363e-17,3.413582022263785986e-18
7.920000000000000000e+02,4.340399655017787621e-12,3.692701290327651132e-13,6.480163450391623034e-17,3.417734144554248318e-18
7.930000000000000000e+02,4.328868733457522696e-12,3.692785876668367963e-13,6.498660927139400740e-17,3.428114450280404148e-18
7.940000000000000000e+02,4.319046096572853023e-12,3.692870463009084794e-13,6.507293082955030664e-17,3.430190511425634929e-18
7.950000000000000000e+02,4.300556427142886058e-12,3.693039635690517950e-13,6.527023724819326226e-17,3.434342633716097261e-18
7.960000000000000000e+02,4.284855281227493137e-12,3.692955049349801120e-13,6.538738793426252024e-17,3.443684908869637316e-18
7.970000000000000000e+02,4.275108009843217052e-12,3.693039635690517950e-13,6.543671453892325914e-17,3.443684908869637316e-18
7.980000000000000000e+02,4.262496849443973334e-12,3.693039635690517950e-13,6.553613847644256831e-17,3.447837031160099263e-18
7.990000000000000000e+02,4.243630352512036816e-12,3.693039635690517950e-13,6.558546508110329489e-17,3.451989153450561980e-18
8.000000000000000000e+02,4.227853841096250308e-12,3.693039635690517950e-13,6.561629420901626595e-17,3.461331428604102035e-18
8.010000000000000000e+02,4.215318046197400177e-12,3.693039635690517950e-13,6.581360062765923390e-17,3.461331428604102035e-18
8.020000000000000000e+02,4.205068338143831893e-12,3.693208808371951612e-13,6.596158044164145061e-17,3.473787795475488646e-18
8.030000000000000000e+02,4.190246456399700724e-12,3.693377981053384769e-13,6.602323869746736808e-17,3.482092040056413310e-18
8.040000000000000000e+02,4.172108492638238783e-12,3.693462567394101599e-13,6.611033098382148636e-17,3.482092040056413310e-18
8.050000000000000000e+02,4.154673940213786080e-12,3.693462567394101599e-13,6.623364749547334595e-17,3.483130070629029086e-18
8.060000000000000000e+02,4.141836683313360793e-12,3.693293394712667938e-13,6.650494382110742225e-17,3.483130070629029086e-18
8.070000000000000000e+02,4.131059416757034973e-12,3.693293394712667938e-13,6.667758693742000841e-17,3.483130070629029086e-18
8.080000000000000000e+02,4.117870454188104661e-12,3.693293394712667938e-13,6.677624014674147389e-17,3.483130070629029086e-18
8.090000000000000000e+02,4.099883221427430702e-12,3.693462567394101599e-13,6.677624014674147389e-17,3.487282192919490647e-18
8.100000000000000000e+02,4.080865993494707009e-12,3.693377981053384769e-13,6.697354656538444184e-17,3.491434315209953750e-18
8.110000000000000000e+02,4.064938751078131711e-12,3.693462567394101599e-13,6.712152637936667088e-17,3.499738559790877644e-18
8.120000000000000000e+02,4.052402956179282388e-12,3.693377981053384769e-13,6.728183784451406615e-17,3.499738559790877644e-18
8.130000000000000000e+02,4.041575445956026702e-12,3.693377981053384769e-13,6.741748600733110430e-17,3.499738559790877644e-18
8.140000000000000000e+02,4.030295742730408684e-12,3.693716326416251587e-13,6.757779747247851190e-17,3.509080834944418083e-18
8.150000000000000000e+02,4.013388748808713518e-12,3.693547153734817925e-13,6.772577728646072862e-17,3.517385079525342748e-18
8.160000000000000000e+02,3.991733728362203762e-12,3.693462567394101599e-13,6.772886019925202942e-17,3.517385079525342748e-18
8.170000000000000000e+02,3.973269180765701326e-12,3.693547153734817925e-13,6.782751340857350723e-17,3.517385079525342748e-18
8.180000000000000000e+02,3.958648273689287198e-12,3.693547153734817925e-13,6.797549322255572394e-17,3.517385079525342748e-18
8.190000000000000000e+02,3.946640037293194603e-12,3.693547153734817925e-13,6.803715147838165374e-17,3.519461140670573528e-18
8.200000000000000000e+02,3.935913014403797842e-12,3.693547153734817925e-13,6.818513129236388278e-17,3.528803415824113968e-18
8.210000000000000000e+02,3.924080630841957759e-12,3.693547153734817925e-13,6.823445789702460935e-17,3.537107660405037862e-18
8.220000000000000000e+02,3.911419226775784983e-12,3.693800912756968417e-13,6.829611615285053915e-17,3.537107660405037862e-18
8.230000000000000000e+02,3.900214889050560552e-12,3.693800912756968417e-13,6.832077945518090860e-17,3.541259782695500194e-18
8.240000000000000000e+02,3.890342008498961013e-12,3.693970085438401574e-13,6.834544275751127805e-17,3.549564027276424858e-18
8.250000000000000000e+02,3.881624732286735470e-12,3.693631740075534756e-13,6.858590995523238329e-17,3.551640088421655639e-18
8.260000000000000000e+02,3.872907456074509119e-12,3.693800912756968417e-13,6.868456316455386110e-17,3.551640088421655639e-18
8.270000000000000000e+02,3.864667494698110437e-12,3.693800912756968417e-13,6.879554802504052980e-17,3.552678118994271415e-18
8.280000000000000000e+02,3.857583137661084943e-12,3.693885499097684743e-13,6.889420123436201993e-17,3.552678118994271415e-18
8.290000000000000000e+02,3.851277557461463085e-12,3.694054671779118405e-13,6.914083425766571446e-17,3.552678118994271415e-18
8.300000000000000000e+02,3.845348804763810779e-12,3.693970085438401574e-13,6.925798494373497243e-17,3.552678118994271415e-18
8.310000000000000000e+02,3.839244199231905961e-12,3.694054671779118405e-13,6.930731154839571134e-17,3.552678118994271415e-18
8.320000000000000000e+02,3.833466177535041637e-12,3.693970085438401574e-13,6.955394457169941819e-17,3.560982363575196079e-18
8.330000000000000000e+02,3.828768394677156107e-12,3.693800912756968417e-13,6.960327117636015709e-17,3.569286608156120743e-18
8.340000000000000000e+02,3.824472561154704658e-12,3.694054671779118405e-13,6.965259778102089600e-17,3.573438730446583075e-18
8.350000000000000000e+02,3.820327458633040384e-12,3.693800912756968417e-13,6.970809021126422418e-17,3.573438730446583075e-18
8.360000000000000000e+02,3.816031625110588935e-12,3.693800912756968417e-13,6.990539662990717980e-17,3.581742975027507739e-18
8.370000000000000000e+02,3.811961888089319057e-12,3.693631740075534756e-13,6.991156245548978141e-17,3.590047219608431633e-18
8.380000000000000000e+02,3.808595562405059226e-12,3.693885499097684743e-13,7.008420557180236757e-17,3.594199341898893965e-18
8.390000000000000000e+02,3.805480455055444686e-12,3.693800912756968417e-13,7.035550189743644387e-17,3.594199341898893965e-18
8.400000000000000000e+02,3.803018515375911135e-12,3.694054671779118405e-13,7.046648675792311257e-17,3.594199341898893965e-18
8.410000000000000000e+02,3.940359578927037273e-12,3.827616503770765932e-13,7.054127185470034211e-17,3.598262511862455187e-18
8.420000000000000000e+02,3.923754047006918072e-12,3.827616503770765932e-13,7.064454943320877112e-17,3.601895618866609631e-18
8.430000000000000000e+02,3.905741692412778776e-12,3.827616503770765932e-13,7.071237351461729020e-17,3.603971680011841182e-18
8.440000000000000000e+02,3.887628850484781363e-12,3.827785676452199089e-13,7.076478303206932991e-17,3.603971680011841182e-18
8.450000000000000000e+02,3.871123805898520279e-12,3.828039435474349076e-13,7.092817741000802599e-17,3.611756909306457188e-18
8.460000000000000000e+02,3.847157576773264148e-12,3.827701090111482258e-13,7.108232304957284431e-17,3.616947062169535296e-18
8.470000000000000000e+02,3.839671270400804572e-12,3.827954849133632245e-13,7.120718101762034197e-17,3.616947062169535296e-18
8.480000000000000000e+02,3.846705383770901007e-12,3.827870262792915919e-13,7.131816587810699834e-17,3.619023123314766077e-18
8.490000000000000000e+02,3.849845612953979268e-12,3.827870262792915919e-13,7.149080899441960916e-17,3.619023123314766077e-18
8.500000000000000000e+02,3.862004580350859846e-12,3.827701090111482258e-13,7.157713055257589608e-17,3.619023123314766077e-18
8.510000000000000000e+02,3.877956944600899673e-12,3.827701090111482258e-13,7.170044706422774334e-17,3.619282630957920406e-18
8.520000000000000000e+02,3.887201779315882752e-12,3.827870262792915919e-13,7.177443697121885169e-17,3.623434753248382738e-18
8.530000000000000000e+02,3.893934430684403222e-12,3.827701090111482258e-13,7.193474843636627162e-17,3.627586875538845070e-18
8.540000000000000000e+02,3.909459723765543631e-12,3.827616503770765932e-13,7.193474843636627162e-17,3.627586875538845070e-18
8.550000000000000000e+02,3.923829412507311660e-12,3.827701090111482258e-13,7.198407504102699820e-17,3.627586875538845070e-18
8.560000000000000000e+02,3.931642302714810922e-12,3.827701090111482258e-13,7.204881620964421647e-17,3.628624906111460075e-18
8.570000000000000000e+02,3.938274466749473276e-12,3.827447331089332271e-13,7.207347951197458592e-17,3.641081272982847072e-18
8.580000000000000000e+02,3.948122225467607478e-12,3.827531917430049101e-13,7.219679602362644551e-17,3.641081272982847072e-18
8.590000000000000000e+02,3.962491914209375506e-12,3.827531917430049101e-13,7.227078593061755387e-17,3.641081272982847072e-18
8.600000000000000000e+02,3.975932095112951917e-12,3.827447331089332271e-13,7.244342904693014003e-17,3.641081272982847072e-18
8.610000000000000000e+02,3.985202051661399525e-12,3.827531917430049101e-13,7.249275565159087894e-17,3.645233395273309404e-18
8.620000000000000000e+02,3.991934703029920803e-12,3.827531917430049101e-13,7.255441390741680873e-17,3.647309456418540955e-18
8.630000000000000000e+02,3.998215161396077325e-12,3.827447331089332271e-13,7.262840381440791709e-17,3.647309456418540955e-18
8.640000000000000000e+02,4.009444620954767093e-12,3.827362744748615440e-13,7.265306711673828654e-17,3.649385517563771736e-18
8.650000000000000000e+02,4.023362116694171173e-12,3.827278158407899114e-13,7.267773041906865599e-17,3.661841884435157962e-18
8.660000000000000000e+02,4.036651566596959601e-12,3.827447331089332271e-13,7.275172032605976435e-17,3.661841884435157962e-18
8.670000000000000000e+02,4.047252980319032909e-12,3.827278158407899114e-13,7.281337858188569414e-17,3.670146129016082626e-18
8.680000000000000000e+02,4.055116114193462038e-12,3.827193572067182283e-13,7.293052926795495212e-17,3.679488404169623066e-18
8.690000000000000000e+02,4.061999496562770491e-12,3.827278158407899114e-13,7.307850908193716883e-17,3.679488404169623066e-18
8.700000000000000000e+02,4.069083853599795984e-12,3.827108985726465452e-13,7.312783568659790774e-17,3.679488404169623066e-18
8.710000000000000000e+02,4.076871621973830718e-12,3.827024399385749127e-13,7.320182559358902842e-17,3.679488404169623066e-18
8.720000000000000000e+02,4.084332806512825764e-12,3.827108985726465452e-13,7.325115219824975500e-17,3.679488404169623066e-18
8.730000000000000000e+02,4.091040336047881705e-12,3.827193572067182283e-13,7.339913201223198404e-17,3.687792648750546959e-18
8.740000000000000000e+02,4.096642504910493517e-12,3.826939813045032296e-13,7.340221492502327252e-17,3.687792648750546959e-18
8.750000000000000000e+02,4.101993455438459229e-12,3.826939813045032296e-13,7.350086813434476265e-17,3.696096893331471624e-18
8.760000000000000000e+02,4.106314410794376015e-12,3.827108985726465452e-13,7.356252639017068012e-17,3.696096893331471624e-18
8.770000000000000000e+02,4.110107807647534457e-12,3.827108985726465452e-13,7.363651629716180080e-17,3.696096893331471624e-18
8.780000000000000000e+02,4.113624864332582271e-12,3.827108985726465452e-13,7.380915941347438697e-17,3.698172954476703175e-18
8.790000000000000000e+02,4.116815337182590398e-12,3.826855226704315465e-13,7.391397844837846638e-17,3.706736706700781398e-18
8.800000000000000000e+02,4.120181662866851037e-12,3.827108985726465452e-13,7.396330505303920529e-17,3.706736706700781398e-18
8.810000000000000000e+02,4.122744089880242704e-12,3.826939813045032296e-13,7.401263165769993186e-17,3.706736706700781398e-18
8.820000000000000000e+02,4.124979933058594684e-12,3.827024399385749127e-13,7.406195826236068310e-17,3.710888828991243730e-18
8.830000000000000000e+02,4.126989679735765094e-12,3.826939813045032296e-13,7.413594816935179145e-17,3.719193073572168394e-18
8.840000000000000000e+02,4.128873817245612051e-12,3.827024399385749127e-13,7.423460137867326926e-17,3.719193073572168394e-18
8.850000000000000000e+02,4.130984051256641386e-12,3.826432295000732321e-13,7.443190779731622488e-17,3.727497318153093058e-18
8.860000000000000000e+02,4.132616970431842243e-12,3.826601467682165478e-13,7.457988761129845392e-17,3.727497318153093058e-18
8.870000000000000000e+02,4.133973549438931664e-12,3.826770640363598634e-13,7.472786742528067063e-17,3.731649440443555390e-18
8.880000000000000000e+02,4.135179397445233910e-12,3.826516881341448647e-13,7.477719402994140953e-17,3.742029746169710835e-18
8.890000000000000000e+02,4.136410367285000685e-12,3.826601467682165478e-13,7.488509597763677743e-17,3.742289253812864394e-18
8.900000000000000000e+02,4.137691580791697326e-12,3.826516881341448647e-13,7.493442258229751633e-17,3.742289253812864394e-18
8.910000000000000000e+02,4.138771819630676119e-12,3.826516881341448647e-13,7.511939734977530571e-17,3.746441376103326726e-18
8.920000000000000000e+02,4.139676205635402400e-12,3.826516881341448647e-13,7.514406065210567517e-17,3.750593498393789058e-18
8.930000000000000000e+02,4.140505226139735901e-12,3.826770640363598634e-13,7.519338725676640174e-17,3.758897742974713722e-18
8.940000000000000000e+02,4.141309124810604065e-12,3.826601467682165478e-13,7.519338725676640174e-17,3.767201987555638387e-18
8.950000000000000000e+02,4.142012536147613304e-12,3.826516881341448647e-13,7.529204046608789188e-17,3.775506232136562280e-18
8.960000000000000000e+02,4.142841556651945998e-12,3.826601467682165478e-13,7.536603037307900023e-17,3.775506232136562280e-18
8.970000000000000000e+02,4.143369115154703533e-12,3.826686054022882309e-13,7.548934688473084750e-17,3.787962599007949277e-18
8.980000000000000000e+02,4.143896673657460261e-12,3.826516881341448647e-13,7.563732669871306421e-17,3.787962599007949277e-18
8.990000000000000000e+02,4.144424232160217797e-12,3.826686054022882309e-13,7.569590204174769320e-17,3.796526351232027500e-18
9.000000000000000000e+02,4.144675450494863896e-12,3.826770640363598634e-13,7.584388185572990991e-17,3.796526351232027500e-18
9.010000000000000000e+02,4.493617717318559191e-12,3.929543044334372786e-13,7.591730839352565192e-17,3.798506364138239696e-18
9.020000000000000000e+02,4.470229290362989654e-12,3.929796803356522773e-13,7.600671286447322731e-17,3.806291593432856472e-18
9.030000000000000000e+02,4.444454289228280154e-12,3.929543044334372786e-13,7.608841005344258768e-17,3.812000761582242468e-18
9.040000000000000000e+02,4.445233066065683788e-12,3.929458457993655955e-13,7.621172656509443494e-17,3.817190914445319805e-18
9.050000000000000000e+02,4.456462525624372748e-12,3.929627630675089112e-13,7.641519880931999217e-17,3.819266975590551356e-18
9.060000000000000000e+02,4.470204168529525125e-12,3.929458457993655955e-13,7.647839852154157236e-17,3.819396729412128135e-18
9.070000000000000000e+02,4.486030923612240691e-12,3.929627630675089112e-13,7.655238842853268072e-17,3.821472790557359687e-18
9.080000000000000000e+02,4.498717449511878804e-12,3.929543044334372786e-13,7.669111950414100734e-17,3.821472790557359687e-18
9.090000000000000000e+02,4.510047396404425880e-12,3.929712217015805943e-13,7.681906038497979349e-17,3.821732298200513245e-18
9.100000000000000000e+02,4.527155364993838088e-12,3.929627630675089112e-13,7.688071864080573560e-17,3.831074573354053685e-18
9.110000000000000000e+02,4.536525808876144620e-12,3.929712217015805943e-13,7.696704019896202252e-17,3.837302756789746798e-18
9.120000000000000000e+02,4.550945741284841707e-12,3.929796803356522773e-13,7.702869845478795232e-17,3.837302756789746798e-18
9.130000000000000000e+02,4.567576395038426245e-12,3.929712217015805943e-13,7.723217069901349722e-17,3.849759123661133794e-18
9.140000000000000000e+02,4.578052199593176100e-12,3.929543044334372786e-13,7.728149730367423612e-17,3.853911245951595356e-18
9.150000000000000000e+02,4.590261410656985735e-12,3.929458457993655955e-13,7.736473594903924689e-17,3.858063368242058459e-18
9.160000000000000000e+02,4.607570353914114984e-12,3.929458457993655955e-13,7.745722333277813542e-17,3.858063368242058459e-18
9.170000000000000000e+02,4.623974911166517952e-12,3.929458457993655955e-13,7.762986644909072158e-17,3.862215490532520020e-18
9.180000000000000000e+02,4.633395598715753543e-12,3.929373871652939125e-13,7.766994431537757040e-17,3.870519735113444685e-18
9.190000000000000000e+02,4.645805784447280219e-12,3.929712217015805943e-13,7.789191403635089547e-17,3.870519735113444685e-18
9.200000000000000000e+02,4.664923499713862837e-12,3.929204698971505968e-13,7.796590394334201615e-17,3.878823979694369349e-18
9.210000000000000000e+02,4.681529031633982846e-12,3.929373871652939125e-13,7.818787366431534122e-17,3.887128224275294013e-18
9.220000000000000000e+02,4.693888973698580464e-12,3.929373871652939125e-13,7.819403948989793050e-17,3.895951484142525794e-18
9.230000000000000000e+02,4.704565752921047360e-12,3.929289285312222294e-13,7.839134590854089845e-17,3.895951484142525794e-18
9.240000000000000000e+02,4.718508370493916777e-12,3.929204698971505968e-13,7.851466242019274571e-17,3.900103606432988127e-18
9.250000000000000000e+02,4.737651207593963924e-12,3.929373871652939125e-13,7.858865232718385406e-17,3.900103606432988127e-18
9.260000000000000000e+02,4.756015267856607436e-12,3.929120112630789137e-13,7.858865232718385406e-17,3.904255728723450459e-18
9.270000000000000000e+02,4.770058372763334970e-12,3.929204698971505968e-13,7.877362709466163112e-17,3.912559973304375123e-18
9.280000000000000000e+02,4.781061735820842359e-12,3.929289285312222294e-13,7.892160690864384783e-17,3.912559973304375123e-18
9.290000000000000000e+02,4.791386809374805039e-12,3.929289285312222294e-13,7.899559681563496851e-17,3.922940279030530568e-18
9.300000000000000000e+02,4.807791366627207199e-12,3.929458457993655955e-13,7.912507915286940506e-17,3.922940279030530568e-18
9.310000000000000000e+02,4.827612493230799864e-12,3.929120112630789137e-13,7.923606401335606143e-17,3.922940279030530568e-18
9.320000000000000000e+02,4.846077040827301493e-12,3.929289285312222294e-13,7.928539061801681266e-17,3.927092401320992900e-18
9.330000000000000000e+02,4.860949166238361720e-12,3.929204698971505968e-13,7.953202364132050718e-17,3.931244523611455232e-18
9.340000000000000000e+02,4.872907158967525256e-12,3.929120112630789137e-13,7.955668694365087663e-17,3.935396645901917564e-18
9.350000000000000000e+02,4.883709547357315605e-12,3.929289285312222294e-13,7.965534015297236677e-17,3.937472707047149115e-18
9.360000000000000000e+02,4.894964128749469902e-12,3.929204698971505968e-13,7.977865666462421403e-17,3.945776951628073009e-18
9.370000000000000000e+02,4.910589909164468427e-12,3.928950939949355981e-13,7.982798326928495293e-17,3.954081196208997673e-18
9.380000000000000000e+02,4.930310548434202168e-12,3.929035526290072306e-13,7.982798326928495293e-17,3.954081196208997673e-18
9.390000000000000000e+02,4.946614618352746211e-12,3.929120112630789137e-13,7.996363143210199108e-17,3.954081196208997673e-18
9.400000000000000000e+02,4.959677971754353877e-12,3.929458457993655955e-13,8.006228464142346889e-17,3.958233318499460005e-18
9.410000000000000000e+02,4.970656212978396738e-12,3.929289285312222294e-13,8.006228464142346889e-17,3.958233318499460005e-18
9.420000000000000000e+02,4.981031530199288475e-12,3.929289285312222294e-13,8.011161124608420780e-17,3.958233318499460005e-18
9.430000000000000000e+02,4.992361477091835552e-12,3.929204698971505968e-13,8.021643028098828721e-17,3.958233318499460005e-18
9.440000000000000000e+02,5.002158992143040695e-12,3.929289285312222294e-13,8.047539495545717262e-17,3.958233318499460005e-18
9.450000000000000000e+02,5.010700415521014534e-12,3.929373871652939125e-13,8.047539495545717262e-17,3.962385440789922338e-18
9.460000000000000000e+02,5.018387696561191151e-12,3.929289285312222294e-13,8.050005825778754207e-17,3.962385440789922338e-18
9.470000000000000000e+02,5.025597662765539291e-12,3.929289285312222294e-13,8.059871146710901988e-17,3.970689685370847002e-18
9.480000000000000000e+02,5.033058847304534337e-12,3.929289285312222294e-13,8.080218371133457711e-17,3.970689685370847002e-18
9.490000000000000000e+02,5.039314183837227138e-12,3.929289285312222294e-13,8.090083692065604259e-17,3.974841807661309334e-18
9.500000000000000000e+02,5.044840987199445362e-12,3.929289285312222294e-13,8.092550022298642437e-17,3.974841807661309334e-18
9.510000000000000000e+02,5.050066328560088428e-12,3.929289285312222294e-13,8.102415343230790218e-17,3.983146052242233998e-18
9.520000000000000000e+02,5.055166060753408041e-12,3.929373871652939125e-13,8.112280664162937999e-17,3.991450296823157892e-18
9.530000000000000000e+02,5.060391402114050300e-12,3.929204698971505968e-13,8.117213324629011889e-17,3.999754541404082556e-18
9.540000000000000000e+02,5.064687235636502556e-12,3.929289285312222294e-13,8.132011306027233560e-17,4.008058785985007220e-18
9.550000000000000000e+02,5.068455510656196470e-12,3.929204698971505968e-13,8.141876626959382574e-17,4.012210908275469552e-18
9.560000000000000000e+02,5.072148420175496795e-12,3.929289285312222294e-13,8.141876626959382574e-17,4.014286969420700333e-18
9.570000000000000000e+02,5.075765964194403533e-12,3.929458457993655955e-13,8.161607268823678136e-17,4.014286969420700333e-18
9.580000000000000000e+02,5.079509117380632917e-12,3.929373871652939125e-13,8.162532142661067144e-17,4.022591214001624997e-18
9.590000000000000000e+02,5.082624224730247457e-12,3.929543044334372786e-13,8.166231638010621946e-17,4.030895458582549661e-18
9.600000000000000000e+02,5.083804950903084366e-12,3.929458457993655955e-13,8.171164298476697069e-17,4.030895458582549661e-18
9.610000000000000000e+02,5.002209235809970561e-12,4.011760967510991400e-13,8.181960552193492909e-17,4.033944673389607443e-18
9.620000000000000000e+02,5.028612282781294906e-12,4.011760967510991400e-13,8.197066824870843428e-17,4.035501719248531107e-18
9.630000000000000000e+02,5.039942229673842790e-12,4.011676381170274570e-13,8.204629595311992504e-17,4.037577780393761887e-18
9.640000000000000000e+02,5.026929119939164990e-12,4.011930140192425062e-13,8.222510489501511282e-17,4.040172856825301326e-18
9.650000000000000000e+02,5.013388451701730463e-12,4.011507208488841413e-13,8.241007966249287755e-17,4.043286948543147883e-18
9.660000000000000000e+02,4.995979021110742290e-12,4.011676381170274570e-13,8.247173791831880734e-17,4.048477101406225220e-18
9.670000000000000000e+02,4.983493469878822026e-12,4.011507208488841413e-13,8.262896647067491414e-17,4.053148238982995440e-18
9.680000000000000000e+02,4.967315009127600628e-12,4.011760967510991400e-13,8.280777541257010191e-17,4.055354053949803771e-18
9.690000000000000000e+02,4.955105798063790992e-12,4.011591794829558244e-13,8.288176531956121027e-17,4.061582237385496884e-18
9.700000000000000000e+02,4.936892468801935463e-12,4.011760967510991400e-13,8.300816474400435833e-17,4.066772390248574991e-18
9.710000000000000000e+02,4.925487156408993991e-12,4.011760967510991400e-13,8.316847620915176593e-17,4.066772390248574991e-18
9.720000000000000000e+02,4.909007233656197436e-12,4.011507208488841413e-13,8.323013446497768340e-17,4.068848451393805772e-18
9.730000000000000000e+02,4.890844148061270157e-12,4.011760967510991400e-13,8.340277758129028189e-17,4.075076634829499656e-18
9.740000000000000000e+02,4.879664932169510255e-12,4.012099312873858219e-13,8.352609409294212915e-17,4.080266787692576993e-18
9.750000000000000000e+02,4.865244999760813976e-12,4.011676381170274570e-13,8.367561536331999627e-17,4.084418909983040095e-18
9.760000000000000000e+02,4.843162908145404802e-12,4.011676381170274570e-13,8.370027866565036572e-17,4.092723154563963989e-18
9.770000000000000000e+02,4.829747849075292920e-12,4.011760967510991400e-13,8.384825847963258243e-17,4.093761185136579765e-18
9.780000000000000000e+02,4.818593755016997547e-12,4.011676381170274570e-13,8.404556489827555038e-17,4.097913307427042097e-18
9.790000000000000000e+02,4.800455791255535606e-12,4.012014726533141388e-13,8.417504723550998692e-17,4.108293613153197542e-18
9.800000000000000000e+02,4.778876136309419437e-12,4.012014726533141388e-13,8.432302704949221596e-17,4.116597857734122206e-18
9.810000000000000000e+02,4.765310346238520381e-12,4.011591794829558244e-13,8.450800181696998069e-17,4.116597857734122206e-18
9.820000000000000000e+02,4.752875038673528367e-12,4.011760967510991400e-13,8.466831328211738829e-17,4.118673918879352987e-18
9.830000000000000000e+02,4.736922674423489347e-12,4.012014726533141388e-13,8.486561970076035623e-17,4.122826041169815319e-18
9.840000000000000000e+02,4.716297649149029326e-12,4.011845553851708231e-13,8.517391097988998055e-17,4.124902102315046100e-18
9.850000000000000000e+02,4.698611878389930524e-12,4.011930140192425062e-13,8.539125633167636674e-17,4.124902102315046100e-18
9.860000000000000000e+02,4.683563900144617785e-12,4.012014726533141388e-13,8.565022100614525215e-17,4.124902102315046100e-18
9.870000000000000000e+02,4.671078348912697521e-12,4.012099312873858219e-13,8.583519577362302920e-17,4.133206346895970764e-18
9.880000000000000000e+02,4.655779152332737875e-12,4.011845553851708231e-13,8.590918568061413756e-17,4.137358469186433096e-18
9.890000000000000000e+02,4.635204370725206912e-12,4.011930140192425062e-13,8.618048200624821386e-17,4.141510591476895428e-18
9.900000000000000000e+02,4.614403492616494378e-12,4.011930140192425062e-13,8.630379851790006112e-17,4.145662713767357760e-18
9.910000000000000000e+02,4.597521620528263741e-12,4.011676381170274570e-13,8.630379851790006112e-17,4.149814836057820092e-18
9.920000000000000000e+02,4.584081439624687330e-12,4.011930140192425062e-13,8.645177833188227783e-17,4.153966958348282425e-18
9.930000000000000000e+02,4.571771741227019578e-12,4.011845553851708231e-13,8.647644163421264728e-17,4.158119080638744757e-18
9.940000000000000000e+02,4.555869620643908808e-12,4.012099312873858219e-13,8.652576823887338619e-17,4.166423325219669421e-18
9.950000000000000000e+02,4.536048494040316951e-12,4.011930140192425062e-13,8.659975814586450687e-17,4.166423325219669421e-18
9.960000000000000000e+02,4.515398346932392400e-12,4.011676381170274570e-13,8.661208979702968543e-17,4.170575447510130983e-18
9.970000000000000000e+02,4.497411114171717633e-12,4.011676381170274570e-13,8.678473291334227160e-17,4.170575447510130983e-18
9.980000000000000000e+02,4.482840450762233372e-12,4.011760967510991400e-13,8.693579564011578912e-17,4.179398707377363535e-18
9.990000000000000000e+02,4.468922955022828483e-12,4.012014726533141388e-13,8.698512224477652802e-17,4.179398707377363535e-18
1.000000000000000000e+03,4.455608383286575526e-12,4.012014726533141388e-13,8.708994127968060744e-17,4.179398707377363535e-18
1.001000000000000000e+03,4.439078216866849912e-12,4.012014726533141388e-13,8.721325779133245470e-17,4.187702951958288199e-18
1.002000000000000000e+03,4.421643664442397210e-12,4.011930140192425062e-13,8.731191100065393251e-17,4.196007196539212863e-18
1.003000000000000000e+03,4.404786914187631102e-12,4.011930140192425062e-13,8.734890595414949285e-17,4.196007196539212863e-18
1.004000000000000000e+03,4.389537961274601322e-12,4.011930140192425062e-13,8.755083674197939967e-17,4.196266704182366422e-18
1.005000000000000000e+03,4.374289008361571542e-12,4.012014726533141388e-13,8.760016334664013857e-17,4.204570948763291086e-18
1.006000000000000000e+03,4.362029553630832848e-12,4.012268485555291375e-13,8.772347985829198584e-17,4.204570948763291086e-18
1.007000000000000000e+03,4.351151799740648911e-12,4.012014726533141388e-13,8.777280646295272474e-17,4.208723071053753418e-18
1.008000000000000000e+03,4.340952335354008878e-12,4.012183899214575049e-13,8.821674590489938721e-17,4.217027315634678082e-18
1.009000000000000000e+03,4.331079454802410147e-12,4.012183899214575049e-13,8.842021814912493210e-17,4.225850575501910634e-18
1.010000000000000000e+03,4.320402675579942444e-12,4.012437658236725037e-13,8.851887135844642224e-17,4.225850575501910634e-18
1.011000000000000000e+03,4.311610033867322505e-12,4.012099312873858219e-13,8.851887135844642224e-17,4.225850575501910634e-18
1.012000000000000000e+03,4.304249336662186383e-12,4.012183899214575049e-13,8.854353466077679169e-17,4.225850575501910634e-18
1.013000000000000000e+03,4.297340832459413401e-12,4.012099312873858219e-13,8.859286126543753060e-17,4.227926636647141415e-18
1.014000000000000000e+03,4.290809155758609972e-12,4.011930140192425062e-13,8.874546544860669851e-17,4.236230881228065309e-18
1.015000000000000000e+03,4.283398214886544792e-12,4.011845553851708231e-13,8.879479205326743742e-17,4.236230881228065309e-18
1.016000000000000000e+03,4.277193122020781049e-12,4.012099312873858219e-13,8.890577691375410612e-17,4.238306942373296860e-18
1.017000000000000000e+03,4.271867293326279866e-12,4.011930140192425062e-13,8.900443012307558392e-17,4.246611186954221524e-18
1.018000000000000000e+03,4.266968535800677295e-12,4.012014726533141388e-13,8.911541498356224030e-17,4.246611186954221524e-18
1.019000000000000000e+03,4.262346118443185351e-12,4.011845553851708231e-13,8.932505305337039913e-17,4.255434446821453306e-18
1.020000000000000000e+03,4.259934422430580859e-12,4.011930140192425062e-13,8.947303286735261584e-17,4.255434446821453306e-18
1.021000000000000000e+03,4.561873738841955510e-12,4.066403743613970654e-13,8.960346356154922452e-17,4.257981879271632672e-18
1.022000000000000000e+03,4.548106974103338604e-12,4.066657502636120641e-13,8.976069211390533132e-17,4.261614986275787116e-18
1.023000000000000000e+03,4.562577150178964749e-12,4.066488329954687484e-13,8.989634027672236947e-17,4.265767108566249448e-18
1.024000000000000000e+03,4.579157560265620229e-12,4.066403743613970654e-13,9.002582261395681833e-17,4.269919230856711780e-18
1.025000000000000000e+03,4.594331147678255614e-12,4.066234570932537497e-13,9.016763660235643344e-17,4.274590368433482000e-18
1.026000000000000000e+03,4.606540358742065250e-12,4.066234570932537497e-13,9.038652341053847003e-17,4.274590368433482000e-18
1.027000000000000000e+03,4.625733439509042263e-12,4.066234570932537497e-13,9.058999565476402726e-17,4.279780521296559337e-18
1.028000000000000000e+03,4.638244112574427056e-12,4.066319157273254328e-13,9.078730207340699520e-17,4.288084765877483231e-18
1.029000000000000000e+03,4.657939630010696268e-12,4.066234570932537497e-13,9.091061858505883013e-17,4.293274918740562109e-18
1.030000000000000000e+03,4.669294698736708681e-12,4.066149984591820666e-13,9.102160344554549883e-17,4.295350979885792890e-18
1.031000000000000000e+03,4.689995089511562290e-12,4.066149984591820666e-13,9.107786660398665838e-17,4.295480733707369669e-18
1.032000000000000000e+03,4.706223793929712746e-12,4.066234570932537497e-13,9.121351476680369653e-17,4.295480733707369669e-18
1.033000000000000000e+03,4.720091046002187768e-12,4.066149984591820666e-13,9.131216797612517434e-17,4.299632855997832001e-18
1.034000000000000000e+03,4.741846553782556448e-12,4.066065398251103835e-13,9.139848953428147359e-17,4.301708917143063553e-18
1.035000000000000000e+03,4.757321603196767798e-12,4.066234570932537497e-13,9.150947439476814228e-17,4.305861039433525114e-18
1.036000000000000000e+03,4.769731788928294475e-12,4.066149984591820666e-13,9.175610741807183681e-17,4.305861039433525114e-18
1.037000000000000000e+03,4.792291195379531319e-12,4.066234570932537497e-13,9.195341383671480475e-17,4.305861039433525114e-18
1.038000000000000000e+03,4.811635007147295507e-12,4.066149984591820666e-13,9.202740374370591311e-17,4.314165284014449779e-18
1.039000000000000000e+03,4.824698360548902365e-12,4.065980811910387510e-13,9.215072025535776037e-17,4.322469528595373672e-18
1.040000000000000000e+03,4.840575359298547798e-12,4.066149984591820666e-13,9.227403676700961995e-17,4.322599282416951222e-18
1.041000000000000000e+03,4.862682572747421501e-12,4.065980811910387510e-13,9.234802667400071598e-17,4.322599282416951222e-18
1.042000000000000000e+03,4.882378090183690713e-12,4.066065398251103835e-13,9.244667988332220612e-17,4.323637312989566998e-18
1.043000000000000000e+03,4.897802895930973005e-12,4.066403743613970654e-13,9.271797620895628242e-17,4.323637312989566998e-18
1.044000000000000000e+03,4.909459426658560576e-12,4.066403743613970654e-13,9.289081200731832026e-17,4.323637312989566998e-18
1.045000000000000000e+03,4.930210061100344051e-12,4.066234570932537497e-13,9.311278172829164533e-17,4.323637312989566998e-18
1.046000000000000000e+03,4.954075802891741258e-12,4.066488329954687484e-13,9.321143493761312314e-17,4.325713374134797779e-18
1.047000000000000000e+03,4.973118152657930288e-12,4.066234570932537497e-13,9.333475144926497040e-17,4.325713374134797779e-18
1.048000000000000000e+03,4.987387354065839392e-12,4.066319157273254328e-13,9.335941475159533985e-17,4.329865496425260111e-18
1.049000000000000000e+03,4.999797539797366069e-12,4.066572916295404315e-13,9.348273126324719944e-17,4.340245802151415556e-18
1.050000000000000000e+03,5.018890133230484158e-12,4.066488329954687484e-13,9.373630084033131461e-17,4.340245802151415556e-18
1.051000000000000000e+03,5.042353925686447282e-12,4.066572916295404315e-13,9.379179327057465512e-17,4.349069062018648108e-18
1.052000000000000000e+03,5.063506509463664839e-12,4.066742088976837472e-13,9.398909968921761074e-17,4.349069062018648108e-18
1.053000000000000000e+03,5.080036675883390453e-12,4.066657502636120641e-13,9.412474785203464889e-17,4.349069062018648108e-18
1.054000000000000000e+03,5.094356120958228616e-12,4.066657502636120641e-13,9.422340106135612670e-17,4.352183153736494664e-18
1.055000000000000000e+03,5.109328733703147767e-12,4.066657502636120641e-13,9.442070747999909464e-17,4.352183153736494664e-18
1.056000000000000000e+03,5.129325713140992136e-12,4.066403743613970654e-13,9.459951642189427009e-17,4.361525428890034334e-18
1.057000000000000000e+03,5.152437799928451045e-12,4.066488329954687484e-13,9.470433545679834950e-17,4.369959427292536548e-18
1.058000000000000000e+03,5.175147937380475064e-12,4.066742088976837472e-13,9.490164187544130512e-17,4.369959427292536548e-18
1.059000000000000000e+03,5.193235657475007948e-12,4.066911261658271133e-13,9.490780770102389440e-17,4.369959427292536548e-18
1.060000000000000000e+03,5.208359001220714274e-12,4.066826675317554302e-13,9.509278246850167145e-17,4.370997457865152323e-18
1.061000000000000000e+03,5.222527715294765262e-12,4.066742088976837472e-13,9.511744577083204091e-17,4.379301702446076217e-18
1.062000000000000000e+03,5.240665679056227204e-12,4.066742088976837472e-13,9.533941549180537830e-17,4.379301702446076217e-18
1.063000000000000000e+03,5.261667531832656778e-12,4.066742088976837472e-13,9.541340539879647433e-17,4.383453824736538549e-18
1.064000000000000000e+03,5.283423039613025458e-12,4.066742088976837472e-13,9.553672191044833392e-17,4.383453824736538549e-18
1.065000000000000000e+03,5.305027816392606155e-12,4.066742088976837472e-13,9.568470172443055063e-17,4.391758069317463984e-18
1.066000000000000000e+03,5.324321384493441285e-12,4.066826675317554302e-13,9.590358853261259955e-17,4.400062313898387877e-18
1.067000000000000000e+03,5.339444728239148419e-12,4.066657502636120641e-13,9.592825183494295668e-17,4.400062313898387877e-18
1.068000000000000000e+03,5.353211492977764517e-12,4.066826675317554302e-13,9.612555825358592462e-17,4.404214436188850210e-18
1.069000000000000000e+03,5.366626552047876399e-12,4.066742088976837472e-13,9.622421146290740243e-17,4.404214436188850210e-18
1.070000000000000000e+03,5.380493804120351421e-12,4.066995847998987459e-13,9.647084448621109695e-17,4.412518680769774103e-18
1.071000000000000000e+03,5.395265442197553532e-12,4.066826675317554302e-13,9.661882430019331366e-17,4.421341940637006655e-18
1.072000000000000000e+03,5.407223434926717068e-12,4.066826675317554302e-13,9.668048255601925578e-17,4.421341940637006655e-18
1.073000000000000000e+03,5.417372655646426428e-12,4.066911261658271133e-13,9.685312567233184195e-17,4.425494062927468987e-18
1.074000000000000000e+03,5.426768221362198297e-12,4.066826675317554302e-13,9.703810043980960668e-17,4.427570124072700539e-18
1.075000000000000000e+03,5.436063299744110434e-12,4.066742088976837472e-13,9.718608025379183572e-17,4.427570124072700539e-18
1.076000000000000000e+03,5.446112033129962485e-12,4.066742088976837472e-13,9.738646958522607981e-17,4.427570124072700539e-18
1.077000000000000000e+03,5.454552969174077400e-12,4.066742088976837472e-13,9.742346453872165248e-17,4.427570124072700539e-18
1.078000000000000000e+03,5.462039275546536976e-12,4.066742088976837472e-13,9.762077095736460810e-17,4.435874368653624432e-18
1.079000000000000000e+03,5.468771926915057446e-12,4.066657502636120641e-13,9.769476086435571645e-17,4.435874368653624432e-18
1.080000000000000000e+03,5.474600192278851635e-12,4.066488329954687484e-13,9.769476086435571645e-17,4.444178613234549097e-18
1.081000000000000000e+03,5.458070025859125214e-12,4.131366053284385586e-13,9.783139200669067689e-17,4.447593901079240624e-18
1.082000000000000000e+03,5.486658672341873288e-12,4.131281466943669260e-13,9.798862055904678369e-17,4.449150946938162747e-18
1.083000000000000000e+03,5.489572805023769979e-12,4.131535225965819247e-13,9.808110794278567222e-17,4.453303069228625849e-18
1.084000000000000000e+03,5.472439714600893242e-12,4.131196880602952429e-13,9.822600484397660046e-17,4.455898145660164518e-18
1.085000000000000000e+03,5.457165639854398933e-12,4.131450639625102416e-13,9.830654594064921378e-17,4.455898145660164518e-18
1.086000000000000000e+03,5.444253017453580058e-12,4.131112294262235598e-13,9.839286749880551302e-17,4.460050267950626850e-18
1.087000000000000000e+03,5.425713104356683226e-12,4.131027707921518768e-13,9.862408595815274050e-17,4.466278451386320733e-18
1.088000000000000000e+03,5.415011203300751802e-12,4.131281466943669260e-13,9.877591941312407706e-17,4.468484266353128293e-18
1.089000000000000000e+03,5.394712761861331467e-12,4.131196880602952429e-13,9.884990932011517309e-17,4.472636388643590626e-18
1.090000000000000000e+03,5.382654281798309814e-12,4.131281466943669260e-13,9.903796700038426327e-17,4.477826541506668733e-18
1.091000000000000000e+03,5.366174359045513259e-12,4.130943121580802442e-13,9.918594681436647998e-17,4.481978663797131065e-18
1.092000000000000000e+03,5.347132009279324228e-12,4.131281466943669260e-13,9.925993672135758834e-17,4.484054724942361846e-18
1.093000000000000000e+03,5.335525722218665716e-12,4.131027707921518768e-13,9.944491148883535307e-17,4.486130786087592627e-18
1.094000000000000000e+03,5.317588733124920815e-12,4.130858535240085611e-13,9.953123304699165231e-17,4.492358969523286510e-18
1.095000000000000000e+03,5.298295165024085685e-12,4.131027707921518768e-13,9.970387616330425081e-17,4.493397000095902286e-18
1.096000000000000000e+03,5.285081080621690845e-12,4.130943121580802442e-13,9.977786607029535916e-17,4.493397000095902286e-18
1.097000000000000000e+03,5.270058224209843442e-12,4.130858535240085611e-13,1.000044601604556354e-16,4.493397000095902286e-18
1.098000000000000000e+03,5.249860270104281224e-12,4.130858535240085611e-13,1.000291234627860049e-16,4.493916015382210174e-18
1.099000000000000000e+03,5.230667189337305019e-12,4.130943121580802442e-13,1.003744096954111772e-16,4.493916015382210174e-18
1.100000000000000000e+03,5.218960414942788390e-12,4.131196880602952429e-13,1.003898242593676566e-16,4.493916015382210174e-18
1.101000000000000000e+03,5.203384878194718115e-12,4.130858535240085611e-13,1.005131407710195162e-16,4.493916015382210174e-18
1.102000000000000000e+03,5.181579126747420377e-12,4.131027707921518768e-13,1.006117939803410063e-16,4.493916015382210174e-18
1.103000000000000000e+03,5.163139700984382470e-12,4.130773948899368780e-13,1.007196959280363496e-16,4.493916015382210174e-18
1.104000000000000000e+03,5.147714895237100985e-12,4.130858535240085611e-13,1.009539973001748902e-16,4.493916015382210174e-18
1.105000000000000000e+03,5.134802272836281302e-12,4.131196880602952429e-13,1.010033239048356291e-16,4.493916015382210174e-18
1.106000000000000000e+03,5.117317476744899542e-12,4.131281466943669260e-13,1.010896454629919406e-16,4.493916015382210174e-18
1.107000000000000000e+03,5.095813187299176961e-12,4.131196880602952429e-13,1.012129619746437756e-16,4.493916015382210174e-18
1.108000000000000000e+03,5.076921568533776721e-12,4.130943121580802442e-13,1.013362784862956228e-16,4.493916015382210174e-18
1.109000000000000000e+03,5.061094813451060347e-12,4.130943121580802442e-13,1.014418682493975213e-16,4.494954045954825179e-18
1.110000000000000000e+03,5.047729998047877524e-12,4.130943121580802442e-13,1.015158581563886296e-16,4.503258290535749843e-18
1.111000000000000000e+03,5.033058847304534337e-12,4.130520189877218793e-13,1.016268430168752983e-16,4.503258290535749843e-18
1.112000000000000000e+03,5.013011624199760910e-12,4.131027707921518768e-13,1.018118177843530877e-16,4.503258290535749843e-18
1.113000000000000000e+03,4.990904410750887206e-12,4.130773948899368780e-13,1.020954457611523426e-16,4.505334351680981394e-18
1.114000000000000000e+03,4.971661086316981135e-12,4.130773948899368780e-13,1.022680888774649287e-16,4.507410412826212175e-18
1.115000000000000000e+03,4.956387011570486826e-12,4.130520189877218793e-13,1.023174154821256677e-16,4.508448443398827181e-18
1.116000000000000000e+03,4.943122683501162926e-12,4.130435603536501962e-13,1.023235813077082446e-16,4.516752687979752615e-18
1.117000000000000000e+03,4.930009086432627010e-12,4.130773948899368780e-13,1.024376490809862264e-16,4.516752687979752615e-18
1.118000000000000000e+03,4.909409182991631518e-12,4.130773948899368780e-13,1.024869756856469653e-16,4.516752687979752615e-18
1.119000000000000000e+03,4.885794659534880410e-12,4.130351017195785636e-13,1.025917947205510324e-16,4.525056932560676509e-18
1.120000000000000000e+03,4.864893294092308953e-12,4.130604776217935624e-13,1.026164580228813896e-16,4.537513299432062735e-18
1.121000000000000000e+03,4.847860691003290332e-12,4.130604776217935624e-13,1.027891011391939757e-16,4.537513299432062735e-18
1.122000000000000000e+03,4.833641733262310287e-12,4.130435603536501962e-13,1.028384277438547270e-16,4.537513299432062735e-18
1.123000000000000000e+03,4.820628623527632487e-12,4.130689362558652454e-13,1.028445935694373286e-16,4.554121788593912834e-18
1.124000000000000000e+03,4.807314051791379529e-12,4.130435603536501962e-13,1.028445935694373286e-16,4.562426033174836727e-18
1.125000000000000000e+03,4.790633154370865933e-12,4.130689362558652454e-13,1.030943095055323239e-16,4.562426033174836727e-18
1.126000000000000000e+03,4.775409323291300682e-12,4.130435603536501962e-13,1.032669526218449101e-16,4.566578155465299059e-18
1.127000000000000000e+03,4.761793289553471759e-12,4.130604776217935624e-13,1.033409425288360184e-16,4.570730277755761392e-18
1.128000000000000000e+03,4.749885540491238089e-12,4.130773948899368780e-13,1.035012539939834260e-16,4.570730277755761392e-18
1.129000000000000000e+03,4.738731446432942716e-12,4.130773948899368780e-13,1.038465402266085983e-16,4.570730277755761392e-18
1.130000000000000000e+03,4.727275890373072186e-12,4.130520189877218793e-13,1.042504018022684120e-16,4.570730277755761392e-18
1.131000000000000000e+03,4.717428131654937177e-12,4.130435603536501962e-13,1.042997284069291509e-16,4.570730277755761392e-18
1.132000000000000000e+03,4.708585246275388180e-12,4.130604776217935624e-13,1.044723715232417371e-16,4.574882400046222953e-18
1.133000000000000000e+03,4.700445772232848423e-12,4.130604776217935624e-13,1.045710247325632272e-16,4.574882400046222953e-18
1.134000000000000000e+03,4.692406785524166782e-12,4.130604776217935624e-13,1.047683311512061951e-16,4.574882400046222953e-18
1.135000000000000000e+03,4.684317555148556891e-12,4.130351017195785636e-13,1.050735395175445186e-16,4.574882400046222953e-18
1.136000000000000000e+03,4.677534660113106555e-12,4.130773948899368780e-13,1.051721927268660088e-16,4.574882400046222953e-18
1.137000000000000000e+03,4.671555663748525190e-12,4.130435603536501962e-13,1.052708459361874743e-16,4.583186644627148388e-18
1.138000000000000000e+03,4.665878129385518984e-12,4.130266430855068806e-13,1.053941624478393338e-16,4.585262705772379169e-18
1.139000000000000000e+03,4.660200595022512777e-12,4.130351017195785636e-13,1.053941624478393338e-16,4.593566950353303833e-18
1.140000000000000000e+03,4.658090361011484250e-12,4.130181844514351975e-13,1.056932049885950558e-16,4.594085965639611721e-18
1.141000000000000000e+03,4.825552502886700395e-12,4.220012538355472734e-13,1.058136530967685005e-16,4.597175728515912101e-18
1.142000000000000000e+03,4.803796995106331715e-12,4.219758779333322746e-13,1.059924620386636636e-16,4.601327850806375204e-18
1.143000000000000000e+03,4.782493680328326176e-12,4.219420433970455928e-13,1.060294569921592239e-16,4.604441942524220990e-18
1.144000000000000000e+03,4.756316729858182593e-12,4.219589606651889590e-13,1.061049883555459827e-16,4.606582880580240546e-18
1.145000000000000000e+03,4.756316729858182593e-12,4.219420433970455928e-13,1.062468023439456224e-16,4.610735002870702878e-18
1.146000000000000000e+03,4.761341096551108619e-12,4.219505020311172759e-13,1.063516213788496895e-16,4.619039247451628312e-18
1.147000000000000000e+03,4.780534177318084824e-12,4.219843365674039577e-13,1.065242644951622757e-16,4.619039247451628312e-18
1.148000000000000000e+03,4.790532667037007009e-12,4.219927952014756408e-13,1.067400683905530115e-16,4.619039247451628312e-18
1.149000000000000000e+03,4.804801868444916921e-12,4.219927952014756408e-13,1.068140582975441322e-16,4.621115308596859093e-18
1.150000000000000000e+03,4.820879841862279394e-12,4.220012538355472734e-13,1.068263899487093107e-16,4.625267430887320655e-18
1.151000000000000000e+03,4.829069559571748209e-12,4.220012538355472734e-13,1.069743697626915398e-16,4.625267430887320655e-18
1.152000000000000000e+03,4.841680719970991927e-12,4.220097124696189564e-13,1.070668571464304283e-16,4.625267430887320655e-18
1.153000000000000000e+03,4.859416734397019787e-12,4.220012538355472734e-13,1.071901736580822755e-16,4.625267430887320655e-18
1.154000000000000000e+03,4.869214249448224931e-12,4.219843365674039577e-13,1.072395002627430144e-16,4.626305461459937201e-18
1.155000000000000000e+03,4.876901530488401547e-12,4.219843365674039577e-13,1.073412363848557931e-16,4.634609706040861095e-18
1.156000000000000000e+03,4.893431696908127161e-12,4.220097124696189564e-13,1.074152262918468891e-16,4.634609706040861095e-18
1.157000000000000000e+03,4.910615030997933764e-12,4.220012538355472734e-13,1.075632061058291181e-16,4.638761828331323427e-18
1.158000000000000000e+03,4.920914982718431106e-12,4.220604642740489539e-13,1.076248643616550479e-16,4.638761828331323427e-18
1.159000000000000000e+03,4.929958842765697952e-12,4.220520056399773213e-13,1.077235175709765257e-16,4.640837889476554978e-18
1.160000000000000000e+03,4.942318784830294762e-12,4.220181711036906395e-13,1.078468340826283730e-16,4.640837889476554978e-18
1.161000000000000000e+03,4.960004555589393564e-12,4.220604642740489539e-13,1.078714973849587548e-16,4.644990011767017310e-18
1.162000000000000000e+03,4.975982041672897921e-12,4.220858401762639526e-13,1.081057987570972707e-16,4.644990011767017310e-18
1.163000000000000000e+03,4.987186379398122351e-12,4.220689229081206370e-13,1.081181304082624493e-16,4.646028042339632315e-18
1.164000000000000000e+03,4.995778046443025249e-12,4.220858401762639526e-13,1.081273791466363394e-16,4.654332286920556980e-18
1.165000000000000000e+03,5.005324343159584293e-12,4.220858401762639526e-13,1.083616805187748430e-16,4.654332286920556980e-18
1.166000000000000000e+03,5.020095981236785596e-12,4.220435470059056382e-13,1.084664995536789101e-16,4.654332286920556980e-18
1.167000000000000000e+03,5.038485163332894445e-12,4.221112160784789514e-13,1.086638059723218780e-16,4.654332286920556980e-18
1.168000000000000000e+03,5.055316791754196024e-12,4.221196747125506344e-13,1.088241174374692856e-16,4.662896039144635202e-18
1.169000000000000000e+03,5.067676733818792835e-12,4.221196747125506344e-13,1.089967605537818841e-16,4.662896039144635202e-18
1.170000000000000000e+03,5.077223030535351879e-12,4.221112160784789514e-13,1.093173834840766993e-16,4.662896039144635202e-18
1.171000000000000000e+03,5.086367377916476841e-12,4.221027574444073188e-13,1.094037050422329739e-16,4.671200283725560637e-18
1.172000000000000000e+03,5.098727319981074460e-12,4.221365919806940006e-13,1.094530316468937252e-16,4.681580589451716082e-18
1.173000000000000000e+03,5.113297983390558721e-12,4.221365919806940006e-13,1.095763481585455724e-16,4.689884834032640746e-18
1.174000000000000000e+03,5.128471570803194914e-12,4.221535092488373162e-13,1.096873330190322288e-16,4.698189078613564640e-18
1.175000000000000000e+03,5.143192965213467159e-12,4.221619678829089993e-13,1.097366596236929800e-16,4.706493323194489304e-18
1.176000000000000000e+03,5.154949983274913654e-12,4.221450506147656332e-13,1.098538103097622380e-16,4.706493323194489304e-18
1.177000000000000000e+03,5.163993843322180500e-12,4.221704265169806319e-13,1.099524635190837281e-16,4.721025751211107081e-18
1.178000000000000000e+03,5.172032830030861333e-12,4.221873437851239981e-13,1.100017901237444670e-16,4.721025751211107081e-18
1.179000000000000000e+03,5.179770354737967008e-12,4.221873437851239981e-13,1.100141217749096456e-16,4.729329995792030975e-18
1.180000000000000000e+03,5.188060559781294748e-12,4.221704265169806319e-13,1.101127749842311357e-16,4.737634240372956410e-18
1.181000000000000000e+03,5.195647353487612440e-12,4.221958024191956811e-13,1.101682674144744516e-16,4.745938484953881074e-18
1.182000000000000000e+03,5.201475618851406629e-12,4.221958024191956811e-13,1.102669206237959417e-16,4.758394851825267300e-18
1.183000000000000000e+03,5.206550229211261713e-12,4.222211783214106799e-13,1.103162472284566806e-16,4.775003340987116628e-18
1.184000000000000000e+03,5.211122402901823790e-12,4.221958024191956811e-13,1.104272320889433493e-16,4.775003340987116628e-18
1.185000000000000000e+03,5.215996038593961833e-12,4.222042610532673137e-13,1.105258852982648395e-16,4.775003340987116628e-18
1.186000000000000000e+03,5.220568212284523910e-12,4.222042610532673137e-13,1.107848499727337126e-16,4.783307585568041292e-18
1.187000000000000000e+03,5.224436974638076748e-12,4.222380955895539955e-13,1.109328297867159293e-16,4.783307585568041292e-18
1.188000000000000000e+03,5.227753056655408328e-12,4.221788851510523150e-13,1.110561462983677765e-16,4.787459707858502854e-18
1.189000000000000000e+03,5.230817920338093002e-12,4.222042610532673137e-13,1.111178045541936940e-16,4.795763952439428289e-18
1.190000000000000000e+03,5.233933027687706734e-12,4.222465542236256786e-13,1.112657843681759354e-16,4.804068197020352182e-18
1.191000000000000000e+03,5.236897404036533291e-12,4.222211783214106799e-13,1.114445933100711108e-16,4.812372441601276847e-18
1.192000000000000000e+03,5.239510074716854824e-12,4.222550128576973617e-13,1.117158896357051625e-16,4.812372441601276847e-18
1.193000000000000000e+03,5.241720796061741467e-12,4.222380955895539955e-13,1.118885327520177856e-16,4.812372441601276847e-18
1.194000000000000000e+03,5.243780786405841743e-12,4.222296369554823124e-13,1.119008644031829642e-16,4.812372441601276847e-18
1.195000000000000000e+03,5.245941264083799328e-12,4.222465542236256786e-13,1.120981708218259198e-16,4.820676686182200740e-18
1.196000000000000000e+03,5.248001254427898797e-12,4.222127196873389968e-13,1.122338189846429579e-16,4.820676686182200740e-18
1.197000000000000000e+03,5.249659295436564183e-12,4.222211783214106799e-13,1.122584822869733151e-16,4.824828808472663073e-18
1.198000000000000000e+03,5.251267092778300511e-12,4.222296369554823124e-13,1.124557887056162953e-16,4.824828808472663073e-18
1.199000000000000000e+03,5.252573428118461682e-12,4.222550128576973617e-13,1.125051153102770342e-16,4.833133053053588507e-18
1.200000000000000000e+03,5.253678788790905004e-12,4.222380955895539955e-13,1.126037685195984874e-16,4.841437297634512401e-18
1.201000000000000000e+03,5.140580294533145625e-12,4.299777457651307801e-13,1.127865206695292407e-16,4.842694287781039136e-18
1.202000000000000000e+03,5.165852858998562927e-12,4.299523698629157813e-13,1.128897982480376573e-16,4.846586902428347909e-18
1.203000000000000000e+03,5.190673230461616281e-12,4.299608284969874644e-13,1.130038660213156392e-16,4.847105917714655027e-18
1.204000000000000000e+03,5.187558123112001741e-12,4.299608284969874644e-13,1.130840217538893368e-16,4.847105917714655027e-18
1.205000000000000000e+03,5.171982586363932274e-12,4.299608284969874644e-13,1.132320015678715289e-16,4.849181978859886578e-18
1.206000000000000000e+03,5.160627517637919861e-12,4.299777457651307801e-13,1.133738155562711686e-16,4.855410162295580461e-18
1.207000000000000000e+03,5.140781269200862666e-12,4.299523698629157813e-13,1.134489615555590240e-16,4.855410162295580461e-18
1.208000000000000000e+03,5.130833023148870348e-12,4.299608284969874644e-13,1.136123559334977201e-16,4.855929177581887579e-18
1.209000000000000000e+03,5.114202369395285810e-12,4.299523698629157813e-13,1.138096623521406757e-16,4.860081299872349911e-18
1.210000000000000000e+03,5.100134142655093747e-12,4.299523698629157813e-13,1.138470426697351394e-16,4.864265860618206631e-18
1.211000000000000000e+03,5.089181023264515415e-12,4.299692871310590970e-13,1.139826908325522022e-16,4.864265860618206631e-18
1.212000000000000000e+03,5.070289404499114368e-12,4.299523698629157813e-13,1.140936756930388586e-16,4.864265860618206631e-18
1.213000000000000000e+03,5.056874345429002486e-12,4.299439112288440983e-13,1.141491681232821745e-16,4.867379952336053957e-18
1.214000000000000000e+03,5.047328048712443442e-12,4.299608284969874644e-13,1.143618891058816094e-16,4.867898967622361075e-18
1.215000000000000000e+03,5.027481800275387055e-12,4.299523698629157813e-13,1.145098689198638508e-16,4.872051089912823407e-18
1.216000000000000000e+03,5.010499440853297493e-12,4.299439112288440983e-13,1.145406980477768095e-16,4.872051089912823407e-18
1.217000000000000000e+03,4.998139498788700683e-12,4.299862043992024631e-13,1.145406980477768095e-16,4.872051089912823407e-18
1.218000000000000000e+03,4.987337110398909526e-12,4.299269939607007826e-13,1.146023563036027270e-16,4.872051089912823407e-18
1.219000000000000000e+03,4.967340130961065157e-12,4.299439112288440983e-13,1.146023563036027270e-16,4.872051089912823407e-18
1.220000000000000000e+03,4.948398268528735051e-12,4.299269939607007826e-13,1.148983159315671604e-16,4.878279273348516520e-18
1.221000000000000000e+03,4.935787108129491333e-12,4.299100766925574165e-13,1.149784716641408581e-16,4.879317303921132295e-18
1.222000000000000000e+03,4.924231064735761879e-12,4.299016180584857839e-13,1.150524615711320034e-16,4.881393365066363847e-18
1.223000000000000000e+03,4.909107720990055552e-12,4.299100766925574165e-13,1.151511147804534566e-16,4.889697609647287740e-18
1.224000000000000000e+03,4.888708792216777101e-12,4.299100766925574165e-13,1.152004413851141955e-16,4.898001854228212405e-18
1.225000000000000000e+03,4.870068391786022153e-12,4.299100766925574165e-13,1.152867629432704947e-16,4.898001854228212405e-18
1.226000000000000000e+03,4.856753820049769195e-12,4.299100766925574165e-13,1.154655718851656948e-16,4.899039884800828180e-18
1.227000000000000000e+03,4.845649969658402881e-12,4.299185353266290995e-13,1.156690441293912520e-16,4.907344129381752844e-18
1.228000000000000000e+03,4.833440758594593246e-12,4.298847007903424177e-13,1.157676973387127299e-16,4.907344129381752844e-18
1.229000000000000000e+03,4.815905718836282427e-12,4.298762421562707851e-13,1.159218429782775482e-16,4.907344129381752844e-18
1.230000000000000000e+03,4.795004353393710969e-12,4.299016180584857839e-13,1.160729057050510657e-16,4.907344129381752844e-18
1.231000000000000000e+03,4.775761028959805706e-12,4.298762421562707851e-13,1.163688653330154991e-16,4.907344129381752844e-18
1.232000000000000000e+03,4.760687928881028437e-12,4.299016180584857839e-13,1.165692546644497555e-16,4.907344129381752844e-18
1.233000000000000000e+03,4.748227499482572702e-12,4.298593248881274190e-13,1.170193599319790073e-16,4.915648373962676738e-18
1.234000000000000000e+03,4.736470481421126207e-12,4.298847007903424177e-13,1.171426764436308669e-16,4.917724435107908290e-18
1.235000000000000000e+03,4.719086172663602563e-12,4.298424076199841033e-13,1.171673397459612240e-16,4.917724435107908290e-18
1.236000000000000000e+03,4.699340411560404293e-12,4.298508662540557359e-13,1.172659929552827018e-16,4.917724435107908290e-18
1.237000000000000000e+03,4.679845868791852930e-12,4.298593248881274190e-13,1.174139727692649185e-16,4.923952618543601402e-18
1.238000000000000000e+03,4.662763022035905252e-12,4.298339489859124203e-13,1.176236108390730527e-16,4.923952618543601402e-18
1.239000000000000000e+03,4.647187485287834977e-12,4.298339489859124203e-13,1.177715906530552941e-16,4.932256863124526067e-18
1.240000000000000000e+03,4.633621695216935113e-12,4.298424076199841033e-13,1.177839223042204726e-16,4.941599138278065736e-18
1.241000000000000000e+03,4.621914920822418483e-12,4.298424076199841033e-13,1.179072388158723322e-16,4.945751260568528068e-18
1.242000000000000000e+03,4.610459364762547953e-12,4.298170317177691046e-13,1.179812287228634282e-16,4.949903382858990400e-18
1.243000000000000000e+03,4.599305270704252581e-12,4.298085730836974215e-13,1.181538718391760267e-16,4.949903382858990400e-18
1.244000000000000000e+03,4.588100932979028150e-12,4.298085730836974215e-13,1.181538718391760267e-16,4.949903382858990400e-18
1.245000000000000000e+03,4.576946838920732778e-12,4.297831971814824228e-13,1.183080174787408204e-16,4.950422398145298288e-18
1.246000000000000000e+03,4.568405415542758939e-12,4.298085730836974215e-13,1.184559972927230618e-16,4.950422398145298288e-18
1.247000000000000000e+03,4.560818621836441246e-12,4.298085730836974215e-13,1.184806605950534189e-16,4.954574520435760620e-18
1.248000000000000000e+03,4.553784508466344811e-12,4.298170317177691046e-13,1.186409720602008388e-16,4.954574520435760620e-18
1.249000000000000000e+03,4.546499176761602276e-12,4.298170317177691046e-13,1.187396252695223166e-16,4.954574520435760620e-18
1.250000000000000000e+03,4.539012870389143508e-12,4.298170317177691046e-13,1.188968538218784358e-16,4.954574520435760620e-18
1.251000000000000000e+03,4.533084117691491202e-12,4.298001144496257384e-13,1.191188235428517732e-16,4.954574520435760620e-18
1.252000000000000000e+03,4.527858776330848135e-12,4.298170317177691046e-13,1.192668033568339652e-16,4.958726642726222952e-18
1.253000000000000000e+03,4.522934896971781035e-12,4.298001144496257384e-13,1.195380996824680415e-16,4.960802703871454503e-18
1.254000000000000000e+03,4.518011017612713126e-12,4.298085730836974215e-13,1.196860794964502829e-16,4.960802703871454503e-18
1.255000000000000000e+03,4.512936407252858850e-12,4.298085730836974215e-13,1.197354061011110218e-16,4.960802703871454503e-18
1.256000000000000000e+03,4.508615451896942064e-12,4.297747385474107397e-13,1.197600694034413789e-16,4.962878765016684514e-18
1.257000000000000000e+03,4.504746689543389227e-12,4.298001144496257384e-13,1.199573758220843345e-16,4.962878765016684514e-18
1.258000000000000000e+03,4.501279876525270471e-12,4.297916558155540554e-13,1.202533354500487680e-16,4.975335131888072281e-18
1.259000000000000000e+03,4.497712576173293599e-12,4.297916558155540554e-13,1.206479482873347038e-16,4.975335131888072281e-18
1.260000000000000000e+03,4.496406240833132428e-12,4.297831971814824228e-13,1.206510312001259800e-16,4.975854147174379398e-18
1.261000000000000000e+03,4.782141974659821152e-12,4.354843165457870702e-13,1.207734347300357114e-16,4.980095728642608980e-18
1.262000000000000000e+03,4.752297236503842581e-12,4.355350683502170677e-13,1.209291218259961678e-16,4.982171789787840531e-18
1.263000000000000000e+03,4.750639195495176387e-12,4.355350683502170677e-13,1.210401066864828241e-16,4.985285881505687088e-18
1.264000000000000000e+03,4.768425453588134113e-12,4.355012338139303859e-13,1.211534037315629746e-16,4.986323912078302093e-18
1.265000000000000000e+03,4.785407813010222867e-12,4.355181510820737521e-13,1.213260468478755484e-16,4.992552095513995976e-18
1.266000000000000000e+03,4.797566780407103444e-12,4.355181510820737521e-13,1.214786510310447040e-16,4.992552095513995976e-18
1.267000000000000000e+03,4.817161810509513731e-12,4.355519856183603834e-13,1.217561131822613819e-16,4.997223233090765426e-18
1.268000000000000000e+03,4.828818341237102110e-12,4.355519856183603834e-13,1.218486005660002828e-16,5.001375355381228528e-18
1.269000000000000000e+03,4.849368001011168544e-12,4.355012338139303859e-13,1.221198968916343591e-16,5.005527477671690860e-18
1.270000000000000000e+03,4.861627455741907238e-12,4.355350683502170677e-13,1.222740425311991528e-16,5.007603538816920871e-18
1.271000000000000000e+03,4.880569318174237344e-12,4.355350683502170677e-13,1.224220223451813941e-16,5.013831722252614754e-18
1.272000000000000000e+03,4.898606794601841169e-12,4.355181510820737521e-13,1.224713489498421084e-16,5.014869752825230530e-18
1.273000000000000000e+03,4.909660401326277617e-12,4.355858201546470652e-13,1.225946654614939680e-16,5.019021875115692091e-18
1.274000000000000000e+03,4.931214934438929256e-12,4.355519856183603834e-13,1.229923612115711800e-16,5.019021875115692091e-18
1.275000000000000000e+03,4.950207040538188420e-12,4.355350683502170677e-13,1.229923612115711800e-16,5.020059905688308637e-18
1.276000000000000000e+03,4.962315764268139939e-12,4.355350683502170677e-13,1.231403410255533967e-16,5.022135966833539418e-18
1.277000000000000000e+03,4.978695199687077570e-12,4.355858201546470652e-13,1.235102905605089508e-16,5.026288089124000980e-18
1.278000000000000000e+03,5.002058504809182579e-12,4.355181510820737521e-13,1.235719488163348683e-16,5.026288089124000980e-18
1.279000000000000000e+03,5.018236965560403168e-12,4.355012338139303859e-13,1.237199286303170850e-16,5.026288089124000980e-18
1.280000000000000000e+03,5.031601780963585992e-12,4.355350683502170677e-13,1.239742689355990439e-16,5.034592333704925644e-18
1.281000000000000000e+03,5.048785115053391787e-12,4.355350683502170677e-13,1.242455652612330955e-16,5.034592333704925644e-18
1.282000000000000000e+03,5.070691353834548450e-12,4.355012338139303859e-13,1.243997109007979385e-16,5.043934608858466084e-18
1.283000000000000000e+03,5.090989795273968784e-12,4.355181510820737521e-13,1.246463439241016330e-16,5.050162792294159967e-18
1.284000000000000000e+03,5.105459971349594930e-12,4.355350683502170677e-13,1.248189870404142068e-16,5.054314914584621529e-18
1.285000000000000000e+03,5.117166745744111559e-12,4.355350683502170677e-13,1.250162934590571871e-16,5.056650483373006639e-18
1.286000000000000000e+03,5.137816892852036917e-12,4.355519856183603834e-13,1.251396099707090220e-16,5.057688513945621644e-18
1.287000000000000000e+03,5.161632390976505066e-12,4.355350683502170677e-13,1.252012682265349642e-16,5.059764575090853195e-18
1.288000000000000000e+03,5.181378152079703336e-12,4.355689028865037495e-13,1.252505948311957031e-16,5.063916697381315528e-18
1.289000000000000000e+03,5.196601983159268587e-12,4.355181510820737521e-13,1.254479012498386340e-16,5.068068819671777860e-18
1.290000000000000000e+03,5.210067285896309527e-12,4.355519856183603834e-13,1.256945342731423532e-16,5.068068819671777860e-18
1.291000000000000000e+03,5.228556955326276492e-12,4.355519856183603834e-13,1.259658305987764295e-16,5.068068819671777860e-18
1.292000000000000000e+03,5.251618798446805535e-12,4.355181510820737521e-13,1.261138104127586462e-16,5.068068819671777860e-18
1.293000000000000000e+03,5.273625524561820315e-12,4.355350683502170677e-13,1.262864535290712201e-16,5.070144880817009411e-18
1.294000000000000000e+03,5.291512269988636157e-12,4.355181510820737521e-13,1.264590966453838432e-16,5.082601247688395637e-18
1.295000000000000000e+03,5.306283908065838268e-12,4.355181510820737521e-13,1.268783727850001116e-16,5.082601247688395637e-18
1.296000000000000000e+03,5.320000429137525307e-12,4.355519856183603834e-13,1.270263525989823529e-16,5.082601247688395637e-18
1.297000000000000000e+03,5.337183763227331102e-12,4.355181510820737521e-13,1.271496691106341879e-16,5.086753369978857969e-18
1.298000000000000000e+03,5.358286103337619601e-12,4.355012338139303859e-13,1.272483223199556657e-16,5.086753369978857969e-18
1.299000000000000000e+03,5.380694778788068462e-12,4.355181510820737521e-13,1.272729856222860228e-16,5.086753369978857969e-18
1.300000000000000000e+03,5.400792245559771756e-12,4.355519856183603834e-13,1.274302141746421419e-16,5.095057614559782633e-18
1.301000000000000000e+03,5.419432645990526704e-12,4.355012338139303859e-13,1.275288673839636444e-16,5.111666103721631191e-18
1.302000000000000000e+03,5.434907695404738054e-12,4.355181510820737521e-13,1.276830130235284380e-16,5.128274592883481290e-18
1.303000000000000000e+03,5.449076409478788234e-12,4.355519856183603834e-13,1.278063295351802976e-16,5.134502776319173632e-18
1.304000000000000000e+03,5.464049022223707386e-12,4.355519856183603834e-13,1.278556561398410365e-16,5.134502776319173632e-18
1.305000000000000000e+03,5.480076751974140801e-12,4.355350683502170677e-13,1.279789726514928715e-16,5.134502776319173632e-18
1.306000000000000000e+03,5.496355700059220315e-12,4.355012338139303859e-13,1.280421723637144517e-16,5.143066528543251855e-18
1.307000000000000000e+03,5.513940983484460192e-12,4.355181510820737521e-13,1.284861118056611018e-16,5.151370773124177290e-18
1.308000000000000000e+03,5.527557017222289115e-12,4.355012338139303859e-13,1.286094283173129860e-16,5.151370773124177290e-18
1.309000000000000000e+03,5.538861842281371662e-12,4.355350683502170677e-13,1.286834182243040821e-16,5.155522895414639622e-18
1.310000000000000000e+03,5.549413012336515912e-12,4.355858201546470652e-13,1.287327448289648210e-16,5.155522895414639622e-18
1.311000000000000000e+03,5.559813451390872178e-12,4.355689028865037495e-13,1.290780310615899933e-16,5.155522895414639622e-18
1.312000000000000000e+03,5.571469982118460557e-12,4.355350683502170677e-13,1.291766842709114711e-16,5.163827139995563516e-18
1.313000000000000000e+03,5.581367984503523817e-12,4.355350683502170677e-13,1.292876691313981521e-16,5.163827139995563516e-18
1.314000000000000000e+03,5.589607945879922499e-12,4.355689028865037495e-13,1.294109856430499871e-16,5.163827139995563516e-18
1.315000000000000000e+03,5.596943521251594092e-12,4.355689028865037495e-13,1.297069452710144205e-16,5.165903201140795067e-18
1.316000000000000000e+03,5.603977634621689720e-12,4.355350683502170677e-13,1.299073346024486769e-16,5.174207445721719731e-18
1.317000000000000000e+03,5.612167352331159343e-12,4.355519856183603834e-13,1.300553144164309183e-16,5.190815934883568289e-18
1.318000000000000000e+03,5.619000491033537930e-12,4.355519856183603834e-13,1.302279575327434921e-16,5.190815934883568289e-18
1.319000000000000000e+03,5.624979487398120102e-12,4.355689028865037495e-13,1.304745905560471867e-16,5.190815934883568289e-18
1.320000000000000000e+03,5.628345813082379933e-12,4.355689028865037495e-13,1.306472336723598098e-16,5.194968057174031392e-18
1.321000000000000000e+03,5.608549808312252605e-12,4.426403209704187325e-13,1.308071868693214964e-16,5.198554660611271494e-18
1.322000000000000000e+03,5.634877489783183362e-12,4.426403209704187325e-13,1.309366692065559330e-16,5.201149737042811704e-18
1.323000000000000000e+03,5.655477393224178854e-12,4.426234037022753663e-13,1.310723173693729711e-16,5.208415951051120592e-18
1.324000000000000000e+03,5.646483776843841875e-12,4.426403209704187325e-13,1.312326288345203664e-16,5.214644134486812935e-18
1.325000000000000000e+03,5.628144838414662892e-12,4.426403209704187325e-13,1.313806086485026078e-16,5.216720195632044486e-18
1.326000000000000000e+03,5.610559554989423015e-12,4.426234037022753663e-13,1.315100909857370443e-16,5.218796256777276037e-18
1.327000000000000000e+03,5.598400587592542438e-12,4.426403209704187325e-13,1.316950657532148213e-16,5.226062470785584926e-18
1.328000000000000000e+03,5.580664573166514578e-12,4.426064864341320507e-13,1.318060506137014777e-16,5.226062470785584926e-18
1.329000000000000000e+03,5.567149026762543772e-12,4.426064864341320507e-13,1.318553772183622166e-16,5.226062470785584926e-18
1.330000000000000000e+03,5.553583236691644715e-12,4.426403209704187325e-13,1.319108696486055571e-16,5.236442776511740371e-18
1.331000000000000000e+03,5.534289668590809585e-12,4.426572382385620481e-13,1.321575026719092517e-16,5.240594898802201933e-18
1.332000000000000000e+03,5.523085330865585155e-12,4.426064864341320507e-13,1.323054824858914930e-16,5.244747021092665035e-18
1.333000000000000000e+03,5.506555164445859541e-12,4.426234037022753663e-13,1.325027889045344240e-16,5.244747021092665035e-18
1.334000000000000000e+03,5.487060621677307370e-12,4.426064864341320507e-13,1.325829446371081463e-16,5.244747021092665035e-18
1.335000000000000000e+03,5.473896780941841588e-12,4.426403209704187325e-13,1.327062611487599812e-16,5.248899143383127367e-18
1.336000000000000000e+03,5.460381234537871589e-12,4.426572382385620481e-13,1.329035675674029615e-16,5.249418158669434485e-18
1.337000000000000000e+03,5.440886691769319419e-12,4.426572382385620481e-13,1.332981804046888727e-16,5.253578390573745799e-18
1.338000000000000000e+03,5.421743854669272272e-12,4.426572382385620481e-13,1.333968336140103505e-16,5.257730512864208131e-18
1.339000000000000000e+03,5.410087323941684701e-12,4.426572382385620481e-13,1.336927932419747840e-16,5.257730512864208131e-18
1.340000000000000000e+03,5.396169828202279813e-12,4.426572382385620481e-13,1.338423145123526634e-16,5.261882635154669693e-18
1.341000000000000000e+03,5.374665538756558040e-12,4.426572382385620481e-13,1.339902943263348801e-16,5.266034757445132025e-18
1.342000000000000000e+03,5.355522701656510893e-12,4.426741555067053638e-13,1.340889475356563579e-16,5.268110818590363576e-18
1.343000000000000000e+03,5.341353987582459905e-12,4.426910727748487299e-13,1.341506057914822754e-16,5.268110818590363576e-18
1.344000000000000000e+03,5.328793070850145246e-12,4.426572382385620481e-13,1.343725755124556128e-16,5.270186879735595127e-18
1.345000000000000000e+03,5.312664853765853714e-12,4.426741555067053638e-13,1.344465654194467335e-16,5.274339002026057459e-18
1.346000000000000000e+03,5.291210807987060999e-12,4.426910727748487299e-13,1.345945452334289502e-16,5.278491124316519791e-18
1.347000000000000000e+03,5.270811879213781740e-12,4.427079900429920456e-13,1.346685351404200709e-16,5.286795368897443685e-18
1.348000000000000000e+03,5.255437317133429314e-12,4.427079900429920456e-13,1.347178617450808098e-16,5.288871430042675236e-18
1.349000000000000000e+03,5.243127618735760754e-12,4.427418245792787274e-13,1.347795200009067272e-16,5.288871430042675236e-18
1.350000000000000000e+03,5.231822793676678207e-12,4.427249073111354117e-13,1.348411782567326447e-16,5.297694689909907788e-18
1.351000000000000000e+03,5.212378494575055095e-12,4.426910727748487299e-13,1.349413729224497852e-16,5.297694689909907788e-18
1.352000000000000000e+03,5.189668357123031076e-12,4.427249073111354117e-13,1.350030311782757027e-16,5.298732720482522794e-18
1.353000000000000000e+03,5.169018210015105717e-12,4.427249073111354117e-13,1.350646894341016202e-16,5.308074995636062463e-18
1.354000000000000000e+03,5.152789505596955261e-12,4.427079900429920456e-13,1.352373325504142187e-16,5.308074995636062463e-18
1.355000000000000000e+03,5.139525177527631362e-12,4.427418245792787274e-13,1.352619958527445758e-16,5.308074995636062463e-18
1.356000000000000000e+03,5.127215479129963610e-12,4.427079900429920456e-13,1.354099756667268172e-16,5.308074995636062463e-18
1.357000000000000000e+03,5.111639942381893335e-12,4.427249073111354117e-13,1.354593022713875561e-16,5.308074995636062463e-18
1.358000000000000000e+03,5.092547348948775246e-12,4.427418245792787274e-13,1.355826187830393910e-16,5.310151056781294014e-18
1.359000000000000000e+03,5.071796714506991771e-12,4.427079900429920456e-13,1.356812719923608688e-16,5.318974316648526566e-18
1.360000000000000000e+03,5.050242181394340940e-12,4.427587418474220935e-13,1.358785784110038491e-16,5.318974316648526566e-18
1.361000000000000000e+03,5.033410552973039361e-12,4.427249073111354117e-13,1.360388898761512443e-16,5.318974316648526566e-18
1.362000000000000000e+03,5.020095981236785596e-12,4.427756591155654092e-13,1.360882164808119832e-16,5.327278561229450460e-18
1.363000000000000000e+03,5.008037501173763943e-12,4.427587418474220935e-13,1.362115329924638428e-16,5.331430683519912792e-18
1.364000000000000000e+03,4.996330726779247314e-12,4.427587418474220935e-13,1.362115329924638428e-16,5.333506744665144343e-18
1.365000000000000000e+03,4.983066398709923414e-12,4.427587418474220935e-13,1.363101862017853206e-16,5.333506744665144343e-18
1.366000000000000000e+03,4.970505481977608755e-12,4.427756591155654092e-13,1.364150052366894001e-16,5.342849019818684013e-18
1.367000000000000000e+03,4.960406504924827646e-12,4.427756591155654092e-13,1.366123116553323557e-16,5.342849019818684013e-18
1.368000000000000000e+03,4.951714350546065824e-12,4.427925763837087249e-13,1.366616382599930946e-16,5.351153264399609447e-18
1.369000000000000000e+03,4.943675363837384991e-12,4.427925763837087249e-13,1.366739699111582731e-16,5.361533570125764122e-18
1.370000000000000000e+03,4.935284671460199135e-12,4.427418245792787274e-13,1.369206029344619923e-16,5.378142059287613450e-18
1.371000000000000000e+03,4.927195441084588436e-12,4.427418245792787274e-13,1.371364068298527035e-16,5.386446303868538115e-18
1.372000000000000000e+03,4.920362302382209041e-12,4.427925763837087249e-13,1.374323664578171615e-16,5.394750548449462008e-18
1.373000000000000000e+03,4.914132087682981578e-12,4.427925763837087249e-13,1.376543361787904989e-16,5.398902670739925111e-18
1.374000000000000000e+03,4.908705771654621470e-12,4.427925763837087249e-13,1.377653210392771553e-16,5.398902670739925111e-18
1.375000000000000000e+03,4.902726775290040106e-12,4.428094936518520910e-13,1.378146476439378942e-16,5.398902670739925111e-18
1.376000000000000000e+03,4.897250215594750940e-12,4.427925763837087249e-13,1.379317983300071522e-16,5.398902670739925111e-18
1.377000000000000000e+03,4.892426823569541956e-12,4.428094936518520910e-13,1.381291047486501325e-16,5.403054793030387443e-18
1.378000000000000000e+03,4.888206355547484095e-12,4.428094936518520910e-13,1.383264111672930634e-16,5.407206915320849775e-18
1.379000000000000000e+03,4.884287349527002199e-12,4.427756591155654092e-13,1.384373960277797444e-16,5.407206915320849775e-18
1.380000000000000000e+03,4.881423460512034566e-12,4.427925763837087249e-13,1.386347024464227001e-16,5.407206915320849775e-18
1.381000000000000000e+03,4.856402114381264172e-12,4.527737645882776868e-13,1.387558264470977330e-16,5.411206032006278157e-18
1.382000000000000000e+03,4.869164005781295872e-12,4.528245163927077348e-13,1.389107428148603827e-16,5.415358154296740489e-18
1.383000000000000000e+03,4.885493197533304445e-12,4.529091027334244141e-13,1.391211516128663483e-16,5.416396184869355494e-18
1.384000000000000000e+03,4.903631161294766387e-12,4.529260200015677297e-13,1.392383022989356062e-16,5.416915200155664152e-18
1.385000000000000000e+03,4.918000850036534415e-12,4.529429372697110959e-13,1.394972669734044793e-16,5.418991261300895704e-18
1.386000000000000000e+03,4.940007576151549195e-12,4.530444408785710908e-13,1.396359980490128183e-16,5.423662398877665153e-18
1.387000000000000000e+03,4.956738717238991849e-12,4.530782754148577726e-13,1.397099879560039143e-16,5.431966643458589047e-18
1.388000000000000000e+03,4.983267373377639648e-12,4.531459444874311362e-13,1.399319576769772517e-16,5.431966643458589047e-18
1.389000000000000000e+03,4.995074635106016009e-12,4.532136135600044998e-13,1.399936159328031692e-16,5.436118765749052149e-18
1.390000000000000000e+03,4.996833163448539512e-12,4.532305308281478155e-13,1.401292640956202320e-16,5.441308918612129487e-18
1.391000000000000000e+03,4.989899537412302001e-12,4.531797790237178180e-13,1.402834097351850256e-16,5.441308918612129487e-18
1.392000000000000000e+03,4.985829800391032122e-12,4.531966962918611337e-13,1.403573996421761217e-16,5.445461040902591819e-18
1.393000000000000000e+03,4.981307870367399104e-12,4.531459444874311362e-13,1.405177111073235416e-16,5.447537102047823370e-18
1.394000000000000000e+03,4.966787450624843900e-12,4.531290272192877701e-13,1.408136707352879997e-16,5.451689224338285702e-18
1.395000000000000000e+03,4.949151923532674157e-12,4.530782754148577726e-13,1.409123239446094528e-16,5.455841346628747264e-18
1.396000000000000000e+03,4.937445149138156720e-12,4.530106063422844090e-13,1.410849670609220760e-16,5.459993468919209596e-18
1.397000000000000000e+03,4.930963716104283157e-12,4.530106063422844090e-13,1.411096303632524331e-16,5.462069530064441147e-18
1.398000000000000000e+03,4.925235938074347084e-12,4.529767718059977777e-13,1.412206152237390895e-16,5.471411805217980817e-18
1.399000000000000000e+03,4.911268198668013945e-12,4.529429372697110959e-13,1.413693657659191375e-16,5.471411805217980817e-18
1.400000000000000000e+03,4.893783402576632185e-12,4.529260200015677297e-13,1.414371898473276566e-16,5.480754080371521256e-18
1.401000000000000000e+03,4.879262982834076173e-12,4.528921854652810479e-13,1.416098329636402551e-16,5.482830141516752037e-18
1.402000000000000000e+03,4.869565955116729954e-12,4.528245163927077348e-13,1.416098329636402551e-16,5.482830141516752037e-18
1.403000000000000000e+03,4.862582085413563385e-12,4.528075991245643687e-13,1.416591595683009940e-16,5.486982263807214369e-18
1.404000000000000000e+03,4.856100652379689014e-12,4.528075991245643687e-13,1.418071393822832107e-16,5.486982263807214369e-18
1.405000000000000000e+03,4.848363127672583339e-12,4.527906818564210530e-13,1.420291091032565481e-16,5.486982263807214369e-18
1.406000000000000000e+03,4.838666099955236312e-12,4.527737645882776868e-13,1.420907673590824656e-16,5.496324538960754809e-18
1.407000000000000000e+03,4.827461762230011881e-12,4.527568473201343712e-13,1.421400939637432045e-16,5.504628783541678703e-18
1.408000000000000000e+03,4.817915465513452837e-12,4.527060955157043737e-13,1.421400939637432045e-16,5.513971058695219143e-18
1.409000000000000000e+03,4.811182814144932367e-12,4.527060955157043737e-13,1.422634104753950641e-16,5.513971058695219143e-18
1.410000000000000000e+03,4.805806741783502126e-12,4.526891782475610076e-13,1.423127370800558030e-16,5.518123180985681475e-18
1.411000000000000000e+03,4.800882862424434217e-12,4.526553437112743763e-13,1.424237219405424594e-16,5.526427425566606139e-18
1.412000000000000000e+03,4.795356059062215993e-12,4.526384264431310101e-13,1.424237219405424594e-16,5.526427425566606139e-18
1.413000000000000000e+03,4.790130717701573734e-12,4.526553437112743763e-13,1.425778675801072777e-16,5.535769700720146579e-18
1.414000000000000000e+03,4.785860006012586815e-12,4.526384264431310101e-13,1.426765207894287555e-16,5.544073945301070473e-18
1.415000000000000000e+03,4.782493680328326176e-12,4.526553437112743763e-13,1.427998373010805904e-16,5.548226067591532805e-18
1.416000000000000000e+03,4.779328329311782578e-12,4.526045919068443283e-13,1.428614955569065325e-16,5.548226067591532805e-18
1.417000000000000000e+03,4.776213221962168846e-12,4.526215091749876944e-13,1.430588019755494882e-16,5.556530312172456699e-18
1.418000000000000000e+03,4.773299089280272155e-12,4.525876746387010126e-13,1.432869375221054025e-16,5.556530312172456699e-18
1.419000000000000000e+03,4.770686418599950622e-12,4.526553437112743763e-13,1.433855907314268803e-16,5.556530312172456699e-18
1.420000000000000000e+03,4.768324966254275188e-12,4.526045919068443283e-13,1.434595806384180010e-16,5.556530312172456699e-18
1.421000000000000000e+03,4.766415706910963702e-12,4.526215091749876944e-13,1.435335705454091217e-16,5.556530312172456699e-18
1.422000000000000000e+03,4.764204985566076251e-12,4.526045919068443283e-13,1.437308769640520773e-16,5.564834556753382133e-18
1.423000000000000000e+03,4.762245482555834899e-12,4.525876746387010126e-13,1.438418618245387337e-16,5.564834556753382133e-18
1.424000000000000000e+03,4.760436710546382338e-12,4.525876746387010126e-13,1.439898416385209504e-16,5.575214862479536808e-18
1.425000000000000000e+03,4.759029887872363051e-12,4.525707573705576465e-13,1.440391682431817139e-16,5.583519107060462242e-18
1.426000000000000000e+03,4.757572821531414706e-12,4.525707573705576465e-13,1.441994797083291092e-16,5.594937443359233463e-18
1.427000000000000000e+03,4.756165998857395418e-12,4.525876746387010126e-13,1.442981329176505870e-16,5.594937443359233463e-18
1.428000000000000000e+03,4.754658688849517207e-12,4.526045919068443283e-13,1.444276152548850236e-16,5.604279718512773132e-18
1.429000000000000000e+03,4.753503084510144827e-12,4.526045919068443283e-13,1.445509317665368585e-16,5.604279718512773132e-18
1.430000000000000000e+03,4.752397723837700698e-12,4.525707573705576465e-13,1.446249216735280038e-16,5.608431840803235465e-18
1.431000000000000000e+03,4.751392850499115492e-12,4.525707573705576465e-13,1.446619166270235395e-16,5.609469871375851240e-18
1.432000000000000000e+03,4.750187002492813246e-12,4.526215091749876944e-13,1.447112432316842784e-16,5.609469871375851240e-18
1.433000000000000000e+03,4.749282616488086966e-12,4.526215091749876944e-13,1.449085496503272341e-16,5.609469871375851240e-18
1.434000000000000000e+03,4.748327986816430819e-12,4.526215091749876944e-13,1.450565294643094754e-16,5.613621993666313572e-18
1.435000000000000000e+03,4.747473844478633597e-12,4.525707573705576465e-13,1.451058560689701897e-16,5.613621993666313572e-18
1.436000000000000000e+03,4.746619702140836374e-12,4.525707573705576465e-13,1.452168409294568707e-16,5.622964268819853242e-18
1.437000000000000000e+03,4.745916290803826327e-12,4.525876746387010126e-13,1.453154941387783485e-16,5.622964268819853242e-18
1.438000000000000000e+03,4.745062148466029104e-12,4.525707573705576465e-13,1.453648207434390874e-16,5.632306543973393681e-18
1.439000000000000000e+03,4.744459224462877981e-12,4.525538401024143308e-13,1.454634739527605652e-16,5.632306543973393681e-18
1.440000000000000000e+03,4.744157762461302824e-12,4.525876746387010126e-13,1.455128005574213041e-16,5.632306543973393681e-18
1.441000000000000000e+03,4.506304243218196496e-12,4.594053337004659073e-13,1.456539725232108367e-16,5.634092749779897029e-18
1.442000000000000000e+03,4.531777782351330031e-12,4.594222509686092734e-13,1.458269046625975942e-16,5.636168810925128580e-18
1.443000000000000000e+03,4.559663017497068058e-12,4.594053337004659073e-13,1.459348066102929744e-16,5.645511086078668250e-18
1.444000000000000000e+03,4.560215697833290123e-12,4.593884164323225411e-13,1.461506105056837102e-16,5.652258284800669251e-18
1.445000000000000000e+03,4.549061603774994751e-12,4.593884164323225411e-13,1.461937712847618721e-16,5.656410407091130812e-18
1.446000000000000000e+03,4.532380706354481154e-12,4.593714991641792760e-13,1.463540827499092921e-16,5.657448437663747358e-18
1.447000000000000000e+03,4.516101758269401640e-12,4.593545818960359098e-13,1.465853012092565072e-16,5.659524498808978139e-18
1.448000000000000000e+03,4.501832556861492536e-12,4.593884164323225411e-13,1.469429190930468581e-16,5.665752682244671252e-18
1.449000000000000000e+03,4.489472614796894917e-12,4.593714991641792760e-13,1.469675823953772152e-16,5.669904804535133584e-18
1.450000000000000000e+03,4.471183920034644993e-12,4.593714991641792760e-13,1.470970647326116764e-16,5.669904804535133584e-18
1.451000000000000000e+03,4.460582506312571685e-12,4.593884164323225411e-13,1.473537172224870801e-16,5.669904804535133584e-18
1.452000000000000000e+03,4.447016716241672628e-12,4.593884164323225411e-13,1.474030438271478190e-16,5.670423819821441472e-18
1.453000000000000000e+03,4.426467056467606194e-12,4.594222509686092734e-13,1.475263603387996786e-16,5.674575942111903804e-18
1.454000000000000000e+03,4.414559307405371716e-12,4.594391682367525386e-13,1.475633552922952389e-16,5.675613972684518809e-18
1.455000000000000000e+03,4.403706675348652309e-12,4.594053337004659073e-13,1.476250135481211564e-16,5.683918217265443473e-18
1.456000000000000000e+03,4.383157015574585875e-12,4.593884164323225411e-13,1.478223199667641367e-16,5.683918217265443473e-18
1.457000000000000000e+03,4.366124412485567255e-12,4.593714991641792760e-13,1.481922695017196661e-16,5.685994278410675025e-18
1.458000000000000000e+03,4.353463008419394479e-12,4.594053337004659073e-13,1.483155860133715010e-16,5.685994278410675025e-18
1.459000000000000000e+03,4.343514762367401353e-12,4.594391682367525386e-13,1.484574000017711655e-16,5.694298522991598918e-18
1.460000000000000000e+03,4.323869488598062007e-12,4.594053337004659073e-13,1.486177114669185361e-16,5.698450645282061251e-18
1.461000000000000000e+03,4.302616417486985526e-12,4.594053337004659073e-13,1.487903545832311592e-16,5.706754889862986685e-18
1.462000000000000000e+03,4.287593561075137316e-12,4.594391682367525386e-13,1.489383343972133513e-16,5.717135195589141360e-18
1.463000000000000000e+03,4.277394096688498090e-12,4.594560855048959047e-13,1.489414173100046521e-16,5.718173226161757906e-18
1.464000000000000000e+03,4.264833179956183431e-12,4.594391682367525386e-13,1.489414173100046521e-16,5.720249287306988687e-18
1.465000000000000000e+03,4.245740586523066150e-12,4.594730027730392709e-13,1.491140604263172506e-16,5.722325348452219467e-18
1.466000000000000000e+03,4.224236297077343569e-12,4.594391682367525386e-13,1.492127136356387284e-16,5.722325348452219467e-18
1.467000000000000000e+03,4.206701257319032751e-12,4.594730027730392709e-13,1.494593466589424229e-16,5.728553531887913351e-18
1.468000000000000000e+03,4.193235954581991810e-12,4.594560855048959047e-13,1.495333365659335436e-16,5.728553531887913351e-18
1.469000000000000000e+03,4.181629667521333298e-12,4.594560855048959047e-13,1.497306429845764992e-16,5.732705654178375683e-18
1.470000000000000000e+03,4.167310222446494327e-12,4.594560855048959047e-13,1.499032861008890977e-16,5.732705654178375683e-18
1.471000000000000000e+03,4.148318116347235163e-12,4.594730027730392709e-13,1.499032861008890977e-16,5.732705654178375683e-18
1.472000000000000000e+03,4.127416750904663706e-12,4.594730027730392709e-13,1.500266026125409326e-16,5.733743684750990688e-18
1.473000000000000000e+03,4.108776350473909565e-12,4.594560855048959047e-13,1.502269919439752137e-16,5.733743684750990688e-18
1.474000000000000000e+03,4.093100326391981174e-12,4.594730027730392709e-13,1.503749717579574304e-16,5.733743684750990688e-18
1.475000000000000000e+03,4.079785754655727409e-12,4.594560855048959047e-13,1.503811375835400074e-16,5.734262700037299346e-18
1.476000000000000000e+03,4.067576543591917773e-12,4.595068373093259022e-13,1.504427958393659248e-16,5.744643005763454021e-18
1.477000000000000000e+03,4.052654174513928487e-12,4.594899200411826370e-13,1.505167857463570455e-16,5.744643005763454021e-18
1.478000000000000000e+03,4.036174251761131932e-12,4.594730027730392709e-13,1.505661123510177844e-16,5.748795128053917123e-18
1.479000000000000000e+03,4.019644085341406318e-12,4.594899200411826370e-13,1.508250770254866822e-16,5.748795128053917123e-18
1.480000000000000000e+03,4.003716842924831020e-12,4.594730027730392709e-13,1.508250770254866822e-16,5.757099372634841017e-18
1.481000000000000000e+03,3.989648616184638957e-12,4.594730027730392709e-13,1.511333683046163188e-16,5.765403617215765681e-18
1.482000000000000000e+03,3.978645253127131567e-12,4.594730027730392709e-13,1.511826949092770577e-16,5.769555739506228014e-18
1.483000000000000000e+03,3.968596519741280324e-12,4.595237545774692684e-13,1.512320215139377720e-16,5.773707861796689575e-18
1.484000000000000000e+03,3.959100466691650338e-12,4.594899200411826370e-13,1.513306747232592498e-16,5.773707861796689575e-18
1.485000000000000000e+03,3.949101976972728153e-12,4.594899200411826370e-13,1.513306747232592498e-16,5.773707861796689575e-18
1.486000000000000000e+03,3.939505436589240051e-12,4.594899200411826370e-13,1.514848203628240681e-16,5.773707861796689575e-18
1.487000000000000000e+03,3.931717668215205317e-12,4.595237545774692684e-13,1.515588102698151888e-16,5.775783922941921126e-18
1.488000000000000000e+03,3.924985016846684847e-12,4.595237545774692684e-13,1.517314533861277873e-16,5.779936045232383459e-18
1.489000000000000000e+03,3.918754802147456576e-12,4.594730027730392709e-13,1.521753928280744374e-16,5.779936045232383459e-18
1.490000000000000000e+03,3.912273369113582205e-12,4.594730027730392709e-13,1.522740460373959152e-16,5.788240289813308123e-18
1.491000000000000000e+03,3.905892423413566759e-12,4.594560855048959047e-13,1.523850308978825962e-16,5.789278320385923898e-18
1.492000000000000000e+03,3.900415863718277593e-12,4.594899200411826370e-13,1.525576740141951701e-16,5.797582564966848563e-18
1.493000000000000000e+03,3.895592471693068609e-12,4.595068373093259022e-13,1.529276235491507242e-16,5.797582564966848563e-18
1.494000000000000000e+03,3.891120785336364648e-12,4.594560855048959047e-13,1.531495932701240369e-16,5.798620595539463568e-18
1.495000000000000000e+03,3.886749586313519612e-12,4.594899200411826370e-13,1.531989198747847758e-16,5.798620595539463568e-18
1.496000000000000000e+03,3.881976437955239686e-12,4.594730027730392709e-13,1.533006559968975544e-16,5.798620595539463568e-18
1.497000000000000000e+03,3.878308650269403889e-12,4.594560855048959047e-13,1.534239725085494387e-16,5.798620595539463568e-18
1.498000000000000000e+03,3.874791593584356075e-12,4.594391682367525386e-13,1.535472890202012736e-16,5.806924840120388232e-18
1.499000000000000000e+03,3.871726729901671402e-12,4.594560855048959047e-13,1.537076004853486935e-16,5.806924840120388232e-18
1.500000000000000000e+03,3.869063815554420810e-12,4.594391682367525386e-13,1.538555802993308856e-16,5.806924840120388232e-18
1.501000000000000000e+03,4.054161484521805891e-12,4.654786329639239536e-13,1.539743913627481800e-16,5.811605101012738172e-18
1.502000000000000000e+03,4.024869426702048577e-12,4.654447984276373223e-13,1.541069566127739420e-16,5.814200177444276840e-18
1.503000000000000000e+03,4.012208022635875801e-12,4.655293847683539511e-13,1.541979025401171802e-16,5.816535746232661950e-18
1.504000000000000000e+03,4.025824056373704724e-12,4.655124675002106859e-13,1.542780582726909024e-16,5.818611807377892731e-18
1.505000000000000000e+03,4.040645938117835893e-12,4.655124675002106859e-13,1.543397165285168199e-16,5.818611807377892731e-18
1.506000000000000000e+03,4.060391699221034162e-12,4.655124675002106859e-13,1.544753646913338334e-16,5.820687868523123512e-18
1.507000000000000000e+03,4.073455052622641021e-12,4.655293847683539511e-13,1.546403005256681922e-16,5.824839990813586614e-18
1.508000000000000000e+03,4.092045209386466103e-12,4.654955502320673198e-13,1.547389537349896700e-16,5.833144235394511278e-18
1.509000000000000000e+03,4.104706613452639687e-12,4.654447984276373223e-13,1.547697828629026288e-16,5.835220296539741289e-18
1.510000000000000000e+03,4.124904567558201097e-12,4.654955502320673198e-13,1.548807677233892851e-16,5.839372418830203621e-18
1.511000000000000000e+03,4.137364996956656832e-12,4.654617156957805875e-13,1.549932940402716042e-16,5.840410449402820167e-18
1.512000000000000000e+03,4.154146381711029353e-12,4.654617156957805875e-13,1.550919472495930820e-16,5.845600602265897504e-18
1.513000000000000000e+03,4.174846772485882962e-12,4.654955502320673198e-13,1.551721029821668043e-16,5.846638632838512510e-18
1.514000000000000000e+03,4.187407689218197621e-12,4.654955502320673198e-13,1.553200827961490210e-16,5.850790755128975612e-18
1.515000000000000000e+03,4.203485662635560094e-12,4.654955502320673198e-13,1.554680626101312378e-16,5.859094999709900276e-18
1.516000000000000000e+03,4.226396774755301962e-12,4.655124675002106859e-13,1.556530373776090148e-16,5.867918259577132058e-18
1.517000000000000000e+03,4.241871824169513313e-12,4.655124675002106859e-13,1.557609393253043704e-16,5.867918259577132058e-18
1.518000000000000000e+03,4.254683959236474071e-12,4.655124675002106859e-13,1.558102659299651093e-16,5.876222504158056722e-18
1.519000000000000000e+03,4.272319486328643007e-12,4.654617156957805875e-13,1.558965874881214332e-16,5.877260534730671727e-18
1.520000000000000000e+03,4.296536933788545237e-12,4.654786329639239536e-13,1.561185572090947459e-16,5.881412657021134059e-18
1.521000000000000000e+03,4.313217831209058834e-12,4.654786329639239536e-13,1.562172104184162484e-16,5.885564779311597162e-18
1.522000000000000000e+03,4.325778747941373493e-12,4.654786329639239536e-13,1.563651902323984404e-16,5.886602809884212167e-18
1.523000000000000000e+03,4.342308914361099107e-12,4.654955502320673198e-13,1.564391801393895611e-16,5.886602809884212167e-18
1.524000000000000000e+03,4.365320513814699091e-12,4.655124675002106859e-13,1.565378333487110389e-16,5.886602809884212167e-18
1.525000000000000000e+03,4.386372610258058532e-12,4.654955502320673198e-13,1.566858131626932556e-16,5.894907054465136831e-18
1.526000000000000000e+03,4.401294979336047817e-12,4.654447984276373223e-13,1.568422709868515434e-16,5.894907054465136831e-18
1.527000000000000000e+03,4.415262718742381764e-12,4.655124675002106859e-13,1.571628939171463586e-16,5.905287360191292276e-18
1.528000000000000000e+03,4.430335818821159032e-12,4.654617156957805875e-13,1.572368838241374546e-16,5.911515543626986160e-18
1.529000000000000000e+03,4.452191813935385829e-12,4.654955502320673198e-13,1.573848636381196960e-16,5.915667665917448492e-18
1.530000000000000000e+03,4.475253657055914871e-12,4.654786329639239536e-13,1.575328434521019127e-16,5.919819788207910824e-18
1.531000000000000000e+03,4.494697956157537984e-12,4.655124675002106859e-13,1.576561599637537723e-16,5.926047971643603937e-18
1.532000000000000000e+03,4.509921787237103235e-12,4.654786329639239536e-13,1.579027929870574668e-16,5.926047971643603937e-18
1.533000000000000000e+03,4.523537820974932158e-12,4.655124675002106859e-13,1.579767828940485875e-16,5.926047971643603937e-18
1.534000000000000000e+03,4.539163601389930683e-12,4.654617156957805875e-13,1.580507728010396835e-16,5.926047971643603937e-18
1.535000000000000000e+03,4.559763504830926983e-12,4.654617156957805875e-13,1.581000994057004224e-16,5.936428277369759382e-18
1.536000000000000000e+03,4.582624373283738985e-12,4.655124675002106859e-13,1.582049184406045019e-16,5.937466307942375157e-18
1.537000000000000000e+03,4.604078419062531699e-12,4.655124675002106859e-13,1.583528982545867186e-16,5.945770552523299822e-18
1.538000000000000000e+03,4.622568088492498665e-12,4.654786329639239536e-13,1.584546343766994972e-16,5.945770552523299822e-18
1.539000000000000000e+03,4.637540701237417816e-12,4.654617156957805875e-13,1.586026141906817139e-16,5.947846613668531373e-18
1.540000000000000000e+03,4.651257222309104856e-12,4.654447984276373223e-13,1.587259307023335735e-16,5.947846613668531373e-18
1.541000000000000000e+03,4.666883002724104189e-12,4.654786329639239536e-13,1.587999206093246695e-16,5.947846613668531373e-18
1.542000000000000000e+03,4.684468286149344066e-12,4.654278811594939562e-13,1.589972270279676498e-16,5.951998735958992935e-18
1.543000000000000000e+03,4.702706737244664932e-12,4.654447984276373223e-13,1.591051289756630054e-16,5.960302980539917599e-18
1.544000000000000000e+03,4.722352011014004278e-12,4.654447984276373223e-13,1.592531087896452221e-16,5.960302980539917599e-18
1.545000000000000000e+03,4.737525598426640470e-12,4.654447984276373223e-13,1.594010886036274634e-16,5.962379041685148380e-18
1.546000000000000000e+03,4.749885540491238089e-12,4.654617156957805875e-13,1.594504152082882023e-16,5.962379041685148380e-18
1.547000000000000000e+03,4.761240609217250502e-12,4.654617156957805875e-13,1.594997418129489166e-16,5.974835408556535376e-18
1.548000000000000000e+03,4.772243972274757892e-12,4.654278811594939562e-13,1.598172818304524310e-16,5.975354423842842493e-18
1.549000000000000000e+03,4.784804889007071744e-12,4.654786329639239536e-13,1.599652616444346724e-16,5.975354423842842493e-18
1.550000000000000000e+03,4.795456546396074917e-12,4.654617156957805875e-13,1.599775932955998509e-16,5.975354423842842493e-18
1.551000000000000000e+03,4.804198944441765797e-12,4.654617156957805875e-13,1.601995630165731883e-16,5.975354423842842493e-18
1.552000000000000000e+03,4.812237931150446630e-12,4.654278811594939562e-13,1.602735529235642843e-16,5.975354423842842493e-18
1.553000000000000000e+03,4.819473019188260107e-12,4.654786329639239536e-13,1.605201859468680035e-16,5.975873439129151152e-18
1.554000000000000000e+03,4.827863711565445963e-12,4.654617156957805875e-13,1.605201859468680035e-16,5.984177683710075045e-18
1.555000000000000000e+03,4.835098799603258632e-12,4.654447984276373223e-13,1.606804974120153741e-16,5.984177683710075045e-18
1.556000000000000000e+03,4.841429501636345828e-12,4.654109638913505900e-13,1.607544873190065195e-16,5.984177683710075045e-18
1.557000000000000000e+03,4.847056792332422168e-12,4.654617156957805875e-13,1.608778038306583544e-16,5.986253744855306597e-18
1.558000000000000000e+03,4.852332377359994293e-12,4.654786329639239536e-13,1.612292558888661284e-16,5.986772760141614484e-18
1.559000000000000000e+03,4.858361617391505524e-12,4.654955502320673198e-13,1.613279090981876062e-16,5.995077004722539149e-18
1.560000000000000000e+03,4.859466978063948845e-12,4.654617156957805875e-13,1.614142306563439054e-16,5.997153065867769929e-18
1.561000000000000000e+03,4.669395186070566798e-12,4.716703531043853611e-13,1.615412246855490330e-16,6.000909400988608085e-18
1.562000000000000000e+03,4.696828228213941684e-12,4.716703531043853611e-13,1.616522095460357140e-16,6.004023492706454642e-18
1.563000000000000000e+03,4.717880324657301125e-12,4.716703531043853611e-13,1.617662773193136712e-16,6.007397092067454757e-18
1.564000000000000000e+03,4.708685733609246296e-12,4.716703531043853611e-13,1.618957596565481077e-16,6.009473153212686308e-18
1.565000000000000000e+03,4.689442409175341033e-12,4.716534358362420959e-13,1.620233151732880028e-16,6.015831090469956201e-18
1.566000000000000000e+03,4.670802008744586085e-12,4.716365185680987298e-13,1.621219683826094806e-16,6.016869121042571976e-18
1.567000000000000000e+03,4.658492310346918332e-12,4.716872703725287272e-13,1.621712949872702195e-16,6.018945182187802757e-18
1.568000000000000000e+03,4.639751422582305268e-12,4.717041876406720934e-13,1.623069431500872577e-16,6.023097304478265089e-18
1.569000000000000000e+03,4.626537338179910427e-12,4.716703531043853611e-13,1.624179280105739141e-16,6.027249426768728192e-18
1.570000000000000000e+03,4.610911557764911094e-12,4.717041876406720934e-13,1.625736151065343951e-16,6.031661056702343312e-18
1.571000000000000000e+03,4.591417014996358923e-12,4.716872703725287272e-13,1.626845999670210515e-16,6.037889240138037195e-18
1.572000000000000000e+03,4.580162433604205434e-12,4.717041876406720934e-13,1.628449114321684468e-16,6.037889240138037195e-18
1.573000000000000000e+03,4.561923982508884568e-12,4.716703531043853611e-13,1.629928912461506635e-16,6.046193484718961089e-18
1.574000000000000000e+03,4.542228465072615356e-12,4.716872703725287272e-13,1.630668811531417841e-16,6.047231515291577635e-18
1.575000000000000000e+03,4.529818279341088679e-12,4.717041876406720934e-13,1.631408710601329048e-16,6.055535759872501529e-18
1.576000000000000000e+03,4.514242742593019213e-12,4.716703531043853611e-13,1.632179438799153017e-16,6.059687882162963861e-18
1.577000000000000000e+03,4.493391620817376813e-12,4.717211049088154595e-13,1.633412603915671613e-16,6.060206897449271749e-18
1.578000000000000000e+03,4.474198540050400608e-12,4.717549394451020908e-13,1.633659236938975184e-16,6.064359019739734081e-18
1.579000000000000000e+03,4.462793227657459136e-12,4.717380221769587247e-13,1.634460794264712160e-16,6.064359019739734081e-18
1.580000000000000000e+03,4.446916228907813704e-12,4.717041876406720934e-13,1.634460794264712160e-16,6.064359019739734081e-18
1.581000000000000000e+03,4.424708528125081884e-12,4.717041876406720934e-13,1.636680491474445534e-16,6.068511142030196413e-18
1.582000000000000000e+03,4.405867153026609894e-12,4.717380221769587247e-13,1.637790340079312098e-16,6.068511142030196413e-18
1.583000000000000000e+03,4.390341859945469486e-12,4.717041876406720934e-13,1.638283606125919487e-16,6.068511142030196413e-18
1.584000000000000000e+03,4.377579968545437785e-12,4.717041876406720934e-13,1.638530239149223058e-16,6.068511142030196413e-18
1.585000000000000000e+03,4.360195659787914949e-12,4.717380221769587247e-13,1.640010037289045472e-16,6.068511142030196413e-18
1.586000000000000000e+03,4.337535766002819989e-12,4.717380221769587247e-13,1.640133353800697257e-16,6.076815386611120307e-18
1.587000000000000000e+03,4.317438299231116695e-12,4.716872703725287272e-13,1.641489835428867639e-16,6.085119631192044971e-18
1.588000000000000000e+03,4.302465686486197543e-12,4.717041876406720934e-13,1.643709532638601013e-16,6.085119631192044971e-18
1.589000000000000000e+03,4.289151114749944586e-12,4.717041876406720934e-13,1.644326115196860188e-16,6.085638646478352859e-18
1.590000000000000000e+03,4.275585324679044721e-12,4.717041876406720934e-13,1.647778977523111911e-16,6.085638646478352859e-18
1.591000000000000000e+03,4.256090781910492551e-12,4.716703531043853611e-13,1.648457218337197348e-16,6.086157661764660747e-18
1.592000000000000000e+03,4.233330400791539473e-12,4.717211049088154595e-13,1.651964031637296774e-16,6.086157661764660747e-18
1.593000000000000000e+03,4.211373918343453752e-12,4.717041876406720934e-13,1.652457297683904163e-16,6.094461906345585411e-18
1.594000000000000000e+03,4.194441802588294057e-12,4.716703531043853611e-13,1.654430361870333719e-16,6.094980921631893299e-18
1.595000000000000000e+03,4.180273088514243069e-12,4.716872703725287272e-13,1.654615336637811521e-16,6.094980921631893299e-18
1.596000000000000000e+03,4.167159491445707153e-12,4.716872703725287272e-13,1.656095134777633688e-16,6.103285166212817963e-18
1.597000000000000000e+03,4.148770309349598304e-12,4.717041876406720934e-13,1.656218451289285474e-16,6.103285166212817963e-18
1.598000000000000000e+03,4.127517238238522630e-12,4.717549394451020908e-13,1.657204983382500252e-16,6.103285166212817963e-18
1.599000000000000000e+03,4.106213923460517090e-12,4.717211049088154595e-13,1.657451616405804069e-16,6.109513349648510306e-18
1.600000000000000000e+03,4.086920355359681961e-12,4.717041876406720934e-13,1.658931414545626237e-16,6.126121838810360404e-18
1.601000000000000000e+03,4.069134097266725043e-12,4.716872703725287272e-13,1.659424680592233626e-16,6.126121838810360404e-18
1.602000000000000000e+03,4.054462946523381856e-12,4.717041876406720934e-13,1.661027795243707825e-16,6.126121838810360404e-18
1.603000000000000000e+03,4.041449836788704057e-12,4.716872703725287272e-13,1.662014327336922603e-16,6.130273961100821966e-18
1.604000000000000000e+03,4.028788432722531280e-12,4.717041876406720934e-13,1.663247492453440952e-16,6.142730327972209733e-18
1.605000000000000000e+03,4.016277759657145679e-12,4.716703531043853611e-13,1.663370808965092738e-16,6.151034572553133626e-18
1.606000000000000000e+03,4.003013431587821780e-12,4.717041876406720934e-13,1.664850607104915152e-16,6.159338817134058291e-18
1.607000000000000000e+03,3.991256413526375285e-12,4.716534358362420959e-13,1.666268746988911303e-16,6.159338817134058291e-18
1.608000000000000000e+03,3.981710116809816240e-12,4.716872703725287272e-13,1.666515380012215120e-16,6.163490939424520623e-18
1.609000000000000000e+03,3.973168693431842401e-12,4.716872703725287272e-13,1.669474976291859455e-16,6.171795184005444517e-18
1.610000000000000000e+03,3.965129706723161568e-12,4.717041876406720934e-13,1.671633015245766813e-16,6.171795184005444517e-18
1.611000000000000000e+03,3.956588283345187729e-12,4.716872703725287272e-13,1.672619547338981837e-16,6.171795184005444517e-18
1.612000000000000000e+03,3.948448809302647972e-12,4.716872703725287272e-13,1.674161003734629774e-16,6.171795184005444517e-18
1.613000000000000000e+03,3.941917132601844543e-12,4.717041876406720934e-13,1.675887434897755759e-16,6.175947306295907619e-18
1.614000000000000000e+03,3.935787405236475196e-12,4.717211049088154595e-13,1.676873966990970537e-16,6.175947306295907619e-18
1.615000000000000000e+03,3.930260601874256972e-12,4.717041876406720934e-13,1.678908689433226109e-16,6.185289581449447288e-18
1.616000000000000000e+03,3.924432336510462783e-12,4.716872703725287272e-13,1.678908689433226109e-16,6.193593826030371182e-18
1.617000000000000000e+03,3.918704558480527518e-12,4.716872703725287272e-13,1.679401955479833498e-16,6.193593826030371182e-18
1.618000000000000000e+03,3.913981653789177458e-12,4.716872703725287272e-13,1.681375019666263054e-16,6.193593826030371182e-18
1.619000000000000000e+03,3.909761185767119596e-12,4.717041876406720934e-13,1.682114918736174261e-16,6.197745948320834285e-18
1.620000000000000000e+03,3.906545591083646940e-12,4.716703531043853611e-13,1.683409742108518627e-16,6.199822009466065066e-18
1.621000000000000000e+03,4.006028051603577395e-12,4.782004186077135866e-13,1.684949113624178616e-16,6.203618385805279682e-18
1.622000000000000000e+03,3.979700370132645830e-12,4.781835013395702204e-13,1.685627354438263560e-16,6.208808538668358560e-18
1.623000000000000000e+03,3.950960992649110581e-12,4.781665840714268543e-13,1.687215054525781132e-16,6.210106076884127894e-18
1.624000000000000000e+03,3.951664403986120628e-12,4.782004186077135866e-13,1.689434751735514506e-16,6.213220168601974450e-18
1.625000000000000000e+03,3.964124833384576363e-12,4.782004186077135866e-13,1.690976208131162690e-16,6.217372290892436783e-18
1.626000000000000000e+03,3.979700370132645830e-12,4.781835013395702204e-13,1.692087983556523893e-16,6.217372290892436783e-18
1.627000000000000000e+03,3.997386140891744632e-12,4.782004186077135866e-13,1.692827882626434854e-16,6.219448352037667563e-18
1.628000000000000000e+03,4.011856316967370777e-12,4.782004186077135866e-13,1.693906902103388656e-16,6.222043428469206232e-18
1.629000000000000000e+03,4.024015284364251354e-12,4.782004186077135866e-13,1.694897287837592714e-16,6.231385703622746672e-18
1.630000000000000000e+03,4.043509827132803525e-12,4.782342531440002179e-13,1.696562060744892436e-16,6.239689948203670566e-18
1.631000000000000000e+03,4.053960509854088850e-12,4.782173358758569527e-13,1.697918542373063064e-16,6.241766009348902117e-18
1.632000000000000000e+03,4.069737021269876166e-12,4.782173358758569527e-13,1.699398340512884985e-16,6.251108284502441786e-18
1.633000000000000000e+03,4.088729127369135330e-12,4.782173358758569527e-13,1.700415701734012771e-16,6.251108284502441786e-18
1.634000000000000000e+03,4.101189556767591065e-12,4.782342531440002179e-13,1.702635398943746145e-16,6.255260406792904118e-18
1.635000000000000000e+03,4.114152422835339806e-12,4.782173358758569527e-13,1.702882031967049963e-16,6.259931544369674338e-18
1.636000000000000000e+03,4.133445990936174936e-12,4.782342531440002179e-13,1.703868564060264741e-16,6.259931544369674338e-18
1.637000000000000000e+03,4.151935660366141902e-12,4.782511704121435841e-13,1.704608463130175701e-16,6.259943708790447041e-18
1.638000000000000000e+03,4.162989267090578350e-12,4.782173358758569527e-13,1.706334894293301686e-16,6.259943708790447041e-18
1.639000000000000000e+03,4.175952133158327091e-12,4.782173358758569527e-13,1.706874404031778464e-16,6.260462724076755699e-18
1.640000000000000000e+03,4.197255447936331823e-12,4.782342531440002179e-13,1.708354202171600631e-16,6.264614846367217261e-18
1.641000000000000000e+03,4.216850478038742918e-12,4.782511704121435841e-13,1.710327266358030434e-16,6.264614846367217261e-18
1.642000000000000000e+03,4.230215293441924934e-12,4.782511704121435841e-13,1.711221311067506188e-16,6.265652876939833037e-18
1.643000000000000000e+03,4.241972311503371429e-12,4.782004186077135866e-13,1.711961210137417395e-16,6.265652876939833037e-18
1.644000000000000000e+03,4.256643462246714615e-12,4.782680876802869502e-13,1.712701109207328355e-16,6.269804999230295369e-18
1.645000000000000000e+03,4.277846289690861231e-12,4.782850049484302154e-13,1.712947742230632173e-16,6.269804999230295369e-18
1.646000000000000000e+03,4.298647167799574572e-12,4.782680876802869502e-13,1.713687641300543379e-16,6.273957121520756930e-18
1.647000000000000000e+03,4.314624653883078121e-12,4.782511704121435841e-13,1.714427540370454340e-16,6.278109243811219262e-18
1.648000000000000000e+03,4.326984595947675739e-12,4.782511704121435841e-13,1.716893870603491531e-16,6.282261366101682365e-18
1.649000000000000000e+03,4.338540639341405194e-12,4.782342531440002179e-13,1.718866934789920841e-16,6.290565610682606259e-18
1.650000000000000000e+03,4.355522998763493948e-12,4.782342531440002179e-13,1.720963315488002429e-16,6.292641671827837040e-18
1.651000000000000000e+03,4.376424364206065405e-12,4.782850049484302154e-13,1.722443113627824843e-16,6.292641671827837040e-18
1.652000000000000000e+03,4.396923780313201973e-12,4.782680876802869502e-13,1.723922911767646764e-16,6.296793794118300142e-18
1.653000000000000000e+03,4.413604677733715570e-12,4.782850049484302154e-13,1.724416177814254153e-16,6.296793794118300142e-18
1.654000000000000000e+03,4.426969493136898393e-12,4.782173358758569527e-13,1.725156076884165360e-16,6.307174099844456357e-18
1.655000000000000000e+03,4.438626023864485964e-12,4.782511704121435841e-13,1.727622407117202305e-16,6.316516374997995256e-18
1.656000000000000000e+03,4.450483529259791384e-12,4.782850049484302154e-13,1.729287180024502274e-16,6.316516374997995256e-18
1.657000000000000000e+03,4.468671736688182384e-12,4.782511704121435841e-13,1.731260244210931830e-16,6.316516374997995256e-18
1.658000000000000000e+03,4.488166279456734555e-12,4.783019222165735815e-13,1.732493409327450426e-16,6.317554405570611032e-18
1.659000000000000000e+03,4.505048151544965192e-12,4.782680876802869502e-13,1.734466473513880228e-16,6.325858650151534926e-18
1.660000000000000000e+03,4.519216865619015372e-12,4.782850049484302154e-13,1.735699638630398578e-16,6.327934711296766477e-18
1.661000000000000000e+03,4.531074371014320792e-12,4.781835013395702204e-13,1.737734361072654150e-16,6.336238955877691141e-18
1.662000000000000000e+03,4.543333825745059486e-12,4.782511704121435841e-13,1.738227627119261539e-16,6.344543200458615035e-18
1.663000000000000000e+03,4.554588407137212975e-12,4.782680876802869502e-13,1.739954058282387277e-16,6.352847445039540470e-18
1.664000000000000000e+03,4.564436165855347984e-12,4.782680876802869502e-13,1.741927122468817080e-16,6.352847445039540470e-18
1.665000000000000000e+03,4.573379538568755098e-12,4.782511704121435841e-13,1.742420388515424469e-16,6.354923506184771251e-18
1.666000000000000000e+03,4.581619499945153779e-12,4.782680876802869502e-13,1.743961844911072652e-16,6.371531995346620579e-18
1.667000000000000000e+03,4.589859461321551653e-12,4.782342531440002179e-13,1.743961844911072652e-16,6.371531995346620579e-18
1.668000000000000000e+03,4.597094549359365130e-12,4.782173358758569527e-13,1.745441643050894819e-16,6.373608056491851360e-18
1.669000000000000000e+03,4.603525738726310442e-12,4.782342531440002179e-13,1.746181542120805780e-16,6.381912301072776024e-18
1.670000000000000000e+03,4.609153029422386783e-12,4.782511704121435841e-13,1.746674808167413415e-16,6.390216545653700688e-18
1.671000000000000000e+03,4.614579345450746890e-12,4.782173358758569527e-13,1.746798124679065201e-16,6.398520790234625352e-18
1.672000000000000000e+03,4.620407610814541080e-12,4.782173358758569527e-13,1.747784656772279979e-16,6.406825034815549246e-18
1.673000000000000000e+03,4.625331490173608181e-12,4.782342531440002179e-13,1.748401239330539154e-16,6.406825034815549246e-18
1.674000000000000000e+03,4.629551958195666042e-12,4.782511704121435841e-13,1.749634404447057750e-16,6.410977157106012349e-18
1.675000000000000000e+03,4.633470964216147938e-12,4.782850049484302154e-13,1.751114202586879917e-16,6.410977157106012349e-18
1.676000000000000000e+03,4.637188995568912793e-12,4.782511704121435841e-13,1.752162392935920464e-16,6.419800416973244901e-18
1.677000000000000000e+03,4.641208488923253613e-12,4.782342531440002179e-13,1.752655658982528100e-16,6.419800416973244901e-18
1.678000000000000000e+03,4.644826032942160351e-12,4.782173358758569527e-13,1.754258773634002053e-16,6.419800416973244901e-18
1.679000000000000000e+03,4.647740165624057042e-12,4.782680876802869502e-13,1.754752039680609442e-16,6.423952539263706462e-18
1.680000000000000000e+03,4.649548937633510411e-12,4.782342531440002179e-13,1.756971736890342816e-16,6.423952539263706462e-18
1.681000000000000000e+03,4.928501776424748799e-12,4.847474013791850773e-13,1.758627146654302024e-16,6.425534927665906269e-18
1.682000000000000000e+03,4.905791638972724780e-12,4.847304841110417111e-13,1.759644507875429811e-16,6.427091973524829932e-18
1.683000000000000000e+03,4.876549824819896524e-12,4.847643186473284434e-13,1.761000989503600192e-16,6.430725080528984376e-18
1.684000000000000000e+03,4.859366490730090729e-12,4.847304841110417111e-13,1.763035711945855764e-16,6.434877202819446708e-18
1.685000000000000000e+03,4.866400604100186356e-12,4.847643186473284434e-13,1.764700484853155487e-16,6.439029325109909041e-18
1.686000000000000000e+03,4.885995634202597451e-12,4.847643186473284434e-13,1.766241941248803916e-16,6.443181447400371373e-18
1.687000000000000000e+03,4.897652164930185022e-12,4.847304841110417111e-13,1.767228473342018448e-16,6.443181447400371373e-18
1.688000000000000000e+03,4.915538910357000865e-12,4.847474013791850773e-13,1.767968372411929655e-16,6.443181447400371373e-18
1.689000000000000000e+03,4.930009086432627010e-12,4.847304841110417111e-13,1.769139879272622235e-16,6.444219477972986378e-18
1.690000000000000000e+03,4.941364155158639423e-12,4.847135668428984459e-13,1.769879778342533441e-16,6.446295539118217929e-18
1.691000000000000000e+03,4.960858697927190786e-12,4.847135668428984459e-13,1.770619677412444402e-16,6.454599783699142593e-18
1.692000000000000000e+03,4.973118152657930288e-12,4.847135668428984459e-13,1.773825906715392554e-16,6.460827967134835706e-18
1.693000000000000000e+03,4.983066398709923414e-12,4.847304841110417111e-13,1.777278769041644277e-16,6.460827967134835706e-18
1.694000000000000000e+03,5.003264352815484825e-12,4.847304841110417111e-13,1.778511934158162873e-16,6.464980089425298038e-18
1.695000000000000000e+03,5.019744275568281380e-12,4.847304841110417111e-13,1.779005200204770262e-16,6.464980089425298038e-18
1.696000000000000000e+03,5.030395932957283746e-12,4.847304841110417111e-13,1.780484998344592429e-16,6.469132211715760370e-18
1.697000000000000000e+03,5.042655387688022440e-12,4.847135668428984459e-13,1.783012986833455390e-16,6.477955471582992922e-18
1.698000000000000000e+03,5.063154803795159816e-12,4.847474013791850773e-13,1.783012986833455390e-16,6.477955471582992922e-18
1.699000000000000000e+03,5.080740087220399693e-12,4.847643186473284434e-13,1.785356000554840550e-16,6.486259716163916816e-18
1.700000000000000000e+03,5.094004415289724400e-12,4.847812359154717086e-13,1.785625755424078816e-16,6.486259716163916816e-18
1.701000000000000000e+03,5.105158509348018964e-12,4.847812359154717086e-13,1.787105553563901229e-16,6.494563960744842251e-18
1.702000000000000000e+03,5.120734046096089239e-12,4.847474013791850773e-13,1.788092085657116007e-16,6.498716083035303813e-18
1.703000000000000000e+03,5.141434436870943656e-12,4.847643186473284434e-13,1.789325250773634603e-16,6.500792144180534593e-18
1.704000000000000000e+03,5.160326055636343895e-12,4.847643186473284434e-13,1.790558415890152953e-16,6.509096388761460028e-18
1.705000000000000000e+03,5.173791358373385643e-12,4.847812359154717086e-13,1.794072936472230692e-16,6.509096388761460028e-18
1.706000000000000000e+03,5.185045939765539132e-12,4.847643186473284434e-13,1.795244443332923518e-16,6.509096388761460028e-18
1.707000000000000000e+03,5.197003932494702669e-12,4.847474013791850773e-13,1.795676051123704891e-16,6.510134419334075033e-18
1.708000000000000000e+03,5.214689703253801470e-12,4.847304841110417111e-13,1.795676051123704891e-16,6.510393926977229362e-18
1.709000000000000000e+03,5.237098378704250332e-12,4.847474013791850773e-13,1.798142381356741836e-16,6.518698171558153256e-18
1.710000000000000000e+03,5.257899256812962865e-12,4.847474013791850773e-13,1.799745496008215789e-16,6.518698171558153256e-18
1.711000000000000000e+03,5.273273818893315291e-12,4.847304841110417111e-13,1.799868812519867575e-16,6.519736202130769032e-18
1.712000000000000000e+03,5.285633760957912909e-12,4.847643186473284434e-13,1.800115445543171393e-16,6.519736202130769032e-18
1.713000000000000000e+03,5.297491266353217521e-12,4.847474013791850773e-13,1.801841876706297378e-16,6.519736202130769032e-18
1.714000000000000000e+03,5.312564366431995597e-12,4.847304841110417111e-13,1.802581775776208338e-16,6.528040446711692925e-18
1.715000000000000000e+03,5.330551599192669556e-12,4.847812359154717086e-13,1.804801472985941712e-16,6.528040446711692925e-18
1.716000000000000000e+03,5.349543705291928721e-12,4.847474013791850773e-13,1.804986447753419513e-16,6.536344691292618360e-18
1.717000000000000000e+03,5.369339710062056049e-12,4.847474013791850773e-13,1.805479713800026903e-16,6.536344691292618360e-18
1.718000000000000000e+03,5.384513297474692242e-12,4.847474013791850773e-13,1.807576094498108491e-16,6.552953180454466918e-18
1.719000000000000000e+03,5.396571777537713895e-12,4.847643186473284434e-13,1.808562626591323269e-16,6.561257425035391582e-18
1.720000000000000000e+03,5.407223434926717068e-12,4.847643186473284434e-13,1.809549158684537801e-16,6.571637730761547027e-18
1.721000000000000000e+03,5.417975579649577551e-12,4.847643186473284434e-13,1.810042424731145436e-16,6.579941975342472462e-18
1.722000000000000000e+03,5.429632110377165930e-12,4.847474013791850773e-13,1.813988553104004548e-16,6.579941975342472462e-18
1.723000000000000000e+03,5.439982305764593138e-12,4.847643186473284434e-13,1.815221718220523144e-16,6.588246219923396356e-18
1.724000000000000000e+03,5.448322754474849936e-12,4.847304841110417111e-13,1.815221718220523144e-16,6.588246219923396356e-18
1.725000000000000000e+03,5.455457355178804488e-12,4.847643186473284434e-13,1.815714984267130287e-16,6.594474403359089469e-18
1.726000000000000000e+03,5.462290493881183075e-12,4.847643186473284434e-13,1.817749706709386106e-16,6.594474403359089469e-18
1.727000000000000000e+03,5.469827043920571709e-12,4.847474013791850773e-13,1.818736238802600637e-16,6.594474403359089469e-18
1.728000000000000000e+03,5.476459207955234063e-12,4.847135668428984459e-13,1.818859555314252669e-16,6.602778647940014133e-18
1.729000000000000000e+03,5.482086498651310403e-12,4.846966495747550798e-13,1.821572518570593186e-16,6.602778647940014133e-18
1.730000000000000000e+03,5.487311840011953470e-12,4.847643186473284434e-13,1.822559050663808210e-16,6.602778647940014133e-18
1.731000000000000000e+03,5.492135232037162454e-12,4.847135668428984459e-13,1.823237291477893401e-16,6.611082892520938797e-18
1.732000000000000000e+03,5.496958624062371438e-12,4.846966495747550798e-13,1.824223823571108179e-16,6.611082892520938797e-18
1.733000000000000000e+03,5.501681528753721498e-12,4.847135668428984459e-13,1.824840406129367354e-16,6.614196984238785353e-18
1.734000000000000000e+03,5.505701022108061511e-12,4.847135668428984459e-13,1.826320204269189768e-16,6.618349106529247686e-18
1.735000000000000000e+03,5.509218078793110132e-12,4.847304841110417111e-13,1.827800002409011688e-16,6.618349106529247686e-18
1.736000000000000000e+03,5.512634648144299830e-12,4.847135668428984459e-13,1.828293268455619324e-16,6.618349106529247686e-18
1.737000000000000000e+03,5.516252192163205760e-12,4.846966495747550798e-13,1.828293268455619324e-16,6.618349106529247686e-18
1.738000000000000000e+03,5.519568274180537341e-12,4.846966495747550798e-13,1.828786534502226713e-16,6.619387137101863461e-18
1.739000000000000000e+03,5.522381919528575107e-12,4.847135668428984459e-13,1.830512965665352451e-16,6.619387137101863461e-18
1.740000000000000000e+03,5.523989716870311435e-12,4.846966495747550798e-13,1.832239396828478436e-16,6.621463198247094242e-18
1.741000000000000000e+03,5.506404433445071558e-12,4.908037833744998585e-13,1.833648105829351087e-16,6.624156603746547581e-18
1.742000000000000000e+03,5.531526266909700069e-12,4.908037833744998585e-13,1.835266635044781667e-16,6.627270695464394137e-18
1.743000000000000000e+03,5.561471492399538373e-12,4.908376179107864898e-13,1.836314825393822214e-16,6.630903802468548582e-18
1.744000000000000000e+03,5.564687087083010221e-12,4.908037833744998585e-13,1.837679014303970663e-16,6.630968679379337357e-18
1.745000000000000000e+03,5.555040303032593060e-12,4.907699488382131262e-13,1.839189641571705838e-16,6.633044740524568137e-18
1.746000000000000000e+03,5.535445272930182773e-12,4.908207006426431236e-13,1.840669439711528252e-16,6.633044740524568137e-18
1.747000000000000000e+03,5.520774122186839587e-12,4.907530315700697600e-13,1.842580845642132039e-16,6.633044740524568137e-18
1.748000000000000000e+03,5.503389813429315943e-12,4.907699488382131262e-13,1.844430593316909563e-16,6.635120801669798918e-18
1.749000000000000000e+03,5.492135232037162454e-12,4.907868661063564923e-13,1.846033707968383762e-16,6.637196862815029699e-18
1.750000000000000000e+03,5.471736303263884003e-12,4.908207006426431236e-13,1.846773607038294722e-16,6.637196862815029699e-18
1.751000000000000000e+03,5.459376361199286384e-12,4.907868661063564923e-13,1.848623354713072739e-16,6.645501107395954363e-18
1.752000000000000000e+03,5.446714957133113608e-12,4.908207006426431236e-13,1.849733203317939303e-16,6.646539137968570139e-18
1.753000000000000000e+03,5.426517003027551390e-12,4.908376179107864898e-13,1.851706267504368859e-16,6.654843382549494803e-18
1.754000000000000000e+03,5.412448776287359327e-12,4.908037833744998585e-13,1.852538653958018597e-16,6.663147627130418697e-18
1.755000000000000000e+03,5.401797118898356961e-12,4.908207006426431236e-13,1.854018452097841011e-16,6.671451871711343361e-18
1.756000000000000000e+03,5.383910373471541118e-12,4.908207006426431236e-13,1.855436591981837162e-16,6.671970886997651249e-18
1.757000000000000000e+03,5.362506571359677462e-12,4.908376179107864898e-13,1.855929858028444551e-16,6.671970886997651249e-18
1.758000000000000000e+03,5.349242243290353563e-12,4.908037833744998585e-13,1.856546440586703972e-16,6.674046948142882800e-18
1.759000000000000000e+03,5.337887174564341150e-12,4.908207006426431236e-13,1.857532972679918750e-16,6.682351192723807464e-18
1.760000000000000000e+03,5.321708713813119752e-12,4.907868661063564923e-13,1.861725734076081680e-16,6.682351192723807464e-18
1.761000000000000000e+03,5.301209297705983184e-12,4.908207006426431236e-13,1.862280658378515085e-16,6.698959681885656793e-18
1.762000000000000000e+03,5.282016216939006171e-12,4.907868661063564923e-13,1.863760456518337252e-16,6.701035743030887574e-18
1.763000000000000000e+03,5.268450426868107114e-12,4.907868661063564923e-13,1.864993621634855602e-16,6.705187865321349135e-18
1.764000000000000000e+03,5.257095358142094701e-12,4.907868661063564923e-13,1.866966685821285158e-16,6.705187865321349135e-18
1.765000000000000000e+03,5.240313973387722988e-12,4.908037833744998585e-13,1.868693116984411389e-16,6.709339987611811467e-18
1.766000000000000000e+03,5.218608709274283366e-12,4.908207006426431236e-13,1.870049598612581524e-16,6.709339987611811467e-18
1.767000000000000000e+03,5.198310267834863031e-12,4.908037833744998585e-13,1.871036130705796302e-16,6.709339987611811467e-18
1.768000000000000000e+03,5.183036193088368722e-12,4.907868661063564923e-13,1.872269295822314898e-16,6.717644232192736902e-18
1.769000000000000000e+03,5.170575763689912987e-12,4.907699488382131262e-13,1.874119043497092669e-16,6.717644232192736902e-18
1.770000000000000000e+03,5.159120207630042457e-12,4.907699488382131262e-13,1.875968791171870439e-16,6.717644232192736902e-18
1.771000000000000000e+03,5.140932000201650649e-12,4.907868661063564923e-13,1.877078639776737003e-16,6.717644232192736902e-18
1.772000000000000000e+03,5.119327223422069952e-12,4.907868661063564923e-13,1.878065171869951781e-16,6.730100599064123128e-18
1.773000000000000000e+03,5.098727319981074460e-12,4.908037833744998585e-13,1.878805070939862988e-16,6.730100599064123128e-18
1.774000000000000000e+03,5.081845447892843822e-12,4.908207006426431236e-13,1.879791603033077766e-16,6.738404843645047792e-18
1.775000000000000000e+03,5.068480632489660999e-12,4.908037833744998585e-13,1.880531502102988973e-16,6.740480904790278573e-18
1.776000000000000000e+03,5.056723614428214503e-12,4.908037833744998585e-13,1.880593160358814742e-16,6.740480904790278573e-18
1.777000000000000000e+03,5.044464159697475809e-12,4.908207006426431236e-13,1.881579692452029521e-16,6.740480904790278573e-18
1.778000000000000000e+03,5.027682774943104096e-12,4.908207006426431236e-13,1.885556649952801887e-16,6.749304164657511125e-18
1.779000000000000000e+03,5.011403826858024582e-12,4.908037833744998585e-13,1.887529714139231197e-16,6.753456286947973457e-18
1.780000000000000000e+03,4.997134625450115478e-12,4.907868661063564923e-13,1.888269613209142650e-16,6.757608409238435789e-18
1.781000000000000000e+03,4.984674196051658935e-12,4.908037833744998585e-13,1.889502778325661000e-16,6.767988714964591234e-18
1.782000000000000000e+03,4.973419614659505446e-12,4.908037833744998585e-13,1.890982576465483167e-16,6.776292959545515898e-18
1.783000000000000000e+03,4.962265520601210073e-12,4.908037833744998585e-13,1.892493203733218342e-16,6.784597204126439792e-18
1.784000000000000000e+03,4.953121173220085111e-12,4.908037833744998585e-13,1.892739836756522160e-16,6.784597204126439792e-18
1.785000000000000000e+03,4.944479262508253155e-12,4.908376179107864898e-13,1.893233102803129549e-16,6.792901448707365227e-18
1.786000000000000000e+03,4.936339788465713398e-12,4.907868661063564923e-13,1.893973001873040509e-16,6.792901448707365227e-18
1.787000000000000000e+03,4.928803238426324764e-12,4.907868661063564923e-13,1.894959533966255287e-16,6.801205693288289120e-18
1.788000000000000000e+03,4.921065713719219089e-12,4.908037833744998585e-13,1.895082850477907073e-16,6.809509937869213785e-18
1.789000000000000000e+03,4.914935986353849742e-12,4.907699488382131262e-13,1.895329483501210891e-16,6.811585999014445336e-18
1.790000000000000000e+03,4.909308695657772593e-12,4.907868661063564923e-13,1.895329483501210891e-16,6.811585999014445336e-18
1.791000000000000000e+03,4.904284328964846568e-12,4.908037833744998585e-13,1.898289079780855471e-16,6.811585999014445336e-18
1.792000000000000000e+03,4.898858012936487268e-12,4.908037833744998585e-13,1.898782345827462861e-16,6.819890243595369230e-18
1.793000000000000000e+03,4.893632671575844202e-12,4.908207006426431236e-13,1.899830536176503408e-16,6.828194488176293894e-18
1.794000000000000000e+03,4.889412203553786341e-12,4.908376179107864898e-13,1.900323802223110797e-16,6.828194488176293894e-18
1.795000000000000000e+03,4.885593684867163369e-12,4.907699488382131262e-13,1.900817068269718186e-16,6.836498732757218558e-18
1.796000000000000000e+03,4.881976140848256631e-12,4.907868661063564923e-13,1.902913448967799775e-16,6.846879038483374003e-18
1.797000000000000000e+03,4.878559571497066934e-12,4.907699488382131262e-13,1.903899981061014306e-16,6.846879038483374003e-18
1.798000000000000000e+03,4.874841540144302079e-12,4.907699488382131262e-13,1.904454905363447958e-16,6.846879038483374003e-18
1.799000000000000000e+03,4.871826920128546464e-12,4.907699488382131262e-13,1.904948171410055347e-16,6.848955099628605554e-18
1.800000000000000000e+03,4.870621072122244218e-12,4.908037833744998585e-13,1.905934703503270125e-16,6.848955099628605554e-18
